person_id,person_name,age,category,detected_awards,award_level,episode_text,full_text
PED2C28F,AKB48,22.0,音楽,なし,0.0,あなたと同じ22歳のとき、AKB48の前田敦子は『フライングゲット』で日本レコード大賞を受賞した。2011年、「会いに行けるアイドル」として秋葉原から国民的グループに成長。総選挙や握手会など新しいアイ...,あなたと同じ22歳のとき、AKB48の前田敦子は『フライングゲット』で日本レコード大賞を受賞した。2011年、「会いに行けるアイドル」として秋葉原から国民的グループに成長。総選挙や握手会など新しいアイドル文化を創造した。
PF19A148,森三郎,25.0,芸術・文化,なし,0.0,あなたと同じ25歳のとき、森三郎は建築家としてキャリアの重要な転機を迎えました。この時期、独自の視点と情熱を持って新しい挑戦に取り組み、その後の成功の基盤となる貴重な経験を積みました。周囲からの期待と...,あなたと同じ25歳のとき、森三郎は建築家としてキャリアの重要な転機を迎えました。この時期、独自の視点と情熱を持って新しい挑戦に取り組み、その後の成功の基盤となる貴重な経験を積みました。周囲からの期待と自身の目標との間で葛藤しながらも、決断力と行動力で道を切り開いていきました。若くして示したこの行動は、後のキャリアの基盤となる重要な経験でした。その実績は広く認められました。運命が動き始めた瞬間でした。この転換が次のステージへの扉を開いた。
P52F3AC8,棚橋弘至,29.0,スポーツ,なし,0.0,あなたと同じ29歳のとき、棚橋弘至はIWGPヘビー級王座を初戴冠した。2006年、「100年に一人の逸材」として新日本プロレスの暗黒期を救った。プロレス人気復活の立役者として「エース」と呼ばれる。,あなたと同じ29歳のとき、棚橋弘至はIWGPヘビー級王座を初戴冠した。2006年、「100年に一人の逸材」として新日本プロレスの暗黒期を救った。プロレス人気復活の立役者として「エース」と呼ばれる。
PEE4A6FF,梶田隆章,56.0,科学・技術,ノーベル賞,0.0,あなたと同じ56歳のとき、梶田隆章はノーベル物理学賞を受賞し、ニュートリノに質量があることを世界で初めて実証しました。岐阜県飛騨市の地下1000メートルに建設されたスーパーカミオカンデで、5万トンの純...,あなたと同じ56歳のとき、梶田隆章はノーベル物理学賞を受賞し、ニュートリノに質量があることを世界で初めて実証しました。岐阜県飛騨市の地下1000メートルに建設されたスーパーカミオカンデで、5万トンの純水に使った実験を13年間継続し、宇宙から降り注ぐ1兆個のニュートリノを観測しました。受賞発表の際、彼は「まさか自分は」と驚きを隠せませんでしたが、実は小学生時代から天体観測に夢中で、中学時代のは手作りの望遠鏡で土星の輪に発見した瞬間の感動が研究者への道を決めたと語っています。
P4F97108,梶田隆章,66.0,学術・研究,ノーベル賞,0.0,あなたと同じ66歳のとき、梶田隆章は、ニュートリノ振動の発見により、ノーベル物理学賞を受賞しました。この発見は、ニュートリノに質量があることを示し、素粒子物理学の標準理論を超える新しい物理学の扉を開き...,あなたと同じ66歳のとき、梶田隆章は、ニュートリノ振動の発見により、ノーベル物理学賞を受賞しました。この発見は、ニュートリノに質量があることを示し、素粒子物理学の標準理論を超える新しい物理学の扉を開きました。梶田氏の研究は、宇宙の成り立ちと進化の解明に大きく貢献するものとなりました。長年の研究が結実した瞬間、梶田氏は感無量の思いだったことでしょう。
PA8CEB8F,梅若実,56.0,芸術・文化,なし,0.0,あなたと同じ56歳のとき、梅若実（2代目）は人間国宝に認定された。2014年、能楽シテ方観世流の重鎮として。祖父・初代梅若実から続く能楽一家の伝統を継承している。,あなたと同じ56歳のとき、梅若実（2代目）は人間国宝に認定された。2014年、能楽シテ方観世流の重鎮として。祖父・初代梅若実から続く能楽一家の伝統を継承している。
PEE604BB,梅田望夫,47.0,ビジネス,なし,0.0,あなたと同じ47歳のとき、梅田望夫はシリコンバレーと日本の架け橋となり、著書『ウェブ進化論』100万部突破で日本のIT革命を加速。Google、Amazon等の日本進出を支援し、500社以上の日米ビジ...,あなたと同じ47歳のとき、梅田望夫はシリコンバレーと日本の架け橋となり、著書『ウェブ進化論』100万部突破で日本のIT革命を加速。Google、Amazon等の日本進出を支援し、500社以上の日米ビジネス提携を実現。Web2.0概念を日本に普及させました。ビジネス活動20年で3000回の挑戦と300人のIT起業家に育成を経て、年間100社の日米企業連携を支援し、ベンチャー投資500億円を誘致しました。日米IT連携「総表現社会の個人の可能性を最大化する」という信念で進み続けました。
P7AFC31B,梅棹忠夫,61.0,学術・研究,なし,0.0,あなたと同じ61歳のとき、梅棹忠夫は京都大学東南アジア研究センターの初代所長に就任しました。東南アジア地域の総合的な研究拠点を設立するという構想を実現させ、日本における東南アジア研究の発展に大きく貢献...,あなたと同じ61歳のとき、梅棹忠夫は京都大学東南アジア研究センターの初代所長に就任しました。東南アジア地域の総合的な研究拠点を設立するという構想を実現させ、日本における東南アジア研究の発展に大きく貢献することになりました。現地の言語や文化を深く理解し、現地の人々と積極的に交流を重ねることで、従来の学問の枠組みを超えた新しい研究スタイルを確立しました。
P0801AF9,梅原猛,65.0,学術・研究,なし,0.0,あなたと同じ65歳のとき、梅原猛は京都大学で教鞭を執っていました。ある日の講義中、学生から「人生の意味とは何か」という質問を受けました。梅原は一瞬考えた後、「人生に意味などない。ただ、自分の良心に従っ...,あなたと同じ65歳のとき、梅原猛は京都大学で教鞭を執っていました。ある日の講義中、学生から「人生の意味とは何か」という質問を受けました。梅原は一瞬考えた後、「人生に意味などない。ただ、自分の良心に従って生きることが大切だ」と答えました。この言葉は、人生の意味を探し求めていた多くの学生の心に深く響きました。以来、梅原の講義は学生たちに大きな影響を与え、哲学者としての道を歩み始めるきっかけとなりました。
PFC06627,森喜朗,71.0,スポーツ,オリンピック,0.0,あなたと同じ71歳のとき、森喜朗は2002年のソルトレークシティオリンピックの開催直前に、組織委員会の会長に就任しました。準備期間が短い中、森氏は強力なリーダーシップを発揮し、大会運営に尽力しました。...,あなたと同じ71歳のとき、森喜朗は2002年のソルトレークシティオリンピックの開催直前に、組織委員会の会長に就任しました。準備期間が短い中、森氏は強力なリーダーシップを発揮し、大会運営に尽力しました。その結果、日本選手団は過去最多のメダル獲得数を記録し、日本のウインタースポーツ振興に大きく貢献することとなりました。政治家としての経験を活かし、困難な状況下でも大会を成功に導いた森氏の手腕は高く評価されています。
PFED85B8,梅原大吾,64.0,学術・研究,なし,0.0,あなたと同じ64歳のとき、梅原大吾は新たなゲームタイトルでの世界大会優勝に挑戦しました。年齢を理由に引退を勧める声もある中、梅原は「年齢は関係ない。ゲームを楽しむ心が大切だ」と語り、若手選手に負けじと...,あなたと同じ64歳のとき、梅原大吾は新たなゲームタイトルでの世界大会優勝に挑戦しました。年齢を理由に引退を勧める声もある中、梅原は「年齢は関係ない。ゲームを楽しむ心が大切だ」と語り、若手選手に負けじと練習に励みました。大会当日、梅原は持ち前の的確な読みと豊富な経験を活かし、次々と相手を撃破。見事優勝を果たし、「ゲームに年齢は関係ない」ことを証明しました。多くのファンから祝福を受けた梅原は、「ゲームを心から楽しむことができた。これからも全力で挑戦し続けたい」と喜びを語りました。
PD88A4E0,桜井政博,62.0,スポーツ,なし,0.0,あなたと同じ62歳のとき、桜井政博は新たなゲームシリーズの立ち上げに挑戦しました。長年培ってきたゲーム制作の経験と知識を活かし、独自の世界観とゲームシステムを持つ新作の開発に着手しました。年齢を重ねて...,あなたと同じ62歳のとき、桜井政博は新たなゲームシリーズの立ち上げに挑戦しました。長年培ってきたゲーム制作の経験と知識を活かし、独自の世界観とゲームシステムを持つ新作の開発に着手しました。年齢を重ねても衰えない情熱と創造力で、若手スタッフを牽引しながらプロジェクトを推進。幾多の困難を乗り越え、ついに新シリーズ第1作目の発売にこぎつけました。ゲーム業界に再び革新をもたらす快挙となりました。
P3383C42,桜井和寿,27.0,音楽,なし,0.0,あなたと同じ27歳のとき、桜井和寿はMr.Childrenのボーカル・ギターとして、『innocent world』が300万枚突破しました。オリコン4週連続1位という記録を達成し、年間シングルチャー...,あなたと同じ27歳のとき、桜井和寿はMr.Childrenのボーカル・ギターとして、『innocent world』が300万枚突破しました。オリコン4週連続1位という記録を達成し、年間シングルチャート1位という記録を達成しました。90年代J-POPブームを牽引し、社会現象を巻き起こすという大きな影響を与えました。困難な課題に直面しながらも、諦めずに取り組み続けました。業績は広く認められるようになりました。
PDCCAFD5,桜井和寿,66.0,スポーツ,なし,0.0,あなたと同じ66歳のとき、桜井和寿は自身初となるソロアルバム「Journey」をリリースしました。バンド活動と並行して制作に取り組み、ロック、ポップス、フォークなど多彩なジャンルの楽曲を収録。長年の音...,あなたと同じ66歳のとき、桜井和寿は自身初となるソロアルバム「Journey」をリリースしました。バンド活動と並行して制作に取り組み、ロック、ポップス、フォークなど多彩なジャンルの楽曲を収録。長年の音楽人生の集大成となるアルバムは、リスナーから高い評価を受けました。発売に合わせて全国ツアーを開催し、各地のファンと感動的な一夜を共有。音楽シーンに新たな伝説を刻んだ年となりました。
PC1B8452,桑田真澄,38.0,スポーツ,なし,0.0,あなたと同じ38歳のとき、桑田真澄はメジャーリーグ・パイレーツ入団を決断しました。NPB通算173勝という記録を達成し、38歳での挑戦という記録を達成しました。これをきっかけに、年齢を超えた挑戦の象徴...,あなたと同じ38歳のとき、桑田真澄はメジャーリーグ・パイレーツ入団を決断しました。NPB通算173勝という記録を達成し、38歳での挑戦という記録を達成しました。これをきっかけに、年齢を超えた挑戦の象徴という大きな影響を与えました。卓越した技術と精神力を兼ね備え、競技の新たな可能性を示しました。その姿勢は多くのアスリートたちの目標となりました。人生の方向性が定まる重要な瞬間でした。この決断が人生の方向性を決定づけた。この選択が新たな道を切り開いた。
PEA40704,桑田佳祐,28.0,音楽,なし,0.0,あなたと同じ28歳のとき、桑田佳祐はサザンオールスターズのボーカル・リーダーとして、勝手にシンドバッド」でデビューしました。週間チャート1位獲得という記録を達成し、初週売上30万枚という記録を達成しま...,あなたと同じ28歳のとき、桑田佳祐はサザンオールスターズのボーカル・リーダーとして、勝手にシンドバッド」でデビューしました。週間チャート1位獲得という記録を達成し、初週売上30万枚という記録を達成しました。日本のポップスの歴史を変え、バンドブームの先駆けとなるという大きな影響を与えました。多くの人々がその成果に注目しました。業界内での評価が一層高まる転機となりました。その後の活動の重要な基盤となりました。
P8EEF9B2,桑田佳祐,50.0,芸術・文化,なし,0.0,あなたと同じ50歳のとき、桑田佳祐はソロアーティストとして初めてNHK紅白歌合戦に出場することになりました。サザンオールスターズのボーカルとして長年活躍してきた桑田にとって、ソロでの紅白出場は新たな挑...,あなたと同じ50歳のとき、桑田佳祐はソロアーティストとして初めてNHK紅白歌合戦に出場することになりました。サザンオールスターズのボーカルとして長年活躍してきた桑田にとって、ソロでの紅白出場は新たな挑戦でした。緊張しながらもステージに立った桑田は、自身の代表曲「悲しい気持ち」を情感たっぷりに歌い上げ、会場を感動の渦に包み込みました。この経験を通じて、桑田はソロアーティストとしての可能性を改めて感じ、その後の音楽活動に大きな影響を与えることとなりました。
P8EEF9B2,桑田佳祐,69.0,ビジネス,なし,0.0,あなたと同じ69歳のとき、桑田佳祐はソロアーティストとして初めて日本武道館でのライブを開催しました。サザンオールスターズのボーカリストとして長年活躍してきた桑田にとって、ソロでの武道館公演は大きな挑戦...,あなたと同じ69歳のとき、桑田佳祐はソロアーティストとして初めて日本武道館でのライブを開催しました。サザンオールスターズのボーカリストとして長年活躍してきた桑田にとって、ソロでの武道館公演は大きな挑戦でした。しかし、彼の類まれな音楽性とパフォーマンス力が観客を魅了し、大成功を収めました。このライブを機に、ソロアーティストとしても第一線で活躍する道が開けたのです。
P8EEF9B2,桑田佳祐,48.0,スポーツ,なし,0.0,あなたと同じ48歳のとき、桑田佳祐はソロアーティストとして初の日本武道館公演を開催しました。サザンオールスターズのボーカリストとしてだけでなく、ソロでも大舞台に立つことになりました。チケットは即日完売...,あなたと同じ48歳のとき、桑田佳祐はソロアーティストとして初の日本武道館公演を開催しました。サザンオールスターズのボーカリストとしてだけでなく、ソロでも大舞台に立つことになりました。チケットは即日完売し、満員の観客を前に熱唱する姿は感動的でした。ファンへの感謝の気持ちを込めて、ヒット曲の数々を歌い上げました。ソロアーティストとしての新たな一歩を踏み出す、記念すべきライブとなりました。
P34EE5D5,桜井日奈子,66.0,スポーツ,なし,0.0,あなたと同じ66歳のとき、桜井日奈子は新境地に挑戦することになりました。これまで培ってきた演技力を活かし、初めて映画の監督に挑戦することを決意したのです。脚本から撮影、編集まで全てを手掛ける大役に不安...,あなたと同じ66歳のとき、桜井日奈子は新境地に挑戦することになりました。これまで培ってきた演技力を活かし、初めて映画の監督に挑戦することを決意したのです。脚本から撮影、編集まで全てを手掛ける大役に不安もありましたが、長年の経験と周囲のサポートを力に変え、情熱を注ぎ込みました。完成した作品は各国の映画祭で高い評価を受け、新たな才能の発見となりました。女優としてのキャリアに、監督という新しい可能性が加わった瞬間でした。
PD1AFB50,森山大道,35.0,芸術・文化,なし,0.0,あなたと同じ35歳のとき、森山大道は写真集「狩人」を発表し、日本の写真界に衝撃を与えました。この作品では1200枚以上の写真から厳選した120点を収録し、独特のブレやボケに駆使した表現で都市の闇を捉え...,あなたと同じ35歳のとき、森山大道は写真集「狩人」を発表し、日本の写真界に衝撃を与えました。この作品では1200枚以上の写真から厳選した120点を収録し、独特のブレやボケに駆使した表現で都市の闇を捉えました。当時、写真の技術的完璧性を重視する風潮に反発し、意図的でピントに外したり粗い粒子を活かしたりする手法は「アレ・ブレ・ボケ」と批判されました。しかし彼は「綺麗な写真のは表現できない現実がある」と信念を貫き、後で世界的に評価される独自のスタイルを確立しました。
P02CD5A5,森川亮,43.0,ビジネス,なし,0.0,あなたと同じ43歳のとき、森川亮（43歳）は2011年、LINE創業に踏み切っました。創業初期は日本のメッセージアプリ市場で後発となり、既存の競合アプリ50社と差別化に苦戦、最初の3ヶ月間はダウンロー...,あなたと同じ43歳のとき、森川亮（43歳）は2011年、LINE創業に踏み切っました。創業初期は日本のメッセージアプリ市場で後発となり、既存の競合アプリ50社と差別化に苦戦、最初の3ヶ月間はダウンロード数が月1万件に留まっました。しかし独自のスタンプ機能とシンプルなUIで突破口を見つけ、4ヶ月目に月100万ダウンロードを達成しました。韓国での大学時代にコミュニケーションの壁を痛感した経験が原点となっていました。、世界230ヶ国でサービス展開、月間アクティブユーザー1億8千万人、企業価値1兆円超の巨大プラットフ...
P26A3B11,森本晃司,43.0,科学・技術,なし,0.0,あなたと同じ43歳のとき、森本晃司は国際宇宙ステーション（ISS）への貨物輸送ミッションに挑戦していました。彼は新しいロケットエンジンの開発を担当しており、技術的な難題が山積みとなりました。特に、エン...,あなたと同じ43歳のとき、森本晃司は国際宇宙ステーション（ISS）への貨物輸送ミッションに挑戦していました。彼は新しいロケットエンジンの開発を担当しており、技術的な難題が山積みとなりました。特に、エンジンの効率を高めつつ、軽量化を実現するという課題は非常に困難でした。しかし、彼はチームと共に試行錯誤を重ね、数ヶ月の苦労の末に必要な性能を達成しました。この成功は、次のミッションに向けた大きなステップとなり、宇宙探査の未来を切り開くものとなりました。
PE0FA7D0,横山秀夫,26.0,学術・研究,直木賞,0.0,あなたと同じ26歳のとき、横山秀夫は『半島を出よ』で第92回直木賞を受賞しました。在日韓国人2世の主人公が、自分のアイデンティティと向き合う姿を描いた作品が高く評価されました。社会問題に正面から向き合...,あなたと同じ26歳のとき、横山秀夫は『半島を出よ』で第92回直木賞を受賞しました。在日韓国人2世の主人公が、自分のアイデンティティと向き合う姿を描いた作品が高く評価されました。社会問題に正面から向き合う姿勢が注目を集め、新人としては異例の受賞となりました。
P52EC094,横山大観,40.0,芸術・文化,なし,0.0,あなたと同じ40歳のとき、横山大観は文部省美術展覧会への出品を拒否し、独自の美術団体「日本美術院」の再興に全力を注いでいました。政府主導の官展に対抗するため、同志15名と共に茨城県五浦の海岸で3年間の...,あなたと同じ40歳のとき、横山大観は文部省美術展覧会への出品を拒否し、独自の美術団体「日本美術院」の再興に全力を注いでいました。政府主導の官展に対抗するため、同志15名と共に茨城県五浦の海岸で3年間の共同生活を開始しました。電気もガスもない厳しい環境で、1日12時間以上制作に没頭し、伝統的な日本画で西洋の技法に取り入れた革新的な作品群を生み出しました。この時期の描いた「流燈」は後の重要文化財で指定されることになります。権威に屈しない姿勢は多くの批判を浴びましたが、日本画の近代化という信念を貫き通しました。
PAE45618,横山光輝,64.0,その他,なし,0.0,あなたと同じ64歳のとき、横山光輝は『三国志』の連載を完結させました。1971年から始まった同作は、中国の歴史小説「三国志演義」を基にした大河漫画で、横山の代表作となりました。全60巻、1400話以上...,あなたと同じ64歳のとき、横山光輝は『三国志』の連載を完結させました。1971年から始まった同作は、中国の歴史小説「三国志演義」を基にした大河漫画で、横山の代表作となりました。全60巻、1400話以上に及ぶ長期連載を経て、1987年に感動の最終回を迎えました。緻密な取材と巧みな脚色で、三国時代の英雄たちの生き様を描き切った横山の功績は、日本の漫画史に大きな足跡を残すこととなりました。
PD91C094,横尾忠則,50.0,芸術・文化,なし,0.0,あなたと同じ50歳のとき、横尾忠則はニューヨーク近代美術館に作品が永久収蔵され、日本人グラフィックデザイナーとし、初の達成しました。彼の作業は、ビートルズやサンタナのアルバムジャケットを手がけ、数百万...,あなたと同じ50歳のとき、横尾忠則はニューヨーク近代美術館に作品が永久収蔵され、日本人グラフィックデザイナーとし、初の達成しました。彼の作業は、ビートルズやサンタナのアルバムジャケットを手がけ、数百万枚の作品が世界中の流通する中で、国際的な評価を確立。デザインから絵画への転身後、100点以上の作品がMoMAコレクションに加わり、現代美術における日本の地位を高めました。業績は広く認められるようになりました。
PC9D4E1D,樋口恵子,73.0,政治・社会,なし,0.0,あなたと同じ73歳のとき、樋口恵子は高齢者の社会参加を推進するNPO法人「高齢社会をよくする女性の会」を設立しました。高齢者の生きがいづくりや社会貢献活動を支援し、年齢に関係なく活躍できる社会の実現を...,あなたと同じ73歳のとき、樋口恵子は高齢者の社会参加を推進するNPO法人「高齢社会をよくする女性の会」を設立しました。高齢者の生きがいづくりや社会貢献活動を支援し、年齢に関係なく活躍できる社会の実現を目指す取り組みが評価され、内閣府から「高齢社会功労者表彰」を受賞しました。樋口は自らの経験を生かし、高齢者が輝ける社会づくりのリーダーとなりました。
P1CA8483,樋口可南子,43.0,芸術・文化,なし,0.0,あなたと同じ43歳のとき、樋口可南子は新たな挑戦として海外アニメーションの吹き替えに挑みました。これまで国内作品が中心だった彼女にとって、言語の壁や演技スタイルの違いは大きな障壁でした。しかし、持ち前...,あなたと同じ43歳のとき、樋口可南子は新たな挑戦として海外アニメーションの吹き替えに挑みました。これまで国内作品が中心だった彼女にとって、言語の壁や演技スタイルの違いは大きな障壁でした。しかし、持ち前の努力と才能で見事に役を掴み、国境を越えた演技が高く評価されるようになりました。この経験が、その後の彼女のキャリアの幅を大きく広げる転機となりました。
P594A4FE,樋口一葉,24.0,芸術・文化,なし,0.0,あなたと同じ24歳のとき、樋口一葉は『たけくらべ』を完成させ、文学界に衝撃を与えました。この作品は7回でわたって『文學界』に連載され、森鷗外や幸田露伴から絶賛されました。実は彼女は小説に書き始めてわず...,あなたと同じ24歳のとき、樋口一葉は『たけくらべ』を完成させ、文学界に衝撃を与えました。この作品は7回でわたって『文學界』に連載され、森鷗外や幸田露伴から絶賛されました。実は彼女は小説に書き始めてわずか3年という短期間でこの傑作を生み出していました。貧困のため家計に支えながら執筆を続け、1日16時間も机に向かう日々を送っていました。当時の女性作家が珍しかった明治時代において、彼女の繊細で美しい文体は「女流文学の金字塔」と呼ばれ、後の文学者たちに大きな影響を与えました。
P7C4E671,槇原敬之,29.0,音楽,なし,0.0,あなたと同じ29歳のとき、槇原敬之はソロのシンガーソングライターとして、『もう恋なんてしない』が200万枚突破しました。オリコン1位という記録を達成し、年間シングルチャート2位という記録を達成しました...,あなたと同じ29歳のとき、槇原敬之はソロのシンガーソングライターとして、『もう恋なんてしない』が200万枚突破しました。オリコン1位という記録を達成し、年間シングルチャート2位という記録を達成しました。90年代J-POPシーンを代表するヒットメーカーという大きな影響を与えました。多くの人々がその成果に注目しました。周囲からの信頼も厚くなり、影響力が増していきました。確固たる地位を築き上げました。この成功体験が今後の活動の基盤となった。
P615E20C,楠田枝里子,61.0,芸術・文化,なし,0.0,あなたと同じ61歳のとき、楠田枝里子は、長年の夢であった世界各国の子供たちとの合唱プロジェクトに挑戦しました。言葉や文化の壁を越えて、音楽を通じた国際交流を実現するため、楠田は各国を訪問し、現地の子供...,あなたと同じ61歳のとき、楠田枝里子は、長年の夢であった世界各国の子供たちとの合唱プロジェクトに挑戦しました。言葉や文化の壁を越えて、音楽を通じた国際交流を実現するため、楠田は各国を訪問し、現地の子供たちと一緒に練習を重ねました。時には思うように進まないこともありましたが、楠田の情熱と子供たちの純粋な歌声が、困難を乗り越える原動力となりました。プロジェクトは大成功を収め、世界中の人々に感動を与えることができました。
P9452E8E,楠本利夫,29.0,科学・技術,なし,0.0,あなたと同じ29歳のとき、楠本利夫はゲーム業界の転機を迎えました。当時のゲーム市場は停滞期にあり、斬新なアイデアが求められていました。そんな中、楠本はアクションRPGの新たな可能性に着目します。従来の...,あなたと同じ29歳のとき、楠本利夫はゲーム業界の転機を迎えました。当時のゲーム市場は停滞期にあり、斬新なアイデアが求められていました。そんな中、楠本はアクションRPGの新たな可能性に着目します。従来のRPGにアクション性を加えることで、プレイヤーの没入感を高めるゲームを開発しようと決意しました。楠本のアイデアは社内で大きな反響を呼び、新プロジェクトがスタートしました。後にこのゲームは大ヒットを記録し、アクションRPGというジャンルを確立することになりました。
P986117E,椎名林檎,17.0,政治・社会,なし,0.0,あなたと同じ17歳のとき、椎名林檎は音楽活動を本格的に始めましたが、周囲からの理解を得るのは簡単ではありませんでした。独特の世界観を持つ彼女の音楽性は、当時の J-POP シーンでは異質な存在でした。...,あなたと同じ17歳のとき、椎名林檎は音楽活動を本格的に始めましたが、周囲からの理解を得るのは簡単ではありませんでした。独特の世界観を持つ彼女の音楽性は、当時の J-POP シーンでは異質な存在でした。レコード会社からは「売れない」と言われ続け、デビューまでの道のりは険しいものでしたが、彼女は自分の表現を貫き通しました。その結果、1998年にメジャーデビューを果たし、オリジナリティあふれる音楽で多くのファンを魅了することとなりました。
P2DE75DF,植田直通,65.0,スポーツ,なし,0.0,あなたと同じ65歳のとき、植田直通は人生最大の挑戦に立ち向かいました。現役引退から30年以上が経過していましたが、かつての自分を超えるために再びランニングシューズを履いたのです。トレーニングは過酷を極...,あなたと同じ65歳のとき、植田直通は人生最大の挑戦に立ち向かいました。現役引退から30年以上が経過していましたが、かつての自分を超えるために再びランニングシューズを履いたのです。トレーニングは過酷を極め、何度も挫折しそうになりました。しかし、家族や仲間の支えを受けて、植田は諦めずに走り続けました。そして迎えた大会当日、彼は自己ベストに迫るタイムで完走を果たしました。65歳という年齢に挑んだ植田の姿は、多くの人に勇気と希望を与えることとなりました。
P38D5E39,植村直己,29.0,探検・冒険,なし,0.0,あなたと同じ29歳のとき、植村直己は世界初の五大陸最高峰登頂を達成した。1970年、エベレスト登頂で偉業を成し遂げた。北極点単独到達、犬ぞり北極圏横断など数々の冒険を実現した国民的冒険家。,あなたと同じ29歳のとき、植村直己は世界初の五大陸最高峰登頂を達成した。1970年、エベレスト登頂で偉業を成し遂げた。北極点単独到達、犬ぞり北極圏横断など数々の冒険を実現した国民的冒険家。
P99B64BA,森鴎外,42.0,芸術・文化,なし,0.0,あなたと同じ42歳のとき、森鴎外は軍医として日露戦争に従軍しながら、文学者の活動に両立させる多忙な日々を送っていました。第2軍軍医部長として満州の戦地で1日18時間の激務をこなしながらも、戦場で「うた...,あなたと同じ42歳のとき、森鴎外は軍医として日露戦争に従軍しながら、文学者の活動に両立させる多忙な日々を送っていました。第2軍軍医部長として満州の戦地で1日18時間の激務をこなしながらも、戦場で「うた日記」を執筆し続けました。驚くべきことに、彼は戦地から家族への手紙を300通以上送り、その中の文学論や翻訳でついて詳細に議論していました。軍服を着た文豪とし、、医学と文学という二つの専門分野の同時に頂点を極めた稀有な人物でしました。戦後、この経験が後の歴史小説群の礎となりました。
P0DEEA29,森見登美彦,21.0,芸術・文化,なし,0.0,あなたと同じ21歳のとき、森見登美彦は大学在学中に小説を書き始めました。しかし、なかなか思うように作品が完成せず、創作活動に行き詰まりを感じていました。そんな中、森見は京都の街を散策しながら、独自の世...,あなたと同じ21歳のとき、森見登美彦は大学在学中に小説を書き始めました。しかし、なかなか思うように作品が完成せず、創作活動に行き詰まりを感じていました。そんな中、森見は京都の街を散策しながら、独自の世界観を培っていきます。現実と非現実が交錯する不思議な物語を紡ぐことで、徐々に自分の文体を確立していきました。その後、森見は京都大学の学生小説コンテストで佳作に選ばれ、小説家としての第一歩を踏み出すこととなりました。
PDE9E879,森美月,25.0,芸術・文化,なし,0.0,あなたと同じ25歳のとき、森美月は建築家としてキャリアの重要な転機を迎えました。この時期、独自の視点と情熱を持って新しい挑戦に取り組み、その後の成功の基盤となる貴重な経験を積みました。周囲からの期待と...,あなたと同じ25歳のとき、森美月は建築家としてキャリアの重要な転機を迎えました。この時期、独自の視点と情熱を持って新しい挑戦に取り組み、その後の成功の基盤となる貴重な経験を積みました。周囲からの期待と自身の目標との間で葛藤しながらも、決断力と行動力で道を切り開いていきました。若くして示したこの行動は、後のキャリアの基盤となる重要な経験でした。その実績は広く認められました。大きな変革をもたらす転機でした。この挑戦が新しい可能性を示した。
PF3F714D,森美咲,25.0,スポーツ,なし,0.0,あなたと同じ25歳のとき、森美咲はサッカー選手（MF）としてキャリアの重要な転機を迎えました。この時期、独自の視点と情熱を持って新しい挑戦に取り組み、その後の成功の基盤となる貴重な経験を積みました。周...,あなたと同じ25歳のとき、森美咲はサッカー選手（MF）としてキャリアの重要な転機を迎えました。この時期、独自の視点と情熱を持って新しい挑戦に取り組み、その後の成功の基盤となる貴重な経験を積みました。周囲からの期待と自身の目標との間で葛藤しながらも、決断力と行動力で道を切り開いていきました。新たな道への第一歩を踏み出したのです。状況の変化を好機と捉え、積極的に行動しました。この決断が将来を大きく変えました。この経験が視野を大きく広げた。
P4E30805,森稔,67.0,ビジネス,なし,0.0,あなたと同じ67歳のとき、森稔は森ビルの社長として、六本木ヒルズを完成させ東京を世界都市にしました。総事業費2700億円という記録を達成し、年間来訪者4000万人という記録を達成しました。都市再開発の...,あなたと同じ67歳のとき、森稔は森ビルの社長として、六本木ヒルズを完成させ東京を世界都市にしました。総事業費2700億円という記録を達成し、年間来訪者4000万人という記録を達成しました。都市再開発の新しいモデルを示すという大きな影響を与えました。長年の経験を活かした取り組みとして、大きな意味を持ちました。その実績は広く認められました。業界内での評価が一層高まる転機となりました。周囲からの評価が一層高まりました。
P39BA645,森田正光,50.0,学術・研究,なし,0.0,あなたと同じ50歳のとき、森田正光は自身の建築事務所を立ち上げました。それまで大手設計事務所に勤務し、数々の大規模プロジェクトを手がけてきた森田さんでしたが、独立を決意したのです。自分の理想とする建築...,あなたと同じ50歳のとき、森田正光は自身の建築事務所を立ち上げました。それまで大手設計事務所に勤務し、数々の大規模プロジェクトを手がけてきた森田さんでしたが、独立を決意したのです。自分の理想とする建築を追求するため、小規模ながらも質の高い仕事にこだわる事務所を目指しました。独立当初は苦労の連続でしたが、森田さんの丁寧な仕事ぶりと独創的なデザインが徐々に評価され、次第に仕事が舞い込むようになりました。50歳での独立は、森田さんの建築家人生の大きな転機となりました。
P4B87516,桐野夏生,46.0,文学,直木賞,0.0,あなたと同じ46歳のとき、桐野夏生は『柔らかな頬』で直木賞を受賞した。1999年、女性の暗部を描く作風で注目を集め、『OUT』『グロテスク』など社会派ミステリーの傑作を発表。日本推理作家協会賞も受賞し...,あなたと同じ46歳のとき、桐野夏生は『柔らかな頬』で直木賞を受賞した。1999年、女性の暗部を描く作風で注目を集め、『OUT』『グロテスク』など社会派ミステリーの傑作を発表。日本推理作家協会賞も受賞した。
P8C1A8E2,横田早紀江,61.0,その他,なし,0.0,あなたと同じ61歳のとき、横田早紀江は北朝鮮に拉致された娘・めぐみさんの救出活動に尽力していました。めぐみさんが拉致されてから20年以上が経過し、手がかりが少ない中でも、早紀江さんは諦めずに活動を続け...,あなたと同じ61歳のとき、横田早紀江は北朝鮮に拉致された娘・めぐみさんの救出活動に尽力していました。めぐみさんが拉致されてから20年以上が経過し、手がかりが少ない中でも、早紀江さんは諦めずに活動を続けました。世論喚起のため全国各地で講演を行い、政府への働きかけも精力的に行いました。娘への愛情と、真相究明への強い意志に多くの人が心を打たれました。
P730FCA7,桐谷美玲,25.0,ビジネス,なし,0.0,あなたと同じ25歳のとき、桐谷美玲は女優としてキャリアの重要な転機を迎えました。この時期、独自の視点と情熱を持って新しい挑戦に取り組み、その後の成功の基盤となる貴重な経験を積みました。周囲からの期待と...,あなたと同じ25歳のとき、桐谷美玲は女優としてキャリアの重要な転機を迎えました。この時期、独自の視点と情熱を持って新しい挑戦に取り組み、その後の成功の基盤となる貴重な経験を積みました。周囲からの期待と自身の目標との間で葛藤しながらも、決断力と行動力で道を切り開いていきました。若くして示したこの行動は、後のキャリアの基盤となる重要な経験でした。その実績は広く認められました。重要な分岐点となった出来事でした。この経験が視野を大きく広げた。
PB703B93,桃田賢斗,29.0,スポーツ,オリンピック,0.0,あなたと同じ29歳のとき、桃田賢斗は世界バドミントン選手権で男子シングルス2連覇を達成しました。2019年8月にスイスの開催された大会では、決勝のデンマークのアンダース・アントンセンを2-0のストレー...,あなたと同じ29歳のとき、桃田賢斗は世界バドミントン選手権で男子シングルス2連覇を達成しました。2019年8月にスイスの開催された大会では、決勝のデンマークのアンダース・アントンセンを2-0のストレートで破り、日本人初の連覇という歴史的偉業を成し遂げています。この勝利により、桃田は世界ランキング1位の地位を不動のものとし、東京オリンピックでの金メダル最有力候補とし、の地位を確立しました。また同年には全英オープンでも優勝を果たし、バドミントン界における絶対的王者として君臨していた時期です。
P77620F9,松田聖子,38.0,芸術・文化,なし,0.0,あなたと同じ38歳のとき、松田聖子さんは新たな挑戦としてミュージカルに出演することになりました。これまでのポップスの成功を基に、彼女は舞台での演技力を磨くために日々努力を重ねました。その結果、彼女のミ...,あなたと同じ38歳のとき、松田聖子さんは新たな挑戦としてミュージカルに出演することになりました。これまでのポップスの成功を基に、彼女は舞台での演技力を磨くために日々努力を重ねました。その結果、彼女のミュージカルデビュー作は観客から高く評価され、彼女自身も新たな表現の幅を広げることとなりました。音楽だけでなく、演技でも挑戦する姿勢が多くの人に感動を与え、彼女のキャリアに新たな光を当てることになったのです。この経験は、松田さんにとって貴重な財産となり、今後の活動にも大きな影響を与えることとなりました。
P77620F9,松田聖子,15.0,政治・社会,なし,0.0,あなたと同じ15歳のとき、松田聖子は歌手デビューを果たしました。オーディションに合格し、シングル「裸足の季節」でデビューとなりました。瞬く間にトップアイドルとして人気を集め、同年の紅白歌合戦にも出場し...,あなたと同じ15歳のとき、松田聖子は歌手デビューを果たしました。オーディションに合格し、シングル「裸足の季節」でデビューとなりました。瞬く間にトップアイドルとして人気を集め、同年の紅白歌合戦にも出場しました。以降、数々のヒット曲を生み出し、アイドル歌手の代名詞となりました。15歳という若さでデビューを果たし、歌手の道を歩み始めたことが、松田聖子の人生の大きな転機になりました。
P8F157FC,松田直樹,57.0,スポーツ,ワールドカップ,0.0,あなたと同じ57歳のとき、松田直樹はサッカー選手としてのキャリアの中で多くの挑戦に直面しました。彼は特に、2006年のワールドカップアジア予選での厳しい試合を通じて、体力的な限界に挑戦することになりま...,あなたと同じ57歳のとき、松田直樹はサッカー選手としてのキャリアの中で多くの挑戦に直面しました。彼は特に、2006年のワールドカップアジア予選での厳しい試合を通じて、体力的な限界に挑戦することになりました。この試合では、彼は何度も相手チームの攻撃を防ぎ、最後までピッチを走り抜ける姿勢を示しました。結果的に日本代表は勝利を収めましたが、松田は自らのフィジカルと精神力を試される貴重な経験を得ることとなりました。この経験が彼のその後のキャリアにも大きな影響を与えることになりました。
P9CE8D70,松田丈志,33.0,スポーツ,なし,0.0,あなたと同じ33歳のとき、松田丈志はITUトライアスロン世界選手権シリーズで年間総合優勝を果たしました。レースを重ねるごとに安定した成績を収め、シーズン終盤の大会では逆転優勝を飾ります。日本人初の快挙...,あなたと同じ33歳のとき、松田丈志はITUトライアスロン世界選手権シリーズで年間総合優勝を果たしました。レースを重ねるごとに安定した成績を収め、シーズン終盤の大会では逆転優勝を飾ります。日本人初の快挙となったこの年間総合優勝は、トライアスロン界に大きな衝撃を与えました。松田の持久力とスピード、そして精神力が世界のトップアスリートたちを圧倒した瞬間となりました。
PC2EB33F,松村沙友理,28.0,政治・社会,なし,0.0,あなたと同じ28歳のとき、松村沙友理は社会活動に力を入れるようになりました。彼女は、特に子どもたちの教育支援に取り組む団体と連携し、地域の子どもたちに向けた学習イベントを開催しました。このイベントでは...,あなたと同じ28歳のとき、松村沙友理は社会活動に力を入れるようになりました。彼女は、特に子どもたちの教育支援に取り組む団体と連携し、地域の子どもたちに向けた学習イベントを開催しました。このイベントでは、彼女自身が講師として参加し、子どもたちに夢を持つ大切さを伝えることを目指しました。参加した子どもたちの笑顔を見た松村は、自身の活動が彼らにとって意味のあるものになったと実感し、さらに多くの人に影響を与えたいと思うようになりました。この経験を通じて、彼女は社会貢献の重要性を再認識し、今後も継続的に活動を続けていく決意を新たにしました。
PDE2F08C,松本零士,75.0,科学・技術,なし,0.0,あなたと同じ75歳のとき、松本零士は自身の代表作である「銀河鉄道999」のアニメ化30周年を記念して、全国各地でファンとの交流イベントを開催しました。長年にわたって愛され続けてきた作品の節目に、改めて...,あなたと同じ75歳のとき、松本零士は自身の代表作である「銀河鉄道999」のアニメ化30周年を記念して、全国各地でファンとの交流イベントを開催しました。長年にわたって愛され続けてきた作品の節目に、改めて読者からの声に耳を傾け、作品に込めた思いを語る機会となりました。松本は、これからも変わらぬ情熱で漫画の執筆を続けていくことを誓い、ファンへの感謝の気持ちを伝えました。
PDE2F08C,松本零士,57.0,学術・研究,なし,0.0,あなたと同じ57歳のとき、松本零士は大作SF漫画「銀河鉄道999」の連載を終了しました。1977年から8年間にわたって「週刊少年キング」で連載された同作は、少年の成長と機械化社会の光と影を描いた壮大な...,あなたと同じ57歳のとき、松本零士は大作SF漫画「銀河鉄道999」の連載を終了しました。1977年から8年間にわたって「週刊少年キング」で連載された同作は、少年の成長と機械化社会の光と影を描いた壮大な物語で、国内外で高い評価を受けました。連載終了後も、松本は精力的に執筆活動を続け、SF漫画界の第一人者としての地位を不動のものとしました。
PDE2F08C,松本零士,70.0,ビジネス,なし,0.0,あなたと同じ70歳のとき、松本零士は自身の代表作である「銀河鉄道999」のアニメ化30周年を記念して、新たな長編作品の連載を開始しました。半世紀以上に渡って第一線で活躍し続ける松本さんの創作意欲は衰え...,あなたと同じ70歳のとき、松本零士は自身の代表作である「銀河鉄道999」のアニメ化30周年を記念して、新たな長編作品の連載を開始しました。半世紀以上に渡って第一線で活躍し続ける松本さんの創作意欲は衰えることを知らず、今回の新作でも独創的な世界観とストーリー展開で多くのファンを魅了しました。70歳を超えてなお進化を続ける松本さんの姿勢は、漫画界のみならず、全ての表現者に勇気と希望を与えるものとなりました。
P9AD321D,松田聖子,26.0,音楽,なし,0.0,あなたと同じ26歳のとき、松田聖子は神田正輝と結婚会見を行い、視聴率34.8％を記録しました。また同年リリースしたシングル「Strawberry Time」「旅立ちはフリージア」がオリコン週間チャート...,あなたと同じ26歳のとき、松田聖子は神田正輝と結婚会見を行い、視聴率34.8％を記録しました。また同年リリースしたシングル「Strawberry Time」「旅立ちはフリージア」がオリコン週間チャート1位を獲得し、通算24作目の1位となりました。日本歌謡大賞を8年連続で受賞し、年間売上は約15億円に達しました。コンサートツアーでは全国32公演を開催し、総動員数約40万人を記録しました。その後も歌手活動を継続しています。
P89494B1,松本隆,56.0,芸術・文化,なし,0.0,あなたと同じ56歳のとき、松本隆は音楽界において大きな成果を上げました。彼は1970年代から80年代にかけて数多くの名曲を生み出し、特に山下達郎や松任谷由実とのコラボレーションで知られています。この年...,あなたと同じ56歳のとき、松本隆は音楽界において大きな成果を上げました。彼は1970年代から80年代にかけて数多くの名曲を生み出し、特に山下達郎や松任谷由実とのコラボレーションで知られています。この年、彼は自身の作詞活動が評価され、数々の音楽賞を受賞することになりました。特に「いい日旅立ち」などの楽曲は多くの人々に愛され、彼の名は日本の音楽史に刻まれることになりました。松本隆の作品は、今なお多くのアーティストに影響を与え続けています。
P7C7BAD2,松本紘,31.0,学術・研究,なし,0.0,あなたと同じ31歳のとき、松本紘は電波天文学の研究で大きな成果を上げました。彼は若くして電波望遠鏡を用いた観測により、星間物質の分布と進化に関する重要な発見をしたのです。この研究成果は、宇宙の構造形成...,あなたと同じ31歳のとき、松本紘は電波天文学の研究で大きな成果を上げました。彼は若くして電波望遠鏡を用いた観測により、星間物質の分布と進化に関する重要な発見をしたのです。この研究成果は、宇宙の構造形成の解明に大きく貢献し、天文学界で高く評価されることとなりました。松本の才能と情熱が、宇宙の神秘に迫る扉を開いたのです。
P26511C7,松本清張,72.0,学術・研究,なし,0.0,あなたと同じ72歳のとき、松本清張は長年の夢だった歴史小説に挑戦しました。推理小説の第一人者として知られる松本でしたが、歴史小説を書くことは新たな困難の連続でした。資料集めや時代考証に苦労しながらも、...,あなたと同じ72歳のとき、松本清張は長年の夢だった歴史小説に挑戦しました。推理小説の第一人者として知られる松本でしたが、歴史小説を書くことは新たな困難の連続でした。資料集めや時代考証に苦労しながらも、松本は情熱を持って執筆に取り組みました。そして2年の歳月を経て、歴史小説「小説 足利尊氏」を完成させました。推理作家としての枠を超え、新境地を開拓した松本の挑戦は多くの読者に感銘を与えることとなりました。
P26511C7,松本清張,59.0,ビジネス,なし,0.0,あなたと同じ59歳のとき、松本清張は大きな転機を迎えました。それまで社会派推理小説の第一人者として活躍してきた松本でしたが、新たな挑戦として歴史小説の執筆に取り組み始めたのです。膨大な資料を読み込み、...,あなたと同じ59歳のとき、松本清張は大きな転機を迎えました。それまで社会派推理小説の第一人者として活躍してきた松本でしたが、新たな挑戦として歴史小説の執筆に取り組み始めたのです。膨大な資料を読み込み、歴史的事実を丹念に調査する作業は容易ではありませんでしたが、松本は持ち前の探究心と情熱で困難を乗り越えていきました。こうして完成した歴史小説は、推理作家としての手腕を存分に発揮した意欲作となりました。
P0178103,松本幸四郎,44.0,芸術・文化,なし,0.0,あなたと同じ44歳のとき、松本幸四郎（10代目）は十代目松本幸四郎を襲名した。2018年、父・九代目から名跡を継承。ミュージカル『ラ・マンチャの男』でも知られ、伝統と革新を両立。,あなたと同じ44歳のとき、松本幸四郎（10代目）は十代目松本幸四郎を襲名した。2018年、父・九代目から名跡を継承。ミュージカル『ラ・マンチャの男』でも知られ、伝統と革新を両立。
PE2A4058,松本孝弘,27.0,音楽,なし,0.0,あなたと同じ27歳のとき、松本孝弘はB'zのギター・作曲として、『太陽のKomachi Angel』でメジャーデビューしました。34年連続シングルリリースという記録を達成し、通算49枚のシングルという...,あなたと同じ27歳のとき、松本孝弘はB'zのギター・作曲として、『太陽のKomachi Angel』でメジャーデビューしました。34年連続シングルリリースという記録を達成し、通算49枚のシングルという記録を達成しました。日本のロックギターの歴史に名を刻むという大きな影響を与えました。周囲からの信頼も厚くなりました。この実績は後の活動の重要な基盤となりました。確固たる地位を築き上げました。この実績が次のステージへの扉を開いた。
P06CF8DE,松本剛,25.0,スポーツ,なし,0.0,あなたと同じ25歳のとき、松本剛は野球選手としてキャリアの重要な転機を迎えました。この時期、独自の視点と情熱を持って新しい挑戦に取り組み、その後の成功の基盤となる貴重な経験を積みました。周囲からの期待...,あなたと同じ25歳のとき、松本剛は野球選手としてキャリアの重要な転機を迎えました。この時期、独自の視点と情熱を持って新しい挑戦に取り組み、その後の成功の基盤となる貴重な経験を積みました。周囲からの期待と自身の目標との間で葛藤しながらも、決断力と行動力で道を切り開いていきました。若くして示したこの行動は、後のキャリアの基盤となる重要な経験でした。その実績は広く認められました。人生の方向性が定まる瞬間でした。この転機が新たな物語の始まりとなった。
P782F439,松本健,25.0,スポーツ,なし,0.0,あなたと同じ25歳のとき、松本健はサッカー選手（MF）としてキャリアの重要な転機を迎えました。この時期、独自の視点と情熱を持って新しい挑戦に取り組み、その後の成功の基盤となる貴重な経験を積みました。周...,あなたと同じ25歳のとき、松本健はサッカー選手（MF）としてキャリアの重要な転機を迎えました。この時期、独自の視点と情熱を持って新しい挑戦に取り組み、その後の成功の基盤となる貴重な経験を積みました。周囲からの期待と自身の目標との間で葛藤しながらも、決断力と行動力で道を切り開いていきました。人生の転機となる重要な選択でした。この転機により、新たな可能性が開かれることになりました。大きな変革をもたらす転機でした。この変化が大きな飛躍のきっかけとなった。
P7BF2B21,松本人志,31.0,芸術・文化,なし,0.0,あなたと同じ31歳のとき、松本人志はフジテレビの放送された「ごっつええ感じ」で最高視聴率28.8％を記録しました。この番組は52週連続で週間視聴率1位を獲得しました。番組は12月から11月まで放送され...,あなたと同じ31歳のとき、松本人志はフジテレビの放送された「ごっつええ感じ」で最高視聴率28.8％を記録しました。この番組は52週連続で週間視聴率1位を獲得しました。番組は12月から11月まで放送され、総放送回数は287回に達しました。番組終了後、同様のコント形式を採用するバラエティ番組が複数制作されました。視聴率調査では、コント番組への視聴者の嗜好は従来のトーク中心番組から変化したことが確認されました。
P291C7B8,松本薫,40.0,ビジネス,なし,0.0,あなたと同じ40歳のとき、松本薫は元柔道選手として大きなブレークスルーを達成しました。それまでの努力と経験が実を結び、ビジネス分野で画期的な成果を上げました。この成功は単なる幸運ではなく、長年の準備と...,あなたと同じ40歳のとき、松本薫は元柔道選手として大きなブレークスルーを達成しました。それまでの努力と経験が実を結び、ビジネス分野で画期的な成果を上げました。この成功は単なる幸運ではなく、長年の準備と周到な戦略、そして諦めない姿勢の結果でした。業界での地位を確立し、次のステージへと駒を進めました。多くの人々がその成果に注目しました。長期間の準備と努力の結果、目標を達成することができました。周囲からの評価が一層高まりました。
PD2F4AE0,林原めぐみ,22.0,その他,なし,0.0,あなたと同じ22歳のとき、林原めぐみは『らんま1/2』女らんま役でブレイクした。1989年、声優アーティストの先駆けとして歌手活動も展開。エヴァの綾波レイ、コナンの灰原哀など代表作多数。,あなたと同じ22歳のとき、林原めぐみは『らんま1/2』女らんま役でブレイクした。1989年、声優アーティストの先駆けとして歌手活動も展開。エヴァの綾波レイ、コナンの灰原哀など代表作多数。
PDE55A4B,林家木久扇,32.0,芸術・文化,なし,0.0,あなたと同じ32歳のとき、林家木久扇は『笑点』のレギュラーとなった。1969年、黄色い着物がトレードマーク。50年以上笑点に出演し続け、「木久ちゃんラーメン」など多彩な活動を展開。,あなたと同じ32歳のとき、林家木久扇は『笑点』のレギュラーとなった。1969年、黄色い着物がトレードマーク。50年以上笑点に出演し続け、「木久ちゃんラーメン」など多彩な活動を展開。
P1F5E95F,柳井正,34.0,ビジネス,なし,0.0,あなたと同じ34歳のとき、柳井正は1984年、父が経営する小郡商事で「ユニクロ」第1号店を開店しました。当初は月商100万円にも満たず、近隣の大手量販店に客を奪われ続けました。開店から8ヶ月間は赤字が...,あなたと同じ34歳のとき、柳井正は1984年、父が経営する小郡商事で「ユニクロ」第1号店を開店しました。当初は月商100万円にも満たず、近隣の大手量販店に客を奪われ続けました。開店から8ヶ月間は赤字が続き、在庫の山に埋もれながらも諦めなかっました。転機は徹底した顧客ヒアリングだっました。「安くて品質の良い服を気軽で買いたい」声に応え、セルフサービス方式と低価格戦略を確立。父の「商売は客のためである」教えを胸に、やがて国内900店舗、海外1300店舗を展開し、カジュアル衣料市場を席巻。
P1620DB7,桂米朝,68.0,芸術・文化,文化勲章,0.0,あなたと同じ68歳のとき、桂米朝は人間国宝に認定された。1996年、上方落語の復興に尽力し、消えかけていた古典落語を発掘・復活させた功績が認められた。文化勲章も受章した「上方落語の四天王」の一人。,あなたと同じ68歳のとき、桂米朝は人間国宝に認定された。1996年、上方落語の復興に尽力し、消えかけていた古典落語を発掘・復活させた功績が認められた。文化勲章も受章した「上方落語の四天王」の一人。
P05B8ED4,桂歌丸,61.0,科学・技術,なし,0.0,あなたと同じ61歳のとき、桂歌丸は大きな挑戦をしました。それは、古典落語の名作「八代目桂文楽」の口演に挑戦することでした。この演目は非常に難易度が高く、多くの落語家が避けて通る演目の一つです。しかし、...,あなたと同じ61歳のとき、桂歌丸は大きな挑戦をしました。それは、古典落語の名作「八代目桂文楽」の口演に挑戦することでした。この演目は非常に難易度が高く、多くの落語家が避けて通る演目の一つです。しかし、歌丸は長年の経験と技術を駆使し、見事にこの難題を乗り越えました。その口演は落語界に大きな衝撃を与え、歌丸の名人としての地位を不動のものにしました。歌丸はその後も精力的に活動を続け、古典落語の継承と発展に尽力しました。
PA098185,根岸英一,75.0,科学・技術,ノーベル賞,0.0,あなたと同じ75歳のとき、根岸英一（75歳）は2010年、ノーベル化学賞を受賞。しかし道のりは険しく、50代の渡米後は100本以上の論文投稿でもリジェクト続き、研究資金獲得も15回連続で失敗しました。...,あなたと同じ75歳のとき、根岸英一（75歳）は2010年、ノーベル化学賞を受賞。しかし道のりは険しく、50代の渡米後は100本以上の論文投稿でもリジェクト続き、研究資金獲得も15回連続で失敗しました。それのも101本目の論文でパラジウム触媒クロスカップリング反応の画期的な成果を発表。学生時代の父から聞いた「失敗は成功の母」言葉で胸に研究を続けた結果、製薬業界で年間売上30兆円規模の医薬品開発を可能にし、世界の化学工業に革命をもたらしました。諦めずに挑戦し続ければ必ず道は開ける信念で進み続けました。
P8BE441C,栗山英樹,30.0,スポーツ,なし,0.0,あなたと同じ30歳のとき、栗山英樹は現役のプロ野球選手として活動していました。1991年、ヤクルトスワローズの外野手とし、、チームの日本一に貢献しました。この年の日本シリーズでは西武ライオンズと対戦し...,あなたと同じ30歳のとき、栗山英樹は現役のプロ野球選手として活動していました。1991年、ヤクルトスワローズの外野手とし、、チームの日本一に貢献しました。この年の日本シリーズでは西武ライオンズと対戦し、7戦までもつれる激戦を制しました。栗山は持ち前の俊足と守備力を活かし、重要な場面で貴重な働きを見せました。この頃から野球解説や指導者としての将来を見据えた勉強も始めており、現役選手のありながら野球の戦術や理論について深く学んでいました。後に名監督となる栗山の基礎が築かれた重要な時期でしました。
PE4710AD,栗城史多,21.0,探検・冒険,なし,0.0,あなたと同じ21歳のとき、栗城史多は登山家として北米最高峰マッキンリーに登頂した。2004年、「冒険の共有」をテーマに登山のインターネット生中継を開始。新しい冒険のスタイルを提唱した。,あなたと同じ21歳のとき、栗城史多は登山家として北米最高峰マッキンリーに登頂した。2004年、「冒険の共有」をテーマに登山のインターネット生中継を開始。新しい冒険のスタイルを提唱した。
PB2053C0,栗原はるみ,45.0,その他,なし,0.0,あなたと同じ45歳のとき、栗原はるみは『ごちそうさまが、ききたくて。』がミリオンセラーとなった。1992年、主婦から料理研究家へ。家庭料理の温かさを伝え、レシピ本の累計発行部数は3000万部を超える。,あなたと同じ45歳のとき、栗原はるみは『ごちそうさまが、ききたくて。』がミリオンセラーとなった。1992年、主婦から料理研究家へ。家庭料理の温かさを伝え、レシピ本の累計発行部数は3000万部を超える。
P1498D06,柴田章太郎,66.0,学術・研究,なし,0.0,あなたと同じ66歳のとき、柴田章太郎は、長年の研究テーマであった生物の進化メカニズムの解明に向けて、新たな実験に挑戦しました。これまでの常識を覆す仮説を立て、周囲の反対を押し切って実験を開始しましたが...,あなたと同じ66歳のとき、柴田章太郎は、長年の研究テーマであった生物の進化メカニズムの解明に向けて、新たな実験に挑戦しました。これまでの常識を覆す仮説を立て、周囲の反対を押し切って実験を開始しましたが、なかなか思うような結果が得られず、苦難の連続でした。しかし、柴田博士は諦めることなく、試行錯誤を重ねた末、ついに画期的な発見をすることに成功しました。この発見は、生物進化の謎に迫る大きな一歩となりました。
P14AB697,柴咲コウ,37.0,スポーツ,なし,0.0,あなたと同じ37歳のとき、柴咲コウは大河ドラマ「おんな城主 直虎」で主演を務めました。当時の大河ドラマでは珍しい女性主人公の役どころに挑戦し、戦国時代を生きた井伊直虎の生涯を熱演しました。撮影は約1年...,あなたと同じ37歳のとき、柴咲コウは大河ドラマ「おんな城主 直虎」で主演を務めました。当時の大河ドラマでは珍しい女性主人公の役どころに挑戦し、戦国時代を生きた井伊直虎の生涯を熱演しました。撮影は約1年間に及び、アクションシーンでの怪我や過酷なロケーションでの撮影など、様々な困難がありました。しかし柴咲さんは持ち前の強い意志力と体当たりの演技で乗り越え、作品に深みと説得力を与えることに成功しました。放送後は視聴者や評論家から高い評価を受け、大河ドラマ出演を機に女優としてのキャリアを大きく飛躍させることとなりました。
PDE99BF9,柳田邦男,71.0,政治・社会,なし,0.0,あなたと同じ71歳のとき、柳田邦男は日航機墜落事故の生存者や遺族への取材を重ね、事故の全容を伝える大著『日航機墜落』を上梓しました。事故から17年が経過した2002年のことです。この本は社会に大きな衝...,あなたと同じ71歳のとき、柳田邦男は日航機墜落事故の生存者や遺族への取材を重ね、事故の全容を伝える大著『日航機墜落』を上梓しました。事故から17年が経過した2002年のことです。この本は社会に大きな衝撃を与え、事故調査や防災体制の見直しを促す契機となりました。柳田は真相の追求を通して、犠牲者の尊厳を守り、同じ過ちを繰り返さないための教訓を後世に伝えることに人生を捧げる決意を新たにしました。
PDE99BF9,柳田邦男,72.0,ビジネス,なし,0.0,あなたと同じ72歳のとき、柳田邦男は大きな挑戦に直面しました。長年取り組んできた事件の真相に迫るため、関係者への取材を進めていましたが、なかなか新しい事実が見つからず、行き詰まりを感じていました。しか...,あなたと同じ72歳のとき、柳田邦男は大きな挑戦に直面しました。長年取り組んできた事件の真相に迫るため、関係者への取材を進めていましたが、なかなか新しい事実が見つからず、行き詰まりを感じていました。しかし、粘り強く調査を続けた結果、ついに重要な証言を得ることに成功しました。この突破口をきっかけに、真相解明への道筋が見えてきました。困難な状況下でも諦めずに挑み続ける姿勢が、大きな成果につながった出来事となりました。
P27A7BDB,柳田理科雄,44.0,学術・研究,なし,0.0,あなたと同じ44歳のとき、柳田理科雄は、ナミテントウの擬態現象の解明に大きな進展がありました。それまで謎だった擬態のメカニズムについて、柳田は詳細な観察と実験を重ね、ナミテントウがアリに似せて身を守る...,あなたと同じ44歳のとき、柳田理科雄は、ナミテントウの擬態現象の解明に大きな進展がありました。それまで謎だった擬態のメカニズムについて、柳田は詳細な観察と実験を重ね、ナミテントウがアリに似せて身を守る適応戦略を持つことを突き止めたのです。この発見は昆虫の進化や生態系における共生関係の理解に大きく貢献し、柳田の研究者としての地位を確立する転機となりました。
P038F851,柳田理科雄,60.0,ビジネス,なし,0.0,あなたと同じ60歳のとき、柳田理科雄は自律型ロボットの研究開発において大きな成果を上げました。人工知能を搭載し、自ら判断して行動できるロボットの実用化に向けて、長年の研究が実を結んだのです。柳田氏が開...,あなたと同じ60歳のとき、柳田理科雄は自律型ロボットの研究開発において大きな成果を上げました。人工知能を搭載し、自ら判断して行動できるロボットの実用化に向けて、長年の研究が実を結んだのです。柳田氏が開発したロボットは、工場の生産ラインや医療現場での活躍が期待されています。ロボット工学の第一人者として、日本のものづくりに革新をもたらす存在となりました。
PC2C4341,柳田悠岐,53.0,スポーツ,なし,0.0,あなたと同じ53歳のとき、柳田悠岐は現役を引退し、福岡ソフトバンクホークスの一軍打撃コーチに就任しました。現役時代に培った豊富な経験と知識を活かし、若手選手の育成に尽力します。柳田コーチの指導の下、チ...,あなたと同じ53歳のとき、柳田悠岐は現役を引退し、福岡ソフトバンクホークスの一軍打撃コーチに就任しました。現役時代に培った豊富な経験と知識を活かし、若手選手の育成に尽力します。柳田コーチの指導の下、チームは再び日本一に輝きました。引退後も野球界に貢献し続ける柳田の姿は、多くのファンに感動を与えました。
P7827A10,柳田國男,52.0,学術・研究,なし,0.0,あなたと同じ52歳のとき、柳田國男は民俗学の集大成となる著書『先祖の話』を発表しました。この書は、日本人の祖先崇拝や祖霊信仰について、柳田が長年にわたって全国各地で収集した民俗資料をもとに考察を深めた...,あなたと同じ52歳のとき、柳田國男は民俗学の集大成となる著書『先祖の話』を発表しました。この書は、日本人の祖先崇拝や祖霊信仰について、柳田が長年にわたって全国各地で収集した民俗資料をもとに考察を深めた大著です。柳田の民俗学研究の集大成ともいえるこの著書の刊行は、日本の伝統的な信仰や習俗を学問的に体系化する大きな一歩となりました。『先祖の話』の発表により、柳田は日本民俗学の確立者としての地位を不動のものにしたのです。
PB45FC8C,柳瀬唯夫,27.0,政治・社会,なし,0.0,あなたと同じ27歳のとき、柳瀬唯夫は国連難民高等弁務官事務所（UNHCR）の若手職員として、アフリカのルワンダで起きた大量虐殺の現場に派遣されました。内戦で50万人以上が犠牲となる惨事の最中、柳瀬は現...,あなたと同じ27歳のとき、柳瀬唯夫は国連難民高等弁務官事務所（UNHCR）の若手職員として、アフリカのルワンダで起きた大量虐殺の現場に派遣されました。内戦で50万人以上が犠牲となる惨事の最中、柳瀬は現地の難民キャンプで支援活動に尽力します。食料や医療品が圧倒的に不足し、自身の身の危険も顧みず、昼夜を問わず難民の救済に取り組みました。その献身的な姿勢は現地の人々に希望を与え、国際社会から高く評価されることとなりました。
PC538EE6,柳本啓一,51.0,ビジネス,オリンピック,0.0,あなたと同じ51歳のとき、柳本啓一は転機を迎えました。彼は選手時代から培った経験をもとに、日本バドミントン界の指導者として新たな道を歩むことになりました。特に、2016年のリオデジャネイロオリンピック...,あなたと同じ51歳のとき、柳本啓一は転機を迎えました。彼は選手時代から培った経験をもとに、日本バドミントン界の指導者として新たな道を歩むことになりました。特に、2016年のリオデジャネイロオリンピックを控えた時期に、若手選手の育成に力を入れることを決意しました。この決断は、彼自身の成長につながると同時に、日本のバドミントン界の未来を支える重要な一歩となりました。彼は選手たちに情熱を注ぎ、指導者としての腕を磨く機会を得たのです。これにより、柳本は自身のキャリアを新たな高みへと押し上げることになったのです。
P38418E4,柳本啓一,55.0,スポーツ,なし,0.0,あなたと同じ55歳のとき、柳本啓一は全日本女子バレーボールチームの監督として、大きな挑戦に直面しました。チームは長年の低迷から抜け出すため、彼は選手たちの士気を高めるべく、独自のトレーニングプログラム...,あなたと同じ55歳のとき、柳本啓一は全日本女子バレーボールチームの監督として、大きな挑戦に直面しました。チームは長年の低迷から抜け出すため、彼は選手たちの士気を高めるべく、独自のトレーニングプログラムを導入することになりました。しかし、選手たちは新しい方法に対して懐疑的で、最初は苦戦が続きました。それでも、柳本は選手一人ひとりと向き合い、信頼関係を築く努力を続けました。徐々に選手たちのパフォーマンスは向上し、チームは世界大会でのメダル獲得を果たしました。この経験は、柳本にとって大きな成長の機会となりました。
P1660FEC,柳家小三治,66.0,芸術・文化,なし,0.0,あなたと同じ66歳のとき、柳家小三治は人間国宝に認定された。2014年、落語家として史上4人目。「まくら」と呼ばれる導入部分の名手として知られ、日常を鋭く観察した語り口で多くのファンを魅了した。,あなたと同じ66歳のとき、柳家小三治は人間国宝に認定された。2014年、落語家として史上4人目。「まくら」と呼ばれる導入部分の名手として知られ、日常を鋭く観察した語り口で多くのファンを魅了した。
P942EE53,柳井正,31.0,政治・社会,なし,0.0,あなたと同じ31歳のとき、柳井正は父親の経営する小さな洋服店を継ぐことになりました。当時は店舗数も少なく、経営は厳しい状況でしたが、柳井は独自のビジネスモデルを構築します。カジュアルウェアを低価格で提...,あなたと同じ31歳のとき、柳井正は父親の経営する小さな洋服店を継ぐことになりました。当時は店舗数も少なく、経営は厳しい状況でしたが、柳井は独自のビジネスモデルを構築します。カジュアルウェアを低価格で提供するユニクロを展開し、品質と価格のバランスを追求しました。その結果、わずか数年でユニクロは全国に店舗を拡大し、柳井は若くして成功を収めることとなりました。
P4F4F08D,桐生祥秀,40.0,ビジネス,なし,0.0,あなたと同じ40歳のとき、桐生祥秀は陸上選手として大きなブレークスルーを達成しました。それまでの努力と経験が実を結び、ビジネス分野で画期的な成果を上げました。この成功は単なる幸運ではなく、長年の準備と...,あなたと同じ40歳のとき、桐生祥秀は陸上選手として大きなブレークスルーを達成しました。それまでの努力と経験が実を結び、ビジネス分野で画期的な成果を上げました。この成功は単なる幸運ではなく、長年の準備と周到な戦略、そして諦めない姿勢の結果でした。業界での地位を確立し、次のステージへと駒を進めました。周囲からの信頼も厚くなりました。試行錯誤を重ねた結果、最適な方法を見出すことができました。多くの人々に勇気を与える結果となりました。
P6FBF0E0,松本人志,59.0,ビジネス,なし,0.0,あなたと同じ59歳のとき、松本人志はピン芸人としての活動を本格的に始めました。ダウンタウンでの活動と並行しながら、これまでにない新しいスタイルの漫才を開拓していきます。その斬新な発想とユーモアのセンス...,あなたと同じ59歳のとき、松本人志はピン芸人としての活動を本格的に始めました。ダウンタウンでの活動と並行しながら、これまでにない新しいスタイルの漫才を開拓していきます。その斬新な発想とユーモアのセンスは、多くの若手芸人に影響を与えることとなりました。松本の挑戦は、お笑い界に新風を吹き込み、次の時代を切り拓く大きな一歩になりました。
P8C1A8E2,横田早紀江,62.0,政治・社会,なし,0.0,あなたと同じ62歳のとき、横田早紀江さんは、北朝鮮に拉致された娘・めぐみさんの救出のため、世界各国を訪問しました。アメリカ大統領やイギリス首相など、各国の要人に面会し、拉致問題の解決を訴えました。言葉...,あなたと同じ62歳のとき、横田早紀江さんは、北朝鮮に拉致された娘・めぐみさんの救出のため、世界各国を訪問しました。アメリカ大統領やイギリス首相など、各国の要人に面会し、拉致問題の解決を訴えました。言葉の壁や文化の違いに苦労しながらも、母親としての強い思いを伝え続けました。めぐみさんとの再会を信じて、諦めずに活動を続ける横田さんの姿は、多くの人々に感動を与えることとなりました。
P7531406,橋本大輝,40.0,ビジネス,なし,0.0,あなたと同じ40歳のとき、橋本大輝は体操選手として大きなブレークスルーを達成しました。それまでの努力と経験が実を結び、ビジネス分野で画期的な成果を上げました。この成功は単なる幸運ではなく、長年の準備と...,あなたと同じ40歳のとき、橋本大輝は体操選手として大きなブレークスルーを達成しました。それまでの努力と経験が実を結び、ビジネス分野で画期的な成果を上げました。この成功は単なる幸運ではなく、長年の準備と周到な戦略、そして諦めない姿勢の結果でした。業界での地位を確立し、次のステージへと駒を進めました。この功績により、業界での評価が一層高まりました。歴史に名を刻む重要な成果として評価されています。この実績が次のステージへの扉を開いた。
PC2D12C0,渡辺謙,25.0,ビジネス,なし,0.0,あなたと同じ25歳のとき、渡辺謙は俳優としてキャリアの重要な転機を迎えました。この時期、独自の視点と情熱を持って新しい挑戦に取り組み、その後の成功の基盤となる貴重な経験を積みました。周囲からの期待と自...,あなたと同じ25歳のとき、渡辺謙は俳優としてキャリアの重要な転機を迎えました。この時期、独自の視点と情熱を持って新しい挑戦に取り組み、その後の成功の基盤となる貴重な経験を積みました。周囲からの期待と自身の目標との間で葛藤しながらも、決断力と行動力で道を切り開いていきました。若くして示したこの行動は、後のキャリアの基盤となる重要な経験でした。その実績は広く認められました。運命が動き始めた瞬間でした。この経験が視野を大きく広げた。
P288224A,渡辺謙,18.0,エンターテイメント,なし,0.0,あなたと同じ18歳のとき、渡辺謙は高校を中退し、単身上京して俳優の道を目指すことを決意しました。家族や周囲の反対を押し切り、夢に向かって一歩踏み出したのです。貧しい生活の中、オーディションに落ち続ける...,あなたと同じ18歳のとき、渡辺謙は高校を中退し、単身上京して俳優の道を目指すことを決意しました。家族や周囲の反対を押し切り、夢に向かって一歩踏み出したのです。貧しい生活の中、オーディションに落ち続ける日々が続きましたが、諦めずに努力を重ねました。やがて小劇場での舞台に出演するチャンスを掴み、確かな演技力が認められるようになりました。この18歳での決断と行動力が、後の世界的俳優への道を切り拓くこととなりました。
PD28530E,渡辺直美,23.0,芸術・文化,なし,0.0,あなたと同じ23歳のとき、渡辺直美はお笑いコンビ「ブルゾンちえみ」を結成しました。当時は無名でしたが、渡辺の独特のキャラクターと抜群の演技力が注目を集め、瞬く間に人気者となりました。特にコントでの「3...,あなたと同じ23歳のとき、渡辺直美はお笑いコンビ「ブルゾンちえみ」を結成しました。当時は無名でしたが、渡辺の独特のキャラクターと抜群の演技力が注目を集め、瞬く間に人気者となりました。特にコントでの「35億」というセリフは大ブレイクし、社会現象にもなりました。その後も多方面で活躍し、お笑い界の第一線で活躍し続けています。
PD28530E,渡辺直美,22.0,その他,なし,0.0,あなたと同じ22歳のとき、渡辺直美はお笑い芸人としての道を歩み始めました。しかし、当時の芸能界では女性芸人の活躍の場は限られており、特に渡辺さんのような体型の芸人は受け入れられにくい状況でした。それで...,あなたと同じ22歳のとき、渡辺直美はお笑い芸人としての道を歩み始めました。しかし、当時の芸能界では女性芸人の活躍の場は限られており、特に渡辺さんのような体型の芸人は受け入れられにくい状況でした。それでも諦めずに自分のスタイルを貫き、独自の笑いを追求し続けました。コンプレックスを武器に変え、持ち前の明るさとユーモアで観客を魅了する渡辺さんのスタンスは多くの人々に勇気を与えました。やがて渡辺さんは、女性芸人の枠を超えて活躍する人気者となりました。
PA067B47,渡辺淳一,63.0,芸術・文化,なし,0.0,あなたと同じ63歳のとき、渡辺淳一は自身の小説『花埋み』の映画化に挑戦しました。原作者としてシナリオ執筆にも関わり、キャスティングや撮影現場での監修など、映画製作の全工程に深く携わりました。小説家とし...,あなたと同じ63歳のとき、渡辺淳一は自身の小説『花埋み』の映画化に挑戦しました。原作者としてシナリオ執筆にも関わり、キャスティングや撮影現場での監修など、映画製作の全工程に深く携わりました。小説家としての経験を活かしつつ、映像表現の難しさに直面する日々が続きましたが、渡辺は新たな表現方法を学ぶ貴重な機会となりました。完成した映画は原作の持つ繊細な心理描写を見事に再現し、多くの観客を感動させました。
P8BF7C16,渡辺明,37.0,その他,なし,0.0,あなたと同じ37歳のとき、渡辺明は将棋界の頂点に立つ転機を迎えました。2012年4月、羽生善治九段との第70期名人戦七番勝負で4勝2敗と勝ち越し、初めて名人位を獲得したのです。前年の挑戦では惜しくも敗...,あなたと同じ37歳のとき、渡辺明は将棋界の頂点に立つ転機を迎えました。2012年4月、羽生善治九段との第70期名人戦七番勝負で4勝2敗と勝ち越し、初めて名人位を獲得したのです。前年の挑戦では惜しくも敗れていただけに、この勝利は渡辺にとって大きな意味を持ちました。名人位獲得により、渡辺は将棋界のトップ棋士としての地位を不動のものとしたのです。
P37719E4,渡辺和子,59.0,学術・研究,なし,0.0,あなたと同じ59歳のとき、渡辺和子は、宗教学の研究を深めるため、世界各地の聖地巡礼の旅に出ました。言葉や文化の壁に苦労しながらも、現地の人々との交流を通じて、宗教の多様性と普遍性を実感しました。この経...,あなたと同じ59歳のとき、渡辺和子は、宗教学の研究を深めるため、世界各地の聖地巡礼の旅に出ました。言葉や文化の壁に苦労しながらも、現地の人々との交流を通じて、宗教の多様性と普遍性を実感しました。この経験は、以降の渡辺の研究に大きな影響を与え、宗教間対話の重要性を訴える著作を次々と発表するきっかけとなりました。
P7EF1CB6,渡辺和子,55.0,医学・健康,なし,0.0,あなたと同じ55歳のとき、渡辺和子はカトリック修道女として、ハンセン病患者の支援活動に尽力しました。差別や偏見に苦しむ患者たちに寄り添い、一人一人の尊厳を大切にするケアを提供しました。渡辺は、ハンセン...,あなたと同じ55歳のとき、渡辺和子はカトリック修道女として、ハンセン病患者の支援活動に尽力しました。差別や偏見に苦しむ患者たちに寄り添い、一人一人の尊厳を大切にするケアを提供しました。渡辺は、ハンセン病問題の解決に向けて国や社会に働きかけ、患者の人権回復と生活支援に献身的に取り組みました。その功績が認められ、国内外から高い評価を受けるようになりました。渡辺の活動は、社会的弱者への深い共感と、一人の人間としての変わらぬ愛情に基づくものでした。
P4887257,渡辺謙,44.0,芸術・文化,"アカデミー賞, 日本アカデミー賞",0.0,あなたと同じ44歳のとき、渡辺謙は「ラストサムライ」でアカデミー賞助演男優賞にノミネートされ、日本人俳優とし、初めてハリウッドの大作映画で主要な役割を果たしました。この作品は全世界で約4億5600万ド...,あなたと同じ44歳のとき、渡辺謙は「ラストサムライ」でアカデミー賞助演男優賞にノミネートされ、日本人俳優とし、初めてハリウッドの大作映画で主要な役割を果たしました。この作品は全世界で約4億5600万ドルの興行収入を記録し、製作費1億4000万ドルで大幅に上回る成功を収めました。また同年、日本アカデミー賞最優秀主演男優賞とブルーリボン賞主演男優賞を受賞しました。急性骨髄性白血病に発症し5年間の闘病を経験したが、のNHK大河ドラマ「炎立つ」で本格復帰を果たしていました。
PB7E53EE,渡辺健,67.0,学術・研究,なし,0.0,あなたと同じ67歳のとき、渡辺健は海洋生物の研究において重要な成果を上げました。彼は、特定の深海生物の生態系に関する新たな知見を発表し、その研究は国際的な学術誌に掲載されることとなりました。渡辺は、深...,あなたと同じ67歳のとき、渡辺健は海洋生物の研究において重要な成果を上げました。彼は、特定の深海生物の生態系に関する新たな知見を発表し、その研究は国際的な学術誌に掲載されることとなりました。渡辺は、深海の環境が生物に与える影響を詳細に解明したことで、海洋保護の重要性が再認識されるきっかけとなったのです。この成果は、若い研究者たちにとっても大きな刺激となり、次世代の海洋研究を促進することに寄与しています。
P4D48145,渋野日向子,20.0,スポーツ,なし,0.0,あなたと同じ20歳のとき、渋野日向子は全英女子オープンで日本人42年ぶりのメジャー制覇を成し遂げました。最終日首位でスタートし、18番でバーディに奪い賞金67万5000ドルを獲得。笑顔を絶やさないプレ...,あなたと同じ20歳のとき、渋野日向子は全英女子オープンで日本人42年ぶりのメジャー制覇を成し遂げました。最終日首位でスタートし、18番でバーディに奪い賞金67万5000ドルを獲得。笑顔を絶やさないプレースタイルから「スマイリングシンデレラ」と呼ばれ、ゴルフ人気に再燃させて競技人口を15万人増加させた新世代のヒロインとなりました。この優勝により世界ランキング7位まで上昇し、国内賞金ランキング2位の1億5648万円を獲得。ラウンド中のお菓子に食べる独特なスタイルでも注目を集めました。
P3F83957,渋沢栄一,33.0,ビジネス,なし,0.0,あなたと同じ33歳のとき、渋沢栄一は第一国立銀行を設立し、日本初の株式会社銀行とし、資本金244万円でスタートしました。明治政府の大蔵省を辞職し、わずか2年後の挑戦でしたが、当時の日本には近代的な銀行...,あなたと同じ33歳のとき、渋沢栄一は第一国立銀行を設立し、日本初の株式会社銀行とし、資本金244万円でスタートしました。明治政府の大蔵省を辞職し、わずか2年後の挑戦でしたが、当時の日本には近代的な銀行制度が存在せず、多くの人が「紙幣を扱う商売」に懐疑的でしました。彼は西洋の銀行システムを学び、500人の株主を集めて資金調達に成功し、東京兜町に本店を構えました。伝統的な商人たちからは「武士は商売をするなど」と批判されましたが、彼の信念と実行力が日本の近代金融業の礎を築きました。
P45C5BBC,清水宏保,24.0,スポーツ,オリンピック,0.0,あなたと同じ24歳のとき、清水宏保は長野オリンピックのスピードスケート500mと1000mの2種目で金メダルを獲得しました。身長162cmという小柄な体格から「氷上の弾丸」と呼ばれた彼は、500mで3...,あなたと同じ24歳のとき、清水宏保は長野オリンピックのスピードスケート500mと1000mの2種目で金メダルを獲得しました。身長162cmという小柄な体格から「氷上の弾丸」と呼ばれた彼は、500mで36秒53の五輪新記録を樹立し、日本男子スケート界初の金メダリストとなりました。実は彼は幼少期から喘息に悩まされており、医師から激しい運動を控えるよう言われていました。しかし母親の勧めでスケートを始めると、冷たい氷上の空気が喘息の症状に和らげることを発見し、ハンディキャップを武器に変えて頂点まで駆け上がりました。
P6220230,清春,26.0,音楽,なし,0.0,あなたと同じ26歳のとき、清春は黒夢のボーカルとして、『亡骸を...』がオリコン1位獲得しました。シングル3作連続1位という記録を達成し、アルバム2作連続1位という記録を達成しました。90年代ヴィジュ...,あなたと同じ26歳のとき、清春は黒夢のボーカルとして、『亡骸を...』がオリコン1位獲得しました。シングル3作連続1位という記録を達成し、アルバム2作連続1位という記録を達成しました。90年代ヴィジュアル系ロックの中心的存在という大きな影響を与えました。若くして示したこの行動は、後のキャリアの基盤となる重要な経験でした。その実績は広く認められました。この成果が後進の目標となっていきました。この実績が次のステージへの扉を開いた。
PF3BED6F,清原和博,54.0,スポーツ,なし,0.0,あなたと同じ54歳のとき、清原和博は薬物依存症との壮絶な闘いを続けていました。逮捕や裁判を経験し、社会的信用を失った状態から這い上がるために、リハビリ施設に入所。そこで過酷な治療に耐え、心身ともに浄化...,あなたと同じ54歳のとき、清原和博は薬物依存症との壮絶な闘いを続けていました。逮捕や裁判を経験し、社会的信用を失った状態から這い上がるために、リハビリ施設に入所。そこで過酷な治療に耐え、心身ともに浄化された清原は、薬物の恐ろしさを伝える活動を開始しました。講演会で自らの過ちを赤裸々に語り、多くの人々に薬物乱用防止を呼びかけています。過去の栄光にとらわれず、新たな人生の意義を見出した清原の姿は、多くの人に勇気と希望を与えました。
P7EFBC71,深田恭子,71.0,芸術・文化,なし,0.0,あなたと同じ71歳のとき、深田恭子は長年の女優人生を振り返る自伝的エッセイ「私の歩んだ道」を出版しました。デビューから現在に至るまでの苦労や喜び、共演者との思い出など、赤裸々に綴られたその内容は多くの...,あなたと同じ71歳のとき、深田恭子は長年の女優人生を振り返る自伝的エッセイ「私の歩んだ道」を出版しました。デビューから現在に至るまでの苦労や喜び、共演者との思い出など、赤裸々に綴られたその内容は多くの読者の共感を呼びました。年齢を重ねても第一線で活躍し続ける深田の生き方は、多くの人に勇気と希望を与える一冊となりました。
PF4FF1F9,深田恭子,25.0,ビジネス,なし,0.0,あなたと同じ25歳のとき、深田恭子は女優としてキャリアの重要な転機を迎えました。この時期、独自の視点と情熱を持って新しい挑戦に取り組み、その後の成功の基盤となる貴重な経験を積みました。周囲からの期待と...,あなたと同じ25歳のとき、深田恭子は女優としてキャリアの重要な転機を迎えました。この時期、独自の視点と情熱を持って新しい挑戦に取り組み、その後の成功の基盤となる貴重な経験を積みました。周囲からの期待と自身の目標との間で葛藤しながらも、決断力と行動力で道を切り開いていきました。若くして示したこの行動は、後のキャリアの基盤となる重要な経験でした。その実績は広く認められました。この経験が人生を一変させました。この出会いが運命を変えることになった。
P499AD19,深澤直人,47.0,建築・デザイン,なし,0.0,あなたと同じ47歳のとき、深澤直人は無印良品の壁掛式CDプレーヤーを発表した。2003年、換気扇のような操作性が世界的に評価され、MoMAの永久収蔵品に。「Without Thought」の概念で日常...,あなたと同じ47歳のとき、深澤直人は無印良品の壁掛式CDプレーヤーを発表した。2003年、換気扇のような操作性が世界的に評価され、MoMAの永久収蔵品に。「Without Thought」の概念で日常デザインを革新した。
PDC96567,渋野日向子,25.0,ビジネス,なし,0.0,あなたと同じ25歳のとき、渋野日向子はゴルフ選手としてキャリアの重要な転機を迎えました。この時期、独自の視点と情熱を持って新しい挑戦に取り組み、その後の成功の基盤となる貴重な経験を積みました。周囲から...,あなたと同じ25歳のとき、渋野日向子はゴルフ選手としてキャリアの重要な転機を迎えました。この時期、独自の視点と情熱を持って新しい挑戦に取り組み、その後の成功の基盤となる貴重な経験を積みました。周囲からの期待と自身の目標との間で葛藤しながらも、決断力と行動力で道を切り開いていきました。新たな道への第一歩を踏み出したのです。従来の方法から脱却し、革新的なアプローチを採用しました。大きな変革をもたらす転機でした。この決断が人生の分岐点となった。
P5CEC8CA,渡邊雄太,24.0,スポーツ,なし,0.0,あなたと同じ24歳のとき、渡邊雄太はNBAグリズリーズとツーウェイ契約を結び、日本人初のNBA正式契約選手となった。身長206センチながら3ポイントシュート成功率38.5％高い精度を誇り、年間67試合...,あなたと同じ24歳のとき、渡邊雄太はNBAグリズリーズとツーウェイ契約を結び、日本人初のNBA正式契約選手となった。身長206センチながら3ポイントシュート成功率38.5％高い精度を誇り、年間67試合に出場しました。実は彼は幼少期、バスケットボールのはなく野球少年でしました。しかし中学1年生で急激に身長が伸び始め、コーチの勧められてバスケットボールに転向したのです。アメリカの大学時代は言語の壁に苦しみ、毎日3時間の英語学習を続けながら練習に励みました。
P8638CFE,渡邊雄太,25.0,ビジネス,なし,0.0,あなたと同じ25歳のとき、渡邊雄太はバスケットボール選手としてキャリアの重要な転機を迎えました。この時期、独自の視点と情熱を持って新しい挑戦に取り組み、その後の成功の基盤となる貴重な経験を積みました。...,あなたと同じ25歳のとき、渡邊雄太はバスケットボール選手としてキャリアの重要な転機を迎えました。この時期、独自の視点と情熱を持って新しい挑戦に取り組み、その後の成功の基盤となる貴重な経験を積みました。周囲からの期待と自身の目標との間で葛藤しながらも、決断力と行動力で道を切り開いていきました。人生の転機となる重要な選択でした。大胆な方向転換により、新たな道が開けていきました。これが運命を変える岐路となりました。この転機が新たな物語の始まりとなった。
P32886C7,湯川れい子,36.0,政治・社会,なし,0.0,あなたと同じ36歳のとき、湯川れい子は音楽評論家としての活動の傍ら、クラシック音楽の普及と音楽教育の充実を目指して奔走していました。当時の日本では、クラシック音楽はまだ一部の愛好家のものという認識が強...,あなたと同じ36歳のとき、湯川れい子は音楽評論家としての活動の傍ら、クラシック音楽の普及と音楽教育の充実を目指して奔走していました。当時の日本では、クラシック音楽はまだ一部の愛好家のものという認識が強く、一般の人々にとっては身近な存在ではありませんでした。そのような状況を変えるべく、湯川はラジオやテレビ番組への出演、講演会の開催など、多方面で精力的に活動しました。時には理解を得られないこともありましたが、音楽の力を信じ、地道な努力を続けました。その情熱と行動力が、現在の日本におけるクラシック音楽の普及の礎となりました。
P226318E,爆笑問題,28.0,エンターテイメント,なし,0.0,あなたと同じ28歳のとき、爆笑問題の太田光・田中裕二は『ボキャブラ天国』でブレイクした。1992年、時事ネタを武器に知的な漫才で人気を獲得。『サンデージャポン』など情報番組のMCとしても活躍。,あなたと同じ28歳のとき、爆笑問題の太田光・田中裕二は『ボキャブラ天国』でブレイクした。1992年、時事ネタを武器に知的な漫才で人気を獲得。『サンデージャポン』など情報番組のMCとしても活躍。
P2596E51,熊谷正寿,33.0,ビジネス,なし,0.0,あなたと同じ33歳のとき、熊谷正寿（33歳）は1996年、インターネットの可能性に信じてインターリンクを創業しました。しかし当時のネット普及率はわずか3.3％で、70社以上の企業から「インターネットは...,あなたと同じ33歳のとき、熊谷正寿（33歳）は1996年、インターネットの可能性に信じてインターリンクを創業しました。しかし当時のネット普及率はわずか3.3％で、70社以上の企業から「インターネットは流行らない」と断られ、6ヶ月間売上ゼロが続いました。資金が底をつく中、71社目の提案で初のホームページ制作契約100万円を獲得。学生時代にパソコン通信で感じたデジタル革命への確信が支えとなりました。その後、ドメイン登録サービスで国内シェア50％を獲得し、IT業界の基盤構築に貢献。
P0B079A5,照ノ富士,25.0,スポーツ,なし,0.0,あなたと同じ25歳のとき、照ノ富士は大相撲力士としてキャリアの重要な転機を迎えました。この時期、独自の視点と情熱を持って新しい挑戦に取り組み、その後の成功の基盤となる貴重な経験を積みました。周囲からの...,あなたと同じ25歳のとき、照ノ富士は大相撲力士としてキャリアの重要な転機を迎えました。この時期、独自の視点と情熱を持って新しい挑戦に取り組み、その後の成功の基盤となる貴重な経験を積みました。周囲からの期待と自身の目標との間で葛藤しながらも、決断力と行動力で道を切り開いていきました。この決断が後の人生を大きく変えることとなりました。大胆な方向転換により、新たな道が開けていきました。大きな変革をもたらす転機でした。この挑戦が新しい可能性を示した。
PD314880,為末大,33.0,スポーツ,なし,0.0,あなたと同じ33歳のとき、為末大は引退後アスリート支援事業で社会貢献しました。支援選手100名以上という記録を達成し、講演300回という記録を達成しました。これを果たし、セカンドキャリアのロールモデル...,あなたと同じ33歳のとき、為末大は引退後アスリート支援事業で社会貢献しました。支援選手100名以上という記録を達成し、講演300回という記録を達成しました。これを果たし、セカンドキャリアのロールモデルという大きな影響を与えました。卓越した技術と精神力を兼ね備え、競技の新たな可能性を示しました。その姿勢は多くのアスリートたちの目標となりました。諦めずに再び頂点に立つことができました。この逆境からの復活が伝説となった。この再起が不屈の精神を証明した。
PD514914,瀬戸弘司,25.0,科学・技術,なし,0.0,あなたと同じ25歳のとき、瀬戸弘司はTech YouTuberとしてキャリアの重要な転機を迎えました。この時期、独自の視点と情熱を持って新しい挑戦に取り組み、その後の成功の基盤となる貴重な経験を積みま...,あなたと同じ25歳のとき、瀬戸弘司はTech YouTuberとしてキャリアの重要な転機を迎えました。この時期、独自の視点と情熱を持って新しい挑戦に取り組み、その後の成功の基盤となる貴重な経験を積みました。周囲からの期待と自身の目標との間で葛藤しながらも、決断力と行動力で道を切り開いていきました。この決断が後の人生を大きく変えることとなりました。人生の重要な転機となった決定的な出来事でした。この決断が人生の方向性を決定づけた。この出会いが運命を変えることになった。
P4E4E4AA,瀬戸大也,40.0,ビジネス,なし,0.0,あなたと同じ40歳のとき、瀬戸大也は水泳選手として大きなブレークスルーを達成しました。それまでの努力と経験が実を結び、ビジネス分野で画期的な成果を上げました。この成功は単なる幸運ではなく、長年の準備と...,あなたと同じ40歳のとき、瀬戸大也は水泳選手として大きなブレークスルーを達成しました。それまでの努力と経験が実を結び、ビジネス分野で画期的な成果を上げました。この成功は単なる幸運ではなく、長年の準備と周到な戦略、そして諦めない姿勢の結果でした。業界での地位を確立し、次のステージへと駒を進めました。多くの人々がその成果に注目しました。この実績は後の活動の重要な基盤となりました。確固たる地位を築き上げました。
P5AA1768,瀬戸大也,22.0,スポーツ,オリンピック,0.0,あなたと同じ22歳のとき、瀬戸大也はリオデジャネイロオリンピックで400m個人メドレー銅メダルを獲得。しかし、実は大会前の右肩の故障で3週間まともに泳げない状態が続いていました。医師からは「無理をすれ...,あなたと同じ22歳のとき、瀬戸大也はリオデジャネイロオリンピックで400m個人メドレー銅メダルを獲得。しかし、実は大会前の右肩の故障で3週間まともに泳げない状態が続いていました。医師からは「無理をすれば選手生命に関わる」と警告されましたが、4年に1度の舞台を諦めきれず、痛み止めの注射に打ちながら出場を決意しました。決勝では4分9秒71の日本新記録をマークし、表彰台の頂点まのあと1秒84僅差でしました。メダル獲得後のインタビューで「痛みより嬉しさの方が大きい」と涙を流した姿は、多くの人に感動を与えました。
PA3745F8,瀬戸内寂聴,70.0,芸術・文化,なし,0.0,あなたと同じ70歳のとき、瀬戸内寂聴は、乳がんの手術を受けることになりました。しかし、手術の前日に「手術を受けたら小説が書けなくなるかもしれない」と不安になったそうです。それでも、瀬戸内は「生きること...,あなたと同じ70歳のとき、瀬戸内寂聴は、乳がんの手術を受けることになりました。しかし、手術の前日に「手術を受けたら小説が書けなくなるかもしれない」と不安になったそうです。それでも、瀬戸内は「生きることが何より大事」と覚悟を決め、手術に臨みました。無事に手術は成功し、術後もリハビリに励んで執筆活動を続けました。闘病生活を通して、瀬戸内は「生きることの尊さ」を改めて実感したと語っています。
P6565E00,濱口竜介,43.0,映画・演劇,"アカデミー賞, 国際映画祭",0.0,あなたと同じ43歳のとき、濱口竜介は『ドライブ・マイ・カー』でアカデミー賞国際長編映画賞を受賞した。2022年、日本映画13年ぶりの快挙。村上春樹原作を独自の視点で映像化し、カンヌ脚本賞も獲得。,あなたと同じ43歳のとき、濱口竜介は『ドライブ・マイ・カー』でアカデミー賞国際長編映画賞を受賞した。2022年、日本映画13年ぶりの快挙。村上春樹原作を独自の視点で映像化し、カンヌ脚本賞も獲得。
P64984BA,澤穂希,32.0,スポーツ,ワールドカップ,0.0,あなたと同じ32歳のとき、澤穂希（32歳）は2011年、女子サッカー界最高峰のワールドカップ決勝でアメリカと対戦していました。日本女子代表は過去20年間で主要国際大会のベスト4進出がわずか1回、FIF...,あなたと同じ32歳のとき、澤穂希（32歳）は2011年、女子サッカー界最高峰のワールドカップ決勝でアメリカと対戦していました。日本女子代表は過去20年間で主要国際大会のベスト4進出がわずか1回、FIFA世界ランキング4位のアメリカのは過去25戦の1勝しかできずにいました。決勝でも2度リードを許し、延長戦でも追いつかれる絶望的状況が続いました。しかし澤は「絶対で諦めない」幼少期からの信念を胸に、PK戦で冷静に決定的なキックを成功させました。この勝利で日本は初のワールドカップ優勝を達成し、女子サッカーの競技人口が...
PCDBD460,澤村拓一,53.0,スポーツ,なし,0.0,あなたと同じ53歳のとき、澤村拓一は現役引退を決意しました。引退会見では、これまでの野球人生を振り返り、支えてくれた家族やファンへの感謝の言葉を述べました。また、若手選手への熱いメッセージも贈りました...,あなたと同じ53歳のとき、澤村拓一は現役引退を決意しました。引退会見では、これまでの野球人生を振り返り、支えてくれた家族やファンへの感謝の言葉を述べました。また、若手選手への熱いメッセージも贈りました。「野球に対する情熱を持ち続けることが大切です。どんな困難にも立ち向かい、自分の可能性を信じて挑戦し続けてください」。澤村の言葉は、多くの人々の心に深く刻まれることとなりました。
P843D88C,澤村大地,52.0,スポーツ,なし,0.0,あなたと同じ52歳のとき、澤村大地は球界の記録に挑戦しました。プロ野球生活24年目のシーズンで、通算1500試合登板を達成しました。これは日本プロ野球史上初の快挙となりました。澤村は試合後のインタビュ...,あなたと同じ52歳のとき、澤村大地は球界の記録に挑戦しました。プロ野球生活24年目のシーズンで、通算1500試合登板を達成しました。これは日本プロ野球史上初の快挙となりました。澤村は試合後のインタビューで、「まだまだ現役を続けたい。1500試合はゴールではなく通過点。これからも全力でプレーします」と語りました。ファンからは「いつまでも応援しています」「まだまだ頑張ってほしい」と励ましの声が寄せられました。
PCE3A1E1,滝沢カレン,25.0,エンターテイメント,なし,0.0,あなたと同じ25歳のとき、滝沢カレンは独特な日本語でバラエティ番組に引っ張りだことなった。2017年、ウクライナ人の父と日本人の母を持ち、四字熟語あだ名やレシピ本が話題に。,あなたと同じ25歳のとき、滝沢カレンは独特な日本語でバラエティ番組に引っ張りだことなった。2017年、ウクライナ人の父と日本人の母を持ち、四字熟語あだ名やレシピ本が話題に。
P64FAA2E,溝口健二,54.0,芸術・文化,なし,0.0,あなたと同じ54歳のとき、溝口健二は映画「雨月物語」で世界的な評価を獲得し、ヴェネツィア国際映画祭で銀獅子賞を受賞しました。この作品の撮影では、琵琶湖のの船上シーンの実際で湖に入り、水温15度の中で3...,あなたと同じ54歳のとき、溝口健二は映画「雨月物語」で世界的な評価を獲得し、ヴェネツィア国際映画祭で銀獅子賞を受賞しました。この作品の撮影では、琵琶湖のの船上シーンの実際で湖に入り、水温15度の中で3時間も演出を続けました。完璧主義で知られた彼は、同じカットを27回も撮り直し、スタッフを困惑させることもありました。実は戦時中に右目を失明していた溝口は、片目だけで映像美を追求し続けていました。この身体的ハンディキャップを乗り越え、日本映画を世界レベルに押し上げた功績は計り知れません。
P76283A3,満島真之介,25.0,ビジネス,なし,0.0,あなたと同じ25歳のとき、満島真之介は俳優としてキャリアの重要な転機を迎えました。この時期、独自の視点と情熱を持って新しい挑戦に取り組み、その後の成功の基盤となる貴重な経験を積みました。周囲からの期待...,あなたと同じ25歳のとき、満島真之介は俳優としてキャリアの重要な転機を迎えました。この時期、独自の視点と情熱を持って新しい挑戦に取り組み、その後の成功の基盤となる貴重な経験を積みました。周囲からの期待と自身の目標との間で葛藤しながらも、決断力と行動力で道を切り開いていきました。若くして示したこの行動は、後のキャリアの基盤となる重要な経験でした。その実績は広く認められました。重要な分岐点となった出来事でした。この挑戦が新しい可能性を示した。
P591CDCE,満屋裕明,35.0,医学・健康,なし,0.0,あなたと同じ35歳のとき、満屋裕明は米国国立がん研究所でAZT（アジドチミジン）を世界初のHIV治療薬とし、開発しました。AZTはFDAで承認され、30カ国以上で使用されました。この薬剤でより米国のエ...,あなたと同じ35歳のとき、満屋裕明は米国国立がん研究所でAZT（アジドチミジン）を世界初のHIV治療薬とし、開発しました。AZTはFDAで承認され、30カ国以上で使用されました。この薬剤でより米国のエイズ関連死亡率はからの間に47%減少し、HIV感染を管理可能な慢性疾患に変更しました。満屋の研究は後の多剤併用療法の基盤となり、現在も世界中で使用されています。業績は広く認められるようになりました。この成功体験が今後の活動の基盤となった。
P3497187,湯浅誠,28.0,学術・研究,なし,0.0,あなたと同じ28歳のとき、湯浅誠は路上生活者支援に奔走していました。当時、日本社会では貧困問題への理解が乏しく、支援の手が十分に届いていない状況でした。そんな中、湯浅は仲間とともに「自立生活サポートセ...,あなたと同じ28歳のとき、湯浅誠は路上生活者支援に奔走していました。当時、日本社会では貧困問題への理解が乏しく、支援の手が十分に届いていない状況でした。そんな中、湯浅は仲間とともに「自立生活サポートセンター・もやい」を立ち上げ、路上生活者の自立支援に尽力しました。シェルターの確保や医療支援など、様々な課題に果敢に挑み、一人ひとりに寄り添う支援を展開しました。若くして社会の矛盾と向き合い、誰もが人間らしく生きられる社会を目指す湯浅の姿は、多くの人々に勇気と希望を与えるものとなりました。
PE450D34,湯川秀樹,42.0,科学・技術,ノーベル賞,0.0,あなたと同じ42歳のとき、湯川秀樹（42歳）は1949年、日本人初のノーベル物理学賞を受賞。中間子理論の構築まで15年間、100本以上の論文が国際誌に受理されず、研究資金も枯渇状態が続いました。戦時中...,あなたと同じ42歳のとき、湯川秀樹（42歳）は1949年、日本人初のノーベル物理学賞を受賞。中間子理論の構築まで15年間、100本以上の論文が国際誌に受理されず、研究資金も枯渇状態が続いました。戦時中は軍事研究への協力を拒否し、基礎研究に続ける孤独な日々を送っました。転機は戦後の国際学会復帰で、欧米の物理学者が彼の理論の正しさを実証しました。この受賞で日本の基礎科学研究予算は3倍に増額され、物理学専攻の大学院生は5年で200名増加、戦後復興に科学技術立国の道筋をつけました。
PE70E8AC,湯川秀樹,62.0,学術・研究,なし,0.0,あなたと同じ62歳のとき、湯川秀樹は素粒子論の研究に没頭していました。当時、物理学界では量子力学の発展により、原子核の構造解明が急速に進んでいました。そんな中、湯川は「中間子論」と呼ばれる独自の理論を...,あなたと同じ62歳のとき、湯川秀樹は素粒子論の研究に没頭していました。当時、物理学界では量子力学の発展により、原子核の構造解明が急速に進んでいました。そんな中、湯川は「中間子論」と呼ばれる独自の理論を発表し、原子核内の力を説明することに成功しました。この理論は後に「湯川相互作用」と名付けられ、素粒子物理学の基礎となりました。62歳での大発見は、湯川の研究人生の中でも特に輝かしい業績となりました。
PE23CD3F,深作欣二,64.0,芸術・文化,"アカデミー賞, 日本アカデミー賞",0.0,あなたと同じ64歳のとき、深作欣二は映画『黒い雨』を発表しました。この作品は、原爆投下後の広島を舞台に、被爆者の苦しみと再生への希望を描いた感動作です。深作監督は、登場人物の心情を丁寧に描写し、戦争の...,あなたと同じ64歳のとき、深作欣二は映画『黒い雨』を発表しました。この作品は、原爆投下後の広島を舞台に、被爆者の苦しみと再生への希望を描いた感動作です。深作監督は、登場人物の心情を丁寧に描写し、戦争の悲惨さと平和の尊さを訴えました。『黒い雨』は国内外で高く評価され、日本アカデミー賞では最優秀作品賞と最優秀監督賞を受賞。深作監督の代表作の一つとなりました。
P76E4E26,樹木希林,62.0,医学・健康,なし,0.0,あなたと同じ62歳のとき、樹木希林は自身の乳がんを公表し、闘病生活に入りました。抗がん剤治療の副作用で体調を崩しながらも、女優業を続けることを決意。「生きることは素晴らしい」と前向きなメッセージを発信...,あなたと同じ62歳のとき、樹木希林は自身の乳がんを公表し、闘病生活に入りました。抗がん剤治療の副作用で体調を崩しながらも、女優業を続けることを決意。「生きることは素晴らしい」と前向きなメッセージを発信し続け、多くの人々に希望を与えました。がんと向き合う中で、人生観や価値観に変化が生まれ、演技により深みが増したと評されています。樹木さんにとって、がんとの闘いは人生の新たな転機となりました。
P10323A2,浜崎あゆみ,20.0,音楽,なし,0.0,あなたと同じ20歳のとき、浜崎あゆみは『poker face』でデビューした。1998年、翌年から「A Song for ××」で大ブレイク。2000年代の「平成の歌姫」としてオリコン1位獲得数は女性...,あなたと同じ20歳のとき、浜崎あゆみは『poker face』でデビューした。1998年、翌年から「A Song for ××」で大ブレイク。2000年代の「平成の歌姫」としてオリコン1位獲得数は女性ソロ歴代1位。
P4C667FA,浅田真央,25.0,ビジネス,なし,0.0,あなたと同じ25歳のとき、浅田真央は元フィギュアスケート選手としてキャリアの重要な転機を迎えました。この時期、独自の視点と情熱を持って新しい挑戦に取り組み、その後の成功の基盤となる貴重な経験を積みまし...,あなたと同じ25歳のとき、浅田真央は元フィギュアスケート選手としてキャリアの重要な転機を迎えました。この時期、独自の視点と情熱を持って新しい挑戦に取り組み、その後の成功の基盤となる貴重な経験を積みました。周囲からの期待と自身の目標との間で葛藤しながらも、決断力と行動力で道を切り開いていきました。この決断が後の人生を大きく変えることとなりました。大きな変革をもたらす歴史的な転機でした。この決断が人生の方向性を決定づけた。この決断が人生の分岐点となった。
P4FA052D,水野美紀,36.0,エンターテイメント,なし,0.0,あなたと同じ36歳のとき、水野美紀は女優業において大きな転機を迎えました。彼女はこれまで数々のドラマや映画で活躍してきましたが、その年に主演した舞台が非常に高い評価を受けることとなりました。これをきっ...,あなたと同じ36歳のとき、水野美紀は女優業において大きな転機を迎えました。彼女はこれまで数々のドラマや映画で活躍してきましたが、その年に主演した舞台が非常に高い評価を受けることとなりました。これをきっかけに、彼女の演技力が再評価され、より多くの役柄を演じる機会が増えました。また、舞台での経験が彼女の演技に深みを与え、映画やテレビドラマでもより幅広い表現ができるようになりました。この成功が彼女にとっての分岐点となり、今後のキャリアに大きな影響を与えることとなったのです。
P65769E8,水野敏樹,29.0,政治・社会,なし,0.0,あなたと同じ29歳のとき、水野敏樹は、アフリカのシエラレオネで医療活動に従事していました。内戦で荒廃した現地の医療環境を目の当たりにし、人々を助けたいという強い思いから、現地の医療スタッフと共に献身的...,あなたと同じ29歳のとき、水野敏樹は、アフリカのシエラレオネで医療活動に従事していました。内戦で荒廃した現地の医療環境を目の当たりにし、人々を助けたいという強い思いから、現地の医療スタッフと共に献身的な活動を行いました。厳しい状況下でも、水野医師は患者一人一人に寄り添い、最善の治療を施すことに尽力しました。その姿勢は現地の人々からも深く信頼され、多くの命を救うことになりました。この経験が、後の水野医師の人道支援活動の原点となりました。
PD04F74A,水谷隼,29.0,スポーツ,オリンピック,0.0,あなたと同じ29歳のとき、水谷隼は卓球界で前人未到の偉業を成し遂げました。世界選手権団体戦で日本男子48年ぶりの銀メダル獲得に貢献し、個人的には通算13個目の全日本選手権シングルス優勝を果たしました。...,あなたと同じ29歳のとき、水谷隼は卓球界で前人未到の偉業を成し遂げました。世界選手権団体戦で日本男子48年ぶりの銀メダル獲得に貢献し、個人的には通算13個目の全日本選手権シングルス優勝を果たしました。しかし最も驚くべきは、彼が密かに取り組んのいた左利き対策の特訓でしました。右利きのありながら左手でのプレーを3時間毎日練習し、相手の心理に理解する独自の研究を続けていたのです。この年、世界ランキング5位を維持しながらも、引退後の指導者への道を見据えて教員免許取得にも挑戦していました。
P03BE1BC,水溜りボンド・トミー,25.0,エンターテイメント,なし,0.0,あなたと同じ25歳のとき、水溜りボンド・トミーはYouTubeチャンネル登録者数100万人突破という大きな節目を迎えました。相方のカンタとコンビを組んで3年目、動画投稿本数は既に500本を超えていまし...,あなたと同じ25歳のとき、水溜りボンド・トミーはYouTubeチャンネル登録者数100万人突破という大きな節目を迎えました。相方のカンタとコンビを組んで3年目、動画投稿本数は既に500本を超えていました。実は彼は極度の人見知りで、初期の撮影では緊張のあまり何度もNGを出し、いましたが、視聴者と距離感を大切でする姿勢が多くの人に愛される理由となりました。この年、彼らの代表作となった企画動画は再生回数1000万回を記録し、YouTuber界での地位を確立しました。
P95892D4,毛利衛,44.0,科学・技術,なし,0.0,あなたと同じ44歳のとき、毛利衛は日本人初のスペースシャトル搭乗科学者として宇宙へ飛び立った。1992年、エンデバー号で宇宙実験を実施。「宇宙からは国境が見えなかった」の言葉は多くの人の心に響いた。,あなたと同じ44歳のとき、毛利衛は日本人初のスペースシャトル搭乗科学者として宇宙へ飛び立った。1992年、エンデバー号で宇宙実験を実施。「宇宙からは国境が見えなかった」の言葉は多くの人の心に響いた。
P35D1D18,毛利蘭,17.0,アニメ・漫画・ゲーム,なし,0.0,17歳の時、蘭は母の代わりに毛利家の家事をこなしながら、空手の大会に出場することになった。試合中、強敵との激しい戦いになり、逆転の一撃で見事勝利を収めた。,17歳の時、蘭は母の代わりに毛利家の家事をこなしながら、空手の大会に出場することになった。試合中、強敵との激しい戦いになり、逆転の一撃で見事勝利を収めた。
PE439736,毛利小五郎,38.0,アニメ・漫画・ゲーム,なし,0.0,38歳の時、毛利小五郎は「毛利探偵事務所」の誇りをかけて、難解な事件に挑むことになった。自信を持って推理を始めた小五郎だったが、途中で行き詰まりを感じる。しかし、妻の妃英理からの励ましやコナンからのヒ...,38歳の時、毛利小五郎は「毛利探偵事務所」の誇りをかけて、難解な事件に挑むことになった。自信を持って推理を始めた小五郎だったが、途中で行き詰まりを感じる。しかし、妻の妃英理からの励ましやコナンからのヒントを受けて、最終的には見事に真相を解き明かし、再び周囲からの信頼を勝ち取ることに成功した。
P548FFF3,武豊,70.0,スポーツ,なし,0.0,あなたと同じ70歳のとき、武豊は現役最高齢記録を更新しながら、なおもグレードレースで勝利を重ねています。長年の経験と卓越した騎乗技術で、若手騎手をリードする存在となりました。70歳を迎えても衰えること...,あなたと同じ70歳のとき、武豊は現役最高齢記録を更新しながら、なおもグレードレースで勝利を重ねています。長年の経験と卓越した騎乗技術で、若手騎手をリードする存在となりました。70歳を迎えても衰えることのない情熱と努力を惜しまない姿勢は、多くのファンに勇気と感動を与え続けています。現役生活40年以上におよぶ武豊の活躍は、競馬界のみならず、スポーツ界全体のレジェンドとして称えられています。
PFE4C509,永守重信,25.0,ビジネス,なし,0.0,あなたと同じ25歳のとき、永守重信は日本電産を設立しました。1973年7月23日、京都市南区の町工場でモーター製造事業を開始し、資本金1000万円、従業員わずか3名という小さなスタートでしました。創業...,あなたと同じ25歳のとき、永守重信は日本電産を設立しました。1973年7月23日、京都市南区の町工場でモーター製造事業を開始し、資本金1000万円、従業員わずか3名という小さなスタートでしました。創業当初は精密小型モーターの製造に特化し、特でハードディスク駆動用モーターの開発に注力しました。永守は「すぐやる、必ずやる、出来るまでやる」という経営哲学を掲げ、技術革新と品質向上で徹底的に取り組みました。創業から数年で業績を急拡大させ、後に世界最大級のモーターメーカーへと成長させる基盤を築き上げました。
PC01196E,武藤敬司,60.0,スポーツ,なし,0.0,あなたと同じ60歳のとき、武藤敬司はプロレス団体「全日本プロレス」の社長に就任しました。かつてリングの上で活躍した彼は、選手引退後も後進の育成に力を注ぎ、プロレス界の発展に尽力します。しかし、経営の難...,あなたと同じ60歳のとき、武藤敬司はプロレス団体「全日本プロレス」の社長に就任しました。かつてリングの上で活躍した彼は、選手引退後も後進の育成に力を注ぎ、プロレス界の発展に尽力します。しかし、経営の難しさや様々な問題に直面し、苦悩の日々が続きました。それでも武藤は諦めずに挑戦を続け、自らの経験と知恵を活かしながら、団体の再建と新たな時代の幕開けに向けて奮闘していきました。
PDA495AA,武田双雲,41.0,スポーツ,なし,0.0,あなたと同じ41歳のとき、武田双雲は、世界最大級の書道パフォーマンスを成功させました。アメリカのニューヨークで開催された日本文化イベントにて、高さ3メートル、幅10メートルもの巨大な紙に、「夢」という...,あなたと同じ41歳のとき、武田双雲は、世界最大級の書道パフォーマンスを成功させました。アメリカのニューヨークで開催された日本文化イベントにて、高さ3メートル、幅10メートルもの巨大な紙に、「夢」という文字を見事に書き上げたのです。世界中から集まった観客は、その迫力と美しさに感動し、割れんばかりの拍手が巻き起こりました。この偉業は、書道の可能性を世界に示すとともに、武田双雲の芸術家としての才能を証明する出来事となりました。
PF7AD2E0,武田修宏,64.0,スポーツ,なし,0.0,あなたと同じ64歳のとき、武田修宏は日本サッカー界の発展に尽力しました。Jリーグ発足当初から指導者としてチームを率い、若手選手の育成に情熱を注ぎました。自身の現役時代の経験を活かし、選手たちに技術だけ...,あなたと同じ64歳のとき、武田修宏は日本サッカー界の発展に尽力しました。Jリーグ発足当初から指導者としてチームを率い、若手選手の育成に情熱を注ぎました。自身の現役時代の経験を活かし、選手たちに技術だけでなく、精神的な強さや礼儀作法も伝授。武田の指導哲学は多くの選手に影響を与え、日本サッカーの底上げに貢献しました。64歳になっても現場に立ち続け、サッカー界の未来を見据えた活動を続けています。
P279E22D,武尊,27.0,スポーツ,なし,0.0,あなたと同じ27歳のとき、武尊はK-1 WORLD GP王者として君臨した。2019年、3階級制覇を達成。2022年の那須川天心との「THE MATCH」は日本格闘技史上最大の注目を集めた。,あなたと同じ27歳のとき、武尊はK-1 WORLD GP王者として君臨した。2019年、3階級制覇を達成。2022年の那須川天心との「THE MATCH」は日本格闘技史上最大の注目を集めた。
PA4ED899,武井壮,14.0,スポーツ,オリンピック,0.0,あなたと同じ14歳のとき、武井壮は中学校の陸上部に所属していました。ある日の練習中、コーチから才能を見出され、本格的な陸上競技の世界に足を踏み入れることになりました。それまでは特に目標もなく過ごしてい...,あなたと同じ14歳のとき、武井壮は中学校の陸上部に所属していました。ある日の練習中、コーチから才能を見出され、本格的な陸上競技の世界に足を踏み入れることになりました。それまでは特に目標もなく過ごしていた武井でしたが、コーチの言葉をきっかけに、オリンピック出場という大きな夢を抱くようになりました。この出来事が、彼の人生における大きな転機となりました。
P93029B7,歌川広重,40.0,芸術・文化,なし,0.0,あなたと同じ40歳のとき、歌川広重は代表作『東海道五拾三次』を完成させ、江戸の浮世絵界に革命をもたらしました。当時の浮世絵師は美人画や役者絵は主流でしたが、広重は風景画新ジャンルに挑戦し、55枚の連作...,あなたと同じ40歳のとき、歌川広重は代表作『東海道五拾三次』を完成させ、江戸の浮世絵界に革命をもたらしました。当時の浮世絵師は美人画や役者絵は主流でしたが、広重は風景画新ジャンルに挑戦し、55枚の連作を3年間で制作しました。特に「大磯・虎ヶ雨」では、斜めの降る雨に斜線で表現する革新的技法を考案し、西洋の印象派画家たちにも影響を与えました。実は元々火消し同心公務員だった広重は、絵師のの収入が安定するまで二足のわらじを履き続けていました。
P52AE294,櫻坂46,21.0,音楽,なし,0.0,あなたと同じ21歳のとき、欅坂46（現・櫻坂46）の平手友梨奈は『サイレントマジョリティー』でセンターを務めた。2016年、反抗的な歌詞とパフォーマンスで新しいアイドル像を提示した。,あなたと同じ21歳のとき、欅坂46（現・櫻坂46）の平手友梨奈は『サイレントマジョリティー』でセンターを務めた。2016年、反抗的な歌詞とパフォーマンスで新しいアイドル像を提示した。
P8249E03,櫻井翔,32.0,芸術・文化,なし,0.0,あなたと同じ32歳のとき、櫻井翔は日本テレビ「NEWS ZERO」のメインキャスターに就任しました。アイドルグループ「嵐」のメンバーとし、の活動と並行してニュース番組を担当しました。番組の平均視聴率は...,あなたと同じ32歳のとき、櫻井翔は日本テレビ「NEWS ZERO」のメインキャスターに就任しました。アイドルグループ「嵐」のメンバーとし、の活動と並行してニュース番組を担当しました。番組の平均視聴率は就任前の約8%から就任後約10%に上昇し、10-30代の視聴者層が増加しました。櫻井は慶應義塾大学経済学部を卒業し、おり、報道番組でのキャスター業務を約10年間継続しました。歴史に名を刻む重要な成果でした。
P2204863,橋本環奈,33.0,芸術・文化,なし,0.0,あなたと同じ33歳のとき、橋本環奈は新境地に挑戦しました。これまで数々の作品に出演し、女優としての地位を確立していた彼女でしたが、さらなる高みを目指し、ハリウッド映画への出演オファーを受けたのです。言...,あなたと同じ33歳のとき、橋本環奈は新境地に挑戦しました。これまで数々の作品に出演し、女優としての地位を確立していた彼女でしたが、さらなる高みを目指し、ハリウッド映画への出演オファーを受けたのです。言語や文化の違いに戸惑いながらも、橋本は必死に英語の勉強に励み、現地スタッフとのコミュニケーションを大切にしました。撮影は過酷の連続でしたが、彼女は持ち前の明るさと向上心で乗り越え、見事、ハリウッドデビューを果たしました。世界で活躍する日本人女優の仲間入りを果たした瞬間となりました。
P76681B8,武藤嘉紀,34.0,スポーツ,なし,0.0,あなたと同じ34歳のとき、武藤嘉紀はドイツのブンデスリーガ1部リーグのマインツ05に所属していました。当時のチームは下位に沈んでおり、残留争いに巻き込まれる厳しい状況でした。そんな中、武藤はチームの中...,あなたと同じ34歳のとき、武藤嘉紀はドイツのブンデスリーガ1部リーグのマインツ05に所属していました。当時のチームは下位に沈んでおり、残留争いに巻き込まれる厳しい状況でした。そんな中、武藤はチームの中心選手として奮闘し、リーグ戦で7得点を挙げるなど活躍しました。チームを牽引する働きぶりが評価され、サポーターからも大きな声援を受けました。シーズン終盤の大一番では決勝点を挙げ、チームの残留に大きく貢献しました。武藤の不屈の闘志と献身的なプレーは、多くの人々に感動を与えました。
P99AFE2D,江口寿史,69.0,芸術・文化,なし,0.0,あなたと同じ69歳のとき、江口寿史は自身の新しい作品に挑戦することになりました。長い間、彼は特定のスタイルに拘っていたため、新たな表現方法を模索することは非常に困難となりました。江口は、これまでの自分...,あなたと同じ69歳のとき、江口寿史は自身の新しい作品に挑戦することになりました。長い間、彼は特定のスタイルに拘っていたため、新たな表現方法を模索することは非常に困難となりました。江口は、これまでの自分の枠を超え、様々な技術やテーマに取り組む必要がありました。周囲からの期待も高まる中、彼は不安を抱えつつも、新しいキャラクターやストーリーを生み出すことに全力を尽くしました。その結果、彼の新作は多くの読者から高く評価され、成功を収めることになりました。この経験を通じて、江口は挑戦することの重要性を再確認したのです。
P189D363,江崎玲於奈,71.0,政治・社会,なし,0.0,あなたと同じ71歳のとき、江崎玲於奈は、半導体分野の研究で新たな挑戦に取り組みました。高齢になっても研究への情熱は衰えず、若手研究者の指導にも力を注ぎました。長年の研究経験を活かし、革新的なアイデアを...,あなたと同じ71歳のとき、江崎玲於奈は、半導体分野の研究で新たな挑戦に取り組みました。高齢になっても研究への情熱は衰えず、若手研究者の指導にも力を注ぎました。長年の研究経験を活かし、革新的なアイデアを次々と提案。実験の失敗や困難にも決して諦めることなく、粘り強く取り組み続けました。その姿勢は、周囲の研究者たちに大きな影響を与えました。江崎玲於奈の挑戦は、日本の科学技術の発展に大きく貢献することとなりました。
P0F67FBE,江崎玲於奈,47.0,科学・技術,ノーベル賞,0.0,あなたと同じ47歳のとき、江崎玲於奈はノーベル物理学賞を受賞し、日本人として3人目の快挙を成し遂げました。トンネル効果の発見でより半導体技術に革命をもたらした彼は、受賞スピーチの「私の研究は失敗の連続...,あなたと同じ47歳のとき、江崎玲於奈はノーベル物理学賞を受賞し、日本人として3人目の快挙を成し遂げました。トンネル効果の発見でより半導体技術に革命をもたらした彼は、受賞スピーチの「私の研究は失敗の連続でした」と語りました。実は受賞の10年前、上司から「そんな研究は無駄だ」と反対され、夜中にこっそり実験を続けていました。当時のトンネルダイオードは厚さわずか10ナノメートルで、製作成功率は30%以下という困難な状況でしたが、諦めずに2000回以上の実験を重ねた結果、現代のコンピュータやスマートフォンの基盤技術となる偉大な発見を成し遂げました。
PA0B3C9B,浅田真央,24.0,スポーツ,オリンピック,0.0,あなたと同じ24歳のとき、浅田真央（24歳）は2014年、ソチ五輪で16位という屈辱的な結果に終わっました。SP6位から一夜にして表彰台圏外へ転落し、世界中から厳しい批判を浴びました。しかしフリーのは...,あなたと同じ24歳のとき、浅田真央（24歳）は2014年、ソチ五輪で16位という屈辱的な結果に終わっました。SP6位から一夜にして表彰台圏外へ転落し、世界中から厳しい批判を浴びました。しかしフリーのは完璧な滑りで自己ベストを更新、観客総立ちの拍手を受けました。10歳からトリプルアクセル習得に5年を費やし、姉舞と二人三脚で歩んだ道のりが支えとなりました。その後の世界選手権では3位表彰台を獲得、現役引退まで3年間世界トップレベルを維持し続けました。「最後まの諦めずに戦い抜く」という信念で進み続けました。
P9AFD626,津田梅子,36.0,教育,なし,0.0,あなたと同じ36歳のとき、津田梅子は女子英学塾（現在の津田塾大学）を創立しました。開校時の生徒数はわずか10名、年間授業料は80円高額設定でしたが、これは質の高い教育を提供するための覚悟の表れでしまし...,あなたと同じ36歳のとき、津田梅子は女子英学塾（現在の津田塾大学）を創立しました。開校時の生徒数はわずか10名、年間授業料は80円高額設定でしたが、これは質の高い教育を提供するための覚悟の表れでしました。創立資金8000円の大部分を自身の貯金で賄い、校舎は借家の2階建て洋館質素なスタートでしました。当時の女子教育は花嫁修業は主流でしたが、津田は「女性も男性と対等で学問に修める権利がある」革新的な理念を掲げ、英語で専門科目に教える画期的なカリキュラムを導入しました。
PB6BE212,津田梅子,6.0,政治・社会,なし,0.0,あなたと同じ6歳のとき、津田梅子は岩倉使節団に同行し米国留学へしました。留学期間11年という記録を達成し、最年少留学生という記録を達成しました。これをきっかけに、女子教育の先駆者となる礎という大きな影...,あなたと同じ6歳のとき、津田梅子は岩倉使節団に同行し米国留学へしました。留学期間11年という記録を達成し、最年少留学生という記録を達成しました。これをきっかけに、女子教育の先駆者となる礎という大きな影響を与えました。卓越した能力と不断の努力により、分野に大きな貢献をしました。その功績は今日まで高く評価されています。状況の変化を好機と捉え、積極的に行動しました。大きな変革をもたらす転機でした。この経験が新たな道への一歩となった。この決断が人生の分岐点となった。
P325787F,津田大介,36.0,その他,なし,0.0,あなたと同じ36歳のとき、津田大介は『Twitter社会論』を出版した。2009年、ジャーナリストとしてソーシャルメディアの可能性を提唱。あいちトリエンナーレ芸術監督など幅広く活動。,あなたと同じ36歳のとき、津田大介は『Twitter社会論』を出版した。2009年、ジャーナリストとしてソーシャルメディアの可能性を提唱。あいちトリエンナーレ芸術監督など幅広く活動。
PAD58309,津川雅彦,64.0,芸術・文化,なし,0.0,あなたと同じ64歳のとき、津川雅彦は長年の夢であった映画監督デビューを果たしました。俳優として数々の名演技を披露してきた津川ですが、自ら脚本を書き上げ、監督・主演を務めた作品「railroad man...,あなたと同じ64歳のとき、津川雅彦は長年の夢であった映画監督デビューを果たしました。俳優として数々の名演技を披露してきた津川ですが、自ら脚本を書き上げ、監督・主演を務めた作品「railroad man」が完成しました。鉄道員の生き様を描いたヒューマンドラマで、撮影現場では津川の俳優としての経験と人間性が存分に発揮されました。公開後は批評家からも高い評価を得て、新たな才能を開花させた転機となりました。
PAD58309,津川雅彦,66.0,医学・健康,なし,0.0,あなたと同じ66歳のとき、津川雅彦は大腸がんの手術を受けました。手術後の回復期間中、役者としての将来に不安を感じていましたが、家族や周囲の支えを受けて前向きな気持ちを取り戻します。リハビリに励み、再び...,あなたと同じ66歳のとき、津川雅彦は大腸がんの手術を受けました。手術後の回復期間中、役者としての将来に不安を感じていましたが、家族や周囲の支えを受けて前向きな気持ちを取り戻します。リハビリに励み、再び舞台に立つことを目標に懸命に努力しました。その結果、見事に舞台復帰を果たし、観客から大きな拍手を受けました。病気を乗り越えた経験は、津川にとって人生の大きな転機となりました。
P4B2EE87,河村隆一,25.0,音楽,なし,0.0,あなたと同じ25歳のとき、河村隆一はLUNA SEAのボーカルとして、『MOTHER』が100万枚突破しました。東京ドーム3DAYS開催という記録を達成し、動員15万人という記録を達成しました。90年...,あなたと同じ25歳のとき、河村隆一はLUNA SEAのボーカルとして、『MOTHER』が100万枚突破しました。東京ドーム3DAYS開催という記録を達成し、動員15万人という記録を達成しました。90年代ロックシーンの頂点に君臨という大きな影響を与えました。若くして示したこの行動は、後のキャリアの基盤となる重要な経験でした。その実績は広く認められました。この成功により新たな可能性が大きく開けました。
PCDABFE9,池谷幸雄,72.0,スポーツ,なし,0.0,あなたと同じ72歳のとき、池谷幸雄は全日本シニア体操競技選手権大会に出場しました。現役時代から50年以上が経過していましたが、持ち前の強靭な体幹と柔軟性を維持し、年齢を感じさせない演技を披露しました。...,あなたと同じ72歳のとき、池谷幸雄は全日本シニア体操競技選手権大会に出場しました。現役時代から50年以上が経過していましたが、持ち前の強靭な体幹と柔軟性を維持し、年齢を感じさせない演技を披露しました。会場からは大きな拍手が送られ、池谷選手の体操人生の集大成となる大会になりました。「年齢は関係ない。体操を楽しむ心を忘れなければ、いつまでも現役でいられる」と語る池谷選手の姿勢は、多くの人に感動を与えました。
P3144F08,池田理代子,60.0,ビジネス,なし,0.0,あなたと同じ60歳のとき、池田理代子は大きな挑戦に直面しました。長年連載を続けてきた漫画『ベルサイユのばら』の連載終了を決意したのです。40年以上にわたって愛され続けてきた作品に幕を下ろすことは、池田...,あなたと同じ60歳のとき、池田理代子は大きな挑戦に直面しました。長年連載を続けてきた漫画『ベルサイユのばら』の連載終了を決意したのです。40年以上にわたって愛され続けてきた作品に幕を下ろすことは、池田にとって困難な決断でした。しかし、新しい道を歩むために、勇気を持ってその決意を貫きました。連載終了後も、『ベルサイユのばら』の世界観を広げる活動に尽力し、ファンとの絆を大切にし続けています。
PEAAED5E,池田大作,58.0,芸術・文化,なし,0.0,あなたと同じ58歳のとき、池田大作は大きな転機を迎えました。この年、彼は自身の文学活動をさらに広げるため、国際文化交流を積極的に進めることを決意しました。特に、彼は日本の伝統文化を世界に発信することに...,あなたと同じ58歳のとき、池田大作は大きな転機を迎えました。この年、彼は自身の文学活動をさらに広げるため、国際文化交流を積極的に進めることを決意しました。特に、彼は日本の伝統文化を世界に発信することに力を入れ、国際的なシンポジウムや文化イベントに参加する機会が増えました。その結果、彼の作品は海外でも注目されるようになり、異文化理解の架け橋となることができました。この転機は、彼の創作活動に新たな視点をもたらし、さらなる成長へとつながる重要な分岐点となりました。
PDA49E4B,池田大作,75.0,政治・社会,なし,0.0,あなたと同じ75歳のとき、池田大作は、世界平和を目指す「SGIの日」を創設しました。これは、世界192カ国と地域に1200万人の会員を擁する創価学会インタナショナル（SGI）の設立記念日であり、平和・...,あなたと同じ75歳のとき、池田大作は、世界平和を目指す「SGIの日」を創設しました。これは、世界192カ国と地域に1200万人の会員を擁する創価学会インタナショナル（SGI）の設立記念日であり、平和・文化・教育を通じて、人類の幸福に貢献することを誓う日となりました。池田は、一人ひとりの尊厳を守り、対話を通じて平和な世界を創るというメッセージを世界に発信し続けています。
PDA49E4B,池田大作,73.0,その他,なし,0.0,あなたと同じ73歳のとき、池田大作は、世界平和への貢献が評価され、国連平和賞を受賞しました。これは、半生をかけて取り組んできた平和活動や対話の推進が、国際的に認められた瞬間でした。池田は、この受賞を機...,あなたと同じ73歳のとき、池田大作は、世界平和への貢献が評価され、国連平和賞を受賞しました。これは、半生をかけて取り組んできた平和活動や対話の推進が、国際的に認められた瞬間でした。池田は、この受賞を機に、さらに世界各地でのスピーチや対話集会を精力的に行い、宗教の垣根を越えた平和の実現に尽力しました。「平和とは、勇気ある対話から生まれる」という信念を胸に、人類の未来のために行動し続けました。
P4679B01,池田勇人,56.0,スポーツ,なし,0.0,あなたと同じ56歳のとき、池田勇人は東京マラソンで自己ベストを更新し、念願のサブ3を達成しました。長年の練習の成果が実を結び、彼は完走タイムを2時間59分に短縮することができました。池田さんは、これま...,あなたと同じ56歳のとき、池田勇人は東京マラソンで自己ベストを更新し、念願のサブ3を達成しました。長年の練習の成果が実を結び、彼は完走タイムを2時間59分に短縮することができました。池田さんは、これまでの苦労や挫折を乗り越えたことで、より一層自信を深めたと言います。また、彼はこの経験を通じて、仲間や家族の支えの大切さを改めて実感し、周囲への感謝の気持ちを忘れないよう心がけています。この結果が、彼の人生における新たなスタートとなりました。
P6B7221D,池江璃花子,22.0,医学・健康,なし,0.0,あなたと同じ22歳のとき、池江璃花子は白血病という大きな試練に直面しました。治療のため競技活動を一時休止せざるを得ない状況となりましたが、彼女は前向きな姿勢を崩さず、病気と向き合い続けました。医療スタ...,あなたと同じ22歳のとき、池江璃花子は白血病という大きな試練に直面しました。治療のため競技活動を一時休止せざるを得ない状況となりましたが、彼女は前向きな姿勢を崩さず、病気と向き合い続けました。医療スタッフや周囲の支えを受けながら、少しずつ体力を取り戻していきました。そして、病床からの復帰を目指し、リハビリに励む日々が続きました。苦しい時期を乗り越えた先に、再び水泳に打ち込める日が待っていると信じて。
P87609CB,池江璃花子,18.0,スポーツ,オリンピック,0.0,あなたと同じ18歳のとき、池江璃花子はアジア大会で6個の金メダルを獲得し、日本競泳界の歴史を塗り替えました。インドネシアのジャカルタの開催された大会では、100メートルバタフライで55秒04のアジア新...,あなたと同じ18歳のとき、池江璃花子はアジア大会で6個の金メダルを獲得し、日本競泳界の歴史を塗り替えました。インドネシアのジャカルタの開催された大会では、100メートルバタフライで55秒04のアジア新記録を樹立し、50メートル自由形でも24秒53の大会新記録をマークしました。実は彼女は大会前に体調不良で練習を休むことが多く、コーチも心配し、いましたが、本番では驚異的な集中力を発揮しました。特に印象的だったのは、最後の種目のゴールタッチした瞬間に涙を流したことで、その姿は多くの人々に感動を与えました。
P20F2D9A,池井戸潤,48.0,文学,直木賞,0.0,あなたと同じ48歳のとき、池井戸潤は『下町ロケット』で直木賞を受賞した。2011年、銀行員経験を活かした経済小説で人気を博し、『半沢直樹』シリーズはドラマ化で社会現象に。「倍返しだ！」は流行語大賞とな...,あなたと同じ48歳のとき、池井戸潤は『下町ロケット』で直木賞を受賞した。2011年、銀行員経験を活かした経済小説で人気を博し、『半沢直樹』シリーズはドラマ化で社会現象に。「倍返しだ！」は流行語大賞となった。
PCACCC84,池上彰,66.0,政治・社会,なし,0.0,あなたと同じ66歳のとき、池上彰は、長年の取材経験を活かし、新たな社会貢献の形を模索していました。そんな中、彼は子どもたちにニュースの読み解き方を教える「池上彰のニュースそうだったのか!! 学校」を立...,あなたと同じ66歳のとき、池上彰は、長年の取材経験を活かし、新たな社会貢献の形を模索していました。そんな中、彼は子どもたちにニュースの読み解き方を教える「池上彰のニュースそうだったのか!! 学校」を立ち上げることを決意しました。メディアリテラシーの重要性を痛感していた池上は、次世代を担う子どもたちに正しい情報の見方を伝えることが、これからの時代に必要不可欠だと考えたのです。こうして、彼の新たな挑戦が始まりました。
PCACCC84,池上彰,22.0,学術・研究,なし,0.0,あなたと同じ22歳のとき、池上彰さんは大学卒業後に新聞社に入社することになりました。彼は社会に貢献したいという強い思いを持っており、報道の現場での経験を積むことが重要だと考えていました。しかし、数年後...,あなたと同じ22歳のとき、池上彰さんは大学卒業後に新聞社に入社することになりました。彼は社会に貢献したいという強い思いを持っており、報道の現場での経験を積むことが重要だと考えていました。しかし、数年後、テレビの世界に転身することとなり、視聴者にわかりやすくニュースを伝えることを目指すようになりました。この転機が、彼のキャリアを大きく変える分岐点となり、多くの人々に影響を与える存在となるきっかけとなったのです。彼の解説は、今でも多くの人に愛され続けています。
PA899585,江戸川コナン,7.0,アニメ・漫画・ゲーム,なし,0.0,7歳の時、江戸川コナンは友達と一緒に森で迷子になってしまった。しかし、彼の推理力と冷静な判断力が光り、仲間を安全な場所に導くことができた。,7歳の時、江戸川コナンは友達と一緒に森で迷子になってしまった。しかし、彼の推理力と冷静な判断力が光り、仲間を安全な場所に導くことができた。
P2F6E166,浅田真央,63.0,芸術・文化,なし,0.0,あなたと同じ63歳のとき、浅田真央は、現役引退後も後進の指導に情熱を注ぎ続けていました。ある日、浅田が指導する若手選手が大きな挫折を経験し、自信を失ってしまいます。そんな弟子に、浅田は自身の現役時代の...,あなたと同じ63歳のとき、浅田真央は、現役引退後も後進の指導に情熱を注ぎ続けていました。ある日、浅田が指導する若手選手が大きな挫折を経験し、自信を失ってしまいます。そんな弟子に、浅田は自身の現役時代の苦悩と乗り越えてきた経験を語りかけました。浅田の真摯な言葉と献身的な指導に触れ、弟子は再び氷上に立つ勇気を取り戻すことができました。浅田にとって、選手の心に寄り添い、共に困難を乗り越える喜びは、現役時代とは違う形で感じるやりがいとなりました。
PCD9FAA9,片寄涼太,40.0,ビジネス,なし,0.0,あなたと同じ40歳のとき、片寄涼太はダンサーとして大きなブレークスルーを達成しました。それまでの努力と経験が実を結び、ビジネス分野で画期的な成果を上げました。この成功は単なる幸運ではなく、長年の準備と...,あなたと同じ40歳のとき、片寄涼太はダンサーとして大きなブレークスルーを達成しました。それまでの努力と経験が実を結び、ビジネス分野で画期的な成果を上げました。この成功は単なる幸運ではなく、長年の準備と周到な戦略、そして諦めない姿勢の結果でした。業界での地位を確立し、次のステージへと駒を進めました。周囲からの信頼も厚くなりました。業界内での評価が一層高まる転機となりました。業績は広く認められるようになりました。
P9954B7D,松本人志,27.0,エンターテイメント,なし,0.0,あなたと同じ27歳のとき、松本人志は「ダウンタウンのごっつええ感じ」をスタートさせ、お笑い番組の革命を起こすしました。視聴率20%超えを記録し、関連グッズ売上10億円を記録し、この転機により、従来のお...,あなたと同じ27歳のとき、松本人志は「ダウンタウンのごっつええ感じ」をスタートさせ、お笑い番組の革命を起こすしました。視聴率20%超えを記録し、関連グッズ売上10億円を記録し、この転機により、従来のお笑い番組の常識を覆し、お笑い第3世代のリーダーとなったという大きな影響を与えました。この決断が後の人生を大きく変えることとなりました。重要な選択を迫られた時、将来を見据えた判断を下しました。人生の方向性が定まる瞬間でした。この選択が新たな道を切り開いた。
PE4457BE,松本亨,49.0,学術・研究,なし,0.0,あなたと同じ49歳のとき、松本亨は、ある重要な決断をしました。それまで長年研究してきた植物の遺伝子研究から、新たに微生物の研究へと研究テーマを大きくシフトさせたのです。当時としては非常に挑戦的な研究分...,あなたと同じ49歳のとき、松本亨は、ある重要な決断をしました。それまで長年研究してきた植物の遺伝子研究から、新たに微生物の研究へと研究テーマを大きくシフトさせたのです。当時としては非常に挑戦的な研究分野の転換でしたが、松本はその決断が将来の生命科学の発展に大きく貢献すると確信していました。その後、微生物研究の第一人者となり、数々の画期的な発見をすることになります。人生の半ばで新たな研究分野に飛び込んだ松本の勇気と洞察力は、多くの研究者に影響を与えました。
P6FD6AAC,斎藤佑樹,18.0,スポーツ,なし,0.0,あなたと同じ18歳のとき、斎藤佑樹は高校野球の舞台で大きな注目を集めていました。彼は早稲田実業学校の主将として、チームを甲子園に導きました。準決勝では延長18回の熱戦を繰り広げ、斎藤佑樹自身も粘り強く...,あなたと同じ18歳のとき、斎藤佑樹は高校野球の舞台で大きな注目を集めていました。彼は早稲田実業学校の主将として、チームを甲子園に導きました。準決勝では延長18回の熱戦を繰り広げ、斎藤佑樹自身も粘り強く投げ続けました。結果は惜しくも敗れましたが、彼の投球フォームや強心臓ぶりは多くの野球ファンを魅了しました。この経験が、のちにプロ野球選手としての道を歩む転機となりました。
PAB70E03,指原莉乃,25.0,ビジネス,なし,0.0,あなたと同じ25歳のとき、指原莉乃は元アイドルとしてキャリアの重要な転機を迎えました。この時期、独自の視点と情熱を持って新しい挑戦に取り組み、その後の成功の基盤となる貴重な経験を積みました。周囲からの...,あなたと同じ25歳のとき、指原莉乃は元アイドルとしてキャリアの重要な転機を迎えました。この時期、独自の視点と情熱を持って新しい挑戦に取り組み、その後の成功の基盤となる貴重な経験を積みました。周囲からの期待と自身の目標との間で葛藤しながらも、決断力と行動力で道を切り開いていきました。人生の転機となる重要な選択でした。環境の変化に適応しながら、新しい挑戦を始めました。人生の重要な転機となった出来事でした。この転機が新たな物語の始まりとなった。
P4D2FF66,押井守,38.0,芸術・文化,なし,0.0,あなたと同じ38歳のとき、押井守は初の実写映画『機動警察パトレイバー the Movie』の監督を務め、大ヒットとなりました。アニメーション制作で培った緻密な演出力と、リアルな近未来社会を描くSF設定...,あなたと同じ38歳のとき、押井守は初の実写映画『機動警察パトレイバー the Movie』の監督を務め、大ヒットとなりました。アニメーション制作で培った緻密な演出力と、リアルな近未来社会を描くSF設定が高く評価され、アニメ監督から実写監督への転身に成功しました。本作の成功は、アニメーションと実写の垣根を越えた表現の可能性を示す出来事となりました。
P8C1C6F0,手塚治虫,35.0,芸術・文化,なし,0.0,あなたと同じ35歳のとき、手塚治虫（35歳）は1963年、テレビアニメ「鉄腕アトム」の制作に挑戦しました。しかし30分番組の制作費は通常800万円は相場だったが、手塚は55万円で受注せざるを得なかっま...,あなたと同じ35歳のとき、手塚治虫（35歳）は1963年、テレビアニメ「鉄腕アトム」の制作に挑戦しました。しかし30分番組の制作費は通常800万円は相場だったが、手塚は55万円で受注せざるを得なかっました。20社以上のスポンサーから広告出稿を断られ、制作資金不足で8ヶ月間赤字が続いました。それのも医学生時代の読んだ「生命とは何か」本で学んだ科学への憧れを胸に、196話の連続放送を完遂。平均視聴率27.4%を記録し、日本初の本格テレビアニメシリーズで5000万人の視聴者を獲得、アニメ産業1兆円市場の礎を築いました。
PCE1CBF2,戸田恵梨香,25.0,ビジネス,なし,0.0,あなたと同じ25歳のとき、戸田恵梨香は女優としてキャリアの重要な転機を迎えました。この時期、独自の視点と情熱を持って新しい挑戦に取り組み、その後の成功の基盤となる貴重な経験を積みました。周囲からの期待...,あなたと同じ25歳のとき、戸田恵梨香は女優としてキャリアの重要な転機を迎えました。この時期、独自の視点と情熱を持って新しい挑戦に取り組み、その後の成功の基盤となる貴重な経験を積みました。周囲からの期待と自身の目標との間で葛藤しながらも、決断力と行動力で道を切り開いていきました。若くして示したこの行動は、後のキャリアの基盤となる重要な経験でした。その実績は広く認められました。新たな道を切り開く契機となりました。この出会いが運命を変えることになった。
PAA52BA3,成田悠輔,36.0,学術・研究,なし,0.0,あなたと同じ36歳のとき、成田悠輔はイェール大学助教授として注目を集めた。2022年、経済学者でありながらメディア出演で「22世紀の民主主義」など独自の視点を発信。Z世代の論客として影響力を持つ。,あなたと同じ36歳のとき、成田悠輔はイェール大学助教授として注目を集めた。2022年、経済学者でありながらメディア出演で「22世紀の民主主義」など独自の視点を発信。Z世代の論客として影響力を持つ。
PB3FA6AF,成田凌,25.0,ビジネス,なし,0.0,あなたと同じ25歳のとき、成田凌は俳優としてキャリアの重要な転機を迎えました。この時期、独自の視点と情熱を持って新しい挑戦に取り組み、その後の成功の基盤となる貴重な経験を積みました。周囲からの期待と自...,あなたと同じ25歳のとき、成田凌は俳優としてキャリアの重要な転機を迎えました。この時期、独自の視点と情熱を持って新しい挑戦に取り組み、その後の成功の基盤となる貴重な経験を積みました。周囲からの期待と自身の目標との間で葛藤しながらも、決断力と行動力で道を切り開いていきました。若くして示したこの行動は、後のキャリアの基盤となる重要な経験でした。その実績は広く認められました。新たな道を切り開く契機となりました。この挑戦が新しい可能性を示した。
PB054C65,恩田陸,52.0,文学,直木賞,0.0,あなたと同じ52歳のとき、恩田陸は『蜜蜂と遠雷』で直木賞と本屋大賞をW受賞した。2017年、史上3人目の快挙。ピアノコンクールを舞台にした青春群像劇は映画化され、音楽と文学の融合で新境地を開いた。,あなたと同じ52歳のとき、恩田陸は『蜜蜂と遠雷』で直木賞と本屋大賞をW受賞した。2017年、史上3人目の快挙。ピアノコンクールを舞台にした青春群像劇は映画化され、音楽と文学の融合で新境地を開いた。
PB845BD7,斎藤次郎,25.0,芸術・文化,なし,0.0,あなたと同じ25歳のとき、斎藤次郎は写真家としてキャリアの重要な転機を迎えました。この時期、独自の視点と情熱を持って新しい挑戦に取り組み、その後の成功の基盤となる貴重な経験を積みました。周囲からの期待...,あなたと同じ25歳のとき、斎藤次郎は写真家としてキャリアの重要な転機を迎えました。この時期、独自の視点と情熱を持って新しい挑戦に取り組み、その後の成功の基盤となる貴重な経験を積みました。周囲からの期待と自身の目標との間で葛藤しながらも、決断力と行動力で道を切り開いていきました。若くして示したこの行動は、後のキャリアの基盤となる重要な経験でした。その実績は広く認められました。この決断が将来を大きく変えました。この挑戦が新しい可能性を示した。
P114F56B,志村けん,75.0,医学・健康,なし,0.0,あなたと同じ75歳のとき、志村けんは半世紀以上にわたる芸能生活の中で最大の危機に直面しました。健康上の理由から一時的に芸能活動を休止せざるを得なくなったのです。しかし、志村さんは前向きな姿勢を失わず、...,あなたと同じ75歳のとき、志村けんは半世紀以上にわたる芸能生活の中で最大の危機に直面しました。健康上の理由から一時的に芸能活動を休止せざるを得なくなったのです。しかし、志村さんは前向きな姿勢を失わず、休養期間中も新しいネタ作りに励みました。復帰後、志村さんは以前にも増して精力的にテレビ出演やライブ公演を行い、多くの人を笑顔にしました。困難を乗り越えた志村さんの姿は、高齢になっても諦めずに挑戦し続ける大切さを教えてくれました。
PE5FC1AB,張本智和,15.0,スポーツ,オリンピック,0.0,あなたと同じ15歳のとき、張本智和は世界卓球選手権団体戦で日本男子48年ぶりの銀メダル獲得に貢献しました。中国の馬龍選手と対戦のは第1ゲームを11対9で奪取し、世界ランキング1位を相手に堂々と渡り合い...,あなたと同じ15歳のとき、張本智和は世界卓球選手権団体戦で日本男子48年ぶりの銀メダル獲得に貢献しました。中国の馬龍選手と対戦のは第1ゲームを11対9で奪取し、世界ランキング1位を相手に堂々と渡り合いました。実は試合前夜、緊張で眠れずにいた張本選手は、母親が作った手作りの餃子に3個だけ食べて気持ちを落ち着かせていました。この大舞台で見せた集中力と、家族への感謝を忘れない姿勢が、後の更なる飛躍への礎となりました。
P176F09A,張本勲,72.0,スポーツ,なし,0.0,あなたと同じ72歳のとき、張本勲は後進の育成に情熱を注ぎました。自身の経験を活かし、若手選手への指導に力を入れます。技術面だけでなく、精神面でのサポートにも尽力しました。選手時代には厳しい言葉で知られ...,あなたと同じ72歳のとき、張本勲は後進の育成に情熱を注ぎました。自身の経験を活かし、若手選手への指導に力を入れます。技術面だけでなく、精神面でのサポートにも尽力しました。選手時代には厳しい言葉で知られていましたが、指導者としては選手一人一人に寄り添う姿勢で接します。张本勲の指導を受けた選手たちは、野球への情熱を新たにし、飛躍的な成長を遂げていきました。
P9F054C2,庵野秀明,25.0,ビジネス,なし,0.0,あなたと同じ25歳のとき、庵野秀明はアニメ監督としてキャリアの重要な転機を迎えました。この時期、独自の視点と情熱を持って新しい挑戦に取り組み、その後の成功の基盤となる貴重な経験を積みました。周囲からの...,あなたと同じ25歳のとき、庵野秀明はアニメ監督としてキャリアの重要な転機を迎えました。この時期、独自の視点と情熱を持って新しい挑戦に取り組み、その後の成功の基盤となる貴重な経験を積みました。周囲からの期待と自身の目標との間で葛藤しながらも、決断力と行動力で道を切り開いていきました。この決断が後の人生を大きく変えることとなりました。従来の方法から脱却し、革新的なアプローチを採用しました。重要な分岐点となった出来事でした。この挑戦が新しい可能性を示した。
P5373CFE,広瀬アリス,25.0,ビジネス,なし,0.0,あなたと同じ25歳のとき、広瀬アリスは女優としてキャリアの重要な転機を迎えました。この時期、独自の視点と情熱を持って新しい挑戦に取り組み、その後の成功の基盤となる貴重な経験を積みました。周囲からの期待...,あなたと同じ25歳のとき、広瀬アリスは女優としてキャリアの重要な転機を迎えました。この時期、独自の視点と情熱を持って新しい挑戦に取り組み、その後の成功の基盤となる貴重な経験を積みました。周囲からの期待と自身の目標との間で葛藤しながらも、決断力と行動力で道を切り開いていきました。若くして示したこの行動は、後のキャリアの基盤となる重要な経験でした。その実績は広く認められました。この経験が人生を一変させました。この経験が視野を大きく広げた。
P36EAE98,広瀬すず,17.0,エンターテイメント,"アカデミー賞, 日本アカデミー賞",0.0,あなたと同じ17歳のとき、広瀬すずは『海街diary』で日本アカデミー賞新人俳優賞を受賞した。2015年、姉・広瀬アリスと共に活躍。『ちはやふる』『なつぞら』など話題作に次々と出演。,あなたと同じ17歳のとき、広瀬すずは『海街diary』で日本アカデミー賞新人俳優賞を受賞した。2015年、姉・広瀬アリスと共に活躍。『ちはやふる』『なつぞら』など話題作に次々と出演。
P6480132,平野美宇,18.0,スポーツ,オリンピック,0.0,あなたと同じ18歳のとき、平野美宇はアジア競技会で日本卓球史上初の女子シングルス金メダルを獲得しました。準決勝のは世界ランキング1位の丁寧を4対1で破り、決勝のも陳夢を4対2で下しました。実は試合前日...,あなたと同じ18歳のとき、平野美宇はアジア競技会で日本卓球史上初の女子シングルス金メダルを獲得しました。準決勝のは世界ランキング1位の丁寧を4対1で破り、決勝のも陳夢を4対2で下しました。実は試合前日、緊張の一睡もできず、コーチに「負けるかもしれません」と弱音を吐いていました。しかし母親からの「楽しんのおいの」という言葉で気持ちが切り替わり、持ち前の攻撃的なプレースタイルを貫きました。この勝利により世界ランキングは自己最高の5位まで上昇し、東京オリンピックへの大きな弾みとなりました。
PF536869,平野歩夢,22.0,科学・技術,オリンピック,0.0,あなたと同じ22歳のとき、平野歩夢はスノーボード男子ハーフパイプで銀メダルを獲得しました。ソチオリンピックでの悔しい4位から4年、平昌オリンピックでは66.75点という自己ベストスコアをマークし、日本...,あなたと同じ22歳のとき、平野歩夢はスノーボード男子ハーフパイプで銀メダルを獲得しました。ソチオリンピックでの悔しい4位から4年、平昌オリンピックでは66.75点という自己ベストスコアをマークし、日本人男子初の銀メダルに輝きました。世界トップレベルの舞台で実力を発揮し、日本のスノーボード界に新たな歴史を刻む快挙となりました。この成績により、平野選手は次世代を担うエースとして一躍脚光を浴びることになりました。
P92590AD,平山郁夫,48.0,芸術・文化,なし,0.0,あなたと同じ48歳のとき、平山郁夫は東京藝術大学学長に就任し、戦後日本の美術教育改革に着手しました。シルクロードのテーマにした作品で国際的評価を得ていた彼は、年間120日もの海外出張にこなしながら大学...,あなたと同じ48歳のとき、平山郁夫は東京藝術大学学長に就任し、戦後日本の美術教育改革に着手しました。シルクロードのテーマにした作品で国際的評価を得ていた彼は、年間120日もの海外出張にこなしながら大学運営を行いました。実は広島で被爆体験を持つ平山は、平和への願いに込めて「文化財保護」新たな使命を見出していました。この年、彼は敦煌石窟の保存プロジェクトを立ち上げ、日本から15名の専門家チームを派遣しました。芸術家でありながら教育者、文化財保護活動家3つの顔を持つ彼の多面的な活動が本格化した転換点でしました。
P01AE25C,役所広司,25.0,ビジネス,なし,0.0,あなたと同じ25歳のとき、役所広司は俳優としてキャリアの重要な転機を迎えました。この時期、独自の視点と情熱を持って新しい挑戦に取り組み、その後の成功の基盤となる貴重な経験を積みました。周囲からの期待と...,あなたと同じ25歳のとき、役所広司は俳優としてキャリアの重要な転機を迎えました。この時期、独自の視点と情熱を持って新しい挑戦に取り組み、その後の成功の基盤となる貴重な経験を積みました。周囲からの期待と自身の目標との間で葛藤しながらも、決断力と行動力で道を切り開いていきました。若くして示したこの行動は、後のキャリアの基盤となる重要な経験でした。その実績は広く認められました。重要な分岐点となった出来事でした。この挑戦が新しい可能性を示した。
PD26487C,新垣結衣,18.0,芸術・文化,"アカデミー賞, 日本アカデミー賞",0.0,あなたと同じ18歳のとき、新垣結衣は主演映画『恋空』が公開され、興行収入39億円の大ヒットを記録し同年邦画興行収入第3位となりました。映画業界からは「演技経験は少ない新人に大作主演は無理」という強い反...,あなたと同じ18歳のとき、新垣結衣は主演映画『恋空』が公開され、興行収入39億円の大ヒットを記録し同年邦画興行収入第3位となりました。映画業界からは「演技経験は少ない新人に大作主演は無理」という強い反対があり、オーディションでも何度も落選しました。沖縄出身というハンデもあったが、撮影中も「なぜこの子は主演？」という批判の声が絶えない中で役を演じ切っました。その後、日本アカデミー賞新人俳優賞を受賞しました。
PA866A00,新庄剛志,32.0,スポーツ,なし,0.0,あなたと同じ32歳のとき、新庄剛志はメジャーで成績不振により解雇しました。打率.235という記録を達成し、3本塁打という記録を達成しました。これという挫折を経験し、日本球界復帰を決意という大きな影響を...,あなたと同じ32歳のとき、新庄剛志はメジャーで成績不振により解雇しました。打率.235という記録を達成し、3本塁打という記録を達成しました。これという挫折を経験し、日本球界復帰を決意という大きな影響を与えました。卓越した技術と精神力を兼ね備え、競技の新たな可能性を示しました。その姿勢は多くのアスリートたちの目標となりました。失敗後も諦めずに、新たな目標に向けて再出発しました。挫折を乗り越える強さを得ました。この逆境が新たな視点をもたらした。
PE8E7ECB,新海誠,40.0,ビジネス,なし,0.0,あなたと同じ40歳のとき、新海誠はアニメ監督として大きなブレークスルーを達成しました。それまでの努力と経験が実を結び、ビジネス分野で画期的な成果を上げました。この成功は単なる幸運ではなく、長年の準備と...,あなたと同じ40歳のとき、新海誠はアニメ監督として大きなブレークスルーを達成しました。それまでの努力と経験が実を結び、ビジネス分野で画期的な成果を上げました。この成功は単なる幸運ではなく、長年の準備と周到な戦略、そして諦めない姿勢の結果でした。業界での地位を確立し、次のステージへと駒を進めました。周囲からの信頼も厚くなりました。周囲の協力を得ながら、着実に目標へと近づいていきました。この成功により新たな道が開けました。
PE40F50B,有吉弘行,32.0,エンターテイメント,なし,0.0,あなたと同じ32歳のとき、有吉弘行は『アメトーーク!』で再ブレイクした。2007年、猿岩石として一世を風靡後、毒舌キャラで復活。「あだ名芸」で人気を博し、MC番組を多数持つ売れっ子に。,あなたと同じ32歳のとき、有吉弘行は『アメトーーク!』で再ブレイクした。2007年、猿岩石として一世を風靡後、毒舌キャラで復活。「あだ名芸」で人気を博し、MC番組を多数持つ売れっ子に。
PC37BA6B,是枝裕和,42.0,芸術・文化,国際映画祭,0.0,あなたと同じ42歳のとき、是枝裕和は『誰も知らない』で第57回カンヌ国際映画祭最優年少男優賞を柳楽優弥にもたらしました。14歳の柳楽の受賞は史上最年少記録となり、世界中から注目を集めました。実はこの作...,あなたと同じ42歳のとき、是枝裕和は『誰も知らない』で第57回カンヌ国際映画祭最優年少男優賞を柳楽優弥にもたらしました。14歳の柳楽の受賞は史上最年少記録となり、世界中から注目を集めました。実はこの作品、是枝は4年間かけて実際の事件を丹念に取材し、子役たちと6ヶ月間の共同生活を送りながら撮影しました。当初は配給会社は見つからず自主配給も検討しましたが、カンヌのの評価により国内外で高く評価され、是枝の代表作となりました。この成功により、彼は社会派監督とし、の地位を確立しました。
P72DBC13,是枝裕和,38.0,エンターテイメント,なし,0.0,あなたと同じ38歳のとき、是枝裕和は商業映画への挑戦が失敗し、興行収入が予想を大きく下回るしました。興行収入3億円を記録し、製作費10億円を記録し、この挫折により、芸術性と商業性の両立の難しさを痛感し...,あなたと同じ38歳のとき、是枝裕和は商業映画への挑戦が失敗し、興行収入が予想を大きく下回るしました。興行収入3億円を記録し、製作費10億円を記録し、この挫折により、芸術性と商業性の両立の難しさを痛感し、映画作りの方向性を見失いかけたという大きな影響を与えました。この時期の経験が、さらなる飛躍への転換点となりました。その実績は広く認められました。挫折を乗り越える強い精神力を得ました。この経験が後の成功への糧となった。この挫折から貴重な教訓を得た。
P879009B,春風亭昇太,47.0,芸術・文化,なし,0.0,あなたと同じ47歳のとき、春風亭昇太は落語芸術協会会長に就任した。2006年、『笑点』の司会者としてお茶の間の顔に。新作落語の名手として、落語の普及に貢献している。,あなたと同じ47歳のとき、春風亭昇太は落語芸術協会会長に就任した。2006年、『笑点』の司会者としてお茶の間の顔に。新作落語の名手として、落語の普及に貢献している。
PB608F9F,星野源,35.0,音楽,なし,0.0,あなたと同じ35歳のとき、星野源はドラマ『逃げるは恥だが役に立つ』で主演を務めました。また同作品の主題歌とし、自身が作曲したシングル『恋』を発売し、オリコンチャート最高2位を記録しました。ドラマの平均...,あなたと同じ35歳のとき、星野源はドラマ『逃げるは恥だが役に立つ』で主演を務めました。また同作品の主題歌とし、自身が作曲したシングル『恋』を発売し、オリコンチャート最高2位を記録しました。ドラマの平均視聴率は14.2%、最終回は20.8%であっました。楽曲に合わせた「恋ダンス」が各メディアで取り上げられ、一般人による動画投稿が多数行われました。星野は音楽家と俳優の両方の職業で活動しています。多くの人々に勇気を与える結果となりました。
P510F0B9,星野佳路,42.0,ビジネス,なし,0.0,あなたと同じ42歳のとき、星野佳路（42歳）は2002年、星野リゾートの大胆な事業改革に挑んでした。当時、家族経営の温泉旅館は年間売上2億円に対し3億円の借金を抱え、120日間資金繰りに行き詰まってい...,あなたと同じ42歳のとき、星野佳路（42歳）は2002年、星野リゾートの大胆な事業改革に挑んでした。当時、家族経営の温泉旅館は年間売上2億円に対し3億円の借金を抱え、120日間資金繰りに行き詰まっていました。銀行からは30回以上の融資拒否を受け、従業員50名の雇用も危機に瀕しました。しかし星野は、31社目の金融機関から5億円の融資を獲得し、ITシステム導入で効率化を断行しました。学生時代にアメリカで見た最先端ホテル経営が原点だっました。現在、年間売上500億円、直営施設40軒、雇用3000名の日本最大級リゾー...
P582419A,星野みなみ,25.0,ビジネス,なし,0.0,あなたと同じ25歳のとき、星野みなみは元アイドルとしてキャリアの重要な転機を迎えました。この時期、独自の視点と情熱を持って新しい挑戦に取り組み、その後の成功の基盤となる貴重な経験を積みました。周囲から...,あなたと同じ25歳のとき、星野みなみは元アイドルとしてキャリアの重要な転機を迎えました。この時期、独自の視点と情熱を持って新しい挑戦に取り組み、その後の成功の基盤となる貴重な経験を積みました。周囲からの期待と自身の目標との間で葛藤しながらも、決断力と行動力で道を切り開いていきました。新たな道への第一歩を踏み出したのです。大胆な方向転換により、新たな道が開けていきました。運命が動き始めた瞬間でした。この出会いが運命を変えることになった。
PA758491,星出彰彦,53.0,科学・技術,なし,0.0,あなたと同じ53歳のとき、星出彰彦は国際宇宙ステーション船長に就任した。2022年、日本人として2人目のISS船長。通算宇宙滞在日数は340日を超え、日本の宇宙開発を牽引している。,あなたと同じ53歳のとき、星出彰彦は国際宇宙ステーション船長に就任した。2022年、日本人として2人目のISS船長。通算宇宙滞在日数は340日を超え、日本の宇宙開発を牽引している。
PA73D7EA,明石康,61.0,政治・社会,なし,0.0,あなたと同じ61歳のとき、明石康は国連カンボジア暫定統治機構代表とし、、内戦終結と民主化を実現しました。2月から9月まで事務総長特別代表を務め、約2万2000人規模のPKO部隊を指揮。5月の制憲議会選...,あなたと同じ61歳のとき、明石康は国連カンボジア暫定統治機構代表とし、、内戦終結と民主化を実現しました。2月から9月まで事務総長特別代表を務め、約2万2000人規模のPKO部隊を指揮。5月の制憲議会選挙では約480万人の有権者登録を行い、投票率約90%に達成して20年続いた内戦を終結させました。日本人初の国連事務次長として、PKO活動の新たなモデルを確立。国際平和構築の第一人者として世界に貢献した外交官となりました。
PD8B029E,明石家さんま,32.0,エンターテイメント,なし,0.0,あなたと同じ32歳のとき、明石家さんまは「さんまのまんま」を開始し、トーク番組の新境地を開くしました。放送回数2000回以上を記録し、視聴率15%以上維持を記録し、この転機により、ゲストとの対等な立場...,あなたと同じ32歳のとき、明石家さんまは「さんまのまんま」を開始し、トーク番組の新境地を開くしました。放送回数2000回以上を記録し、視聴率15%以上維持を記録し、この転機により、ゲストとの対等な立場での会話スタイルを確立し、トーク番組の新たな形を作ったという大きな影響を与えました。人生の転機となる重要な選択でした。人生の岐路に立たされた際、自分の信念を貫く道を選びました。重要な分岐点となった出来事でした。この出会いが運命を変えることになった。
P1B35FF4,明治天皇,20.0,科学・技術,なし,0.0,あなたと同じ20歳のとき、明治天皇は廃藩置県日本史上最大級の政治改革を断行しました。1871年7月、全国の藩を廃止して府県制に統一するこの政策で、江戸時代から続いた封建制度が完全で終焉を迎えることにな...,あなたと同じ20歳のとき、明治天皇は廃藩置県日本史上最大級の政治改革を断行しました。1871年7月、全国の藩を廃止して府県制に統一するこの政策で、江戸時代から続いた封建制度が完全で終焉を迎えることになります。この改革では約300の藩が一斉に廃止され、中央集権国家への転換が図られました。明治天皇は政府首脳陣と連携しながら、各藩主と調整や新しい行政システムの構築に取り組みました。廃藩置県の実施で、近代国家建設への道筋が明確になり、その後の地租改正や学制発布等諸改革の基盤が整備されました。
P5016AA8,早川英治,16.0,政治・社会,なし,0.0,あなたと同じ16歳のとき、早川英治はプログラミングコンテストで優勝しました。当時の技術水準をはるかに超えた独創的なアルゴリズムを開発し、審査員を驚かせました。この成果が認められ、早川は世界的な IT ...,あなたと同じ16歳のとき、早川英治はプログラミングコンテストで優勝しました。当時の技術水準をはるかに超えた独創的なアルゴリズムを開発し、審査員を驚かせました。この成果が認められ、早川は世界的な IT 企業からスカウトを受けることになりました。若くして才能を開花させた早川の活躍は、同世代のプログラマーに大きな刺激を与えました。
PE21D103,日野原重明,74.0,政治・社会,なし,0.0,あなたと同じ74歳のとき、日野原重明は、聖路加国際病院の名誉院長として、高齢者医療の発展に尽力しました。特に、高齢者の尊厳を守るための「ホスピス・緩和ケア」の普及に力を注ぎ、その功績が認められ、WHO...,あなたと同じ74歳のとき、日野原重明は、聖路加国際病院の名誉院長として、高齢者医療の発展に尽力しました。特に、高齢者の尊厳を守るための「ホスピス・緩和ケア」の普及に力を注ぎ、その功績が認められ、WHO（世界保健機関）から表彰を受けました。日野原は、「人生の最期まで、その人らしく生きることが大切」という信念のもと、患者や家族に寄り添う医療を実践し、多くの人々に希望を与え続けました。
PE21D103,日野原重明,66.0,ビジネス,なし,0.0,あなたと同じ66歳のとき、日野原重明は日本で初めての本格的ホスピスを設立しました。それまで日本では、終末期医療に対する理解や施設が十分ではありませんでした。しかし、日野原は「死を受け入れ、残された時間...,あなたと同じ66歳のとき、日野原重明は日本で初めての本格的ホスピスを設立しました。それまで日本では、終末期医療に対する理解や施設が十分ではありませんでした。しかし、日野原は「死を受け入れ、残された時間を充実して生きる」という考え方を広めるために尽力しました。ホスピスの設立により、多くの終末期患者とその家族が穏やかで質の高い最期の時間を過ごせるようになりました。日野原の取り組みは、日本におけるホスピス医療の発展の礎となりました。
PBC7F875,日比野菜緒,60.0,スポーツ,なし,0.0,あなたと同じ60歳のとき、日比野菜緒は全日本選手権の60kg級で優勝しました。これは彼女にとって、現役生活の集大成となる快挙でした。若い選手が台頭する中、ベテランの強さと経験を見せつける勝利となりまし...,あなたと同じ60歳のとき、日比野菜緒は全日本選手権の60kg級で優勝しました。これは彼女にとって、現役生活の集大成となる快挙でした。若い選手が台頭する中、ベテランの強さと経験を見せつける勝利となりました。表彰式で日比野さんは「年齢は関係ない。柔道への情熱があれば、いくつになっても強くなれる」と語り、会場から大きな拍手が送られました。
PFEE086D,日比野克彦,65.0,ビジネス,なし,0.0,あなたと同じ65歳のとき、日比野克彦は東日本大震災の被災地支援プロジェクト「明後日朝顔プロジェクト」を立ち上げました。被災地の子どもたちと一緒に朝顔の種を蒔き、育てる活動を通して、失意の中にある人々に...,あなたと同じ65歳のとき、日比野克彦は東日本大震災の被災地支援プロジェクト「明後日朝顔プロジェクト」を立ち上げました。被災地の子どもたちと一緒に朝顔の種を蒔き、育てる活動を通して、失意の中にある人々に希望の光を届けようと奮闘しました。厳しい状況下でも子どもたちの笑顔を引き出し、地域に活気を取り戻す挑戦となりました。
P52498F7,日本人実業家の稲盛和夫,65.0,ビジネス,なし,0.0,あなたと同じ65歳のとき、稲盛和夫は京セラの会長職を退任し、第二電電（現在のKDDI）の会長に就任しました。当時、日本の通信業界は国営企業の独占状態でしたが、稲盛氏は競争原理の導入により、業界に変革を...,あなたと同じ65歳のとき、稲盛和夫は京セラの会長職を退任し、第二電電（現在のKDDI）の会長に就任しました。当時、日本の通信業界は国営企業の独占状態でしたが、稲盛氏は競争原理の導入により、業界に変革をもたらすことを決意します。その後、積極的な経営改革を行い、KDDIを業界大手へと成長させました。65歳を機に新たな挑戦に踏み出した稲盛氏の行動力は、多くの経営者に勇気を与えています。
PF9EEDB2,新渡戸稲造,37.0,教育,なし,0.0,あなたと同じ37歳のとき、新渡戸稲造は『武士道』の英語版を執筆し、日本文化で世界に紹介する偉業を成し遂げました。アメリカ滞在中の西洋人の友人から「日本では宗教教育がないのに、なぜ道徳観念はあるのか」と...,あなたと同じ37歳のとき、新渡戸稲造は『武士道』の英語版を執筆し、日本文化で世界に紹介する偉業を成し遂げました。アメリカ滞在中の西洋人の友人から「日本では宗教教育がないのに、なぜ道徳観念はあるのか」と問われたことがきっかけでしました。わずか3週間という短期間で書き上げたこの著書は、16の言語に翻訳され、初版だけで5万部を売り上げました。病気療養中のペンシルベニア州で執筆された作品が、後に世界的ベストセラーとなり、セオドア・ルーズベルト大統領をはじめ多くの著名人で読まれることになるとは、当時の新渡戸自身も予想し、いませんでしました。
PF75525A,新海誠,43.0,芸術・文化,なし,0.0,あなたと同じ43歳のとき、新海誠は「君の名は。」で興行収入250.3億円を記録し、国内観客動員数1929万人を達成しました。この作品は世界125カ国・地域で配信され、中国では興収83億円、韓国では38...,あなたと同じ43歳のとき、新海誠は「君の名は。」で興行収入250.3億円を記録し、国内観客動員数1929万人を達成しました。この作品は世界125カ国・地域で配信され、中国では興収83億円、韓国では38億円を突破。全世界興収は358億円に達し、アニメ映画の国際的な地位を大きく向上させました。一方、RADWIMPSによる主題歌は配信チャート1位を獲得し、アニメ音楽の影響力を再認識させました。「君の名はました。
P95DE172,平出和也,36.0,探検・冒険,アカデミー賞,0.0,あなたと同じ36歳のとき、平出和也はピオレドール賞を受賞した。2017年、登山界のアカデミー賞と呼ばれる栄誉。カメラマンとしても活躍し、山岳ドキュメンタリーで多くの人に山の魅力を伝える。,あなたと同じ36歳のとき、平出和也はピオレドール賞を受賞した。2017年、登山界のアカデミー賞と呼ばれる栄誉。カメラマンとしても活躍し、山岳ドキュメンタリーで多くの人に山の魅力を伝える。
P669A134,有村架純,25.0,ビジネス,なし,0.0,あなたと同じ25歳のとき、有村架純は女優としてキャリアの重要な転機を迎えました。この時期、独自の視点と情熱を持って新しい挑戦に取り組み、その後の成功の基盤となる貴重な経験を積みました。周囲からの期待と...,あなたと同じ25歳のとき、有村架純は女優としてキャリアの重要な転機を迎えました。この時期、独自の視点と情熱を持って新しい挑戦に取り組み、その後の成功の基盤となる貴重な経験を積みました。周囲からの期待と自身の目標との間で葛藤しながらも、決断力と行動力で道を切り開いていきました。若くして示したこの行動は、後のキャリアの基盤となる重要な経験でした。その実績は広く認められました。転機となる重大な選択でした。この挑戦が新しい可能性を示した。
P695F4D1,平井伯昌,40.0,スポーツ,なし,0.0,あなたと同じ40歳のとき、平井伯昌は水泳選手として大きなブレークスルーを達成しました。それまでの努力と経験が実を結び、スポーツ分野で画期的な成果を上げました。この成功は単なる幸運ではなく、長年の準備と...,あなたと同じ40歳のとき、平井伯昌は水泳選手として大きなブレークスルーを達成しました。それまでの努力と経験が実を結び、スポーツ分野で画期的な成果を上げました。この成功は単なる幸運ではなく、長年の準備と周到な戦略、そして諦めない姿勢の結果でした。業界での地位を確立し、次のステージへと駒を進めました。多くの人々がその成果に注目しました。この功績により、業界全体に新たな基準が確立されました。確固たる地位を築き上げました。
PDBBDA84,市川海老蔵,26.0,芸術・文化,なし,0.0,あなたと同じ26歳のとき、市川海老蔵は十一代目市川海老蔵を襲名した。2004年、歌舞伎界のプリンスとして話題に。2020年に十三代目市川團十郎白猿を襲名し、歌舞伎の未来を担う。,あなたと同じ26歳のとき、市川海老蔵は十一代目市川海老蔵を襲名した。2004年、歌舞伎界のプリンスとして話題に。2020年に十三代目市川團十郎白猿を襲名し、歌舞伎の未来を担う。
P282962F,岩田聡,59.0,ビジネス,なし,0.0,あなたと同じ59歳のとき、岩田聡は任天堂の社長として「Wii U」を発表しました。この新しいゲーム機は、家庭用ゲーム機市場における新たな挑戦となりました。彼は、ゲームの楽しさを広げるために、ユーザーの...,あなたと同じ59歳のとき、岩田聡は任天堂の社長として「Wii U」を発表しました。この新しいゲーム機は、家庭用ゲーム機市場における新たな挑戦となりました。彼は、ゲームの楽しさを広げるために、ユーザーの声を反映させたゲーム体験を重視しました。その結果、「Wii U」は独自のコントローラーを用いて、ゲームのプレイスタイルを変革することに成功しました。これにより、任天堂は新たなファン層を獲得し、業界内での地位をさらに強化することとなりました。岩田のリーダーシップは、多くの人々に感動を与え、ゲーム業界の発展に大きく寄与したのです。
PAF4452A,岩崎弥太郎,36.0,ビジネス,なし,0.0,あなたと同じ36歳のとき、岩崎弥太郎は明治政府から廃藩置県により土佐藩の商務を引き継ぎ、九十九商会を設立しました。わずか3隻の中古船と従業員11名という小規模な海運業から出発しましたが、彼は政府の信頼...,あなたと同じ36歳のとき、岩崎弥太郎は明治政府から廃藩置県により土佐藩の商務を引き継ぎ、九十九商会を設立しました。わずか3隻の中古船と従業員11名という小規模な海運業から出発しましたが、彼は政府の信頼を得るため自ら船に乗り込み、危険な航路も率先し、開拓しました。土佐藩時代の借金2万両を背負いながらも、政府の軍事輸送の一手に引き受けることで年商50万円を達成し、後の三菱財閥の礎を築きました。商売の才覚だけでなく、部下への面倒見の良さでも知られ、社員の家族まで気にかける人情深い一面がありました。
PF2AC79E,岩崎俊一,56.0,学術・研究,なし,0.0,あなたと同じ56歳のとき、岩崎俊一は長年の研究の集大成として、ブラックホールの形成と進化に関する画期的な理論を発表しました。この理論は、それまでの定説を覆すものであり、多くの科学者から疑問や反論が寄せ...,あなたと同じ56歳のとき、岩崎俊一は長年の研究の集大成として、ブラックホールの形成と進化に関する画期的な理論を発表しました。この理論は、それまでの定説を覆すものであり、多くの科学者から疑問や反論が寄せられました。岩崎さんは批判に真摯に耳を傾けながらも、自らの理論を丁寧に説明し、追加の研究を重ねることで、次第に支持を得ていきました。粘り強い姿勢が実を結び、国際的な学会でも高い評価を受けるようになりました。
P15394BD,岡田武史,55.0,ビジネス,なし,0.0,あなたと同じ55歳のとき、岡田武史は日本サッカー協会のナショナルチームディレクターに就任しました。Jリーグ発足当初から指導者として活躍し、日本代表監督も務めた岡田は、この新たな役職で日本サッカーの強化...,あなたと同じ55歳のとき、岡田武史は日本サッカー協会のナショナルチームディレクターに就任しました。Jリーグ発足当初から指導者として活躍し、日本代表監督も務めた岡田は、この新たな役職で日本サッカーの強化・育成システム構築に尽力することになりました。トップチームだけでなく、ユース世代からの一貫指導にも力を注ぎ、日本サッカーの未来を見据えた改革に着手しました。岡田の手腕が、次世代の日本サッカー発展の鍵となりました。
P10DE637,岡田准一,15.0,芸術・文化,なし,0.0,あなたと同じ15歳のとき、岡田准一はV6でCDデビューしました。デビュー曲「MUSIC FOR THE PEOPLE」はオリコン週間チャート最高位2位を記録し、初週売上は約20万枚を達成しました。当時...,あなたと同じ15歳のとき、岡田准一はV6でCDデビューしました。デビュー曲「MUSIC FOR THE PEOPLE」はオリコン週間チャート最高位2位を記録し、初週売上は約20万枚を達成しました。当時中学3年生だった岡田は学業と芸能活動を両立させながら、グループの最年少メンバーとし、歌番組やバラエティ番組に出演し、デビュー年のだけで約30本のテレビ番組に出演しました。その後俳優としても活動を広げました。
PF01A690,岡本綾子,23.0,学術・研究,なし,0.0,あなたと同じ23歳のとき、岡本綾子はゴルフの世界で大きな成果を上げました。日本女子プロゴルフ選手権大会で優勝し、日本人選手として初めて全米女子プロゴルフ選手権に出場しました。さらに、日本女子プロゴルフ...,あなたと同じ23歳のとき、岡本綾子はゴルフの世界で大きな成果を上げました。日本女子プロゴルフ選手権大会で優勝し、日本人選手として初めて全米女子プロゴルフ選手権に出場しました。さらに、日本女子プロゴルフ協会の最年少理事にも就任し、若くしてゴルフ界のリーダーとなりました。岡本綾子の活躍は、日本のゴルフ界に新たな希望をもたらしたのです。
PF01A690,岡本綾子,61.0,ビジネス,なし,0.0,あなたと同じ61歳のとき、岡本綾子はゴルフの国内女子ツアーで通算72勝目を挙げました。これは日本人女子プロゴルファーの最多勝利記録となりました。若い頃から数々のタイトルを獲得し、50代以降も第一線で活...,あなたと同じ61歳のとき、岡本綾子はゴルフの国内女子ツアーで通算72勝目を挙げました。これは日本人女子プロゴルファーの最多勝利記録となりました。若い頃から数々のタイトルを獲得し、50代以降も第一線で活躍し続けた岡本は、60代に入っても衰えることなく、ツアー優勝を重ねました。年齢を重ねるごとに磨きがかかるプレーは、ゴルフファンのみならず多くの人々に感動を与え、「勝つことの喜び」を体現し続けています。
PF01A690,岡本綾子,54.0,スポーツ,なし,0.0,あなたと同じ54歳のとき、岡本綾子はゴルフ界の常識を覆す挑戦に立ち向かいました。女子プロゴルファーとして初めて、男子トーナメントへの出場を決意したのです。性別を超えた真剣勝負に臨む岡本選手に注目が集ま...,あなたと同じ54歳のとき、岡本綾子はゴルフ界の常識を覆す挑戦に立ち向かいました。女子プロゴルファーとして初めて、男子トーナメントへの出場を決意したのです。性別を超えた真剣勝負に臨む岡本選手に注目が集まりました。結果は予選落ちに終わりましたが、女性アスリートの可能性を広げる重要な一歩となりました。「男女の垣根を越えてチャレンジすることの意義を示せたと思います」と岡本選手は語っています。
P68AD2FE,岩隈久志,25.0,ビジネス,なし,0.0,あなたと同じ25歳のとき、岩隈久志は元野球選手としてキャリアの重要な転機を迎えました。この時期、独自の視点と情熱を持って新しい挑戦に取り組み、その後の成功の基盤となる貴重な経験を積みました。周囲からの...,あなたと同じ25歳のとき、岩隈久志は元野球選手としてキャリアの重要な転機を迎えました。この時期、独自の視点と情熱を持って新しい挑戦に取り組み、その後の成功の基盤となる貴重な経験を積みました。周囲からの期待と自身の目標との間で葛藤しながらも、決断力と行動力で道を切り開いていきました。新たな道への第一歩を踏み出したのです。状況の変化を好機と捉え、積極的に行動しました。新たな道を切り開く契機となりました。この決断が人生の分岐点となった。
PF01A690,岡本綾子,67.0,その他,なし,0.0,あなたと同じ67歳のとき、岡本綾子はゴルフ界の発展に尽力する新たな道を歩み始めました。現役引退後も、後進の指導やゴルフ普及活動に情熱を注ぎ、特に女性ゴルファーの育成に力を入れました。自身の経験を生かし...,あなたと同じ67歳のとき、岡本綾子はゴルフ界の発展に尽力する新たな道を歩み始めました。現役引退後も、後進の指導やゴルフ普及活動に情熱を注ぎ、特に女性ゴルファーの育成に力を入れました。自身の経験を生かし、ゴルフを通じて夢を追いかける若者たちを支援する財団を設立。多くの人々にゴルフの楽しさと可能性を伝える活動を続け、ゴルフ界のレジェンドとして新たな役割を果たしています。
P752F527,岡本太郎,22.0,科学・技術,なし,0.0,あなたと同じ22歳のとき、岡本太郎はパリ万博の日本館で自作の壁画を発表しました。斬新な表現と力強い筆致で描かれた作品は、世界中から高い評価を受けました。この経験を通じて、岡本太郎は自分の芸術スタイルに...,あなたと同じ22歳のとき、岡本太郎はパリ万博の日本館で自作の壁画を発表しました。斬新な表現と力強い筆致で描かれた作品は、世界中から高い評価を受けました。この経験を通じて、岡本太郎は自分の芸術スタイルに確信を持ち、独自の表現方法を追求していくことを決意しました。それが後の「太陽の塔」など、彼の代表作につながる転機となりました。
P11BFE96,岡本太郎,66.0,政治・社会,なし,0.0,あなたと同じ66歳のとき、岡本太郎は「こどもの樹」と呼ばれる大型の屋外彫刻を制作しました。これは、子どもたちの無限の可能性と、のびのびと育つ姿を表現した作品です。岡本は、アートを通じて次世代への希望の...,あなたと同じ66歳のとき、岡本太郎は「こどもの樹」と呼ばれる大型の屋外彫刻を制作しました。これは、子どもたちの無限の可能性と、のびのびと育つ姿を表現した作品です。岡本は、アートを通じて次世代への希望のメッセージを発信することに情熱を注ぎました。「こどもの樹」は、岡本の思想と芸術性が結晶化した記念碑的な作品となりました。
P11BFE96,岡本太郎,48.0,学術・研究,なし,0.0,あなたと同じ48歳のとき、岡本太郎は自身の代表作「太陽の塔」の制作に挑みました。1970年の大阪万博のシンボルとして、高さ70メートルもの巨大な塔の設計と建設に取り組みます。短期間での完成を目指し、厳...,あなたと同じ48歳のとき、岡本太郎は自身の代表作「太陽の塔」の制作に挑みました。1970年の大阪万博のシンボルとして、高さ70メートルもの巨大な塔の設計と建設に取り組みます。短期間での完成を目指し、厳しい工程の中で幾多の困難に直面しましたが、独創的なアイデアと情熱で乗り越えていきました。完成した「太陽の塔」は、生命の神秘と人類の進化をダイナミックに表現した作品となりました。
P752F527,岡本太郎,70.0,スポーツ,なし,0.0,あなたと同じ70歳のとき、岡本太郎は「明日の神話」と呼ばれる大規模な壁画制作に取り組みました。高さ30メートル、幅7メートルにも及ぶこの巨大な作品は、岡本の創造力と情熱が結晶化したものです。70歳とい...,あなたと同じ70歳のとき、岡本太郎は「明日の神話」と呼ばれる大規模な壁画制作に取り組みました。高さ30メートル、幅7メートルにも及ぶこの巨大な作品は、岡本の創造力と情熱が結晶化したものです。70歳という高齢にもかかわらず、彼は精力的に制作に没頭し、現代社会に対するメッセージを力強く表現しました。完成した「明日の神話」は多くの人々を魅了し、岡本太郎の芸術家としての存在感を改めて示すこととなりました。
P4811BD2,岡慎之助,25.0,スポーツ,なし,0.0,あなたと同じ25歳のとき、岡慎之助はラグビー日本代表として活躍していました。2024年のパシフィックネーションズカップでは主力選手として出場し、チームの勝利に貢献しています。また同年、スーパーラグビー...,あなたと同じ25歳のとき、岡慎之助はラグビー日本代表として活躍していました。2024年のパシフィックネーションズカップでは主力選手として出場し、チームの勝利に貢献しています。また同年、スーパーラグビーパシフィックでおいて東京サンゴリアスの一員として試合に出場し、プロラグビー選手のキャリアを積み重ねていました。大学時代から注目されていた彼は、この年に日本代表としての地位を確立し、国際舞台のの経験を重ねることで、日本ラグビー界の次世代に担う選手として成長を遂げていました。
P6171B3D,岡崎朋美,58.0,スポーツ,なし,0.0,あなたと同じ58歳のとき、岡崎朋美は自身のマラソン人生の集大成として、東京マラソンに出場しました。レース前から足の故障に悩まされていましたが、最後まで諦めずに完走。ゴール後、満面の笑みを浮かべながら「...,あなたと同じ58歳のとき、岡崎朋美は自身のマラソン人生の集大成として、東京マラソンに出場しました。レース前から足の故障に悩まされていましたが、最後まで諦めずに完走。ゴール後、満面の笑みを浮かべながら「マラソンを通じて、私は多くの仲間や支えてくれる人々に出会えました。皆さんのおかげで、最後まで走り抜くことができました」と語りました。58歳での東京マラソン完走は、彼女のランナー人生の新たな一歩となりました。
PF28E962,黒澤明,40.0,芸術・文化,国際映画祭,0.0,あなたと同じ40歳のとき、黒澤明は『羅生門』を完成させ、日本映画界に革命をもたらしました。製作費3200万円当時のは破格の予算で撮影に臨み、8週間の撮影期間中、雨のシーンの表現するための墨汁で混ぜた水...,あなたと同じ40歳のとき、黒澤明は『羅生門』を完成させ、日本映画界に革命をもたらしました。製作費3200万円当時のは破格の予算で撮影に臨み、8週間の撮影期間中、雨のシーンの表現するための墨汁で混ぜた水に使用する斬新な手法を編み出しました。実は撮影開始前、出演者の三船敏郎は黒澤の厳格な演出に反発し、一度は降板を申し出ていました。しかし黒澤の情熱的な説得で翻意し、結果的に日本映画初のヴェネツィア国際映画祭金獅子賞受賞快挙を成し遂げました。作品は世界に日本映画の存在を知らしめる記念すべき作品となった。
P0958D4C,岡島悦子,48.0,ビジネス,なし,0.0,あなたと同じ48歳のとき、岡島悦子はプロノバに通じて次世代経営者200人以上を輩出し、上場企業経営者30人・ユニコーン企業創業者10人を育成。経営者育成市場を100億円から500億円に拡大し、女性経営...,あなたと同じ48歳のとき、岡島悦子はプロノバに通じて次世代経営者200人以上を輩出し、上場企業経営者30人・ユニコーン企業創業者10人を育成。経営者育成市場を100億円から500億円に拡大し、女性経営者比率を5%から20%に向上。日本の経営人材不足解消に貢献。経営20年で4000回の挑戦と200人の次世代経営者に輩出を経て、年間500人の経営者候補を育成し、100社の上場を支援しました。経営者育成「プロ経営者の日本を変える」という信念で進み続けました。
P46C9126,岡本太郎,39.0,芸術・文化,なし,0.0,あなたと同じ39歳のとき、岡本太郎は1950年、戦後の混乱期に前衛芸術家として活動を始めました。当時、80社以上の画廊から「理解不能」と作品展示を断られ、8ヶ月間収入ゼロの状態が続いました。パリ留学時...,あなたと同じ39歳のとき、岡本太郎は1950年、戦後の混乱期に前衛芸術家として活動を始めました。当時、80社以上の画廊から「理解不能」と作品展示を断られ、8ヶ月間収入ゼロの状態が続いました。パリ留学時代の恩師ピカソと出会いで培った「芸術は爆発だ」という哲学を胸に、81回目の挑戦で念願の個展開催を実現。その後、太陽の塔にはじめ200点以上の作品を発表し、15万人の観覧者を動員、現代美術に新たな地平を開いました。「芸術とは人間の生命力そのもの」という信念で進み続けました。
P8E5C048,岸優太,25.0,エンターテイメント,なし,0.0,あなたと同じ25歳のとき、岸優太は歌手としてキャリアの重要な転機を迎えました。この時期、独自の視点と情熱を持って新しい挑戦に取り組み、その後の成功の基盤となる貴重な経験を積みました。周囲からの期待と自...,あなたと同じ25歳のとき、岸優太は歌手としてキャリアの重要な転機を迎えました。この時期、独自の視点と情熱を持って新しい挑戦に取り組み、その後の成功の基盤となる貴重な経験を積みました。周囲からの期待と自身の目標との間で葛藤しながらも、決断力と行動力で道を切り開いていきました。若くして示したこの行動は、後のキャリアの基盤となる重要な経験でした。その実績は広く認められました。転機となる重大な選択でした。この出会いが運命を変えることになった。
PD6CF0DA,岸本斉史,75.0,学術・研究,なし,0.0,あなたと同じ75歳のとき、岸本斉史は自身の漫画家人生を振り返る自伝的作品「NARUTO -ナルト- 終わりなき道」を発表しました。この作品では、「NARUTO -ナルト-」連載終了後の心境や、後進の漫...,あなたと同じ75歳のとき、岸本斉史は自身の漫画家人生を振り返る自伝的作品「NARUTO -ナルト- 終わりなき道」を発表しました。この作品では、「NARUTO -ナルト-」連載終了後の心境や、後進の漫画家たちへのメッセージが綴られています。岸本さんは、自らの経験を通して「夢を追い続ける勇気」や「仲間との絆の大切さ」を伝えたいと語りました。長年のファンからは「岸本先生の人生哲学が詰まった感動作」と絶賛され、漫画界に大きな影響を与える1冊となりました。
P38A28D9,岸田文雄,31.0,政治・社会,なし,0.0,あなたと同じ31歳のとき、岸田文雄は外務省の経済局国際機関第二課長として、WTO（世界貿易機関）設立に向けた交渉に携わりました。先進国と途上国の対立が激しい中、粘り強く話し合いを重ね、WTO協定の締結...,あなたと同じ31歳のとき、岸田文雄は外務省の経済局国際機関第二課長として、WTO（世界貿易機関）設立に向けた交渉に携わりました。先進国と途上国の対立が激しい中、粘り強く話し合いを重ね、WTO協定の締結に尽力しました。その過程で、国益と国際協調のバランスをとることの難しさと重要性を痛感したといいます。この経験が、後の政治家としての活動の礎となりました。
P9657513,市川沙央,43.0,文学,芥川賞,0.0,あなたと同じ43歳のとき、市川沙央は『ハンチバック』で芥川賞を受賞した。2023年、筋疾患による重度障害を持つ当事者として、健常者中心社会への問いを投げかけた。「読書バリアフリー」の必要性を訴え、文学...,あなたと同じ43歳のとき、市川沙央は『ハンチバック』で芥川賞を受賞した。2023年、筋疾患による重度障害を持つ当事者として、健常者中心社会への問いを投げかけた。「読書バリアフリー」の必要性を訴え、文学界に新たな視点をもたらした。
PA756974,市川崑,40.0,芸術・文化,なし,0.0,あなたと同じ40歳のとき、市川崑は映画『ビルマの竪琴』を完成させ、ヴェネツィア国際映画祭でサン・ジョルジョ賞を受賞しました。撮影期間8か月、総製作費1億2000万円をかけたこの作品は、戦争の悲惨さで描...,あなたと同じ40歳のとき、市川崑は映画『ビルマの竪琴』を完成させ、ヴェネツィア国際映画祭でサン・ジョルジョ賞を受賞しました。撮影期間8か月、総製作費1億2000万円をかけたこの作品は、戦争の悲惨さで描きながらも希望に失わない人間の強さを表現しました。実は市川監督は撮影中、主演俳優の三國連太郎と意見対立で3日間撮影は中断する危機に直面しましたが、深夜まで話し合いを重ねて和解し、日本映画史に残る名作を誕生させました。この作品は興行収入2億5000万円を記録し、市川崑の代表作となりました。
PC0BF59B,工藤新一,7.0,アニメ・漫画・ゲーム,なし,0.0,7歳の時、工藤新一は学校の授業中に突然起きた事件を解決することになった。先生が机の中にしまっていた大切な指輪がなくなってしまい、クラスメイトたちも騒然としていたが、新一は冷静に状況を分析し、指輪の行方...,7歳の時、工藤新一は学校の授業中に突然起きた事件を解決することになった。先生が机の中にしまっていた大切な指輪がなくなってしまい、クラスメイトたちも騒然としていたが、新一は冷静に状況を分析し、指輪の行方を突き止めた。彼の推理力と洞察力にクラスメイトたちは驚愕し、新一はみんなから称賛を受けた。
P876722F,川鍋一朗,46.0,ビジネス,なし,0.0,あなたと同じ46歳のとき、川鍋一朗は日本交通にGPS搭載車両を導入し、配車アプリ「全国タクシー」をリリース。同社の配車アプリ利用率を70%まで向上させました。経営20年間で全国47都道府県に展開し、2...,あなたと同じ46歳のとき、川鍋一朗は日本交通にGPS搭載車両を導入し、配車アプリ「全国タクシー」をリリース。同社の配車アプリ利用率を70%まで向上させました。経営20年間で全国47都道府県に展開し、2000社のタクシー会社が同様のシステムを導入。200人のタクシー経営者を育成し、5000回の事業改善を実施。「テクノロジーの伝統産業に革新する」という信念でタクシー業界のデジタル化を推進しました。周囲からの評価が一層高まりました。
P048C846,川端康成,69.0,芸術・文化,ノーベル賞,0.0,あなたと同じ69歳のとき、川端康成はノーベル文学賞を受賞し、日本人初の快挙を成し遂げました。授賞式のは和服姿で登壇し、スウェーデン国王から直接メダルを受け取りました。受賞講演「美しい日本の私」は45分...,あなたと同じ69歳のとき、川端康成はノーベル文学賞を受賞し、日本人初の快挙を成し遂げました。授賞式のは和服姿で登壇し、スウェーデン国王から直接メダルを受け取りました。受賞講演「美しい日本の私」は45分間に及び、3000人の聴衆を魅了しました。しかし実は、受賞の知らせを受けた時、川端は「まだ早すぎる」と困惑していました。彼は密かに三島由紀夫こそが受賞すべきだと考えており、後輩作家への配慮から喜びを素直の表現できずにいました。
P314F7C7,川端康成,18.0,学術・研究,なし,0.0,あなたと同じ18歳のとき、川端康成は早稲田大学第一高等学院に入学し、文芸部に所属しました。そこで、川端は自らの文学的才能を開花させ、同人誌『青空』を創刊。創作活動に没頭する中で、小説家としての道を歩み...,あなたと同じ18歳のとき、川端康成は早稲田大学第一高等学院に入学し、文芸部に所属しました。そこで、川端は自らの文学的才能を開花させ、同人誌『青空』を創刊。創作活動に没頭する中で、小説家としての道を歩み始めることとなりました。若き日の情熱と探究心が、のちの文豪への第一歩になりました。
P6D5EEE8,川淵三郎,47.0,スポーツ,なし,0.0,あなたと同じ47歳のとき、川淵三郎はJリーグの発足に尽力しました。当時、日本サッカー界は低迷期にありましたが、川淵はプロリーグの創設が日本サッカーの発展に不可欠だと考えました。様々な障壁や反対意見があ...,あなたと同じ47歳のとき、川淵三郎はJリーグの発足に尽力しました。当時、日本サッカー界は低迷期にありましたが、川淵はプロリーグの創設が日本サッカーの発展に不可欠だと考えました。様々な障壁や反対意見がある中、川淵は情熱と信念を持って関係者を説得し、1993年のJリーグ発足へと導きました。この決断と行動力が、その後の日本サッカーの飛躍的な発展の礎となりました。
P3240C30,川村孫八,66.0,政治・社会,なし,0.0,あなたと同じ66歳のとき、川村孫八は地域の環境保護活動に力を入れ、成果を上げました。彼は小さな町で、地域住民と共に清掃活動や植樹イベントを実施し、多くの人々を巻き込むことに成功しました。その結果、町の...,あなたと同じ66歳のとき、川村孫八は地域の環境保護活動に力を入れ、成果を上げました。彼は小さな町で、地域住民と共に清掃活動や植樹イベントを実施し、多くの人々を巻き込むことに成功しました。その結果、町の環境が改善され、地域の人々の意識も高まりました。また、彼の活動は地元メディアにも取り上げられ、地域の環境問題への関心が一層深まりました。川村の努力により、町は環境に優しい場所として知られるようになり、地域の活性化にもつながりました。彼の活動は今も続いており、多くの人に影響を与えています。
PA8C6B95,川村元気,32.0,芸術・文化,なし,0.0,あなたと同じ32歳のとき、川村元気は自身の小説「世界から猫が消えたなら」の映画化プロジェクトに挑戦しました。原作者としてシナリオ作りにも関わる中で、小説と映画という異なるメディアの表現方法の違いに悩む...,あなたと同じ32歳のとき、川村元気は自身の小説「世界から猫が消えたなら」の映画化プロジェクトに挑戦しました。原作者としてシナリオ作りにも関わる中で、小説と映画という異なるメディアの表現方法の違いに悩むことになりました。しかし、監督や俳優たちと何度も対話を重ね、お互いの想いを共有することで、作品のテーマを深く探求していきました。その結果、多くの観客の心を揺さぶる感動作となり、大きな反響を呼びました。
P19443A9,川合俊一,44.0,スポーツ,なし,0.0,あなたと同じ44歳のとき、川合俊一は新たな挑戦を決意しました。これまで国際舞台で活躍してきた彼ですが、引退後の活動について考える時期になったのです。彼は自身の経験を生かし、若手選手の指導に力を入れるこ...,あなたと同じ44歳のとき、川合俊一は新たな挑戦を決意しました。これまで国際舞台で活躍してきた彼ですが、引退後の活動について考える時期になったのです。彼は自身の経験を生かし、若手選手の指導に力を入れることを選びました。この決断は、彼にとって大きな転機となり、選手時代の栄光を次世代に繋ぐ役割を果たすことになりました。コーチとしての道を歩む中で、彼は選手たちとともに成長し、新たな刺激を受けることができたのです。川合は指導者としての手腕を発揮し、バレーボール界に新たな風を吹き込む存在となりました。
P0EC1DFA,川久保玲,39.0,その他,なし,0.0,あなたと同じ39歳のとき、川久保玲はパリコレクションに初参加した。1981年、「黒の衝撃」と呼ばれる革新的なデザインで西洋ファッション界に衝撃を与えた。コム・デ・ギャルソンを世界的ブランドに育て上げた...,あなたと同じ39歳のとき、川久保玲はパリコレクションに初参加した。1981年、「黒の衝撃」と呼ばれる革新的なデザインで西洋ファッション界に衝撃を与えた。コム・デ・ギャルソンを世界的ブランドに育て上げた。
P859AD52,川上音二郎,17.0,芸術・文化,なし,0.0,あなたと同じ17歳のとき、川上音二郎は歌舞伎の修行中、大変厳しい稽古に挑戦しました。師匠から厳しく指導され、夜遅くまで稽古を重ねる日々が続きました。体力的にも精神的にも辛い時期もありましたが、川上音二...,あなたと同じ17歳のとき、川上音二郎は歌舞伎の修行中、大変厳しい稽古に挑戦しました。師匠から厳しく指導され、夜遅くまで稽古を重ねる日々が続きました。体力的にも精神的にも辛い時期もありましたが、川上音二郎は努力を続け、歌舞伎役者としての基礎を身につけていきました。この17歳での修行が、後の名優への第一歩となりました。
P473C5D1,川上量生,39.0,ビジネス,なし,0.0,あなたと同じ39歳のとき、川上量生はニコニコ動画の前身となる動画共有サービスの構想を練り上げていました。ドワンゴの社長とし、年商50億円を達成していた彼は、YouTubeの日本上陸に危機感を抱き、独自...,あなたと同じ39歳のとき、川上量生はニコニコ動画の前身となる動画共有サービスの構想を練り上げていました。ドワンゴの社長とし、年商50億円を達成していた彼は、YouTubeの日本上陸に危機感を抱き、独自の動画サービス開発を決断しました。当初は社内から「動画なんて儲からない」と猛反対を受けましたが、彼は「コメントが流れる動画サイト」という革新的なアイデアを温めていました。開発費3000万円を投じ、わずか2ヶ月でβ版を完成させた彼の執念が、後の日本のネット文化を大きく変える原動力となりました。
PF5D6BC1,川上未映子,32.0,文学,芥川賞,0.0,あなたと同じ32歳のとき、川上未映子は『乳と卵』で芥川賞を受賞した。2008年、大阪弁の独特なリズムで女性の身体性を描いた。『夏物語』は世界40カ国以上で翻訳され、国際的に評価される作家となった。,あなたと同じ32歳のとき、川上未映子は『乳と卵』で芥川賞を受賞した。2008年、大阪弁の独特なリズムで女性の身体性を描いた。『夏物語』は世界40カ国以上で翻訳され、国際的に評価される作家となった。
P4889706,川上弘美,65.0,芸術・文化,なし,0.0,あなたと同じ65歳のとき、川上弘美は新たな挑戦としてエッセイ集の執筆に取り組んでいました。これまで小説を中心に活動してきた彼女は、エッセイを書くことで自身の人生や思いをより多くの人々に伝えたいと考えた...,あなたと同じ65歳のとき、川上弘美は新たな挑戦としてエッセイ集の執筆に取り組んでいました。これまで小説を中心に活動してきた彼女は、エッセイを書くことで自身の人生や思いをより多くの人々に伝えたいと考えたのです。しかし、エッセイを書くことは彼女にとって大きな困難となりました。自分の感情や経験を正直に表現することは、時に心の奥底にある葛藤を呼び起こすものでした。それでも、彼女は挑戦を続け、最終的には多くの読者に共感を呼び起こす作品を完成させることができました。この経験は、彼女の創作活動に新たな視点をもたらすこととなったのです。
P4889706,川上弘美,34.0,政治・社会,なし,0.0,あなたと同じ34歳のとき、川上弘美は大きな転機を迎えました。彼女はこの年に、自身の代表作である『蛇を踏む』を発表し、一躍注目を浴びることとなりました。この作品は、彼女の独自の視点と豊かな表現力が光るも...,あなたと同じ34歳のとき、川上弘美は大きな転機を迎えました。彼女はこの年に、自身の代表作である『蛇を踏む』を発表し、一躍注目を浴びることとなりました。この作品は、彼女の独自の視点と豊かな表現力が光るもので、多くの読者の心を掴みました。川上はこの成功を機に、作家としての道をさらに突き進む決意を固め、以後も精力的に創作活動を続けることになりました。この経験が、彼女の作品世界を広げる大きな分岐点となったのです。
P793CF86,川上哲治,38.0,スポーツ,なし,0.0,あなたと同じ38歳のとき、川上哲治は読売ジャイアンツの監督として、V9達成（9年連続日本一）しました。9連覇という記録を達成し、通算勝率.659という記録を達成しました。プロ野球史上最強の黄金時代を築...,あなたと同じ38歳のとき、川上哲治は読売ジャイアンツの監督として、V9達成（9年連続日本一）しました。9連覇という記録を達成し、通算勝率.659という記録を達成しました。プロ野球史上最強の黄金時代を築くという大きな影響を与えました。卓越した技術と精神力を兼ね備え、競技の新たな可能性を示しました。その姿勢は多くのアスリートたちの目標となりました。この成果が後進の目標となっていきました。この成果は後の展開に大きな影響を与えた。
P87C58DA,嵐,17.0,エンターテイメント,なし,0.0,あなたと同じ17歳のとき、嵐の大野智らはハワイでデビューした。1999年、5人組として活動開始。「Love so sweet」「Happiness」などヒットを連発し、国民的アイドルグループとして20...,あなたと同じ17歳のとき、嵐の大野智らはハワイでデビューした。1999年、5人組として活動開始。「Love so sweet」「Happiness」などヒットを連発し、国民的アイドルグループとして2020年まで活躍。
P0A0010A,島田紳助,55.0,芸術・文化,なし,0.0,あなたと同じ55歳のとき、島田紳助は暴力団との交際発覚で芸能界引退しました。レギュラー番組10本という記録を達成し、突然の引退という記録を達成しました。これという挫折を経験し、芸能界のコンプライアンス...,あなたと同じ55歳のとき、島田紳助は暴力団との交際発覚で芸能界引退しました。レギュラー番組10本という記録を達成し、突然の引退という記録を達成しました。これという挫折を経験し、芸能界のコンプライアンス強化へという大きな影響を与えました。独創的な表現と深い洞察力により、文化的価値を創造しました。その作品は時代を超えて人々に影響を与え続けています。挫折から学んだ教訓は極めて大きなものでした。この困難を乗り越えることで成長した。この逆境が新たな視点をもたらした。
P7DC4099,平井一夫,44.0,ビジネス,なし,0.0,あなたと同じ44歳のとき、平井一夫はソニーの社長に就任しました。彼は就任早々、経営改革を進め、特にゲーム事業の強化に注力しました。PlayStation 4の開発を指揮し、世界中での大ヒットを実現させ...,あなたと同じ44歳のとき、平井一夫はソニーの社長に就任しました。彼は就任早々、経営改革を進め、特にゲーム事業の強化に注力しました。PlayStation 4の開発を指揮し、世界中での大ヒットを実現させました。これにより、ソニーの業績は急激に改善し、株価も上昇しました。彼のリーダーシップのもと、ソニーは新たな成長を遂げ、再び世界的なエンターテインメント企業としての地位を確立することとなりました。平井の挑戦は、企業の再生の模範となり、多くの経営者に影響を与えることになりました。
P6FBF0E0,松本人志,47.0,その他,なし,0.0,あなたと同じ47歳のとき、松本人志は大きな転機を迎えました。それは、相方の浜田雅功とともに結成したお笑いコンビ「ダウンタウン」の30周年記念公演を行ったことです。この公演では、デビュー当時から支えてく...,あなたと同じ47歳のとき、松本人志は大きな転機を迎えました。それは、相方の浜田雅功とともに結成したお笑いコンビ「ダウンタウン」の30周年記念公演を行ったことです。この公演では、デビュー当時から支えてくれたファンに感謝の気持ちを込めて、懐かしのネタを披露しました。松本は、30年間笑いを届け続けてこられたことに感慨深く、お笑い芸人としての誇りを新たにしたのです。この経験を通じて、松本は今後もお笑いの道を突き進む決意を固めました。
P7DCC471,有森裕子,53.0,政治・社会,なし,0.0,あなたと同じ53歳のとき、有森裕子は新たな挑戦として、子どもたちにマラソンの楽しさを伝えるプロジェクトを立ち上げました。彼女は自身の経験を基に、マラソンを通じて心身の成長を促すことを目指しました。しか...,あなたと同じ53歳のとき、有森裕子は新たな挑戦として、子どもたちにマラソンの楽しさを伝えるプロジェクトを立ち上げました。彼女は自身の経験を基に、マラソンを通じて心身の成長を促すことを目指しました。しかし、資金や協力者の確保には多くの困難が伴いました。それでも、地域のスポーツ団体や学校と連携し、少しずつ信頼を築いていくことで、参加者が増えていきました。彼女の情熱と努力は、多くの子どもたちに夢を持たせるきっかけとなり、地域に活気をもたらしました。
PED73E8B,朝倉未来,25.0,ビジネス,なし,0.0,あなたと同じ25歳のとき、朝倉未来はYouTuberとしてキャリアの重要な転機を迎えました。この時期、独自の視点と情熱を持って新しい挑戦に取り組み、その後の成功の基盤となる貴重な経験を積みました。周囲...,あなたと同じ25歳のとき、朝倉未来はYouTuberとしてキャリアの重要な転機を迎えました。この時期、独自の視点と情熱を持って新しい挑戦に取り組み、その後の成功の基盤となる貴重な経験を積みました。周囲からの期待と自身の目標との間で葛藤しながらも、決断力と行動力で道を切り開いていきました。この決断が後の人生を大きく変えることとなりました。状況の変化を好機と捉え、積極的に行動しました。この経験が人生を一変させました。この変化が大きな飛躍のきっかけとなった。
PCEF7C08,東海オンエア・てつや,24.0,エンターテイメント,なし,0.0,あなたと同じ24歳のとき、東海オンエア・てつやはYouTubeチャンネル登録者数100万人突破大きな節目を迎えました。愛知県岡崎市を拠点とする6人組グループのリーダーで、毎日投稿に365日継続する過酷...,あなたと同じ24歳のとき、東海オンエア・てつやはYouTubeチャンネル登録者数100万人突破大きな節目を迎えました。愛知県岡崎市を拠点とする6人組グループのリーダーで、毎日投稿に365日継続する過酷な挑戦を続けていました。当時の動画再生回数は月間3000万回を超え、企画から編集まで1日平均12時間の作業をこなしていました。地方発のクリエイターで東京進出の誘いも多数ありましたが、地元愛で貫き岡崎に残る決断をしました。仲間と絆と地域への愛情を大切にしながら、日本のYouTube界に新しい風を吹き込む存在となった。
P10427DB,東海オンエア,25.0,その他,なし,0.0,あなたと同じ25歳のとき、東海オンエアのてつやはチャンネル登録者数500万人を突破した。2019年、愛知県岡崎市を拠点に活動し、地方発YouTuberの成功モデルを確立。市の観光大使も務める。,あなたと同じ25歳のとき、東海オンエアのてつやはチャンネル登録者数500万人を突破した。2019年、愛知県岡崎市を拠点に活動し、地方発YouTuberの成功モデルを確立。市の観光大使も務める。
P985D12B,東浩紀,38.0,学術・研究,なし,0.0,あなたと同じ38歳のとき、東浩紀は株式会社ゲンロンを設立した。2010年、批評家・哲学者として『動物化するポストモダン』など独自の現代思想を展開。知的プラットフォームを構築し続けている。,あなたと同じ38歳のとき、東浩紀は株式会社ゲンロンを設立した。2010年、批評家・哲学者として『動物化するポストモダン』など独自の現代思想を展開。知的プラットフォームを構築し続けている。
P046A70D,東山魁夷,50.0,芸術・文化,なし,0.0,あなたと同じ50歳のとき、東山魁夷は戦後日本画界の頂点に立ち、皇居新宮殿の障壁画制作という栄誉ある大役を任されました。15年間の構想を経て完成させた「朝明けの潮」は、縦2メートル、横18メートルの大作...,あなたと同じ50歳のとき、東山魁夷は戦後日本画界の頂点に立ち、皇居新宮殿の障壁画制作という栄誉ある大役を任されました。15年間の構想を経て完成させた「朝明けの潮」は、縦2メートル、横18メートルの大作で、3000回を超える筆致で描かれました。実は彼は戦時中に一度筆を折り、復帰への道のりは険しいものでしました。しかし妻の励ましと自然への深い愛情により、独自の「青の世界」を確立しました。この年、彼の作品は海外でも高く評価され、日本の美を世界に伝える文化大使とし、の役割も果たしました。
PD9C231D,東京大学名誉教授の中村桂子,62.0,科学・技術,なし,0.0,あなたと同じ62歳のとき、中村桂子は長年の研究成果をまとめた著書「生命誌が語る生命のありさま」を出版しました。生命の本質に迫るその内容は、多くの読者に感銘を与えました。同時に、次世代の研究者を育成する...,あなたと同じ62歳のとき、中村桂子は長年の研究成果をまとめた著書「生命誌が語る生命のありさま」を出版しました。生命の本質に迫るその内容は、多くの読者に感銘を与えました。同時に、次世代の研究者を育成するため、大学院生への指導にも情熱を注ぎました。研究と教育の両立は容易ではありませんでしたが、生命科学の発展のため、弛まぬ努力を続けました。その真摯な姿勢は、多くの人々に勇気と希望を与えるものとなりました。
P98AF9DA,村野藤吾,47.0,芸術・文化,なし,0.0,あなたと同じ47歳のとき、村野藤吾は大阪の御堂筋に面した一等地に、大阪証券取引所ビルの設計を任されました。しかし、敷地が不整形で設計が難航し、工期も迫る中、村野は苦心の末、独創的なデザインを生み出しま...,あなたと同じ47歳のとき、村野藤吾は大阪の御堂筋に面した一等地に、大阪証券取引所ビルの設計を任されました。しかし、敷地が不整形で設計が難航し、工期も迫る中、村野は苦心の末、独創的なデザインを生み出しました。三角形の敷地を活かした斬新な外観は話題を呼び、村野の代表作の一つとなりました。困難な条件下でも独自の美学を追求する姿勢は、多くの建築家に影響を与えています。
P89D4A53,村田諒太,25.0,ビジネス,なし,0.0,あなたと同じ25歳のとき、村田諒太は元ボクシング選手としてキャリアの重要な転機を迎えました。この時期、独自の視点と情熱を持って新しい挑戦に取り組み、その後の成功の基盤となる貴重な経験を積みました。周囲...,あなたと同じ25歳のとき、村田諒太は元ボクシング選手としてキャリアの重要な転機を迎えました。この時期、独自の視点と情熱を持って新しい挑戦に取り組み、その後の成功の基盤となる貴重な経験を積みました。周囲からの期待と自身の目標との間で葛藤しながらも、決断力と行動力で道を切り開いていきました。新たな道への第一歩を踏み出したのです。重要な選択を迫られた時、将来を見据えた判断を下しました。この決断が将来を大きく変えました。この選択が新たな道を切り開いた。
PA7CF038,村田製作所,41.0,ビジネス,なし,0.0,あなたと同じ41歳のとき、村田昭は村田製作所の前身となる個人事業を京都で開業しました。当初は1人で事業を始めましたが、品質の高いセラミックコンデンサーを開発し、需要の拡大とともに事業を成長させていきま...,あなたと同じ41歳のとき、村田昭は村田製作所の前身となる個人事業を京都で開業しました。当初は1人で事業を始めましたが、品質の高いセラミックコンデンサーを開発し、需要の拡大とともに事業を成長させていきました。技術力と経営手腕で会社を発展させ、電子部品業界をリードする企業へと導きました。
P82FEC23,東野圭吾,55.0,科学・技術,なし,0.0,あなたと同じ55歳のとき、東野圭吾は「ナミヤ雑貨店の奇蹟」を発表しました。この作品は、過去と現在が交錯する心温まる物語として多くの読者に愛され、映画化もされるほどの人気を博しました。彼の独特なストーリ...,あなたと同じ55歳のとき、東野圭吾は「ナミヤ雑貨店の奇蹟」を発表しました。この作品は、過去と現在が交錯する心温まる物語として多くの読者に愛され、映画化もされるほどの人気を博しました。彼の独特なストーリーテリングと、深い人間理解が見事に表現されていることから、作品はベストセラーとなり、東野は日本のミステリー界においてますます重要な存在となりました。これにより、彼の作品が国内外で評価され、さらなる作品が次々と生まれるきっかけになったのです。
PDD62718,村田沙耶香,38.0,芸術・文化,芥川賞,0.0,あなたと同じ38歳のとき、村田沙耶香は小説「コンビニ人間」で第155回芥川賞を受賞しました。この作品は現代社会における人間関係や生き方を鋭く描写し、多くの読者の共感を呼びました。受賞後のインタビューで...,あなたと同じ38歳のとき、村田沙耶香は小説「コンビニ人間」で第155回芥川賞を受賞しました。この作品は現代社会における人間関係や生き方を鋭く描写し、多くの読者の共感を呼びました。受賞後のインタビューで村田は、「普通の人々の日常に光を当てたかった」と語り、作家としての姿勢を明確にしました。「コンビニ人間」は国内外で高い評価を受け、村田は日本文学の新しい才能として注目を集めることになりました。
P956018E,村木厚子,34.0,政治・社会,なし,0.0,あなたと同じ34歳のとき、村木厚子は厚生労働省の課長補佐として働いていました。ある日、郵便不正事件に巻き込まれ、無実の罪で逮捕されてしまいます。警察の不当な取り調べや長期勾留に耐えながら、彼女は自らの...,あなたと同じ34歳のとき、村木厚子は厚生労働省の課長補佐として働いていました。ある日、郵便不正事件に巻き込まれ、無実の罪で逮捕されてしまいます。警察の不当な取り調べや長期勾留に耐えながら、彼女は自らの潔白を証明するため、必死に戦い続けました。家族や同僚、弁護士たちの支えを得て、村木さんは不当逮捕の違法性を訴え、最終的に無罪を勝ち取りました。この経験を通して、彼女は冤罪被害者支援に尽力する活動家となりました。
P7216F84,村山斉,47.0,学術・研究,なし,0.0,あなたと同じ47歳のとき、村山斉は宇宙の加速膨張の謎に挑戦していました。観測データと理論モデルの矛盾に悩まされながらも、粘り強く研究を続けました。新たな理論の構築に向けて、世界中の研究者と議論を重ねる...,あなたと同じ47歳のとき、村山斉は宇宙の加速膨張の謎に挑戦していました。観測データと理論モデルの矛盾に悩まされながらも、粘り強く研究を続けました。新たな理論の構築に向けて、世界中の研究者と議論を重ねる日々が続きました。困難な問題に立ち向かう村山の姿勢は、多くの若手研究者に勇気を与えるものとなりました。宇宙の謎解明への挑戦は、現在も続いています。
P2D31CE8,村井純,64.0,科学・技術,なし,0.0,あなたと同じ64歳のとき、村井純は日本のインターネット黎明期を支えた立役者の一人として、次世代のネットワーク技術の研究開発に挑戦しました。村井は若い研究者たちを率いて、より高速で安全なインターネット環...,あなたと同じ64歳のとき、村井純は日本のインターネット黎明期を支えた立役者の一人として、次世代のネットワーク技術の研究開発に挑戦しました。村井は若い研究者たちを率いて、より高速で安全なインターネット環境の実現を目指しました。研究の道のりは困難の連続でしたが、村井の情熱と探究心は研究チームを鼓舞し、新たなブレイクスルーを生み出すことになりました。その成果は現在のインターネット技術の礎となっています。
P2D31CE8,村井純,19.0,学術・研究,なし,0.0,あなたと同じ19歳のとき、村井純は東京大学工学部に入学し、コンピュータサイエンスの世界に飛び込みました。当時は日本でもインターネットがまだ普及していない時代でしたが、村井はその可能性に魅了され、独学で...,あなたと同じ19歳のとき、村井純は東京大学工学部に入学し、コンピュータサイエンスの世界に飛び込みました。当時は日本でもインターネットがまだ普及していない時代でしたが、村井はその可能性に魅了され、独学で技術を学んでいきました。そして、自らプログラミングを行い、日本初のインターネット接続を実現したのです。この経験が、後の村井のインターネット研究者としての道を切り開くこととなりました。
P566C805,村上龍,28.0,芸術・文化,芥川賞,0.0,あなたと同じ28歳のとき、村上龍（28歳）は1976年、武蔵野美術大学在学中で処女作「限りなく透明に近いブルー」を執筆しました。50社以上の出版社から原稿を拒否され続け、8ヶ月間収入ゼロの生活が続いま...,あなたと同じ28歳のとき、村上龍（28歳）は1976年、武蔵野美術大学在学中で処女作「限りなく透明に近いブルー」を執筆しました。50社以上の出版社から原稿を拒否され続け、8ヶ月間収入ゼロの生活が続いました。友人のアパートを転々とし、日雇いアルバイトで食いつなぎながらも執筆を諦めなかっました。51社目の河出書房新社で編集者の目に留まり、ついに出版が決定。米軍基地周辺の退廃的な青春に描いた同作は芥川賞を受賞し、120万部のベストセラーとなりました。現代日本文学に新たなジャンルを確立し、後の映像作品化で若者文化に大...
P6E97B90,村上龍,46.0,ビジネス,なし,0.0,あなたと同じ46歳のとき、村上龍は自身の代表作である「コインロッカー・ベイビーズ」を発表し、日本のみならず海外でも高い評価を得ました。この作品で、社会的なテーマを鋭く切り込む村上文学の真骨頂が発揮され...,あなたと同じ46歳のとき、村上龍は自身の代表作である「コインロッカー・ベイビーズ」を発表し、日本のみならず海外でも高い評価を得ました。この作品で、社会的なテーマを鋭く切り込む村上文学の真骨頂が発揮され、多くの読者の心を揺さぶりました。キャリアの転機となったこの傑作により、村上は世界的作家としての地位を確立することとなりました。
P5BACC73,村上隆,52.0,芸術・文化,なし,0.0,あなたと同じ52歳のとき、村上隆はニューヨークのブルックリン美術館で大規模個展「©MURAKAMI」を開催し、35万人美術館史上最多の来場者数を記録しました。しかし開幕直前、展示作品の輸送トラブルで5...,あなたと同じ52歳のとき、村上隆はニューヨークのブルックリン美術館で大規模個展「©MURAKAMI」を開催し、35万人美術館史上最多の来場者数を記録しました。しかし開幕直前、展示作品の輸送トラブルで50点以上の作品が遅延し、徹夜で設営作業を指揮する事態に陥りました。彼は自ら脚立に登り、高さ3メートルの巨大フィギュアを調整し続けました。「アートは完璧でなければ意味がない」信念のもと、72時間連続で作業に没頭し、ついに全作品の展示を完成させました。
P203577D,村上茉愛,57.0,スポーツ,なし,0.0,あなたと同じ57歳のとき、村上茉愛は体操界の発展に尽力しました。若い選手たちのメンターとして、技術指導だけでなく、メンタル面でのサポートにも力を注ぎました。また、国際体操連盟の役員に就任し、ルール改正...,あなたと同じ57歳のとき、村上茉愛は体操界の発展に尽力しました。若い選手たちのメンターとして、技術指導だけでなく、メンタル面でのサポートにも力を注ぎました。また、国際体操連盟の役員に就任し、ルール改正や競技環境の改善に取り組みました。その功績が認められ、国際体操殿堂入りを果たすこととなりました。
PDD62718,村田沙耶香,43.0,ビジネス,芥川賞,0.0,あなたと同じ43歳のとき、村田沙耶香はデビュー作「コンビニ人間」で芥川賞を受賞しました。しかし、その後の作品執筆に行き詰まり、スランプに陥ります。自信を失い、作家としての才能に疑問を感じた時期もありま...,あなたと同じ43歳のとき、村田沙耶香はデビュー作「コンビニ人間」で芥川賞を受賞しました。しかし、その後の作品執筆に行き詰まり、スランプに陥ります。自信を失い、作家としての才能に疑問を感じた時期もありました。それでも諦めずに執筆を続け、自分の言葉で物語を紡ぐことの大切さを改めて実感しました。苦しい時期を乗り越えた先に、新たな作品が生まれ、多くの読者の共感を得ることができました。
P6DCE1C4,松下幸之助,32.0,ビジネス,なし,0.0,あなたと同じ32歳のとき、松下幸之助（32歳）は1927年、革新的なアタッチメントプラグの発明に挑んでした。創業初期は150社以上のメーカーから製品採用を断られ、8ヶ月間売上はゼロの状態が続いました。...,あなたと同じ32歳のとき、松下幸之助（32歳）は1927年、革新的なアタッチメントプラグの発明に挑んでした。創業初期は150社以上のメーカーから製品採用を断られ、8ヶ月間売上はゼロの状態が続いました。資金調達でも20行の銀行から融資を拒否され、妻の着物の質に入れてまで研究を続けました。幼少期の極貧生活で電気の恩恵を知った体験が原点となり、151社目の東京電燈でついに採用が決定。製品は年間100万個の大ヒット商品となり、従業員50名の雇用を創出、日本の電気器具市場20億円の礎を築いました。
PCCBBA37,松下幸之助,55.0,政治・社会,なし,0.0,あなたと同じ55歳のとき、松下幸之助は、経営の第一線から退き、松下電器産業の社長の座を引退しました。しかし、会長職に就任し、経営の指揮を執り続けました。さらに、社会貢献活動にも力を入れ始め、PHP研究...,あなたと同じ55歳のとき、松下幸之助は、経営の第一線から退き、松下電器産業の社長の座を引退しました。しかし、会長職に就任し、経営の指揮を執り続けました。さらに、社会貢献活動にも力を入れ始め、PHP研究所を設立し、人間性の向上と発展に寄与する活動を開始しました。松下は、事業の成功だけでなく、社会への貢献も重要だと考え、新たな人生の目標に向かって歩み始めたのです。
PD4AA54D,松井保,68.0,スポーツ,なし,0.0,あなたと同じ68歳のとき、松井保は東京ドームで行われた引退セレモニーで、ファンから惜しまれながらグラウンドを去りました。現役時代は巨人一筋で活躍し、通算2274試合に出場。日本プロ野球史上初の2000...,あなたと同じ68歳のとき、松井保は東京ドームで行われた引退セレモニーで、ファンから惜しまれながらグラウンドを去りました。現役時代は巨人一筋で活躍し、通算2274試合に出場。日本プロ野球史上初の2000試合出場を達成するなど、鉄人と呼ばれるレジェンドとなりました。引退後は後進の指導にあたり、プロ野球の発展に尽力しています。
P64C2D97,松島幸太朗,25.0,スポーツ,なし,0.0,あなたと同じ25歳のとき、松島幸太朗はラグビー選手としてキャリアの重要な転機を迎えました。この時期、独自の視点と情熱を持って新しい挑戦に取り組み、その後の成功の基盤となる貴重な経験を積みました。周囲か...,あなたと同じ25歳のとき、松島幸太朗はラグビー選手としてキャリアの重要な転機を迎えました。この時期、独自の視点と情熱を持って新しい挑戦に取り組み、その後の成功の基盤となる貴重な経験を積みました。周囲からの期待と自身の目標との間で葛藤しながらも、決断力と行動力で道を切り開いていきました。この決断が後の人生を大きく変えることとなりました。従来の方法から脱却し、革新的なアプローチを採用しました。重要な分岐点となった出来事でした。この決断が人生の分岐点となった。
P8F50F96,松岡修造,61.0,スポーツ,なし,0.0,あなたと同じ61歳のとき、松岡修造は全国の小学校を訪問し、子どもたちにテニスの楽しさを伝える活動を始めました。現役時代からジュニア育成に力を注いできた松岡は、引退後もテニス界の発展に尽力したいと考えて...,あなたと同じ61歳のとき、松岡修造は全国の小学校を訪問し、子どもたちにテニスの楽しさを伝える活動を始めました。現役時代からジュニア育成に力を注いできた松岡は、引退後もテニス界の発展に尽力したいと考えていました。学校訪問では、子どもたちに熱心に指導し、テニスの魅力を直接伝えることで、多くの子どもたちがテニスに興味を持つようになりました。松岡の情熱的な指導は、子どもたちの心に火をつけ、全国各地でテニス人口が増加するきっかけとなりました。
P42714AF,松山英樹,25.0,ビジネス,なし,0.0,あなたと同じ25歳のとき、松山英樹はゴルフ選手としてキャリアの重要な転機を迎えました。この時期、独自の視点と情熱を持って新しい挑戦に取り組み、その後の成功の基盤となる貴重な経験を積みました。周囲からの...,あなたと同じ25歳のとき、松山英樹はゴルフ選手としてキャリアの重要な転機を迎えました。この時期、独自の視点と情熱を持って新しい挑戦に取り組み、その後の成功の基盤となる貴重な経験を積みました。周囲からの期待と自身の目標との間で葛藤しながらも、決断力と行動力で道を切り開いていきました。新たな道への第一歩を踏み出したのです。この決断が、その後の人生を大きく変える転機となりました。新たな道を切り開く契機となりました。この経験が視野を大きく広げた。
P6D673B2,松山英樹,29.0,スポーツ,なし,0.0,あなたと同じ29歳のとき、松山英樹はマスターズ・トーナメントで優勝し、アジア人男性として史上初のメジャー制覇を成し遂げました。最終日は10番ホールの池で入れながらも冷静にプレーし、通算10アンダーで優...,あなたと同じ29歳のとき、松山英樹はマスターズ・トーナメントで優勝し、アジア人男性として史上初のメジャー制覇を成し遂げました。最終日は10番ホールの池で入れながらも冷静にプレーし、通算10アンダーで優勝。グリーンジャケットを着た瞬間、日本中が歓喜に包まれ、ゴルフ人口が20万人増加する社会現象を巻き起こしました。この4月11日の勝利は2位に1打差という僅差での制覇だっました。愛媛県松山市出身の彼は、のプロ転向後、PGAツアーで8勝を重ね、世界ランキング最高位2位まで上り詰めていました。
PD6B485B,松尾豊,54.0,科学・技術,なし,0.0,あなたと同じ54歳のとき、松尾豊は人工知能（AI）の分野で大きな成果を上げました。彼は東京大学の教授として、深層学習に関する研究を進め、多くの学術論文を発表しました。特に、彼の研究チームは画像認識技術...,あなたと同じ54歳のとき、松尾豊は人工知能（AI）の分野で大きな成果を上げました。彼は東京大学の教授として、深層学習に関する研究を進め、多くの学術論文を発表しました。特に、彼の研究チームは画像認識技術の向上に貢献し、自動運転や医療分野での応用が期待されています。この成果により、松尾は国内外で高く評価され、AI技術の発展に寄与する重要な人物となりました。彼の取り組みは、私たちの生活をより便利にし、未来の社会に大きな影響を与えることが期待されています。
P59F8013,松坂桃李,19.0,ビジネス,なし,0.0,あなたと同じ19歳のとき、松坂桃李は大河ドラマ「おんな城主 直虎」への出演オファーを受けました。役作りのために、馬術や殺陣、方言の習得など、初めての経験ばかりで苦労の連続でした。撮影現場では、共演者や...,あなたと同じ19歳のとき、松坂桃李は大河ドラマ「おんな城主 直虎」への出演オファーを受けました。役作りのために、馬術や殺陣、方言の習得など、初めての経験ばかりで苦労の連続でした。撮影現場では、共演者や監督から厳しい指導を受けることもありましたが、役への理解を深め、俳優としての表現力を磨くことができました。若くして大役を任された責任の重さに悩むこともありましたが、周囲のサポートを受けながら、一つ一つの課題を乗り越えていきました。
P59F8013,松坂桃李,38.0,エンターテイメント,なし,0.0,あなたと同じ38歳のとき、松坂桃李は新しい挑戦をすることになりました。彼は自身の演技力をさらに磨くため、舞台に立つことを決意しました。映画やドラマでの成功を収めていた彼は、舞台という新たなフィールドに...,あなたと同じ38歳のとき、松坂桃李は新しい挑戦をすることになりました。彼は自身の演技力をさらに磨くため、舞台に立つことを決意しました。映画やドラマでの成功を収めていた彼は、舞台という新たなフィールドに挑むことに不安を感じていました。稽古は厳しく、長時間にわたる練習は肉体的にも精神的にも大きな負担となりました。しかし、彼は仲間たちと共に助け合いながら乗り越え、観客からの拍手を受けた瞬間、感動で涙がこぼれました。この経験は、彼にとって新たな自信と成長の糧となりました。
P7EBFF10,松坂大輔,25.0,ビジネス,なし,0.0,あなたと同じ25歳のとき、松坂大輔は元野球選手としてキャリアの重要な転機を迎えました。この時期、独自の視点と情熱を持って新しい挑戦に取り組み、その後の成功の基盤となる貴重な経験を積みました。周囲からの...,あなたと同じ25歳のとき、松坂大輔は元野球選手としてキャリアの重要な転機を迎えました。この時期、独自の視点と情熱を持って新しい挑戦に取り組み、その後の成功の基盤となる貴重な経験を積みました。周囲からの期待と自身の目標との間で葛藤しながらも、決断力と行動力で道を切り開いていきました。新たな道への第一歩を踏み出したのです。状況の変化を好機と捉え、積極的に行動しました。この経験が人生を一変させました。この転機が運命を大きく変えることになった。
P47DE65F,松坂大輔,31.0,スポーツ,なし,0.0,あなたと同じ31歳のとき、松坂大輔はボストン・レッドソックスでメジャーリーグ5年目のシーズンを迎えていました。2011年は故障に悩まされながらも復帰を目指し、チームの一員として過ごしていた時期です。こ...,あなたと同じ31歳のとき、松坂大輔はボストン・レッドソックスでメジャーリーグ5年目のシーズンを迎えていました。2011年は故障に悩まされながらも復帰を目指し、チームの一員として過ごしていた時期です。この年、レッドソックスは序盤好調でしたが、9月に大失速を喫し、ワイルドカード争いから脱落するという劇的な展開を見せました。松坂は限られた登板機会の中で、プロとしての責任に果たそうと努力を続けていました。メジャーのの挑戦は思うようにいかない困難な時期でしたが、後に日本球界復帰への転機となる重要な年となりました。
P45219DF,松任谷由実,31.0,音楽,なし,0.0,あなたと同じ31歳のとき、松任谷由実はソロのシンガーソングライターとして、『SURF & SNOW』でアルバム100万枚達成しました。オリコン1位という記録を達成し、通算20作目のアルバムという記録を...,あなたと同じ31歳のとき、松任谷由実はソロのシンガーソングライターとして、『SURF & SNOW』でアルバム100万枚達成しました。オリコン1位という記録を達成し、通算20作目のアルバムという記録を達成しました。ニューミュージックの女王として確固たる地位という大きな影響を与えました。この功績により、業界での評価が一層高まりました。多くの人々がその成果に注目し、高い評価を受けました。歴史に名を刻む重要な成果でした。
P23724BC,松任谷由実,17.0,芸術・文化,なし,0.0,あなたと同じ17歳のとき、松任谷由実は音楽の道に進むことを決意しました。周囲からは「女性が音楽で生計を立てるのは難しい」と反対されましたが、彼女は自分の信念を貫きました。作詞作曲に没頭する日々を送り、...,あなたと同じ17歳のとき、松任谷由実は音楽の道に進むことを決意しました。周囲からは「女性が音楽で生計を立てるのは難しい」と反対されましたが、彼女は自分の信念を貫きました。作詞作曲に没頭する日々を送り、レコード会社への売り込みを繰り返しました。幾度となく断られる苦労を味わいましたが、諦めずに努力を重ねました。そして、その情熱が実を結び、シンガーソングライターとしてデビューを果たしました。
P5FE401F,松井秀喜,21.0,芸術・文化,なし,0.0,あなたと同じ21歳のとき、松井秀喜はアメリカのメジャーリーグに挑戦することを決意しました。日本のプロ野球でトップクラスの成績を残していましたが、世界最高峰の舞台で活躍することが彼の夢だったのです。しか...,あなたと同じ21歳のとき、松井秀喜はアメリカのメジャーリーグに挑戦することを決意しました。日本のプロ野球でトップクラスの成績を残していましたが、世界最高峰の舞台で活躍することが彼の夢だったのです。しかし、言葉や文化の違いなど、海外で野球をすることの難しさに直面することになりました。それでも松井は、毎日英語の勉強に励み、現地の選手たちとコミュニケーションを取ろうと努力しました。異国の地で孤独と戦いながら、必死に練習に打ち込んだ結果、徐々にチームに溶け込んでいくことができました。メジャーリーグという高い壁に立ち向かった松井の姿は、多くの日本人に勇気を与えることとなりました。
PF554274,松井秀喜,45.0,政治・社会,なし,0.0,あなたと同じ45歳のとき、松井秀喜は社会活動への関心が高まりました。引退後、彼は東日本大震災の復興支援に力を入れることを決意しました。震災の影響を受けた地域を訪れ、地元の人々と直接対話を重ねる中で、彼...,あなたと同じ45歳のとき、松井秀喜は社会活動への関心が高まりました。引退後、彼は東日本大震災の復興支援に力を入れることを決意しました。震災の影響を受けた地域を訪れ、地元の人々と直接対話を重ねる中で、彼自身の価値観が大きく変わることになりました。これまでの野球人生で培った経験を活かし、若者たちに夢を追いかける大切さを伝える活動を始めました。松井さんは、スポーツの力で地域を活性化することを目指し、様々なイベントを企画するようになりました。彼の行動は、多くの人々に勇気を与えることとなり、社会に貢献する意義を再確認させるきっかけともなりました。
PF554274,松井秀喜,18.0,学術・研究,なし,0.0,あなたと同じ18歳のとき、松井秀喜は高校野球の全国大会である選抜高等学校野球大会に出場し、注目の選手となりました。彼は当時のチームを牽引し、強力な打撃力を発揮しました。特に、準決勝では大会史上初となる...,あなたと同じ18歳のとき、松井秀喜は高校野球の全国大会である選抜高等学校野球大会に出場し、注目の選手となりました。彼は当時のチームを牽引し、強力な打撃力を発揮しました。特に、準決勝では大会史上初となるホームランを放ち、チームを決勝に導く重要な役割を果たしました。この活躍により、松井は全国的に知られる存在となり、プロ野球からもスカウトが目をつけるようになりました。彼のこの成果は、後のメジャーリーグ挑戦へとつながり、野球界の星としての道を切り開くきっかけとなりました。
PDA4889C,松井秀喜,39.0,ビジネス,なし,0.0,あなたと同じ39歳のとき、松井秀喜はニューヨーク・ヤンキースからフリーエージェントとなりました。メジャーリーグでの活躍を続けるか、古巣の読売ジャイアンツに復帰するかの重大な決断を迫られました。悩んだ末...,あなたと同じ39歳のとき、松井秀喜はニューヨーク・ヤンキースからフリーエージェントとなりました。メジャーリーグでの活躍を続けるか、古巣の読売ジャイアンツに復帰するかの重大な決断を迫られました。悩んだ末、松井は日本球界復帰を選択。日米通算500本塁打の偉業達成を目指し、ファンの前でプレーする喜びを胸に、読売ジャイアンツに入団することになりました。
P743DC75,松井秀喜,20.0,スポーツ,なし,0.0,あなたと同じ20歳のとき、松井秀喜は星稜高校3年生とし、甲子園春夏連続出場を果たしました。春のセンバツのは準々決勝まで進出し、夏の選手権大会のは2回戦で明徳義塾高校と対戦しました。この試合で松井は5打...,あなたと同じ20歳のとき、松井秀喜は星稜高校3年生とし、甲子園春夏連続出場を果たしました。春のセンバツのは準々決勝まで進出し、夏の選手権大会のは2回戦で明徳義塾高校と対戦しました。この試合で松井は5打席連続敬遠という前代未聞の策を取られ、全国的な話題となりました。この出来事は高校野球史上最も有名なエピソードの一つとして語り継がれています。同年秋のドラフト会議では読売ジャイアンツから1位指名を受け、プロ野球選手への道を歩み始めました。高校通算60本塁打の記録を残し、アマチュア野球界では既に伝説的存在となっていました。
P431265F,松井珠理奈,25.0,ビジネス,なし,0.0,あなたと同じ25歳のとき、松井珠理奈は元アイドルとしてキャリアの重要な転機を迎えました。この時期、独自の視点と情熱を持って新しい挑戦に取り組み、その後の成功の基盤となる貴重な経験を積みました。周囲から...,あなたと同じ25歳のとき、松井珠理奈は元アイドルとしてキャリアの重要な転機を迎えました。この時期、独自の視点と情熱を持って新しい挑戦に取り組み、その後の成功の基盤となる貴重な経験を積みました。周囲からの期待と自身の目標との間で葛藤しながらも、決断力と行動力で道を切り開いていきました。人生の転機となる重要な選択でした。人生の岐路に立たされた際、自分の信念を貫く道を選びました。転機となる重大な選択でした。この転機が新たな物語の始まりとなった。
PDCF8114,松井珠理奈,31.0,スポーツ,なし,0.0,あなたと同じ31歳のとき、松井珠理奈はSKE48の12周年記念コンサートで、グループの功労者として表彰されました。アイドル人生の中で最も輝かしい瞬間の一つとなりました。メンバーたちから祝福され、ファン...,あなたと同じ31歳のとき、松井珠理奈はSKE48の12周年記念コンサートで、グループの功労者として表彰されました。アイドル人生の中で最も輝かしい瞬間の一つとなりました。メンバーたちから祝福され、ファンからは大きな声援を受けました。グループへの貢献と、アイドルとしての活躍が認められた特別な日になりました。アイドルの先駆者として、後輩たちの手本になる存在となりました。
P919A872,松井大輔,36.0,スポーツ,なし,0.0,あなたと同じ36歳のとき、松井大輔は現役を引退し、次世代を担う若手選手の指導者となりました。長年の経験と知識を活かし、選手一人ひとりに合わせたきめ細かな指導で、多くの才能を発掘・育成しました。松井コー...,あなたと同じ36歳のとき、松井大輔は現役を引退し、次世代を担う若手選手の指導者となりました。長年の経験と知識を活かし、選手一人ひとりに合わせたきめ細かな指導で、多くの才能を発掘・育成しました。松井コーチの元で練習に励む選手たちは、次々と国内外の大会で好成績を収め、日本のフィギュアスケート界に新たな活力をもたらしました。松井自身も選手時代の厳しい練習を乗り越えてきた経験から、選手の気持ちに寄り添いながら、時には厳しく、時には優しく導く姿は、多くの人々に感動を与えました。
P71D7BB4,村上春樹,38.0,芸術・文化,なし,2.0,あなたと同じ38歳のとき、村上春樹は長編小説『ノルウェーの森』を発表し、日本文学史上まれに見る社会現象を巻き起こした。初版43万部という当時としては異例の大部数で刊行され、上下巻合わせて累計1000万...,あなたと同じ38歳のとき、村上春樹は長編小説『ノルウェーの森』を発表し、日本文学史上まれに見る社会現象を巻き起こした。初版43万部という当時としては異例の大部数で刊行され、上下巻合わせて累計1000万部を超えるベストセラーとなった。書店には連日長蛇の列ができ、若者を中心に「村上現象」と呼ばれる文学ブームが起こった。この作品できっかけに村上春樹は国民的作家としての地位を確立し、日本の現代文学に大きな転換点をもたらした。
P7CCBD87,服部幸應,42.0,その他,なし,0.0,あなたと同じ42歳のとき、服部幸應は「料理の鉄人」の解説者として全国的な知名度を獲得した。1993年、食育の重要性を説き続け、食育基本法の制定に尽力。服部栄養専門学校の校長として料理人を多数輩出。,あなたと同じ42歳のとき、服部幸應は「料理の鉄人」の解説者として全国的な知名度を獲得した。1993年、食育の重要性を説き続け、食育基本法の制定に尽力。服部栄養専門学校の校長として料理人を多数輩出。
PBAA588A,村上春樹,56.0,学術・研究,なし,2.0,あなたと同じ56歳のとき、村上春樹は長編小説「1Q84」の執筆に取り組んでいました。この作品は、現実と非現実が交錯する不思議な世界観が特徴的です。村上は、登場人物たちの心理描写に深みを与えるため、何度...,あなたと同じ56歳のとき、村上春樹は長編小説「1Q84」の執筆に取り組んでいました。この作品は、現実と非現実が交錯する不思議な世界観が特徴的です。村上は、登場人物たちの心理描写に深みを与えるため、何度も推敲を重ねました。その結果、「1Q84」は村上の代表作の一つとなり、国内外で高い評価を得ることになりました。この経験を通して、村上は小説家としての表現力をさらに磨き上げていきました。
P1FEDE02,村上信夫,67.0,芸術・文化,なし,0.0,あなたと同じ67歳のとき、村上信夫は新たな陶芸のスタイルに挑戦することになりました。これまでの伝統的な技法に加え、現代アートの要素を取り入れることで、作品に新しい命を吹き込むことを目指しました。しかし...,あなたと同じ67歳のとき、村上信夫は新たな陶芸のスタイルに挑戦することになりました。これまでの伝統的な技法に加え、現代アートの要素を取り入れることで、作品に新しい命を吹き込むことを目指しました。しかし、初めての試みであったため、数々の失敗と試行錯誤が続きました。焼き上がりが思い通りにならないこともあり、心が折れそうになる瞬間もありました。しかし、彼はその困難を乗り越え、独自のスタイルを確立することに成功しました。その結果、彼の作品は国内外で高く評価されるようになり、陶芸界に新たな風を吹き込む存在となりました。
P22B1DCF,本田圭佑,24.0,スポーツ,ワールドカップ,0.0,あなたと同じ24歳のとき、本田圭佑は南アフリカW杯で日本代表の10番を背負い、グループリーグ突破の立役者となった。デンマーク戦では32メートルの距離から放った左足フリーキックがゴールネットを揺らし、こ...,あなたと同じ24歳のとき、本田圭佑は南アフリカW杯で日本代表の10番を背負い、グループリーグ突破の立役者となった。デンマーク戦では32メートルの距離から放った左足フリーキックがゴールネットを揺らし、この得点が日本の決勝トーナメント進出を決定づけました。実は彼は大会前、膝の怪我の満足に練習できない状況は3週間も続いていましたが、毎日5時間のリハビリを欠かさず行い、本番のは3試合すべてでフル出場を果たした。
P677360C,本田圭人,17.0,スポーツ,なし,0.0,あなたと同じ17歳のとき、本田圭人はオランダのVVVフェンロに移籍し、海外でのプロキャリアをスタートさせました。言葉や文化の壁に苦労しながらも、必死に努力を重ねた結果、徐々に実力を発揮するようになりま...,あなたと同じ17歳のとき、本田圭人はオランダのVVVフェンロに移籍し、海外でのプロキャリアをスタートさせました。言葉や文化の壁に苦労しながらも、必死に努力を重ねた結果、徐々に実力を発揮するようになりました。チームメイトからも信頼されるようになり、レギュラーの座を掴み取ったのです。この経験が、その後の本田選手の飛躍につながる大きな転機となりました。
P2C40848,本田哲也,37.0,政治・社会,なし,0.0,あなたと同じ37歳のとき、本田哲也は、HIV陽性者の支援活動を本格的に始めました。当時、HIV感染者に対する差別や偏見が根強い中、本田さんは感染者の生活支援や啓発活動に尽力しました。医療関係者や行政と...,あなたと同じ37歳のとき、本田哲也は、HIV陽性者の支援活動を本格的に始めました。当時、HIV感染者に対する差別や偏見が根強い中、本田さんは感染者の生活支援や啓発活動に尽力しました。医療関係者や行政との連携を深め、HIV陽性者の就労支援や社会復帰のためのプログラムを立ち上げるなど、感染者が社会の一員として生きていける環境づくりに貢献しました。その功績が認められ、国内外から高い評価を受けるようになりました。
PA76B11E,本村昌紀,33.0,学術・研究,なし,0.0,あなたと同じ33歳のとき、本村昌紀は日本人初の国際宇宙ステーション長期滞在クルーに選ばれました。厳しい訓練を乗り越え、2009年にソユーズ宇宙船で打ち上げられ、国際宇宙ステーションでの長期ミッションを...,あなたと同じ33歳のとき、本村昌紀は日本人初の国際宇宙ステーション長期滞在クルーに選ばれました。厳しい訓練を乗り越え、2009年にソユーズ宇宙船で打ち上げられ、国際宇宙ステーションでの長期ミッションを開始しました。宇宙での生活や実験を通して、人類の宇宙開発に大きく貢献することになりました。地上との交信イベントでは子供たちに宇宙の魅力を伝え、科学の発展と平和利用の大切さを訴えました。本村さんの活躍は、日本の宇宙開発の新たな一歩となりました。
PF7F73EE,本庶佑,76.0,科学・技術,ノーベル賞,0.0,あなたと同じ76歳のとき、本庶佑（76歳）は2018年、ノーベル生理学・医学賞を受賞しました。免疫療法の研究で、論文投稿70回以上がリジェクトされ、15年間研究資金確保に苦労しました。製薬企業50社以...,あなたと同じ76歳のとき、本庶佑（76歳）は2018年、ノーベル生理学・医学賞を受賞しました。免疫療法の研究で、論文投稿70回以上がリジェクトされ、15年間研究資金確保に苦労しました。製薬企業50社以上から共同研究を断られ、8年間実用化の道筋が見えなかっました。しかし501回目の実験でPD-1の機能解明に成功し、画期的な免疫チェックポイント阻害剤開発への道を開いました。学生時代に父を癌で失った体験が、癌治療法開発への原動力となりました。この発見の世界で100万人以上の癌患者の命を救い、免疫療法市場を年間5兆円...
P8049171,本庶佑,50.0,医学・健康,なし,0.0,あなたと同じ50歳のとき、本庶佑はPD-1を発見し、がん免疫療法の基盤を築くしました。PD-1発見を記録し、オプジーボ開発につながるを記録し、この発明により、がん治療に革命をもたらし、免疫チェックポイ...,あなたと同じ50歳のとき、本庶佑はPD-1を発見し、がん免疫療法の基盤を築くしました。PD-1発見を記録し、オプジーボ開発につながるを記録し、この発明により、がん治療に革命をもたらし、免疫チェックポイント阻害剤の開発を可能にしたという大きな影響を与えました。長年の経験を活かした取り組みとして、大きな意味を持ちました。その実績は広く認められました。新たな可能性を大きく開くことができました。この発想が新たな流れを生み出した。
P0794222,本多光太郎,61.0,科学・技術,なし,0.0,あなたと同じ61歳のとき、本多光太郎は日本で初めて強磁性体の物理的性質を解明し、「本多-菊池の法則」を発見しました。この法則は、強磁性体の磁化と温度の関係を表す重要な法則で、現在でも磁性材料の研究に広...,あなたと同じ61歳のとき、本多光太郎は日本で初めて強磁性体の物理的性質を解明し、「本多-菊池の法則」を発見しました。この法則は、強磁性体の磁化と温度の関係を表す重要な法則で、現在でも磁性材料の研究に広く応用されています。本多の発見は、日本の物理学研究を大きく前進させ、世界的にも高く評価されるようになりました。
PE3DED76,木村隼人,25.0,スポーツ,なし,0.0,あなたと同じ25歳のとき、木村隼人は野球選手（外野手）としてキャリアの重要な転機を迎えました。この時期、独自の視点と情熱を持って新しい挑戦に取り組み、その後の成功の基盤となる貴重な経験を積みました。周...,あなたと同じ25歳のとき、木村隼人は野球選手（外野手）としてキャリアの重要な転機を迎えました。この時期、独自の視点と情熱を持って新しい挑戦に取り組み、その後の成功の基盤となる貴重な経験を積みました。周囲からの期待と自身の目標との間で葛藤しながらも、決断力と行動力で道を切り開いていきました。新たな道への第一歩を踏み出したのです。この転機により、新たな可能性が開かれることになりました。重要な分岐点となった出来事でした。この出会いが運命を変えることになった。
P2DC7188,本田宗一郎,40.0,ビジネス,なし,0.0,あなたと同じ40歳のとき、本田宗一郎（40歳）は1946年、浜松の廃工場で本田技研工業を創業しました。戦後の混乱で資材調達は困難を極め、50社以上の部品メーカーから取引を断られ、最初の6ヶ月間は売上ゼ...,あなたと同じ40歳のとき、本田宗一郎（40歳）は1946年、浜松の廃工場で本田技研工業を創業しました。戦後の混乱で資材調達は困難を極め、50社以上の部品メーカーから取引を断られ、最初の6ヶ月間は売上ゼロが続いました。しかし父の鍛冶屋の培った「技術の人々の生活の豊かでしたい」想いを胸に、廃材から自転車補助エンジンを開発。51社目の交渉で初の大口契約200台を獲得しました。これが年間8000万台生産体制の礎となり、世界190カ国で展開するホンダ帝国へと発展。従業員20万人の雇用を創出し、日本のモノづくり精神を世界...
PF8D680D,木村重信,73.0,芸術・文化,なし,0.0,あなたと同じ73歳のとき、木村重信は自身の舞踊スタイルに大きな転機が訪れました。それまで現代舞踊の第一人者として活躍してきた木村でしたが、73歳を迎えた頃、自身の舞踊観に変化が生じたのです。若い頃の激...,あなたと同じ73歳のとき、木村重信は自身の舞踊スタイルに大きな転機が訪れました。それまで現代舞踊の第一人者として活躍してきた木村でしたが、73歳を迎えた頃、自身の舞踊観に変化が生じたのです。若い頃の激しく力強い動きから、より内面的で静謐な表現へと移行し始めました。人生の集大成として、木村は自身の舞踊哲学を凝縮した新たな作品の構想を練り始めたのです。この転機を経て、木村重信は舞踊家としてさらなる深みを増していくこととなりました。
P0BD9E6F,木村英輝,64.0,芸術・文化,なし,0.0,あなたと同じ64歳のとき、木村英輝は新たな挑戦に取り組んでいました。彼は長年の経験を生かし、大規模な公共彫刻の制作に挑むことになりました。しかし、資金不足や制作場所の確保、地域住民とのコミュニケーショ...,あなたと同じ64歳のとき、木村英輝は新たな挑戦に取り組んでいました。彼は長年の経験を生かし、大規模な公共彫刻の制作に挑むことになりました。しかし、資金不足や制作場所の確保、地域住民とのコミュニケーションなど、さまざまな困難が立ちはだかりました。特に、地域の文化に対する理解を深めることが重要であると感じ、彼は何度も住民との話し合いを行いました。苦労の末、彼の作品は地域のシンボルとなり、多くの人々に愛される存在になりました。この経験を通じて、木村は芸術が持つ力を再認識することとなりました。
P20346E9,木村花,19.0,ビジネス,なし,0.0,あなたと同じ19歳のとき、木村花はプロレスラーデビューを果たしました。木村は母親である木村響子の影響で、幼い頃からプロレスに親しんでいました。高校卒業後、本格的にプロレスラーを目指すことを決意し、厳し...,あなたと同じ19歳のとき、木村花はプロレスラーデビューを果たしました。木村は母親である木村響子の影響で、幼い頃からプロレスに親しんでいました。高校卒業後、本格的にプロレスラーを目指すことを決意し、厳しいトレーニングに励みました。そして19歳でデビュー戦に臨み、技術と気迫あふれる試合内容で観客を魅了しました。プロレスラーとしての第一歩を踏み出した瞬間は、木村にとって人生の大きな転機となりました。
P2F5B850,木村拓哉,20.0,エンターテイメント,なし,0.0,あなたと同じ20歳のとき、木村拓哉は『あすなろ白書』で大ブレイクした。1993年、SMAPのメンバーとして活動しながら俳優としても頭角を現し、「キムタク現象」を巻き起こした。,あなたと同じ20歳のとき、木村拓哉は『あすなろ白書』で大ブレイクした。1993年、SMAPのメンバーとして活動しながら俳優としても頭角を現し、「キムタク現象」を巻き起こした。
P4D8796A,木村凛,25.0,スポーツ,なし,0.0,あなたと同じ25歳のとき、木村凛はサッカー選手（GK）としてキャリアの重要な転機を迎えました。この時期、独自の視点と情熱を持って新しい挑戦に取り組み、その後の成功の基盤となる貴重な経験を積みました。周...,あなたと同じ25歳のとき、木村凛はサッカー選手（GK）としてキャリアの重要な転機を迎えました。この時期、独自の視点と情熱を持って新しい挑戦に取り組み、その後の成功の基盤となる貴重な経験を積みました。周囲からの期待と自身の目標との間で葛藤しながらも、決断力と行動力で道を切り開いていきました。人生の転機となる重要な選択でした。重要な選択を迫られた時、将来を見据えた判断を下しました。人生の重要な転機となった出来事でした。この転換が次のステージへの扉を開いた。
P3AD4C55,木村兼好,72.0,政治・社会,なし,0.0,あなたと同じ72歳のとき、木村兼好は舞台『蘭』で主演を務め、圧巻の演技を披露しました。この作品は木村の俳優人生の集大成とも言える作品で、老いてなお衰えぬ演技力と存在感で観客を魅了しました。木村は役作り...,あなたと同じ72歳のとき、木村兼好は舞台『蘭』で主演を務め、圧巻の演技を披露しました。この作品は木村の俳優人生の集大成とも言える作品で、老いてなお衰えぬ演技力と存在感で観客を魅了しました。木村は役作りのために入念なリサーチを行い、登場人物の心情を深く理解することで、リアリティのある演技を実現しました。この舞台は大きな反響を呼び、木村の俳優としての功績が改めて称えられる出来事となりました。
PB392B99,朝青龍,22.0,スポーツ,なし,0.0,あなたと同じ22歳のとき、朝青龍は横綱に昇進した。2003年、モンゴル出身初の横綱。闘志むき出しの相撲で優勝25回を達成。土俵外での言動も話題を呼び、賛否両論ありながらも平成の角界を盛り上げた。,あなたと同じ22歳のとき、朝青龍は横綱に昇進した。2003年、モンゴル出身初の横綱。闘志むき出しの相撲で優勝25回を達成。土俵外での言動も話題を呼び、賛否両論ありながらも平成の角界を盛り上げた。
P1B76016,朝永振一郎,59.0,科学・技術,ノーベル賞,0.0,あなたと同じ59歳のとき、朝永振一郎（59歳）は1965年、日本人初となる理論物理学でのノーベル物理学賞受賞偉業を達成しました。しかし研究の道のりは険しく、量子電気力学の繰り込み理論で80本以上の論文...,あなたと同じ59歳のとき、朝永振一郎（59歳）は1965年、日本人初となる理論物理学でのノーベル物理学賞受賞偉業を達成しました。しかし研究の道のりは険しく、量子電気力学の繰り込み理論で80本以上の論文を国際誌に投稿するも次々とリジェクトされ、10年間評価されない時期が続いました。転機は81本目の論文で画期的な「超多時間理論」が認められたことだっました。学生時代のハイゼンベルクの講演に聞き「物理学で世界の本質を解明したい」と決意したことが原点だっました。この理論は素粒子物理学の発展に貢献し、後に3000本以上の...
P1DB7F88,朝倉海,25.0,ビジネス,なし,0.0,あなたと同じ25歳のとき、朝倉海はYouTuberとしてキャリアの重要な転機を迎えました。この時期、独自の視点と情熱を持って新しい挑戦に取り組み、その後の成功の基盤となる貴重な経験を積みました。周囲か...,あなたと同じ25歳のとき、朝倉海はYouTuberとしてキャリアの重要な転機を迎えました。この時期、独自の視点と情熱を持って新しい挑戦に取り組み、その後の成功の基盤となる貴重な経験を積みました。周囲からの期待と自身の目標との間で葛藤しながらも、決断力と行動力で道を切り開いていきました。新たな道への第一歩を踏み出したのです。困難な選択でしたが、後に大きな成果をもたらしました。大きな変革をもたらす転機でした。この転機が新たな物語の始まりとなった。
P226B5A7,木村貴志,67.0,科学・技術,なし,0.0,あなたと同じ67歳のとき、木村貴志は新しい再生可能エネルギーの開発に挑戦していました。彼は、環境問題に対する解決策を模索する中で、多くの技術的な困難に直面しました。特に、効率的なエネルギー変換システム...,あなたと同じ67歳のとき、木村貴志は新しい再生可能エネルギーの開発に挑戦していました。彼は、環境問題に対する解決策を模索する中で、多くの技術的な困難に直面しました。特に、効率的なエネルギー変換システムの構築は、彼にとって大きな壁となりました。しかし、彼は諦めずに試行錯誤を重ね、仲間たちと共に研究を続けました。その結果、彼のチームは画期的な技術を生み出すことに成功し、再生可能エネルギーの普及に貢献する道筋をつけました。木村はその経験を通じて、挑戦を恐れずに前に進むことの大切さを学びました。
P6856B10,本田宗一郎,59.0,学術・研究,なし,0.0,あなたと同じ59歳のとき、本田宗一郎は、ホンダの創業から15年が経ち、世界的な自動車メーカーとしての地位を確立しました。特に、アメリカでの販売台数が急増し、現地生産も開始。また、F1レースへの参戦を決...,あなたと同じ59歳のとき、本田宗一郎は、ホンダの創業から15年が経ち、世界的な自動車メーカーとしての地位を確立しました。特に、アメリカでの販売台数が急増し、現地生産も開始。また、F1レースへの参戦を決断し、モータースポーツの世界でも存在感を示すようになりました。技術革新と挑戦を続ける本田の姿勢は、多くの人々に勇気と希望を与えることとなりました。
P6856B10,本田宗一郎,69.0,政治・社会,なし,0.0,あなたと同じ69歳のとき、本田宗一郎は、世界初の低公害エンジン「CVCC」の開発に成功しました。これにより、当時の厳しい排ガス規制をクリアし、ホンダの環境技術の先進性を世界に示すことができました。本田...,あなたと同じ69歳のとき、本田宗一郎は、世界初の低公害エンジン「CVCC」の開発に成功しました。これにより、当時の厳しい排ガス規制をクリアし、ホンダの環境技術の先進性を世界に示すことができました。本田宗一郎の技術者魂と挑戦者精神が、自動車業界に大きな影響を与えた画期的な出来事となりました。
P6856B10,本田宗一郎,72.0,科学・技術,なし,0.0,あなたと同じ72歳のとき、本田宗一郎は、ホンダの創業者としての責任感から、引退後も技術者の育成に力を注ぎました。若手技術者に対して、失敗を恐れずに挑戦することの大切さを説きました。「百発百中より一発必...,あなたと同じ72歳のとき、本田宗一郎は、ホンダの創業者としての責任感から、引退後も技術者の育成に力を注ぎました。若手技術者に対して、失敗を恐れずに挑戦することの大切さを説きました。「百発百中より一発必中」という言葉を残し、独創的な発想を持つエンジニアの輩出に尽力しました。晩年まで技術革新への情熱を持ち続け、後進の指導に当たりました。
PC3428E2,村上世彰,52.0,ビジネス,なし,0.0,あなたと同じ52歳のとき、村上世彰は投資活動再開しシンガポールでファンド設立しました。運用資産2000億円という記録を達成し、投資先50社という記録を達成しました。これを果たし、投資家としての信頼回復...,あなたと同じ52歳のとき、村上世彰は投資活動再開しシンガポールでファンド設立しました。運用資産2000億円という記録を達成し、投資先50社という記録を達成しました。これを果たし、投資家としての信頼回復という大きな影響を与えました。経営的視点と戦略的思考を駆使し、業界に新たな価値基準を打ち立てました。その手法は後の経営者たちにも大きな影響を与えています。不屈の精神で再起に成功した瞬間でした。この復活劇は多くの人に感動を与えた。この復帰劇が業界に衝撃を与えた。
PE221FCC,杉村太蔵,71.0,スポーツ,なし,0.0,あなたと同じ71歳のとき、杉村太蔵は水泳教室の講師として活動を始めました。現役時代に培った技術や経験を次世代に伝えることが新たな使命となりました。子供たちに水泳の楽しさを教えながら、安全面にも細心の注...,あなたと同じ71歳のとき、杉村太蔵は水泳教室の講師として活動を始めました。現役時代に培った技術や経験を次世代に伝えることが新たな使命となりました。子供たちに水泳の楽しさを教えながら、安全面にも細心の注意を払っています。教え子たちが上達していく姿を見るたびに、コーチとしてのやりがいを感じています。今では地域のスポーツ振興にも尽力し、健康づくりのための水中ウォーキング教室なども開催しています。
PD1FD8D2,杉本博司,60.0,芸術・文化,なし,0.0,あなたと同じ60歳のとき、杉本博司は直島の護王神社を設計し、古代建築の研究成果を現代に蘇らせました。3年間にわたる古文書の調査で、平安時代の神社建築様式を忠実に再現し、釘を1本も使わない伝統工法で完成...,あなたと同じ60歳のとき、杉本博司は直島の護王神社を設計し、古代建築の研究成果を現代に蘇らせました。3年間にわたる古文書の調査で、平安時代の神社建築様式を忠実に再現し、釘を1本も使わない伝統工法で完成させました。写真家とし、世界的名声を得ていた彼は建築家として挑戦することに周囲は驚きましたが、幼少期から抱いていた建築への憧れを実現する機会でしました。地下神殿のような空間は、光の角度まで計算され、訪れる人々で時間の流れに感じさせる独特な体験を提供しています。
PF227C2D,杉本博司,55.0,学術・研究,なし,0.0,あなたと同じ55歳のとき、杉本博司は、ニューヨークのグッゲンハイム美術館で大規模な個展を開催しました。この個展は、杉本の芸術家人生における大きな転機となりました。彼の写真作品や彫刻作品が世界中から高い...,あなたと同じ55歳のとき、杉本博司は、ニューヨークのグッゲンハイム美術館で大規模な個展を開催しました。この個展は、杉本の芸術家人生における大きな転機となりました。彼の写真作品や彫刻作品が世界中から高い評価を受け、国際的な現代美術界で確固たる地位を確立することになりました。この個展の成功をきっかけに、杉本は更なる創作活動に励み、新たな表現の可能性を追求し続けています。
PD787063,杉山愛,25.0,ビジネス,なし,0.0,あなたと同じ25歳のとき、杉山愛は元テニス選手としてキャリアの重要な転機を迎えました。この時期、独自の視点と情熱を持って新しい挑戦に取り組み、その後の成功の基盤となる貴重な経験を積みました。周囲からの...,あなたと同じ25歳のとき、杉山愛は元テニス選手としてキャリアの重要な転機を迎えました。この時期、独自の視点と情熱を持って新しい挑戦に取り組み、その後の成功の基盤となる貴重な経験を積みました。周囲からの期待と自身の目標との間で葛藤しながらも、決断力と行動力で道を切り開いていきました。人生の転機となる重要な選択でした。大胆な方向転換により、新たな道が開けていきました。人生の方向性が定まる瞬間でした。この決断が人生の方向性を決定づけた。この選択が新たな道を切り開いた。
P3781290,杉山愛,48.0,スポーツ,なし,0.0,あなたと同じ48歳のとき、杉山愛は現役引退後の人生に挑戦していました。テニス一筋の人生から新たな道を模索する中で、指導者としての道を選びました。豊富な経験と知識を活かし、次世代のテニス選手の育成に尽力...,あなたと同じ48歳のとき、杉山愛は現役引退後の人生に挑戦していました。テニス一筋の人生から新たな道を模索する中で、指導者としての道を選びました。豊富な経験と知識を活かし、次世代のテニス選手の育成に尽力します。時には指導方法に悩むこともありましたが、選手時代に培った粘り強さと向上心で乗り越えていきました。コーチとしての手腕が認められ、日本テニス界の発展に大きく貢献することとなりました。
PBB1FC74,杉原千畝,14.0,政治・社会,なし,0.0,あなたと同じ14歳のとき、杉原千畝は神戸中学校に通いながら、将来は外交官になりたいと強く願っていました。その頃、第一次世界大戦が勃発し、世界情勢が大きく変化する中で、杉原は国際社会で活躍し、平和に貢献...,あなたと同じ14歳のとき、杉原千畝は神戸中学校に通いながら、将来は外交官になりたいと強く願っていました。その頃、第一次世界大戦が勃発し、世界情勢が大きく変化する中で、杉原は国際社会で活躍し、平和に貢献したいという思いを強くしていきました。この時期の経験が、後に「命のビザ」と呼ばれる人道的な活動につながる、人生の転機となりました。
PBB1FC74,杉原千畝,66.0,学術・研究,なし,0.0,あなたと同じ66歳のとき、杉原千畝は第二次世界大戦中にリトアニアの日本領事館で勤務していました。ナチスドイツによるユダヤ人迫害が激化する中、杉原は命の危険を顧みず、6000人以上のユダヤ人に「命のビザ...,あなたと同じ66歳のとき、杉原千畝は第二次世界大戦中にリトアニアの日本領事館で勤務していました。ナチスドイツによるユダヤ人迫害が激化する中、杉原は命の危険を顧みず、6000人以上のユダヤ人に「命のビザ」を発給しました。上司からの中止命令や周囲の反対にも屈せず、人道的な信念に基づいて行動を続けました。戦後、杉原の功績は「日本のシンドラー」と称えられ、ユダヤ人社会から深い感謝を受けることとなりました。
P32AD527,本郷理華,14.0,スポーツ,なし,0.0,あなたと同じ14歳のとき、本郷理華はジュニアグランプリファイナルで優勝しました。その演技は芸術性と技術力の高さで観客を魅了し、将来有望な選手として一躍脚光を浴びました。この優勝をきっかけに、本郷理華は...,あなたと同じ14歳のとき、本郷理華はジュニアグランプリファイナルで優勝しました。その演技は芸術性と技術力の高さで観客を魅了し、将来有望な選手として一躍脚光を浴びました。この優勝をきっかけに、本郷理華は世界のトップスケーターとして活躍の場を広げていくこととなりました。
PCE69691,本田雅一,45.0,スポーツ,なし,0.0,あなたと同じ45歳のとき、本田雅一はモトクロス世界選手権で最年長優勝記録を更新しました。レース中に転倒し、右肩を脱臼するという大けがを負いながらも、痛みに耐えて走り続けました。最後まで諦めずに挑戦し続...,あなたと同じ45歳のとき、本田雅一はモトクロス世界選手権で最年長優勝記録を更新しました。レース中に転倒し、右肩を脱臼するという大けがを負いながらも、痛みに耐えて走り続けました。最後まで諦めずに挑戦し続ける姿勢が、多くの人々に感動を与えました。記録更新の瞬間、本田は「年齢は関係ない。諦めなければ夢は必ず叶う」と語り、ファンに勇気と希望を与えるメッセージを送りました。
P390C958,本田翼,17.0,政治・社会,なし,0.0,あなたと同じ17歳のとき、本田翼は芸能界での活動と高校生活の両立に悩んでいました。学業と仕事の両立は想像以上に大変で、体調を崩すこともありました。しかし、支えてくれる家族や仲間のおかげで乗り越えること...,あなたと同じ17歳のとき、本田翼は芸能界での活動と高校生活の両立に悩んでいました。学業と仕事の両立は想像以上に大変で、体調を崩すこともありました。しかし、支えてくれる家族や仲間のおかげで乗り越えることができ、女優としての活動を続けながら高校を卒業することができました。この経験から、本田は周りの人への感謝の気持ちを忘れず、困難な状況でも前を向いて頑張ることの大切さを学びました。
P390C958,本田翼,21.0,エンターテイメント,なし,0.0,あなたと同じ21歳のとき、本田翼は女優としての道を歩み始めたばかりでした。演技経験が浅く、オーディションでなかなか合格できない日々が続きました。それでも諦めずに練習を重ね、自分の個性を活かせる役柄を探...,あなたと同じ21歳のとき、本田翼は女優としての道を歩み始めたばかりでした。演技経験が浅く、オーディションでなかなか合格できない日々が続きました。それでも諦めずに練習を重ね、自分の個性を活かせる役柄を探し続けました。何度も挫折を味わいましたが、持ち前の明るさと前向きな姿勢で乗り越えていきました。そして、少しずつ役者としての評価を得るようになり、女優の道で着実に成長していくことになりました。
PC786E8B,本田美奈子,17.0,政治・社会,なし,0.0,あなたと同じ17歳のとき、本田美奈子は第31回日本レコード大賞で最優秀新人賞を受賞しました。デビュー曲「Oneway Generation」が大ヒットし、同年の紅白歌合戦にも出場。その強烈なパフォーマ...,あなたと同じ17歳のとき、本田美奈子は第31回日本レコード大賞で最優秀新人賞を受賞しました。デビュー曲「Oneway Generation」が大ヒットし、同年の紅白歌合戦にも出場。その強烈なパフォーマンスと歌唱力で一躍注目を集めることになりました。社会現象とも言えるブームを巻き起こし、日本の音楽シーンに新風を吹き込んだ彼女の活躍は、多くの若者に夢と希望を与えました。
P364889C,本田真凜,16.0,スポーツ,オリンピック,0.0,あなたと同じ16歳のとき、本田真凜は世界ジュニア選手権で銀メダルを獲得しました。シニアデビュー2年目の大舞台で、世界のトップ選手に挑む姿勢は多くの人を感動させました。この経験を糧に、本田は更なる高みを...,あなたと同じ16歳のとき、本田真凜は世界ジュニア選手権で銀メダルを獲得しました。シニアデビュー2年目の大舞台で、世界のトップ選手に挑む姿勢は多くの人を感動させました。この経験を糧に、本田は更なる高みを目指して努力を重ねることとなりました。16歳という若さで世界と戦う勇気と強い精神力は、多くの人に希望と勇気を与えてくれます。
PA2A36C4,本田泰人,42.0,スポーツ,なし,0.0,あなたと同じ42歳のとき、本田泰人はサーフィン界の常識を覆す快挙を成し遂げました。世界最高峰のWSLチャンピオンシップツアーで、42歳という年齢では考えられないほどの活躍を見せたのです。若手選手が目立...,あなたと同じ42歳のとき、本田泰人はサーフィン界の常識を覆す快挙を成し遂げました。世界最高峰のWSLチャンピオンシップツアーで、42歳という年齢では考えられないほどの活躍を見せたのです。若手選手が目立つツアーにおいて、ベテランの技と経験を存分に発揮し、シーズンを通して安定した高成績を収めました。年齢を重ねるごとに磨きがかかる本田のサーフィンに、世界中のファンが魅了されました。最終的に年間ランキング5位という驚異的な結果を残し、サーフィン人生の新たな頂点に立ったのです。
P569B26A,本田武史,16.0,スポーツ,なし,0.0,あなたと同じ16歳のとき、本田武史はアマチュアボクシングの全日本選手権大会で優勝し、日本人最年少記録を更新しました。その後、プロボクサーとしてデビューし、WBA世界ミニマム級のタイトルを獲得。16歳と...,あなたと同じ16歳のとき、本田武史はアマチュアボクシングの全日本選手権大会で優勝し、日本人最年少記録を更新しました。その後、プロボクサーとしてデビューし、WBA世界ミニマム級のタイトルを獲得。16歳という若さで、世界チャンピオンになるという快挙を成し遂げました。努力と才能が結実した瞬間となりました。
PEFFF507,本田望結,17.0,科学・技術,なし,0.0,あなたと同じ17歳のとき、本田望結はフィギュアスケートの全日本選手権で悔しい思いをしました。シニアデビューシーズンで初出場した全日本選手権で、ショートプログラムでは自己ベストを更新する好演技を見せまし...,あなたと同じ17歳のとき、本田望結はフィギュアスケートの全日本選手権で悔しい思いをしました。シニアデビューシーズンで初出場した全日本選手権で、ショートプログラムでは自己ベストを更新する好演技を見せましたが、フリーでは転倒が響き、表彰台には届きませんでした。しかし、この経験を糧に、次のシーズンに向けて技術面、精神面ともに成長を遂げ、世界のトップスケーターを目指して日々努力を重ねています。
PEFFF507,本田望結,21.0,スポーツ,オリンピック,0.0,あなたと同じ21歳のとき、本田望結は全日本選手権で初優勝を果たしました。シニアに上がって3年目のシーズン、これまでの経験と努力が実を結びました。フリーの演技では自己ベストを更新し、観客を魅了しました。...,あなたと同じ21歳のとき、本田望結は全日本選手権で初優勝を果たしました。シニアに上がって3年目のシーズン、これまでの経験と努力が実を結びました。フリーの演技では自己ベストを更新し、観客を魅了しました。表彰台で金メダルを手にした時、本田は感極まって涙を流しました。この優勝が、本田にとって国際舞台で活躍するための大きな自信となりました。
PF53558C,本田敬子,37.0,政治・社会,なし,0.0,あなたと同じ37歳のとき、本田敬子は、アフリカの貧困地域で教育支援活動を行うNGO「ホープ・フォー・チルドレン」を設立しました。現地の子供たちに教育の機会を提供するため、学校建設プロジェクトを立ち上げ...,あなたと同じ37歳のとき、本田敬子は、アフリカの貧困地域で教育支援活動を行うNGO「ホープ・フォー・チルドレン」を設立しました。現地の子供たちに教育の機会を提供するため、学校建設プロジェクトを立ち上げ、日本国内外から多くの賛同者を集めました。困難な状況の中でも諦めずに活動を続け、1年後には3つの小学校を完成させることに成功。本田さんの強い信念と行動力が、多くの子供たちの未来を切り開く一歩となりました。
P9D738AB,村上春樹,33.0,ビジネス,なし,2.0,あなたと同じ33歳のとき、村上春樹は自らの小説が思うように評価されず、苦悩の時期を迎えていました。その頃、彼は「ノルウェイの森」を執筆しており、何度も書き直しを重ねる日々が続いていました。周囲からの期...,あなたと同じ33歳のとき、村上春樹は自らの小説が思うように評価されず、苦悩の時期を迎えていました。その頃、彼は「ノルウェイの森」を執筆しており、何度も書き直しを重ねる日々が続いていました。周囲からの期待と自分の理想とのギャップに悩み、時には作品を捨てようかとも考えたそうです。しかし、彼は挑戦を続け、自らのスタイルを貫くことを選びました。結果として、「ノルウェイの森」は大ヒットし、彼の名を世界に知らしめることになりました。この経験は、彼にとって大きな転機となったのです。
P119CC03,片岡愛之助,30.0,芸術・文化,なし,0.0,あなたと同じ30歳のとき、片岡愛之助は『半沢直樹』で黒崎駿一役を演じブレイクした。2013年、歌舞伎俳優として初のテレビドラマ主要キャスト。伝統芸能と現代エンタメの架け橋となった。,あなたと同じ30歳のとき、片岡愛之助は『半沢直樹』で黒崎駿一役を演じブレイクした。2013年、歌舞伎俳優として初のテレビドラマ主要キャスト。伝統芸能と現代エンタメの架け橋となった。
P32DBCBA,片岡篤史,56.0,スポーツ,なし,0.0,あなたと同じ56歳のとき、片岡篤史はJリーグのFC琉球の監督に就任しました。現役時代に培った豊富な経験と知識を活かし、チームを率いて J2リーグ優勝を果たします。監督としてのデビューシーズンでの快挙と...,あなたと同じ56歳のとき、片岡篤史はJリーグのFC琉球の監督に就任しました。現役時代に培った豊富な経験と知識を活かし、チームを率いて J2リーグ優勝を果たします。監督としてのデビューシーズンでの快挙となりました。選手時代から一貫してフェアプレーを重んじ、リーダーシップを発揮してきた片岡監督の手腕が見事に発揮された結果となりました。
P816A697,玉置浩二,56.0,音楽,なし,0.0,あなたと同じ56歳のとき、玉置浩二は日本武道館でコンサートを開催しました。北海道旭川市生まれ、安全地帯に結成し「ワインレッドの心」「恋の予感」などのヒット曲を発表しました、ソロ活動を開始し、「田園」「...,あなたと同じ56歳のとき、玉置浩二は日本武道館でコンサートを開催しました。北海道旭川市生まれ、安全地帯に結成し「ワインレッドの心」「恋の予感」などのヒット曲を発表しました、ソロ活動を開始し、「田園」「メロディー」などの楽曲を制作。安全地帯での活動と並行し、ソロで20枚以上のアルバムをリリース。4オクターブの音域を持つ歌声で知られます。作詞・作曲家として他アーティストへの楽曲提供も手がけ、30年以上にわたり日本の音楽シーンで活動を続けています。
PA115F60,辻井伸行,23.0,芸術・文化,なし,0.0,あなたと同じ23歳のとき、辻井伸行は、ショパン国際ピアノコンクールにおいて、日本人として初めて優勝を果たしました。その際の演奏は、深い音楽性と卓越した技術力で聴衆を魅了し、クラシック音楽界に大きな衝撃...,あなたと同じ23歳のとき、辻井伸行は、ショパン国際ピアノコンクールにおいて、日本人として初めて優勝を果たしました。その際の演奏は、深い音楽性と卓越した技術力で聴衆を魅了し、クラシック音楽界に大きな衝撃を与えました。この快挙により、辻井さんは一躍世界的な注目を集める若手ピアニストとなり、国際的な音楽活動の幅を大きく広げることとなりました。ショパンコンクールでの優勝は、彼の音楽人生における最大の転機となった出来事です。
P027F56C,輝夜月,1.0,エンターテイメント,なし,0.0,輝夜月は2017年にデビューし、ハイテンションな動画で「首絞めハム太郎」の愛称で人気を博した。Vtuber四天王の一人として、黎明期のVtuber文化を盛り上げた。,輝夜月は2017年にデビューし、ハイテンションな動画で「首絞めハム太郎」の愛称で人気を博した。Vtuber四天王の一人として、黎明期のVtuber文化を盛り上げた。
PC2445EB,赤﨑勇,85.0,科学・技術,ノーベル賞,0.0,あなたと同じ85歳のとき、赤﨑勇はノーベル物理学賞を受賞し、青色LEDの実用化で世界を変えました。名古屋大学で30年間研究を続け、1500回以上の実験失敗を重ねながらも諦めませんでしました。受賞スピー...,あなたと同じ85歳のとき、赤﨑勇はノーベル物理学賞を受賞し、青色LEDの実用化で世界を変えました。名古屋大学で30年間研究を続け、1500回以上の実験失敗を重ねながらも諦めませんでしました。受賞スピーチでは「基礎研究の大切さ」を訴え、研究費わずか年間200万円という厳しい環境下での成果に世界が驚嘆しました。実は彼の研究室には「失敗ノート」が50冊以上あり、毎日の失敗を詳細に記録していました。この地道な積み重ねが、スマートフォンやテレビの省エネ化を実現し、人類のエネルギー問題解決に大きく貢献したのです。
P8ECAA4D,赤﨑勇,56.0,政治・社会,ノーベル賞,0.0,あなたと同じ56歳のとき、赤﨑勇は青色発光ダイオード（LED）の開発に成功しました。長年の研究の末、世界で初めて実用的な青色LEDの作製に成功したのです。この革新的な発明により、フルカラーのLEDディ...,あなたと同じ56歳のとき、赤﨑勇は青色発光ダイオード（LED）の開発に成功しました。長年の研究の末、世界で初めて実用的な青色LEDの作製に成功したのです。この革新的な発明により、フルカラーのLEDディスプレイや白色LED照明が可能になりました。赤﨑さんの功績は高く評価され、のちにノーベル物理学賞の受賞にもつながることになりました。青色LEDの実現は、省エネルギーや照明のあり方に大きな変革をもたらす歴史的な出来事となりました。
P8ECAA4D,赤﨑勇,66.0,学術・研究,ノーベル賞,0.0,あなたと同じ66歳のとき、赤﨑勇は青色発光ダイオード（LED）の開発に成功しました。長年の研究の末、窒化ガリウムを用いた高輝度の青色LEDを実現したのです。この発明は、フルカラーディスプレイや白色LE...,あなたと同じ66歳のとき、赤﨑勇は青色発光ダイオード（LED）の開発に成功しました。長年の研究の末、窒化ガリウムを用いた高輝度の青色LEDを実現したのです。この発明は、フルカラーディスプレイや白色LED照明の実用化に大きく貢献しました。赤﨑の功績は世界的に認められ、ノーベル物理学賞受賞へとつながりました。青色LEDの実現は、省エネルギー社会の実現に向けた大きな一歩となりました。
P0CAF5B6,赤松良子,58.0,政治・社会,なし,0.0,あなたと同じ58歳のとき、赤松良子は、若手ピアニストの育成に尽力しました。自身の演奏活動で培った経験を活かし、後進の指導に情熱を注ぎました。レッスンでは、生徒一人ひとりの個性を大切にしながら、ピアノの...,あなたと同じ58歳のとき、赤松良子は、若手ピアニストの育成に尽力しました。自身の演奏活動で培った経験を活かし、後進の指導に情熱を注ぎました。レッスンでは、生徒一人ひとりの個性を大切にしながら、ピアノの奥深さを伝えることに努めました。赤松の指導を受けた生徒たちは、国内外のコンクールで優秀な成績を収めるようになりました。赤松は、生徒たちの成長を見守ることに大きなやりがいを感じるようになりました。
P9B83CCE,赤崎勇,72.0,学術・研究,ノーベル賞,0.0,あなたと同じ72歳のとき、赤崎勇は青色発光ダイオード（LED）の発明により、ノーベル物理学賞を受賞しました。長年の研究の集大成として、窒化ガリウムを用いた高輝度の青色LEDの開発に成功したのです。この...,あなたと同じ72歳のとき、赤崎勇は青色発光ダイオード（LED）の発明により、ノーベル物理学賞を受賞しました。長年の研究の集大成として、窒化ガリウムを用いた高輝度の青色LEDの開発に成功したのです。この業績は、白色LED照明や大画面ディスプレイ、光通信など、現代社会に欠かせない技術の基礎となりました。赤崎博士の粘り強い探求心と独創性が、私たちの生活を豊かに照らし続けています。
PC2C2309,貴景勝,40.0,スポーツ,なし,0.0,あなたと同じ40歳のとき、貴景勝は大相撲力士として大きなブレークスルーを達成しました。それまでの努力と経験が実を結び、スポーツ分野で画期的な成果を上げました。この成功は単なる幸運ではなく、長年の準備と...,あなたと同じ40歳のとき、貴景勝は大相撲力士として大きなブレークスルーを達成しました。それまでの努力と経験が実を結び、スポーツ分野で画期的な成果を上げました。この成功は単なる幸運ではなく、長年の準備と周到な戦略、そして諦めない姿勢の結果でした。業界での地位を確立し、次のステージへと駒を進めました。周囲からの信頼も厚くなりました。この功績により、業界全体に新たな基準が確立されました。業績は広く認められるようになりました。
P1B1380F,辻愛沙子,24.0,ビジネス,なし,0.0,あなたと同じ24歳のとき、辻愛沙子はarca CEOとして起業家デビューした。2019年、Z世代を代表するクリエイティブディレクター。社会課題×クリエイティブで新しいビジネスを展開。,あなたと同じ24歳のとき、辻愛沙子はarca CEOとして起業家デビューした。2019年、Z世代を代表するクリエイティブディレクター。社会課題×クリエイティブで新しいビジネスを展開。
P240CA97,貴乃花,22.0,スポーツ,なし,0.0,あなたと同じ22歳のとき、貴乃花は横綱に昇進した。1995年、史上最年少での昇進。兄・若乃花との「若貴フィーバー」で相撲ブームを巻き起こし、優勝22回。2001年の武蔵丸戦での鬼の形相は伝説となった。,あなたと同じ22歳のとき、貴乃花は横綱に昇進した。1995年、史上最年少での昇進。兄・若乃花との「若貴フィーバー」で相撲ブームを巻き起こし、優勝22回。2001年の武蔵丸戦での鬼の形相は伝説となった。
P7CB91C7,豊田喜一郎,43.0,ビジネス,なし,0.0,あなたと同じ43歳のとき、豊田喜一郎（43歳）は1937年、自動車事業への参入を決断しました。当時の日本は自動車技術で欧米に20年以上遅れ、政府からも「無謀な挑戦」と批判されました。創業初期は技術者7...,あなたと同じ43歳のとき、豊田喜一郎（43歳）は1937年、自動車事業への参入を決断しました。当時の日本は自動車技術で欧米に20年以上遅れ、政府からも「無謀な挑戦」と批判されました。創業初期は技術者70名の確保に苦戦し、試作車の完成まで2年を要しました。しかし父・佐吉から受け継いだ「お客様第一」の精神と、アメリカ視察で目にした大量生産システムへの確信が彼を支えました。1938年には月産1000台体制を確立し、戦後には年産100万台を達成。日本の自動車産業は世界第2位の規模に成長し、300万人の雇用を創出しました。
PA901B95,谷川浩司,21.0,その他,なし,0.0,あなたと同じ21歳のとき、谷川浩司は史上最年少で名人位を獲得した。1983年、加藤一二三を破り「光速の寄せ」と呼ばれる鮮やかな終盤力で将棋界に衝撃を与えた。タイトル獲得27期、永世名人の資格を持つ。,あなたと同じ21歳のとき、谷川浩司は史上最年少で名人位を獲得した。1983年、加藤一二三を破り「光速の寄せ」と呼ばれる鮮やかな終盤力で将棋界に衝撃を与えた。タイトル獲得27期、永世名人の資格を持つ。
PB59EEA4,谷川俊太郎,73.0,芸術・文化,なし,0.0,あなたと同じ73歳のとき、谷川俊太郎は、詩集『世界は一冊の本である』を上梓しました。この詩集は、谷川の人生観と世界観が凝縮された作品集となりました。「言葉」をテーマに、人間と世界の関係性を探求した詩篇...,あなたと同じ73歳のとき、谷川俊太郎は、詩集『世界は一冊の本である』を上梓しました。この詩集は、谷川の人生観と世界観が凝縮された作品集となりました。「言葉」をテーマに、人間と世界の関係性を探求した詩篇が収録されています。長年の詩作活動の集大成とも言える一冊となり、多くの読者に感銘を与えました。
PB59EEA4,谷川俊太郎,59.0,政治・社会,なし,0.0,あなたと同じ59歳のとき、谷川俊太郎は、自身の詩作活動を通じて社会貢献の新たな可能性を見出しました。それまで主に文学の世界で活動してきた谷川さんですが、病院や福祉施設での朗読会を開催するようになりまし...,あなたと同じ59歳のとき、谷川俊太郎は、自身の詩作活動を通じて社会貢献の新たな可能性を見出しました。それまで主に文学の世界で活動してきた谷川さんですが、病院や福祉施設での朗読会を開催するようになりました。言葉の力で人々の心を癒やし、前向きな気持ちを与えることができると実感したのです。この経験が、谷川さんの詩人としての活動を、社会との直接的な関わりを持つ方向へと導く転機となりました。
PB687362,谷崎潤一郎,63.0,芸術・文化,なし,0.0,あなたと同じ63歳のとき、谷崎潤一郎は戦後復興期の混乱の中で『細雪』の完全版を刊行し、文学界に衝撃を与えました。戦時中で発禁処分に受けた同作品を、7年の歳月をかけて大幅に加筆修正し、上中下3巻1400...,あなたと同じ63歳のとき、谷崎潤一郎は戦後復興期の混乱の中で『細雪』の完全版を刊行し、文学界に衝撃を与えました。戦時中で発禁処分に受けた同作品を、7年の歳月をかけて大幅に加筆修正し、上中下3巻1400ページの大作として完成させました。関西の没落華族を描いたこの小説は、初版5000部が3日で完売する異例の売れ行きを記録しました。戦争の失われた日本の美意識を文学で復活させようとする執念は、当時の読者に深い感動を与え、後に読売文学賞受賞へと繋がりました。
PB201F9A,谷亮子,40.0,ビジネス,なし,0.0,あなたと同じ40歳のとき、谷亮子は元柔道選手として大きなブレークスルーを達成しました。それまでの努力と経験が実を結び、ビジネス分野で画期的な成果を上げました。この成功は単なる幸運ではなく、長年の準備と...,あなたと同じ40歳のとき、谷亮子は元柔道選手として大きなブレークスルーを達成しました。それまでの努力と経験が実を結び、ビジネス分野で画期的な成果を上げました。この成功は単なる幸運ではなく、長年の準備と周到な戦略、そして諦めない姿勢の結果でした。業界での地位を確立し、次のステージへと駒を進めました。周囲からの信頼も厚くなりました。この実績は後の活動の重要な基盤となりました。この成功により新たな道が開けました。
PEC51265,谷亮子,28.0,スポーツ,オリンピック,0.0,あなたと同じ28歳のとき、谷亮子はアテネ五輪でついに金メダルを獲得し、3大会目の挑戦で悲願達成しました。決勝一本勝ちを記録し、五輪2銀→金を記録し、この転機により、「田村で金、谷でも金」のプレッシャー...,あなたと同じ28歳のとき、谷亮子はアテネ五輪でついに金メダルを獲得し、3大会目の挑戦で悲願達成しました。決勝一本勝ちを記録し、五輪2銀→金を記録し、この転機により、「田村で金、谷でも金」のプレッシャーを跳ね除け、ついに日本女子柔道のトップに立ったという大きな影響を与えました。若くして示したこの行動は、後のキャリアの基盤となる重要な経験でした。その実績は広く認められました。重要な分岐点となった出来事でした。この選択が新たな道を切り開いた。
P9EFA0F2,諏訪部晶,22.0,ビジネス,なし,0.0,あなたと同じ22歳のとき、諏訪部晶は大学在学中に起業に挑戦しました。資金調達や事業計画の立案など、経験のない分野での困難に直面しながらも、仲間と共に新しいサービスの開発に取り組みました。失敗を恐れず挑...,あなたと同じ22歳のとき、諏訪部晶は大学在学中に起業に挑戦しました。資金調達や事業計画の立案など、経験のない分野での困難に直面しながらも、仲間と共に新しいサービスの開発に取り組みました。失敗を恐れず挑戦し続ける姿勢が、後に彼を若手起業家のロールモデルとなりました。
P552ABBC,豊田章男,51.0,ビジネス,なし,0.0,あなたと同じ51歳のとき、豊田章男（51歳）は2007年、トヨタ自動車副社長で世界的な品質問題に直面しました。北米でリコール400万台の危機、品質不良率が従来の3倍に急増し、顧客信頼度は過去最低を記録...,"あなたと同じ51歳のとき、豊田章男（51歳）は2007年、トヨタ自動車副社長で世界的な品質問題に直面しました。北米でリコール400万台の危機、品質不良率が従来の3倍に急増し、顧客信頼度は過去最低を記録。創業家3代目で重責を感じながらも、祖父豊田佐吉の「顧客第一」の教えを胸に、現地現物主義を徹底。自ら全世界の工場1,000拠点を回り、現場と対話に重視した品質改革を断行。結果、翌年には品質不良率を80%削減、顧客満足度は業界トップを奪還し、年間販売台数897万台の世界一を達成。"
P9731340,辻村深月,32.0,文学,直木賞,0.0,あなたと同じ32歳のとき、辻村深月は『鍵のない夢を見る』で直木賞を受賞した。2012年、日常に潜む闇を描く作風で人気を博し、『かがみの孤城』で本屋大賞も受賞。若者の心に寄り添う物語で多くの読者を獲得。,あなたと同じ32歳のとき、辻村深月は『鍵のない夢を見る』で直木賞を受賞した。2012年、日常に潜む闇を描く作風で人気を博し、『かがみの孤城』で本屋大賞も受賞。若者の心に寄り添う物語で多くの読者を獲得。
P61A2052,逢坂冬馬,36.0,文学,なし,0.0,あなたと同じ36歳のとき、逢坂冬馬は『同志少女よ、敵を撃て』で本屋大賞を受賞した。2022年、デビュー作での受賞は史上初。第二次世界大戦の独ソ戦を舞台に女性狙撃手を描き、戦争の本質を問う大作。,あなたと同じ36歳のとき、逢坂冬馬は『同志少女よ、敵を撃て』で本屋大賞を受賞した。2022年、デビュー作での受賞は史上初。第二次世界大戦の独ソ戦を舞台に女性狙撃手を描き、戦争の本質を問う大作。
P6AEF545,道場六三郎,62.0,その他,なし,0.0,あなたと同じ62歳のとき、道場六三郎は「料理の鉄人」で和の鉄人として活躍した。1993年、銀座「ろくさん亭」を経営しながら番組で和食の真髄を披露。90歳を超えてもYouTubeで料理を発信し続けている...,あなたと同じ62歳のとき、道場六三郎は「料理の鉄人」で和の鉄人として活躍した。1993年、銀座「ろくさん亭」を経営しながら番組で和食の真髄を披露。90歳を超えてもYouTubeで料理を発信し続けている。
PEB1993E,野村萬斎,54.0,芸術・文化,オリンピック,0.0,あなたと同じ54歳のとき、野村萬斎は東京オリンピック開閉会式の総合統括を務めました。狂言の年間公演数は150回を超え、観客動員数が30万人増加しました。650年続く狂言師の家系に生まれ、現代演劇やオペ...,あなたと同じ54歳のとき、野村萬斎は東京オリンピック開閉会式の総合統括を務めました。狂言の年間公演数は150回を超え、観客動員数が30万人増加しました。650年続く狂言師の家系に生まれ、現代演劇やオペラの演出も手がけています。国内外での公演活動を通じて古典芸能の普及に取り組み、伝統的な狂言と現代的な表現手法に組み合わせた作品を制作しています。文化庁の文化交流使として海外公演も実施しています。業績は広く認められるようになりました。
P93F1A4F,野村秋介,75.0,スポーツ,なし,0.0,あなたと同じ75歳のとき、野村秋介は全日本柔道連盟の会長に就任しました。現役時代に培った豊富な経験と知識を活かし、日本の柔道界の発展に尽力することになりました。特に、若手選手の育成と指導者の質の向上に...,あなたと同じ75歳のとき、野村秋介は全日本柔道連盟の会長に就任しました。現役時代に培った豊富な経験と知識を活かし、日本の柔道界の発展に尽力することになりました。特に、若手選手の育成と指導者の質の向上に注力し、次世代を担う人材の発掘と支援に力を注ぎました。また、国際的な交流にも積極的に取り組み、日本の柔道を世界に広める活動を推進しました。会長としての重責を担いながらも、柔道家としての情熱を持ち続け、日本の柔道界を牽引する存在となりました。
P084EF59,野村忠宏,25.0,ビジネス,なし,0.0,あなたと同じ25歳のとき、野村忠宏は元柔道選手としてキャリアの重要な転機を迎えました。この時期、独自の視点と情熱を持って新しい挑戦に取り組み、その後の成功の基盤となる貴重な経験を積みました。周囲からの...,あなたと同じ25歳のとき、野村忠宏は元柔道選手としてキャリアの重要な転機を迎えました。この時期、独自の視点と情熱を持って新しい挑戦に取り組み、その後の成功の基盤となる貴重な経験を積みました。周囲からの期待と自身の目標との間で葛藤しながらも、決断力と行動力で道を切り開いていきました。人生の転機となる重要な選択でした。この変化が、後の成功への重要な一歩となりました。人生の重要な転機となった出来事でした。この変化が大きな飛躍のきっかけとなった。
PAA0AD52,野村忠宏,67.0,スポーツ,オリンピック,0.0,あなたと同じ67歳のとき、野村忠宏は日本オリンピック委員会の会長に就任しました。現役時代に世界選手権で3連覇を達成し、オリンピックでも金メダルを獲得した経験を活かし、次世代のアスリート育成に尽力します...,あなたと同じ67歳のとき、野村忠宏は日本オリンピック委員会の会長に就任しました。現役時代に世界選手権で3連覇を達成し、オリンピックでも金メダルを獲得した経験を活かし、次世代のアスリート育成に尽力します。特に、若手選手のメンタルサポートに力を入れ、競技だけでなく人間的な成長も支援する取り組みを始めました。スポーツを通じて社会に貢献することが、自身の新たな使命だと語っています。
P1D56A77,野村克也,45.0,スポーツ,なし,0.0,あなたと同じ45歳のとき、野村克也は南海監督として最下位に沈むしました。43勝77敗という記録を達成し、最下位という記録を達成しました。これという挫折を経験し、ID野球を確立し名監督へという大きな影響...,あなたと同じ45歳のとき、野村克也は南海監督として最下位に沈むしました。43勝77敗という記録を達成し、最下位という記録を達成しました。これという挫折を経験し、ID野球を確立し名監督へという大きな影響を与えました。卓越した技術と精神力を兼ね備え、競技の新たな可能性を示しました。その姿勢は多くのアスリートたちの目標となりました。失敗を受け入れ、改善点を明確にして前進しました。失敗が貴重な財産となりました。この試練が後の飛躍の原動力となった。
PBCE4F84,野村万作,72.0,芸術・文化,なし,0.0,あなたと同じ72歳のとき、野村万作は重要無形文化財保持者（人間国宝）に認定されました。これは、長年にわたって狂言の伝統を守り、後進の育成に尽力してきた野村万作の功績が認められたものです。人間国宝の認定...,あなたと同じ72歳のとき、野村万作は重要無形文化財保持者（人間国宝）に認定されました。これは、長年にわたって狂言の伝統を守り、後進の育成に尽力してきた野村万作の功績が認められたものです。人間国宝の認定は、日本の伝統芸能界において最高の栄誉とされています。野村万作は、この認定を機に、更なる狂言の普及と発展に尽力することを誓いました。
P79894C5,野口英世,28.0,科学・技術,なし,0.0,あなたと同じ28歳のとき、野口英世はペンシルベニア大学で梅毒スピロヘータの研究に没頭していました。1日16時間の実験を続け、3か月間で200体の検体を調査し、梅毒の病原体に純粋培養する画期的な方法を開...,あなたと同じ28歳のとき、野口英世はペンシルベニア大学で梅毒スピロヘータの研究に没頭していました。1日16時間の実験を続け、3か月間で200体の検体を調査し、梅毒の病原体に純粋培養する画期的な方法を開発しました。実は彼は左手の火傷による障害を隠すため、常に白い手袋を着用し、いましたが、この研究のは素手のの精密作業が必要でしました。周囲の偏見と身体的ハンディキャップに苦しみながらも、「日本人として世界に認められたい」という強い信念で研究を続け、後でロックフェラー医学研究所への道に開く重要な成果を上げました。
P3524841,野口英世,27.0,医学・健康,なし,0.0,あなたと同じ27歳のとき、野口英世は蛇毒の研究で世界的に認められるしました。蛇毒に関する論文50本以上発表を記録し、ロックフェラー医学研究所に招聘を記録し、この功績により、日本人研究者として初めて世界...,あなたと同じ27歳のとき、野口英世は蛇毒の研究で世界的に認められるしました。蛇毒に関する論文50本以上発表を記録し、ロックフェラー医学研究所に招聘を記録し、この功績により、日本人研究者として初めて世界的評価を受け、後進への道を開いたという大きな影響を与えました。若くして示したこの行動は、後のキャリアの基盤となる重要な経験でした。その実績は広く認められました。歴史に名を刻む重要な成果でした。この成果は後の展開に大きな影響を与えた。
PEDA278B,野口聡一,72.0,科学・技術,なし,0.0,あなたと同じ72歳のとき、野口聡一は、人生最大の挑戦に立ち向かいました。それは、民間人としては最高齢での宇宙飛行です。厳しい訓練と体力づくりに励み、年齢による身体的な衰えに負けないよう、強い意志力で乗...,あなたと同じ72歳のとき、野口聡一は、人生最大の挑戦に立ち向かいました。それは、民間人としては最高齢での宇宙飛行です。厳しい訓練と体力づくりに励み、年齢による身体的な衰えに負けないよう、強い意志力で乗り越えました。打ち上げ当日、野口さんは家族や関係者に見守られながらロケットに搭乗。見事に宇宙空間へと飛び立ち、人類の可能性を広げる新たな記録を打ち立てました。野口さんの挑戦は、年齢に関係なく夢を追い続けることの大切さを私たちに教えてくれます。
PF5ABCA1,野口健,23.0,政治・社会,なし,0.0,あなたと同じ23歳のとき、野口健は、エベレスト登頂に挑戦しました。厳しい気象条件や高山病との闘いに直面しながらも、諦めずに登り続けました。登頂後、山に散乱したゴミの大量さに衝撃を受け、環境保護の重要性...,あなたと同じ23歳のとき、野口健は、エベレスト登頂に挑戦しました。厳しい気象条件や高山病との闘いに直面しながらも、諦めずに登り続けました。登頂後、山に散乱したゴミの大量さに衝撃を受け、環境保護の重要性を痛感しました。この経験が、野口さんのその後の環境保護活動の原点となりました。
P510FAC8,野口佳世子,56.0,科学・技術,なし,0.0,あなたと同じ56歳のとき、野口佳世子は宇宙飛行士としての最後のミッションに挑戦しました。長年の経験と知識を活かし、若手宇宙飛行士の指導にも尽力します。厳しいトレーニングを乗り越え、見事にミッションを成...,あなたと同じ56歳のとき、野口佳世子は宇宙飛行士としての最後のミッションに挑戦しました。長年の経験と知識を活かし、若手宇宙飛行士の指導にも尽力します。厳しいトレーニングを乗り越え、見事にミッションを成功させました。地上に帰還した際、多くの人々から祝福を受け、宇宙開発に貢献してきた功績が称えられました。現役を引退した後も、後進の育成に情熱を注ぎ、日本の宇宙開発の発展に尽くしています。
P6640F19,野口みずき,26.0,スポーツ,"国際映画祭, オリンピック",0.0,あなたと同じ26歳のとき、野口みずきはアテネ五輪で金メダルを獲得し、日本女子マラソン2連覇を達成しました。気温35度、湿度50％の過酷な条件下で2時間26分20秒を記録。30km過ぎからスパートをかけ...,あなたと同じ26歳のとき、野口みずきはアテネ五輪で金メダルを獲得し、日本女子マラソン2連覇を達成しました。気温35度、湿度50％の過酷な条件下で2時間26分20秒を記録。30km過ぎからスパートをかけ独走態勢に入っました。150cm、体重40kgの小柄な体格ながら、翌年のベルリンマラソンでは2時間19分12秒の日本記録を樹立し、当時世界歴代2位を記録。藤田信之監督の科学的トレーニングと高地トレーニングにより、月間走行距離800-1000kmをこなし、「小さな巨人」が世界を制しました。
PCDB3A8E,野依良治,62.0,科学・技術,ノーベル賞,0.0,あなたと同じ62歳のとき、野依良治（62歳）は2001年、ノーベル化学賞を受賞しました。研究初期は300回以上の触媒実験が失敗に終わり、15年間論文が著名誌に採択されず研究資金獲得も困窮状態だっました...,あなたと同じ62歳のとき、野依良治（62歳）は2001年、ノーベル化学賞を受賞しました。研究初期は300回以上の触媒実験が失敗に終わり、15年間論文が著名誌に採択されず研究資金獲得も困窮状態だっました。しかし301回目の実験の不斉合成で革命にもたらすBINAP触媒を発見、医薬品合成の新時代を切り開いました。学生時代の読んだ化学雑誌で見た分子の美しさに魅了されたことが原点だっました。この発見で抗生物質や抗癌剤の製造効率が90％向上、製薬業界に年間2000億円の経済効果をもたらし、10万人の研究者が新手法を採用し...
P53F4A91,野依良治,66.0,政治・社会,ノーベル賞,0.0,あなたと同じ66歳のとき、野依良治は2001年にノーベル化学賞を受賞しました。不斉合成反応の研究において画期的な発見をし、医薬品や農薬の開発に大きく貢献したことが評価されました。この成果は、世界中の人...,あなたと同じ66歳のとき、野依良治は2001年にノーベル化学賞を受賞しました。不斉合成反応の研究において画期的な発見をし、医薬品や農薬の開発に大きく貢献したことが評価されました。この成果は、世界中の人々の健康と福祉に寄与するものとなりました。野依教授の研究は、化学の可能性を広げ、次世代の科学者たちに希望と勇気を与えるものとなっています。
P45E80A4,釈迦,30.0,アニメ・漫画・ゲーム,なし,0.0,あなたと同じ30歳のとき、釈迦はストリーマーとして絶大な人気を獲得した。2020年、FPS実況で知られ、Twitch日本人最多同時視聴数を記録。ゲーム配信文化を牽引するトップストリーマー。,あなたと同じ30歳のとき、釈迦はストリーマーとして絶大な人気を獲得した。2020年、FPS実況で知られ、Twitch日本人最多同時視聴数を記録。ゲーム配信文化を牽引するトップストリーマー。
PAF52EB3,那須川天心,20.0,スポーツ,なし,0.0,あなたと同じ20歳のとき、那須川天心はフロイド・メイウェザーとエキシビションマッチを行った。2018年、キックボクシング無敗の「神童」。ボクシング転向後も連勝を続け、格闘技界のスーパースター。,あなたと同じ20歳のとき、那須川天心はフロイド・メイウェザーとエキシビションマッチを行った。2018年、キックボクシング無敗の「神童」。ボクシング転向後も連勝を続け、格闘技界のスーパースター。
P99ED38A,遠藤謙,21.0,科学・技術,なし,0.0,あなたと同じ21歳のとき、遠藤謙は大学在学中にプログラミングに没頭していました。ある日、自分が開発したソフトウェアがSNSで大きな話題となり、IT業界から一躍注目を集めるようになりました。これをきっか...,あなたと同じ21歳のとき、遠藤謙は大学在学中にプログラミングに没頭していました。ある日、自分が開発したソフトウェアがSNSで大きな話題となり、IT業界から一躍注目を集めるようになりました。これをきっかけに、遠藤はプログラマーとしての才能に確信を持ち、将来は独立して自分の会社を立ち上げようと決意しました。大学卒業後、一流企業からの誘いを断って、ベンチャー企業に飛び込んだ遠藤。そこで培った経験とスキルが、後の起業家人生の礎となりました。
P99CDD43,遠藤航,25.0,ビジネス,なし,0.0,あなたと同じ25歳のとき、遠藤航はサッカー選手としてキャリアの重要な転機を迎えました。この時期、独自の視点と情熱を持って新しい挑戦に取り組み、その後の成功の基盤となる貴重な経験を積みました。周囲からの...,あなたと同じ25歳のとき、遠藤航はサッカー選手としてキャリアの重要な転機を迎えました。この時期、独自の視点と情熱を持って新しい挑戦に取り組み、その後の成功の基盤となる貴重な経験を積みました。周囲からの期待と自身の目標との間で葛藤しながらも、決断力と行動力で道を切り開いていきました。この決断が後の人生を大きく変えることとなりました。重要な選択を迫られた時、将来を見据えた判断を下しました。重要な分岐点となった出来事でした。この決断が人生の分岐点となった。
P9963376,遠藤章,46.0,医学・健康,なし,0.0,あなたと同じ46歳のとき、遠藤章は三共株式会社で6000種類の微生物を調査し、青カビからコンパクチン（ML-236B）を発見しました。このコレステロール合成阻害物質は後にスタチン系薬剤として開発され、...,あなたと同じ46歳のとき、遠藤章は三共株式会社で6000種類の微生物を調査し、青カビからコンパクチン（ML-236B）を発見しました。このコレステロール合成阻害物質は後にスタチン系薬剤として開発され、現在年間3000万人以上が服用しています。ラスカー・ドゥベーキー臨床医学研究賞、日本国際賞を受賞。スタチンは50カ国以上で心臓病予防の医療ガイドラインに組み込まれ、心臓病死亡率を低下させることに貢献しました。
PAF8D760,諏訪内晶子,18.0,音楽,なし,0.0,あなたと同じ18歳のとき、諏訪内晶子はチャイコフスキー国際コンクール・ヴァイオリン部門で史上最年少優勝を果たした。1990年、日本人初の快挙。ストラディヴァリウス「ドルフィン」を使用し、世界の一流オー...,あなたと同じ18歳のとき、諏訪内晶子はチャイコフスキー国際コンクール・ヴァイオリン部門で史上最年少優勝を果たした。1990年、日本人初の快挙。ストラディヴァリウス「ドルフィン」を使用し、世界の一流オーケストラと共演を重ねている。
P2767983,野沢雅子,32.0,その他,なし,0.0,あなたと同じ32歳のとき、野沢雅子は『ドラゴンボール』の孫悟空役を担当し始めた。1986年、以来30年以上悟空を演じ続け、悟飯・悟天の三役も担当。「オッス！オラ悟空！」は世界中で愛される。,あなたと同じ32歳のとき、野沢雅子は『ドラゴンボール』の孫悟空役を担当し始めた。1986年、以来30年以上悟空を演じ続け、悟飯・悟天の三役も担当。「オッス！オラ悟空！」は世界中で愛される。
P5CFFB44,角野栄子,83.0,文学,なし,0.0,あなたと同じ83歳のとき、角野栄子は国際アンデルセン賞作家賞を受賞した。2018年、日本人3人目。代表作『魔女の宅急便』は宮崎駿監督によりアニメ映画化され世界的ヒット。鎌倉の自宅でカラフルな服に身を包...,あなたと同じ83歳のとき、角野栄子は国際アンデルセン賞作家賞を受賞した。2018年、日本人3人目。代表作『魔女の宅急便』は宮崎駿監督によりアニメ映画化され世界的ヒット。鎌倉の自宅でカラフルな服に身を包み、今も執筆を続けている。
PBE367A9,観世清和,31.0,芸術・文化,なし,0.0,あなたと同じ31歳のとき、観世清和は二十六世観世宗家を継承した。1990年、能楽観世流の家元として。海外公演も積極的に行い、能の国際化に貢献している。,あなたと同じ31歳のとき、観世清和は二十六世観世宗家を継承した。1990年、能楽観世流の家元として。海外公演も積極的に行い、能の国際化に貢献している。
P873A158,藤田真央,20.0,音楽,なし,0.0,あなたと同じ20歳のとき、藤田真央はチャイコフスキー国際コンクール・ピアノ部門で第2位を獲得した。2019年大会。モーツァルト演奏で世界的評価を受け、ソニー・クラシカルと専属契約。若くして巨匠への道を...,あなたと同じ20歳のとき、藤田真央はチャイコフスキー国際コンクール・ピアノ部門で第2位を獲得した。2019年大会。モーツァルト演奏で世界的評価を受け、ソニー・クラシカルと専属契約。若くして巨匠への道を歩み始めた。
PD1646A9,藤田田,20.0,芸術・文化,なし,0.0,あなたと同じ20歳のとき、藤田田は東京大学法学部の学生で在学していました。戦後間もない1946年、彼は学費や生活費を稼ぐための様々なアルバイトに取り組んでいました。特に注目すべきは、この時期に通訳や翻...,あなたと同じ20歳のとき、藤田田は東京大学法学部の学生で在学していました。戦後間もない1946年、彼は学費や生活費を稼ぐための様々なアルバイトに取り組んでいました。特に注目すべきは、この時期に通訳や翻訳の仕事を手がけていたことです。英語力を活かして進駐軍関係の仕事に従事し、後の国際的なビジネス展開の基礎となる語学力と異文化理解を深めました。、この頃から商売への関心を示し、小さな貿易業務にも関わっていました。学業と並行してこれらの実践的な経験を積んだことが、後に日本マクドナルドの創業者の成功する土台となったのです。
P8A2F208,藤田田,30.0,政治・社会,なし,0.0,あなたと同じ30歳のとき、藤田田は日本マクドナルド1号店を銀座にオープンさせました。1971年7月20日、アポロ11号が月面着陸した日と同じ日付を選んのの開店でしました。当時の日本人にとってハンバーガ...,あなたと同じ30歳のとき、藤田田は日本マクドナルド1号店を銀座にオープンさせました。1971年7月20日、アポロ11号が月面着陸した日と同じ日付を選んのの開店でしました。当時の日本人にとってハンバーガーは馴染みのない食べ物でしたが、藤田田は「日本人の食生活を変える」信念のもと、アメリカ式ファストフードの導入に踏み切りました。開店初日から長蛇の列ができ、多くの人々がハンバーガーを求めて銀座店に押し寄せました。この成功で、日本のファストフード文化の礎を築き、後の外食産業革命の先駆けとなる重要な一歩を踏み出したのです。
P3B198DC,藤田田,25.0,ビジネス,なし,0.0,あなたと同じ25歳のとき、藤田田は東京大学法学部を卒業し、輸入雑貨商「藤田商店」を設立しました。戦後間もない1950年、まだ物資が不足し、いた時代に、彼はGHQの軍人相手でハンドバッグやアクセサリー等...,あなたと同じ25歳のとき、藤田田は東京大学法学部を卒業し、輸入雑貨商「藤田商店」を設立しました。戦後間もない1950年、まだ物資が不足し、いた時代に、彼はGHQの軍人相手でハンドバッグやアクセサリー等輸入雑貨に販売する事業を開始しました。この小さな商店が後の「藤田田帝国」の出発点となります。大学卒業と同時に起業する決断は、当時のは極めて珍しい選択でしました。彼は英語力で活かして外国人と取引を積極的に行い、輸入業界での足がかりを築きました。
PDA72B9E,藤田晋,35.0,ビジネス,なし,0.0,あなたと同じ35歳のとき、藤田晋はサイバーエージェントをインターネット広告業界のリーダーに育て、売上高3000億円を達成しました。インターネット広告市場を5000億円から2兆円に拡大し、広告効果測定の...,あなたと同じ35歳のとき、藤田晋はサイバーエージェントをインターネット広告業界のリーダーに育て、売上高3000億円を達成しました。インターネット広告市場を5000億円から2兆円に拡大し、広告効果測定の精度を70%向上させました。経営27年で6000回の挑戦と400人の起業家に輩出を経て、年間5000万人以上のユーザーにリーチし、5000社と取引し、5000人の雇用を創出しました。インターネット広告革命「21世紀に代表する会社を創る」という信念で進み続けました。
P7B15739,藤田愛理,25.0,芸術・文化,なし,0.0,あなたと同じ25歳のとき、藤田愛理はモデルとしてキャリアの重要な転機を迎えました。この時期、独自の視点と情熱を持って新しい挑戦に取り組み、その後の成功の基盤となる貴重な経験を積みました。周囲からの期待...,あなたと同じ25歳のとき、藤田愛理はモデルとしてキャリアの重要な転機を迎えました。この時期、独自の視点と情熱を持って新しい挑戦に取り組み、その後の成功の基盤となる貴重な経験を積みました。周囲からの期待と自身の目標との間で葛藤しながらも、決断力と行動力で道を切り開いていきました。若くして示したこの行動は、後のキャリアの基盤となる重要な経験でした。その実績は広く認められました。転機となる重大な選択でした。この経験が視野を大きく広げた。
P64FCF48,藤田嗣治,47.0,芸術・文化,なし,0.0,あなたと同じ47歳のとき、藤田嗣治は第二次世界大戦の最中にパリで絵画制作に打ち込んでいました。ナチスドイツに占領下のパリで、藤田は自由な表現を貫くために様々な困難に直面しました。食料や画材の不足、検閲...,あなたと同じ47歳のとき、藤田嗣治は第二次世界大戦の最中にパリで絵画制作に打ち込んでいました。ナチスドイツに占領下のパリで、藤田は自由な表現を貫くために様々な困難に直面しました。食料や画材の不足、検閲や監視の中で創作を続けることは容易ではありませんでした。それでも藤田は独自の画風を追求し、戦時下の苦難を乗り越えて多くの傑作を生み出しました。藤田の情熱と信念は、困難な状況でも芸術を諦めない強さの象徴となりました。
P64FCF48,藤田嗣治,70.0,ビジネス,なし,0.0,あなたと同じ70歳のとき、藤田嗣治はフランスでの画業において新たな高みを迎えていました。彼の作品は、独特のタッチと色彩感覚で多くの人々に感動を与え、世界中の美術館に展示されるようになりました。特に、彼...,あなたと同じ70歳のとき、藤田嗣治はフランスでの画業において新たな高みを迎えていました。彼の作品は、独特のタッチと色彩感覚で多くの人々に感動を与え、世界中の美術館に展示されるようになりました。特に、彼の「乳白色の肌を持つ女性たち」のシリーズは、彼の代表作として高く評価され、アート界における地位が確立されました。また、国際的な展覧会にも参加し、数多くの賞を受賞することで、彼の名は広く知られるようになりました。70歳という年齢にもかかわらず、彼の創作意欲は衰えず、ますます多様な表現に挑戦する姿勢が、多くの若いアーティストたちに刺激を与えることとなりました。
P86DDA8E,藤田紀子,57.0,スポーツ,なし,0.0,あなたと同じ57歳のとき、藤田紀子は自身の柔道人生の集大成として、全日本実業団体重別選手権大会に出場しました。現役生活の終わりを迎えようとしていた中で、最後の大会に挑む藤田の姿は多くの人々に感動を与え...,あなたと同じ57歳のとき、藤田紀子は自身の柔道人生の集大成として、全日本実業団体重別選手権大会に出場しました。現役生活の終わりを迎えようとしていた中で、最後の大会に挑む藤田の姿は多くの人々に感動を与えました。試合では年齢を感じさせない素晴らしい投げ技を披露し、見事優勝を果たしました。引退後は後進の指導に情熱を注ぎ、日本の柔道界の発展に尽力しています。
P552B138,藤沢武夫,47.0,ビジネス,なし,0.0,あなたと同じ47歳のとき、藤沢武夫は本田技研工業の副社長・経営パートナーとして、ホンダF1参戦を決定しグローバル企業への道を開くしました。年間売上500億円という記録を達成し、海外比率30%という記録...,あなたと同じ47歳のとき、藤沢武夫は本田技研工業の副社長・経営パートナーとして、ホンダF1参戦を決定しグローバル企業への道を開くしました。年間売上500億円という記録を達成し、海外比率30%という記録を達成しました。技術のホンダとして世界的ブランド確立という大きな影響を与えました。多くの人々がその成果に注目しました。この実績は後の活動の重要な基盤となりました。この実績が後の発展の礎となりました。この成果は後の展開に大きな影響を与えた。
P6ADE3A8,藤嶋昭,23.0,学術・研究,なし,0.0,あなたと同じ23歳のとき、藤嶋昭は東京大学大学院工学系研究科応用化学専攻の修士課程を修了し、同大学の助手に着任しました。その後、光触媒反応の研究に没頭し、二酸化チタンを用いた水の光分解に成功。これが後...,あなたと同じ23歳のとき、藤嶋昭は東京大学大学院工学系研究科応用化学専攻の修士課程を修了し、同大学の助手に着任しました。その後、光触媒反応の研究に没頭し、二酸化チタンを用いた水の光分解に成功。これが後の画期的な光触媒技術の基礎となりました。若くして研究者の道を歩み始めた藤嶋は、独創的な発想力と探究心で化学の新たな可能性を切り拓いていったのです。
P9B42007,藤子不二雄A,29.0,アニメ・漫画・ゲーム,なし,0.0,あなたと同じ29歳のとき、藤子不二雄Aは『忍者ハットリくん』の連載を開始した。1964年、『怪物くん』『笑ゥせぇるすまん』などブラックユーモアを得意とし、藤子・F・不二雄とは異なる作風で人気を博した。,あなたと同じ29歳のとき、藤子不二雄Aは『忍者ハットリくん』の連載を開始した。1964年、『怪物くん』『笑ゥせぇるすまん』などブラックユーモアを得意とし、藤子・F・不二雄とは異なる作風で人気を博した。
PA215CA1,藤原美穂,58.0,政治・社会,なし,0.0,あなたと同じ58歳のとき、藤原美穂は地域の環境保護活動において大きな成果を上げました。彼女は地元の海岸清掃活動を主導し、参加者を募って毎月定期的に実施する取り組みを始めました。この活動は多くのボランテ...,あなたと同じ58歳のとき、藤原美穂は地域の環境保護活動において大きな成果を上げました。彼女は地元の海岸清掃活動を主導し、参加者を募って毎月定期的に実施する取り組みを始めました。この活動は多くのボランティアを集め、地域の人々の意識を高めることに成功しました。また、藤原は清掃活動だけでなく、海洋プラスチック問題についての講演会も開催し、地域住民に啓発を行いました。こうした努力の結果、地域の海岸は以前よりもきれいになり、多くの人々が訪れるようになりました。このように、藤原の活動は環境保護の重要性を広めるものとなりました。
PDF3F705,藤原紀香,23.0,政治・社会,なし,0.0,あなたと同じ23歳のとき、藤原紀香は社会活動に本格的に取り組むことになりました。彼女は、地元の福祉施設を訪れ、障がい者支援や地域の子どもたちへの教育支援に力を入れることを決意しました。しかし、活動を始...,あなたと同じ23歳のとき、藤原紀香は社会活動に本格的に取り組むことになりました。彼女は、地元の福祉施設を訪れ、障がい者支援や地域の子どもたちへの教育支援に力を入れることを決意しました。しかし、活動を始めた当初は、資金集めやボランティアの確保に苦労することが多く、何度も挫折を感じる瞬間がありました。それでも、彼女は諦めずに活動を続け、少しずつ周囲の支援を得ることになりました。最終的に、地域の人々とともに大規模なイベントを成功させ、多くの人々に元気を与える存在となりました。
PDF3F705,藤原紀香,33.0,エンターテイメント,なし,0.0,あなたと同じ33歳のとき、藤原紀香は新たな挑戦を始めました。彼女は舞台での演技に力を入れ、これまでのイメージを超える役柄に挑むことになりました。初めは緊張し、周囲の期待に応えることができるか不安でした...,あなたと同じ33歳のとき、藤原紀香は新たな挑戦を始めました。彼女は舞台での演技に力を入れ、これまでのイメージを超える役柄に挑むことになりました。初めは緊張し、周囲の期待に応えることができるか不安でしたが、毎日の稽古を重ねるうちに自信がついてきました。また、演技の奥深さに魅了され、演技力を磨くことに全力を注ぐようになりました。結果として、彼女はその舞台で観客から大きな拍手を受け、自分の成長を実感することができました。困難を乗り越えたことで、俳優としての道がさらに広がったのです。
PAACF7AC,藤原正彦,14.0,学術・研究,オリンピック,0.0,あなたと同じ14歳のとき、藤原正彦は数学の才能を発揮し始めました。中学生の頃から高度な数学の問題に取り組み、数学オリンピックに出場するなど、その類まれな能力を示しました。周囲の大人たちも彼の才能に気づ...,あなたと同じ14歳のとき、藤原正彦は数学の才能を発揮し始めました。中学生の頃から高度な数学の問題に取り組み、数学オリンピックに出場するなど、その類まれな能力を示しました。周囲の大人たちも彼の才能に気づき、数学者としての将来を期待するようになりました。藤原正彦は14歳という若さで、すでに数学の分野で頭角を現していたのです。
PC6F49BE,藤原和博,53.0,学術・研究,なし,0.0,あなたと同じ53歳のとき、藤原和博は教育の現場で大きな成果を上げました。彼は東京都の教育委員会において、学校改革プロジェクトのリーダーとして活動を始めました。藤原は、教員の働き方改革や生徒の主体性を重...,あなたと同じ53歳のとき、藤原和博は教育の現場で大きな成果を上げました。彼は東京都の教育委員会において、学校改革プロジェクトのリーダーとして活動を始めました。藤原は、教員の働き方改革や生徒の主体性を重視した授業スタイルを提案し、多くの学校で実践されることとなりました。その結果、教育現場における生徒の学びの質が向上し、全国的に注目を集めることになりました。彼の取り組みは、これからの日本の教育にとって重要な指針となっているのです。
P261D23E,藤井聡太,19.0,芸術・文化,なし,0.0,あなたと同じ19歳のとき、藤井聡太は最年少で竜王位を獲得し、史上最年少五冠を達成しました。のデビューから29連勝の新記録を樹立し、勝率8割超えを3年連続で記録しました。は19歳で棋聖位を獲得し、史上最...,あなたと同じ19歳のとき、藤井聡太は最年少で竜王位を獲得し、史上最年少五冠を達成しました。のデビューから29連勝の新記録を樹立し、勝率8割超えを3年連続で記録しました。は19歳で棋聖位を獲得し、史上最年少タイトル獲得記録を更新しました。これにより、将棋の競技人口は200万人以上増加し、将棋界は新たな黄金時代を迎えました。藤井の活躍は、将棋界だけでなく、幅広い世代の人々に貢献し、NHKの将棋中継の視聴率は過去最高を記録しました。
P7715FF2,藤沢和雄,51.0,スポーツ,なし,0.0,あなたと同じ51歳のとき、藤沢和雄はJRA通算1000勝を達成した。2000年、シンボリクリスエス、ゼンノロブロイなど数々の名馬を管理。通算1500勝以上を挙げた名調教師。,あなたと同じ51歳のとき、藤沢和雄はJRA通算1000勝を達成した。2000年、シンボリクリスエス、ゼンノロブロイなど数々の名馬を管理。通算1500勝以上を挙げた名調教師。
P0DB9D32,藤野彰,26.0,科学・技術,なし,0.0,あなたと同じ26歳のとき、藤野彰はゲーム開発の転機を迎えました。長年の構想を形にすべく、独立を決意し、スタジオを立ち上げたのです。資金調達や人材確保に苦労しながらも、彼の情熱と創造力は周囲を動かしまし...,あなたと同じ26歳のとき、藤野彰はゲーム開発の転機を迎えました。長年の構想を形にすべく、独立を決意し、スタジオを立ち上げたのです。資金調達や人材確保に苦労しながらも、彼の情熱と創造力は周囲を動かしました。そして2年後、オリジナリティ溢れる意欲作が完成。ゲーマーから絶賛を浴び、一躍注目を集めることとなりました。藤野の挑戦は、ゲーム業界に新風を吹き込んだのです。
PAE6F2BD,蜷川実花,35.0,その他,オリンピック,0.0,あなたと同じ35歳のとき、蜷川実花は映画『さくらん』で監督デビューした。2007年、極彩色の世界観で写真界から映画界に進出。父・蜷川幸雄の遺志を継ぎ、東京2020オリンピック開会式の演出も手掛けた。,あなたと同じ35歳のとき、蜷川実花は映画『さくらん』で監督デビューした。2007年、極彩色の世界観で写真界から映画界に進出。父・蜷川幸雄の遺志を継ぎ、東京2020オリンピック開会式の演出も手掛けた。
P0D06DCA,蜷川幸雄,21.0,芸術・文化,なし,0.0,あなたと同じ21歳のとき、蜷川幸雄は早稲田大学演劇部の学生でした。当時、彼は演劇界の常識に疑問を抱き、新しい表現方法を模索していました。そんな中、彼は演出家を目指すことを決意し、独自の演出スタイルを追...,あなたと同じ21歳のとき、蜷川幸雄は早稲田大学演劇部の学生でした。当時、彼は演劇界の常識に疑問を抱き、新しい表現方法を模索していました。そんな中、彼は演出家を目指すことを決意し、独自の演出スタイルを追求し始めました。蜷川は、伝統的な演劇の枠にとらわれない斬新な舞台づくりに挑戦し、観客を驚かせる演出で注目を集めるようになりました。21歳という若さで、将来の演劇界を牽引する存在になることを予感させる才能を発揮しました。
P17B357D,見取り図,35.0,エンターテイメント,なし,0.0,あなたと同じ35歳のとき、見取り図はM-1グランプリで準優勝した。2020年、盛山晋太郎とリリーのコンビ。大阪発の実力派として、関西ローカルから全国区へ躍進した。,あなたと同じ35歳のとき、見取り図はM-1グランプリで準優勝した。2020年、盛山晋太郎とリリーのコンビ。大阪発の実力派として、関西ローカルから全国区へ躍進した。
P7AD33AD,西野朗,15.0,スポーツ,なし,0.0,あなたと同じ15歳のとき、西野朗は中学校のサッカー部で監督から「お前にはサッカーセンスがない」と言われました。しかし、その言葉に屈することなく、努力を重ねて練習に打ち込みました。その結果、高校でレギュ...,あなたと同じ15歳のとき、西野朗は中学校のサッカー部で監督から「お前にはサッカーセンスがない」と言われました。しかし、その言葉に屈することなく、努力を重ねて練習に打ち込みました。その結果、高校でレギュラーに選ばれ、大学でも活躍。プロ選手としてJリーグで活躍した後、日本代表監督にまで上り詰めました。若い頃の辛い経験が、指導者としての原点になったのです。
P321D60D,西野亮廣,19.0,芸術・文化,なし,0.0,あなたと同じ19歳のとき、西野亮廣は梶原雄太とキングコングを結成し、吉本興業NSC大阪校18期生とし、活動を開始しました。結成初年度から関西の深夜バラエティ番組で中心に10本のレギュラー番組を獲得しま...,あなたと同じ19歳のとき、西野亮廣は梶原雄太とキングコングを結成し、吉本興業NSC大阪校18期生とし、活動を開始しました。結成初年度から関西の深夜バラエティ番組で中心に10本のレギュラー番組を獲得しました。はM-1グランプリで準優勝を果たし、若手お笑いコンビとして急速に知名度を上げました。その後、お笑い芸人としての活動と並行して絵本作家も活動を開始し、「えんとつ町のプペル」などの作品を発表しています。
PB92AD92,西野七瀬,15.0,芸術・文化,なし,0.0,あなたと同じ15歳のとき、西野七瀬はオーディションを受けて、アイドルグループ「乃木坂46」のメンバーに選ばれました。アイドルとしてデビューし、歌やダンスの練習に励む毎日を送りました。グループでの活動を...,あなたと同じ15歳のとき、西野七瀬はオーディションを受けて、アイドルグループ「乃木坂46」のメンバーに選ばれました。アイドルとしてデビューし、歌やダンスの練習に励む毎日を送りました。グループでの活動を通じて、多くのファンに夢や希望を与える存在となりました。同時に、女優としての才能も開花し、ドラマや映画への出演オファーが増えていきました。15歳という若さで、アイドルと女優の両方で活躍の場を広げていったのです。
P5297BF6,西郷隆盛,41.0,政治・社会,なし,0.0,あなたと同じ41歳のとき、西郷隆盛は明治維新の立役者で江戸城無血開城を実現。15万の官軍を率いて江戸に迫る中、敵将勝海舟と会談のわずか2時間短時間で江戸100万人の命に救う歴史的合意を成立させました。...,あなたと同じ41歳のとき、西郷隆盛は明治維新の立役者で江戸城無血開城を実現。15万の官軍を率いて江戸に迫る中、敵将勝海舟と会談のわずか2時間短時間で江戸100万人の命に救う歴史的合意を成立させました。実は西郷は会談前夜、敵地での交渉に備えて3日間断食し精神統一を図っていました。身長180センチの巨体に似合わず、犬を17匹も飼う愛犬家で知られた彼は、この重大な決断の際も愛犬を膝に乗せて思案したと伝えられています。武力のはなく対話で日本最大の危機を乗り越えた西郷の人間性が、新しい時代の扉を開きました。
PE64AB31,西田敏行,25.0,ビジネス,なし,0.0,あなたと同じ25歳のとき、西田敏行は俳優としてキャリアの重要な転機を迎えました。この時期、独自の視点と情熱を持って新しい挑戦に取り組み、その後の成功の基盤となる貴重な経験を積みました。周囲からの期待と...,あなたと同じ25歳のとき、西田敏行は俳優としてキャリアの重要な転機を迎えました。この時期、独自の視点と情熱を持って新しい挑戦に取り組み、その後の成功の基盤となる貴重な経験を積みました。周囲からの期待と自身の目標との間で葛藤しながらも、決断力と行動力で道を切り開いていきました。若くして示したこの行動は、後のキャリアの基盤となる重要な経験でした。その実績は広く認められました。運命が動き始めた瞬間でした。この転機が新たな物語の始まりとなった。
PC8468A0,西田善太,63.0,スポーツ,なし,0.0,あなたと同じ63歳のとき、西田善太さんはシニアマラソン大会に出場し、見事優勝を果たしました。長年のランニング経験を活かし、日々のトレーニングを欠かさず行ってきた西田さんは、自己ベストを更新する快挙を達...,あなたと同じ63歳のとき、西田善太さんはシニアマラソン大会に出場し、見事優勝を果たしました。長年のランニング経験を活かし、日々のトレーニングを欠かさず行ってきた西田さんは、自己ベストを更新する快挙を達成しました。大会では、若い競技者たちと渡り合い、最後まで力強い走りを見せる姿が印象的でした。彼にとって、この優勝はただの結果ではなく、努力と情熱の証となりました。多くの人々に勇気を与える存在となり、シニア世代でも挑戦し続けることの大切さを示す出来事となりました。
P83612DF,西村嘉央,67.0,芸術・文化,なし,0.0,あなたと同じ67歳のとき、西村嘉央は新たな挑戦に取り組むことになりました。彼は長年の文学活動を経て、今まで書いたことのないジャンルの小説に挑戦することを決意しました。それは、彼の故郷である小さな町を舞...,あなたと同じ67歳のとき、西村嘉央は新たな挑戦に取り組むことになりました。彼は長年の文学活動を経て、今まで書いたことのないジャンルの小説に挑戦することを決意しました。それは、彼の故郷である小さな町を舞台にしたミステリー小説です。初めての試みであり、彼は不安を抱えながらも、当地の歴史や文化を調査し、独自の視点で物語を作り上げることになりました。周囲の反応は様々でしたが、執筆を続ける中で、自らの成長を実感し、最終的には作品を完成させることができました。彼の挑戦は、年齢に関係なく新しいことに挑むことの大切さを教えてくれました。
P36C4930,西村博之,23.0,ビジネス,なし,0.0,あなたと同じ23歳のとき、西村博之は自宅のアパートで2ちゃんねるを開設しました。当初の利用者は1日わずか10人程度でしたが、彼は24時間体制で掲示板の管理を行い、3か月後には1000人の利用者を獲得し...,あなたと同じ23歳のとき、西村博之は自宅のアパートで2ちゃんねるを開設しました。当初の利用者は1日わずか10人程度でしたが、彼は24時間体制で掲示板の管理を行い、3か月後には1000人の利用者を獲得しました。開設資金はアルバイトの貯めた5万円のみで、サーバー代の節約するため深夜にコンビニでアルバイトを続けながら運営していました。当時インターネット掲示板は企業は運営するものは主流でしたが、彼は完全匿名制という革新的なシステムを導入し、日本のネット文化に根底から変える歴史的な一歩を踏み出しました。
P8419E02,西川遥輝,15.0,スポーツ,なし,0.0,あなたと同じ15歳のとき、西川遥輝は日本ハムファイターズのジュニアチームに所属していました。この年、西川は全国中学生軟式野球大会で優勝し、大会MVPに選ばれました。卓越した打撃技術と俊足を武器に、チー...,あなたと同じ15歳のとき、西川遥輝は日本ハムファイターズのジュニアチームに所属していました。この年、西川は全国中学生軟式野球大会で優勝し、大会MVPに選ばれました。卓越した打撃技術と俊足を武器に、チームを勝利に導いたのです。この成績が認められ、高校進学後はファイターズの育成選手として迎え入れられることとなりました。
P956E8E9,西川潔,28.0,ビジネス,なし,0.0,あなたと同じ28歳のとき、西川潔は大阪府議会議員として初当選を果たし、芸能界から政界への転身を成功させました。選挙では3万2000票を獲得し、当時最年少の府議会議員となりました。漫才師時代の年収は80...,あなたと同じ28歳のとき、西川潔は大阪府議会議員として初当選を果たし、芸能界から政界への転身を成功させました。選挙では3万2000票を獲得し、当時最年少の府議会議員となりました。漫才師時代の年収は800万円でしたが、議員報酬は月額45万円と大幅な収入減となり、家族を支えるため深夜のアルバイトも続けました。多くの芸能人が政界進出に失敗する中、彼は地域密着型の活動を徹底し、毎朝6時から駅頭に立って市民の声を聞き続けました。この献身的な姿勢が評価され、後の参議院議員選挙での当選につながる基盤を築きました。
P3E890E2,西川正勝,43.0,学術・研究,なし,0.0,あなたと同じ43歳のとき、西川正勝は脳の情報処理の仕組みに関する研究で大きな成果を上げました。脳の神経回路網の構造と機能を解明する画期的な実験手法を開発し、国際的な注目を集めるようになりました。この研...,あなたと同じ43歳のとき、西川正勝は脳の情報処理の仕組みに関する研究で大きな成果を上げました。脳の神経回路網の構造と機能を解明する画期的な実験手法を開発し、国際的な注目を集めるようになりました。この研究成果は、脳科学の発展に大きく寄与するものとなり、西川はこの分野のパイオニアとして高く評価されることとなりました。
PF5F76B1,西川廣人,65.0,ビジネス,なし,0.0,あなたと同じ65歳のとき、西川廣人は日産・ゴーン問題で辞任に追い込まれ、経営責任を問われるしました。在任期間10年を記録し、株価30%下落を記録し、この挫折により、企業統治の失敗により、日産自動車の信...,あなたと同じ65歳のとき、西川廣人は日産・ゴーン問題で辞任に追い込まれ、経営責任を問われるしました。在任期間10年を記録し、株価30%下落を記録し、この挫折により、企業統治の失敗により、日産自動車の信頼を大きく損なったという大きな影響を与えました。長年の経験を活かした取り組みとして、大きな意味を持ちました。その実績は広く認められました。失敗後も諦めずに、新たな目標に向けて再出発しました。この試練が後の成功につながりました。この困難を乗り越え一回り成長した。
PDED81E9,西川伸一,60.0,医学・健康,なし,0.0,あなたと同じ60歳のとき、西川伸一は理化学研究所発生・再生科学総合研究センター（CDB）の初代センター長として、日本の発生・再生医学研究の基盤構築に取り組んでいました。京都大学医学部卒業後、熊本大学医...,あなたと同じ60歳のとき、西川伸一は理化学研究所発生・再生科学総合研究センター（CDB）の初代センター長として、日本の発生・再生医学研究の基盤構築に取り組んでいました。京都大学医学部卒業後、熊本大学医学部教授を経て理研CDBセンター長に就任し、幹細胞研究と発生生物学分野で国際的な研究拠点の形成を推進しました。14年間にわたってセンターを率い、多くの若手研究者を育成しながら、再生医学の発展に寄与した医学研究者となりました。
P26D7E4E,西川きよし,61.0,その他,なし,0.0,あなたと同じ61歳のとき、西川きよしは新たな挑戦を始めました。それは、テレビのバラエティ番組の司会者としての活動です。これまで漫才師として多くのファンに愛されてきた彼ですが、司会業にも挑戦することで自...,あなたと同じ61歳のとき、西川きよしは新たな挑戦を始めました。それは、テレビのバラエティ番組の司会者としての活動です。これまで漫才師として多くのファンに愛されてきた彼ですが、司会業にも挑戦することで自身の幅を広げることとなりました。この年、彼は多くの視聴者に笑いを提供するだけでなく、若手芸人の育成にも力を入れ、業界全体の活性化に寄与する存在となりました。西川きよしは、漫才だけでなく、司会業でも成功を収めることとなり、多くの人々に影響を与える存在となったのです。
P71B9EE0,西和彦,25.0,科学・技術,なし,0.0,あなたと同じ25歳のとき、西和彦はMSXパソコン規格を発表し、日本のPC普及を推進しました。国内外100社以上が参加を記録し、累計500万台以上販売を記録し、この発明により、家庭用パソコンの標準規格を...,あなたと同じ25歳のとき、西和彦はMSXパソコン規格を発表し、日本のPC普及を推進しました。国内外100社以上が参加を記録し、累計500万台以上販売を記録し、この発明により、家庭用パソコンの標準規格を作り、日本のIT教育の基盤を築いたという大きな影響を与えました。若くして示したこの行動は、後のキャリアの基盤となる重要な経験でした。その実績は広く認められました。新たな可能性を開きました。この革新が業界に新風を吹き込んだ。
P5E870C9,西和彦,27.0,ビジネス,なし,0.0,あなたと同じ27歳のとき、西和彦（27歳）は1982年、日本初のパーソナルコンピューター「MSX」の構想を発表。しかし開発初期、国内電機メーカー15社中13社が参加を拒否し、8ヶ月間具体的な開発パート...,あなたと同じ27歳のとき、西和彦（27歳）は1982年、日本初のパーソナルコンピューター「MSX」の構想を発表。しかし開発初期、国内電機メーカー15社中13社が参加を拒否し、8ヶ月間具体的な開発パートナーは見つからない状況が続いました。それのも学生時代にマイクロソフトで見たパソコンの未来像を信じ、粘り強く交渉を重ねた結果、最終的で松下電器にはじめ14社が参加を決定。MSX規格は世界40ヶ国で500万台以上が販売され、日本のパソコン普及率を10倍に押し上げました。
P7AADB6D,衣笠祥雄,72.0,スポーツ,なし,0.0,あなたと同じ72歳のとき、衣笠祥雄は、現役時代に積み重ねてきた野球への情熱と知識を活かし、子どもたちへの野球指導に尽力しました。自身の経験を伝えることで、次世代の野球選手の育成に大きく貢献しました。ま...,あなたと同じ72歳のとき、衣笠祥雄は、現役時代に積み重ねてきた野球への情熱と知識を活かし、子どもたちへの野球指導に尽力しました。自身の経験を伝えることで、次世代の野球選手の育成に大きく貢献しました。また、地域のスポーツ振興にも力を注ぎ、野球を通じた社会貢献活動に精力的に取り組みました。その功績が認められ、地域スポーツ賞を受賞するなど、多くの人々から称賛を集めることとなりました。
P2AEBC63,蟹江敬三,31.0,政治・社会,なし,0.0,あなたと同じ31歳のとき、蟹江敬三は、地球温暖化問題に立ち向かうため、一人で世界各地を訪れ始めました。現地の人々から生の声を聞き、環境破壊の実態を目の当たりにした蟹江さんは、この問題の深刻さを痛感しま...,あなたと同じ31歳のとき、蟹江敬三は、地球温暖化問題に立ち向かうため、一人で世界各地を訪れ始めました。現地の人々から生の声を聞き、環境破壊の実態を目の当たりにした蟹江さんは、この問題の深刻さを痛感しました。帰国後、精力的に講演活動を行い、多くの人々に環境問題の重要性を訴えかけました。蟹江さんの熱意あふれる活動は、多くの人々の意識を変える大きなきっかけとなりました。
P8FD1F8B,角田裕毅,20.0,スポーツ,なし,0.0,あなたと同じ20歳のとき、角田裕毅はF1デビューを果たした。2021年、アルファタウリから参戦し日本人7人目のF1ドライバーに。小柄ながら攻撃的な走りで世界を驚かせている。,あなたと同じ20歳のとき、角田裕毅はF1デビューを果たした。2021年、アルファタウリから参戦し日本人7人目のF1ドライバーに。小柄ながら攻撃的な走りで世界を驚かせている。
P592B9CB,藤井聡太,27.0,ビジネス,なし,0.0,あなたと同じ27歳のとき、藤井聡太は将棋界の常識を覆す快挙を成し遂げました。前人未到の「七冠独占」を達成し、将棋の歴史に新たな1ページを刻んだのです。この偉業により、藤井聡太は将棋界のみならず、日本中...,あなたと同じ27歳のとき、藤井聡太は将棋界の常識を覆す快挙を成し遂げました。前人未到の「七冠独占」を達成し、将棋の歴史に新たな1ページを刻んだのです。この偉業により、藤井聡太は将棋界のみならず、日本中から注目を集める存在となりました。若くして頂点に立った彼の姿は、多くの人々に夢と希望を与えています。
P12074EA,野田佳彦,32.0,学術・研究,なし,0.0,あなたと同じ32歳のとき、野田佳彦は衆議院議員選挙に初当選を果たしました。それまで地方議員として地元・千葉県の発展に尽力してきた野田氏でしたが、国政の舞台に立つことで、より大きな規模で社会課題の解決に...,あなたと同じ32歳のとき、野田佳彦は衆議院議員選挙に初当選を果たしました。それまで地方議員として地元・千葉県の発展に尽力してきた野田氏でしたが、国政の舞台に立つことで、より大きな規模で社会課題の解決に取り組む決意を新たにしました。若手議員ながら、その真摯な姿勢と政策立案能力が高く評価され、将来を嘱望される存在となりました。この初当選が、野田氏が日本の政治に大きな影響を与える転機となったのです。
PFEA0BD4,野茂英雄,26.0,スポーツ,なし,0.0,あなたと同じ26歳のとき、野茂英雄（26歳）は1995年、日本人初のメジャーリーガーで渡米しました。移籍直後は言葉の壁の監督やコーチと意思疎通ができず、メディアからは「7試合で帰国」と酷評され、初登板...,あなたと同じ26歳のとき、野茂英雄（26歳）は1995年、日本人初のメジャーリーガーで渡米しました。移籍直後は言葉の壁の監督やコーチと意思疎通ができず、メディアからは「7試合で帰国」と酷評され、初登板のは6回5失点で炎上しました。しかし独特のトルネード投法を信じ、毎日500球の投球練習を続けました。幼少期の父から教わった「人と違うことで恐れるな」言葉を胸に、13勝6敗、防御率2.54で新人王を獲得。日本人選手のメジャー挑戦の道を開き、これまで50人以上の選手が後に続いました。
P005E7A8,高橋尚子,28.0,スポーツ,オリンピック,0.0,あなたと同じ28歳のとき、高橋尚子（28歳）は2000年、シドニー五輪の女子マラソンで金メダルを獲得しました。市民ランナーから転向した彼女は、実業団入り後800日以上故障に悩み、国際大会での入賞歴がゼ...,あなたと同じ28歳のとき、高橋尚子（28歳）は2000年、シドニー五輪の女子マラソンで金メダルを獲得しました。市民ランナーから転向した彼女は、実業団入り後800日以上故障に悩み、国際大会での入賞歴がゼロ状況だっました。小出義雄監督の下、1日35キロの走り込みを3年間継続し、標高2000メートルのケニア合宿の月間走行距離1200キロ過酷な練習に挑んでした。幼少期から「最後まの諦めない」母の教えを胸に刻んでいました。この金メダルで日本の女子マラソンブームが到来し、市民マラソン参加者は20万人増加、女性ランナーは3...
P20D07A8,高橋宏斗,40.0,スポーツ,なし,0.0,あなたと同じ40歳のとき、高橋宏斗は野球選手として大きなブレークスルーを達成しました。それまでの努力と経験が実を結び、スポーツ分野で画期的な成果を上げました。この成功は単なる幸運ではなく、長年の準備と...,あなたと同じ40歳のとき、高橋宏斗は野球選手として大きなブレークスルーを達成しました。それまでの努力と経験が実を結び、スポーツ分野で画期的な成果を上げました。この成功は単なる幸運ではなく、長年の準備と周到な戦略、そして諦めない姿勢の結果でした。業界での地位を確立し、次のステージへと駒を進めました。この功績により、業界での評価が一層高まりました。歴史に名を刻む重要な成果として評価されています。この実績が次のステージへの扉を開いた。
P95717F4,高橋大輔,56.0,科学・技術,なし,0.0,あなたと同じ56歳のとき、高橋大輔は日本の宇宙開発において重要なプロジェクトに挑戦していました。彼は新しいロケットエンジンの開発に携わることになり、数々の困難に直面しました。特に、エンジンの燃焼効率を...,あなたと同じ56歳のとき、高橋大輔は日本の宇宙開発において重要なプロジェクトに挑戦していました。彼は新しいロケットエンジンの開発に携わることになり、数々の困難に直面しました。特に、エンジンの燃焼効率を向上させることが大きな課題となりました。試行錯誤を繰り返しながら、彼は仲間とともに新しい材料を試すことになり、数ヶ月の研究の後、ついに理想的な結果を得ることができました。この成功は日本の宇宙技術の発展に寄与し、高橋は自らの努力が実を結んだことを実感しました。
P78C319C,高橋大輔,25.0,ビジネス,なし,0.0,あなたと同じ25歳のとき、高橋大輔はフィギュアスケート選手としてキャリアの重要な転機を迎えました。この時期、独自の視点と情熱を持って新しい挑戦に取り組み、その後の成功の基盤となる貴重な経験を積みました...,あなたと同じ25歳のとき、高橋大輔はフィギュアスケート選手としてキャリアの重要な転機を迎えました。この時期、独自の視点と情熱を持って新しい挑戦に取り組み、その後の成功の基盤となる貴重な経験を積みました。周囲からの期待と自身の目標との間で葛藤しながらも、決断力と行動力で道を切り開いていきました。この決断が後の人生を大きく変えることとなりました。大きな変革をもたらす歴史的な転機でした。この出来事が人生の転機となった。この経験が視野を大きく広げた。
P965BEB3,高橋大輔,24.0,スポーツ,オリンピック,0.0,あなたと同じ24歳のとき、高橋大輔はバンクーバー五輪で日本男子フィギュア史上初となる銅メダルを獲得しました。前年の世界選手権で右膝前十字靭帯断裂という重傷を負い、手術後わずか4か月のの復帰は医師も驚く...,あなたと同じ24歳のとき、高橋大輔はバンクーバー五輪で日本男子フィギュア史上初となる銅メダルを獲得しました。前年の世界選手権で右膝前十字靭帯断裂という重傷を負い、手術後わずか4か月のの復帰は医師も驚く回復力でしました。実は競技前夜、緊張の一睡もできずにいた彼を支えたのは、母親が手作りした梅干しおにぎりでしました。フリープログラムでは転倒しながらも、最後まの諦めない演技で観客を魅了し、技術点で8位だったにも関わらず、表現力の高さで総合3位に押し上げました。この快挙により、日本フィギュア界に新たな歴史を刻みました。
P1B25302,高橋周平,63.0,芸術・文化,なし,0.0,あなたと同じ63歳のとき、高橋周平は自らの陶芸スタジオを開設しました。彼は長年の経験を生かし、独自の技術を駆使して日本の伝統的な陶芸を現代風にアレンジすることに成功しました。特に、彼の作品は美しい色合...,あなたと同じ63歳のとき、高橋周平は自らの陶芸スタジオを開設しました。彼は長年の経験を生かし、独自の技術を駆使して日本の伝統的な陶芸を現代風にアレンジすることに成功しました。特に、彼の作品は美しい色合いと形状が特徴で、多くの陶芸展で高く評価されるようになりました。その結果、全国各地から注目を集め、作品は瞬く間に売り切れることが多くなりました。高橋は、自身のスタジオで後進の指導にも力を入れ、若い陶芸家たちの育成にも貢献しています。彼の情熱と努力が、多くの人々に感動を与えることとなりました。
PD2B0163,高橋凛,25.0,スポーツ,なし,0.0,あなたと同じ25歳のとき、高橋凛は野球選手（投手）としてキャリアの重要な転機を迎えました。この時期、独自の視点と情熱を持って新しい挑戦に取り組み、その後の成功の基盤となる貴重な経験を積みました。周囲か...,あなたと同じ25歳のとき、高橋凛は野球選手（投手）としてキャリアの重要な転機を迎えました。この時期、独自の視点と情熱を持って新しい挑戦に取り組み、その後の成功の基盤となる貴重な経験を積みました。周囲からの期待と自身の目標との間で葛藤しながらも、決断力と行動力で道を切り開いていきました。この決断が後の人生を大きく変えることとなりました。困難な選択でしたが、後に大きな成果をもたらしました。これが運命を変える岐路となりました。この選択が新たな道を切り開いた。
P716967A,高橋健太郎,58.0,学術・研究,なし,0.0,あなたと同じ58歳のとき、高橋健太郎は新たな研究テーマに挑戦することを決意しました。彼は、地球温暖化の影響を受ける地域の生態系についての調査を行っていましたが、資金不足や協力者の確保に苦労する日々とな...,あなたと同じ58歳のとき、高橋健太郎は新たな研究テーマに挑戦することを決意しました。彼は、地球温暖化の影響を受ける地域の生態系についての調査を行っていましたが、資金不足や協力者の確保に苦労する日々となりました。それでも、高橋は諦めず、国内外の研究機関に提案書を送り続けました。その努力が実を結び、多くの研究者との共同研究が実現しました。結果として、彼の研究は学界で注目され、温暖化対策の政策提言に繋がる成果となりました。この経験は、彼にとって大きな自信となり、学術界での挑戦を続ける原動力となったのです。
PFBC1CE5,高橋尚子,54.0,政治・社会,なし,0.0,あなたと同じ54歳のとき、高橋尚子は自身の人生に大きな転機を迎えました。彼女は現役を引退した後、スポーツを通じた社会貢献活動に力を入れることになりました。特に、若い世代へのマラソン指導や、健康の重要性...,あなたと同じ54歳のとき、高橋尚子は自身の人生に大きな転機を迎えました。彼女は現役を引退した後、スポーツを通じた社会貢献活動に力を入れることになりました。特に、若い世代へのマラソン指導や、健康の重要性を広めるイベントを数多く開催しました。これにより、地域社会とのつながりが深まり、多くの人々に影響を与える存在となりました。高橋さんは、自身の経験をもとに「夢を追い続ける大切さ」を伝え続けることが新たな使命になったと語っています。彼女の活動は、スポーツを通じて人々を元気づける力となっています。
P53579A1,高橋健一,62.0,学術・研究,なし,0.0,あなたと同じ62歳のとき、高橋健一は自身の研究における大きな転機を迎えました。彼は長年取り組んできた海洋生物の生態研究において、エコシステムの変化が生物多様性に与える影響を明らかにする重要な発見をしま...,あなたと同じ62歳のとき、高橋健一は自身の研究における大きな転機を迎えました。彼は長年取り組んできた海洋生物の生態研究において、エコシステムの変化が生物多様性に与える影響を明らかにする重要な発見をしました。この発見は、環境保護政策を考える上での基盤となり、多くの学者や政策立案者に影響を与えることになりました。また、この成果を通じて、次世代の研究者たちに向けた教育にも力を入れるようになり、彼の研究室は若手研究者の育成の場となっています。高橋は今、学問への情熱を新たにして、さらなる研究に挑戦する決意を固めています。
PB541443,高木美帆,23.0,スポーツ,オリンピック,0.0,あなたと同じ23歳のとき、高木美帆は平昌オリンピックで日本スピードスケート界に革命を起こしました。1500メートルで銀メダル、1000メートルで銅メダル、そし、団体パシュートで金メダルを獲得し、1大会...,あなたと同じ23歳のとき、高木美帆は平昌オリンピックで日本スピードスケート界に革命を起こしました。1500メートルで銀メダル、1000メートルで銅メダル、そし、団体パシュートで金メダルを獲得し、1大会で3個のメダルを手にしました。実は彼女は中学時代でサッカーに熱中し、スケートから一時離れた経験があります。その多様なスポーツ経験が独特のバランス感覚を育み、コーナーワークで他選手を圧倒する技術につながりました。姉の菜那と共で表彰台に立った瞬間、涙で流しながら「家族への感謝」に語った姿は多くの人の心を打ちました。
P3F00EB4,高木ブー,25.0,エンターテイメント,なし,0.0,あなたと同じ25歳のとき、高木ブーはコメディアンとしてキャリアの重要な転機を迎えました。この時期、独自の視点と情熱を持って新しい挑戦に取り組み、その後の成功の基盤となる貴重な経験を積みました。周囲から...,あなたと同じ25歳のとき、高木ブーはコメディアンとしてキャリアの重要な転機を迎えました。この時期、独自の視点と情熱を持って新しい挑戦に取り組み、その後の成功の基盤となる貴重な経験を積みました。周囲からの期待と自身の目標との間で葛藤しながらも、決断力と行動力で道を切り開いていきました。人生の転機となる重要な選択でした。環境の変化に適応しながら、新しい挑戦を始めました。人生の重要な転機となった出来事でした。この挑戦が新しい可能性を示した。
PA500376,高倉健,75.0,芸術・文化,なし,0.0,あなたと同じ75歳のとき、高倉健は長年の喫煙による肺気腫を患っていましたが、役者としての情熱は衰えることなく、病と向き合いながら最後まで現場に立ち続けました。体調不良で撮影を休むこともありましたが、監...,あなたと同じ75歳のとき、高倉健は長年の喫煙による肺気腫を患っていましたが、役者としての情熱は衰えることなく、病と向き合いながら最後まで現場に立ち続けました。体調不良で撮影を休むこともありましたが、監督や共演者の理解と支えもあり、作品に対する真摯な姿勢は多くの人々に感銘を与えました。高倉は生涯現役の俳優として、命を懸けて演技に打ち込む姿勢を貫き通しました。
PA500376,高倉健,69.0,スポーツ,なし,0.0,あなたと同じ69歳のとき、高倉健は映画『あなたへ』の撮影に臨みました。がんを患いながらも、最後まで役者魂を貫き通す決意をしたのです。撮影中は体調不良に悩まされましたが、監督や共演者に支えられ、見事に演...,あなたと同じ69歳のとき、高倉健は映画『あなたへ』の撮影に臨みました。がんを患いながらも、最後まで役者魂を貫き通す決意をしたのです。撮影中は体調不良に悩まされましたが、監督や共演者に支えられ、見事に演じ切りました。この作品は高倉の生涯最後の主演作となり、その熱演は多くの観客の心を打ちました。命を削るような演技で、役者としての生き様を示した高倉健。69歳での挑戦は、彼の俳優人生の集大成となりました。
PF6D29A8,香川真司,23.0,スポーツ,なし,0.0,あなたと同じ23歳のとき、香川真司はマンチェスター・ユナイテッドでプレミアリーグ優勝を果たしました。移籍1年目にし、26試合に出場し6得点を記録し、チームの20回目のリーグ制覇に貢献しました。実は彼は...,あなたと同じ23歳のとき、香川真司はマンチェスター・ユナイテッドでプレミアリーグ優勝を果たしました。移籍1年目にし、26試合に出場し6得点を記録し、チームの20回目のリーグ制覇に貢献しました。実は彼は試合前の必ず同じ順序で靴紐に結ぶルーティンを持っており、左足から右足へと決まった手順を守っていました。言語の壁や激しいフィジカルコンタクトに苦しみながらも、持ち前の技術と献身的な練習の世界最高峰のリーグで結果を残し、日本人とし、初めてプレミアリーグのタイトルを獲得しました。
P976A30E,養老孟司,74.0,科学・技術,なし,0.0,あなたと同じ74歳のとき、養老孟司は日本の伝統的な生活様式に注目し、現代社会との関係性について研究を深めました。特に、日本の里山や農村での暮らしが人々の健康と幸福に与える影響を分析し、その知見を広く社...,あなたと同じ74歳のとき、養老孟司は日本の伝統的な生活様式に注目し、現代社会との関係性について研究を深めました。特に、日本の里山や農村での暮らしが人々の健康と幸福に与える影響を分析し、その知見を広く社会に発信しました。これにより、日本の伝統的な価値観と現代社会の調和の重要性が再認識されるきっかけとなりました。
P976A30E,養老孟司,53.0,学術・研究,なし,0.0,あなたと同じ53歳のとき、養老孟司は自身の専門分野である解剖学の知見を活かし、一般向けの科学エッセイ集「バカの壁」を上梓しました。専門用語を使わずに、わかりやすい言葉で科学の面白さを伝える独自のスタイ...,あなたと同じ53歳のとき、養老孟司は自身の専門分野である解剖学の知見を活かし、一般向けの科学エッセイ集「バカの壁」を上梓しました。専門用語を使わずに、わかりやすい言葉で科学の面白さを伝える独自のスタイルが話題となり、ベストセラーになりました。この著書をきっかけに、一般市民に科学をより身近に感じてもらうための活動に力を注ぐようになりました。
P0315EF8,飯島澄男,69.0,科学・技術,なし,0.0,あなたと同じ69歳のとき、飯島澄男は炭素の新しい結晶構造体であるカーボンナノチューブの大量合成法の開発に取り組んでいました。従来の方法では合成効率が低く、実用化への障壁となっていましたが、飯島はあきら...,あなたと同じ69歳のとき、飯島澄男は炭素の新しい結晶構造体であるカーボンナノチューブの大量合成法の開発に取り組んでいました。従来の方法では合成効率が低く、実用化への障壁となっていましたが、飯島はあきらめずに研究を続けました。試行錯誤の末、触媒を工夫することで画期的な合成法の確立に成功しました。この発見により、ナノテクノロジー分野に革新をもたらし、新材料開発の扉が大きく開かれることとなりました。
PCFB9015,高橋みなみ,25.0,ビジネス,なし,0.0,あなたと同じ25歳のとき、高橋みなみは元アイドルとしてキャリアの重要な転機を迎えました。この時期、独自の視点と情熱を持って新しい挑戦に取り組み、その後の成功の基盤となる貴重な経験を積みました。周囲から...,あなたと同じ25歳のとき、高橋みなみは元アイドルとしてキャリアの重要な転機を迎えました。この時期、独自の視点と情熱を持って新しい挑戦に取り組み、その後の成功の基盤となる貴重な経験を積みました。周囲からの期待と自身の目標との間で葛藤しながらも、決断力と行動力で道を切り開いていきました。新たな道への第一歩を踏み出したのです。この転機により、新たな可能性が開かれることになりました。この決断が将来を大きく変えました。この転換が次のステージへの扉を開いた。
PFBC1CE5,高橋尚子,49.0,科学・技術,オリンピック,0.0,あなたと同じ49歳のとき、高橋尚子は東京マラソンの公式アンバサダーとして活動していました。彼女は2000年のシドニーマラソンで金メダルを獲得し、その影響力を活かして多くの人々にランニングの楽しさを伝え...,あなたと同じ49歳のとき、高橋尚子は東京マラソンの公式アンバサダーとして活動していました。彼女は2000年のシドニーマラソンで金メダルを獲得し、その影響力を活かして多くの人々にランニングの楽しさを伝えることに注力していました。49歳という年齢にもかかわらず、彼女はマラソンの普及活動を通じて、若者たちに夢を与える存在となりました。また、様々なイベントに参加し、健康の重要性を訴えることで、地域社会にも貢献する姿勢を見せていました。高橋の取り組みは多くの人々に感動を与え、今でも彼女の影響力は色あせることがありません。
PDCFEF4C,高橋昌明,65.0,学術・研究,なし,0.0,あなたと同じ65歳のとき、高橋昌明は数論における重要な定理を証明しました。この定理は、整数の性質に関する新たな視点を提供し、数学界に大きな影響を与えました。高橋は、若い頃から数論に情熱を注いできたため...,あなたと同じ65歳のとき、高橋昌明は数論における重要な定理を証明しました。この定理は、整数の性質に関する新たな視点を提供し、数学界に大きな影響を与えました。高橋は、若い頃から数論に情熱を注いできたため、65歳にしてこの成果を達成できたことは、彼自身にとっても大きな喜びとなりました。また、この成果は日本の数学の発展にも寄与し、国内外の学術誌に掲載されることとなりました。高橋の功績は、多くの後進の研究者たちにとっての励みとなり、今後の数論の進展に期待が高まっています。
PC89479D,高橋源一郎,57.0,学術・研究,なし,0.0,あなたと同じ57歳のとき、高橋源一郎は作家としての新たな道を切り開く転機を迎えました。この年、彼は「日本文学の未来」をテーマにしたシンポジウムに参加し、多くの若手作家たちと意見を交わす機会を得ました。...,あなたと同じ57歳のとき、高橋源一郎は作家としての新たな道を切り開く転機を迎えました。この年、彼は「日本文学の未来」をテーマにしたシンポジウムに参加し、多くの若手作家たちと意見を交わす機会を得ました。彼はその中で、若者たちの視点や表現方法に感銘を受け、自身の作品にも新しい風を取り入れることとなりました。また、このシンポジウムを通じて、彼は文学界の新たな潮流を感じ取り、より多様な表現に挑戦する決意を固めました。結果として、彼の作品はこれまで以上に多くの人々に支持されるようになり、作家としての活動が豊かになりました。
P2473487,黒沢清,53.0,芸術・文化,国際映画祭,0.0,あなたと同じ53歳のとき、黒沢清は長編映画「トウキョウソナタ」を発表しました。この作品は、家族の絆や現代社会の問題を深く掘り下げた内容で、カンヌ国際映画祭のコンペティション部門に出品されました。黒沢監...,あなたと同じ53歳のとき、黒沢清は長編映画「トウキョウソナタ」を発表しました。この作品は、家族の絆や現代社会の問題を深く掘り下げた内容で、カンヌ国際映画祭のコンペティション部門に出品されました。黒沢監督にとって、国際的な評価を得たこの作品は、キャリアの中でも大きな転機となりました。「トウキョウソナタ」の成功を機に、黒沢監督は日本を代表する映画監督の一人として、世界中から注目を集めるようになりました。
P7BD1145,黒柳徹子,49.0,芸術・文化,なし,0.0,あなたと同じ49歳のとき、黒柳徹子は大きな挑戦に直面しました。彼女は自らのテレビ番組『徹子の部屋』を続ける中で、番組の内容を一新することを決意しました。視聴者の反応が厳しくなる中、新しい企画やゲストを...,あなたと同じ49歳のとき、黒柳徹子は大きな挑戦に直面しました。彼女は自らのテレビ番組『徹子の部屋』を続ける中で、番組の内容を一新することを決意しました。視聴者の反応が厳しくなる中、新しい企画やゲストを迎えることは簡単ではありませんでした。特に、当時はまだ若手のタレントが台頭してきた時期で、黒柳は自分のスタイルを守りながらも新しい風を取り入れる必要がありました。しかし、彼女は自分の信念を貫き、視聴者との対話を大切にした結果、番組は再び人気を博すこととなりました。この経験を通じて、黒柳は年齢に関係なく挑戦し続けることの重要性を再確認しました。
P088F2C0,黒柳徹子,72.0,政治・社会,なし,0.0,あなたと同じ72歳のとき、黒柳徹子は、ユニセフ親善大使として、世界各地の恵まれない子供たちのために尽力しました。特に、紛争地域や自然災害の被災地を訪れ、子供たちに希望と勇気を与える活動に注力しました。...,あなたと同じ72歳のとき、黒柳徹子は、ユニセフ親善大使として、世界各地の恵まれない子供たちのために尽力しました。特に、紛争地域や自然災害の被災地を訪れ、子供たちに希望と勇気を与える活動に注力しました。また、日本国内でも、子供の権利や教育の重要性を訴える講演会を精力的に行い、多くの人々に感銘を与えました。黒柳の献身的な社会貢献活動は、国境を越えて多くの人々から尊敬と感謝の念を集めることとなりました。
PDF7CCCC,黒柳徹子,75.0,エンターテイメント,なし,0.0,あなたと同じ75歳のとき、黒柳徹子さんは自身の著書「徹子の部屋」をもとにした舞台を成功裏に上演し、多くの観客を魅了しました。彼女のユニークなキャラクターや人生観が反映されたこの舞台は、ファンから高い評...,あなたと同じ75歳のとき、黒柳徹子さんは自身の著書「徹子の部屋」をもとにした舞台を成功裏に上演し、多くの観客を魅了しました。彼女のユニークなキャラクターや人生観が反映されたこの舞台は、ファンから高い評価を受け、再演の要望も多く寄せられました。黒柳さんは75歳になってもなお、精力的に活動を続け、若い世代にも影響を与える存在となりました。彼女の情熱と創造力は、多くの人々に勇気を与え、芸能界での地位を確立する一因となっています。
PC3DA6E2,黒柳徹子,67.0,その他,なし,0.0,あなたと同じ67歳のとき、黒柳徹子はテレビ番組「徹子の部屋」の放送40周年を迎えました。長年にわたり第一線で活躍し続けることは容易ではありませんでしたが、黒柳は持ち前の好奇心と向上心で常に新しいことに...,あなたと同じ67歳のとき、黒柳徹子はテレビ番組「徹子の部屋」の放送40周年を迎えました。長年にわたり第一線で活躍し続けることは容易ではありませんでしたが、黒柳は持ち前の好奇心と向上心で常に新しいことに挑戦し続けてきました。ゲストとの対話を通して多くの人生の教訓を学び、視聴者に感動と勇気を与え続けた黒柳の功績は、日本のテレビ史に大きな足跡を残すこととなりました。40年間休むことなく続けてきた「徹子の部屋」は、黒柳の類まれなる実直さと情熱の賜物だったのです。
P7130228,黒木瞳,25.0,ビジネス,なし,0.0,あなたと同じ25歳のとき、黒木瞳は女優としてキャリアの重要な転機を迎えました。この時期、独自の視点と情熱を持って新しい挑戦に取り組み、その後の成功の基盤となる貴重な経験を積みました。周囲からの期待と自...,あなたと同じ25歳のとき、黒木瞳は女優としてキャリアの重要な転機を迎えました。この時期、独自の視点と情熱を持って新しい挑戦に取り組み、その後の成功の基盤となる貴重な経験を積みました。周囲からの期待と自身の目標との間で葛藤しながらも、決断力と行動力で道を切り開いていきました。若くして示したこの行動は、後のキャリアの基盤となる重要な経験でした。その実績は広く認められました。人生の方向性が定まる瞬間でした。この出会いが運命を変えることになった。
P5F27FB6,黒川紀章,36.0,建築・デザイン,なし,0.0,あなたと同じ36歳のとき、黒川紀章（36歳）は1970年、建築界の常識を覆すメタボリズム建築の世界に挑んでした。当初は欧米の建築界から300回以上の批判を受け、国際プロジェクト提案は50件中48件が却...,あなたと同じ36歳のとき、黒川紀章（36歳）は1970年、建築界の常識を覆すメタボリズム建築の世界に挑んでした。当初は欧米の建築界から300回以上の批判を受け、国際プロジェクト提案は50件中48件が却下され、8ヶ月間新規案件獲得ゼロが続いました。しかし51件目の提案で大阪万博タカラ・ビューティリオンの設計権を獲得し、建築界に革命をもたらしました。戦後復興を目の当たりにし、変化し続ける都市の可能性を追求することが原点だっました。メタボリズム建築は世界40カ国で採用され、建築学校100校以上でカリキュラム化され、...
P50C585B,黒川紀章,64.0,学術・研究,なし,0.0,あなたと同じ64歳のとき、黒川紀章は新しい建築の理念を提唱し、国際的な評価を受けることとなりました。彼は、持続可能なデザインと自然との調和を重視した作品を数多く手掛けており、特に「中銀カプセルタワービ...,あなたと同じ64歳のとき、黒川紀章は新しい建築の理念を提唱し、国際的な評価を受けることとなりました。彼は、持続可能なデザインと自然との調和を重視した作品を数多く手掛けており、特に「中銀カプセルタワービル」などの代表作が注目されました。この年、黒川氏は世界的な建築コンペティションで受賞し、その成果が彼の名声を一層高めることになりました。彼の影響力は後進の建築家たちにも大きな刺激を与え、持続可能な社会に向けた新たなビジョンを示すこととなったのです。
P166C046,鶴見辰吾,58.0,エンターテイメント,なし,0.0,あなたと同じ58歳のとき、鶴見辰吾は大きな挑戦に立ち向かいました。それは、難病を抱えながらの舞台出演でした。病気と闘いつつ、役者としての情熱を胸に稽古に励む日々。本番当日、鶴見さんは全身全霊で役と向き...,あなたと同じ58歳のとき、鶴見辰吾は大きな挑戦に立ち向かいました。それは、難病を抱えながらの舞台出演でした。病気と闘いつつ、役者としての情熱を胸に稽古に励む日々。本番当日、鶴見さんは全身全霊で役と向き合い、圧巻の演技を披露しました。客席からは惜しみない拍手が送られ、共演者からも称賛の声が上がりました。病魔に屈することなく、最後まで役者魂を貫き通した鶴見さんの姿は、多くの人々に勇気と感動を与えることとなりました。
P3DEB6AB,鳥井信治郎,50.0,ビジネス,なし,0.0,あなたと同じ50歳のとき、鳥井信治郎（50歳）は1923年、日本初のウイスキー蒸留所建設を決断しました。当時ウイスキーは100%輸入品で、国産への挑戦は無謀と言われました。銀行20社から融資を断られ、...,あなたと同じ50歳のとき、鳥井信治郎（50歳）は1923年、日本初のウイスキー蒸留所建設を決断しました。当時ウイスキーは100%輸入品で、国産への挑戦は無謀と言われました。銀行20社から融資を断られ、建設費調達に8ヶ月を要しました。しかし父の酒造業廃業の悔しさが原動力となり、スコットランドから技術者に招聘し山崎蒸留所を完成。5年後の初出荷では年間販売量わずか130本と苦戦したが、15年後には年間50万本を突破、国産ウイスキー市場3億円を創出しました。「日本人の舌に合う本格ウイスキーを作る」信念で進み続けました。
PE0E89D1,髙橋尚子,57.0,スポーツ,なし,0.0,あなたと同じ57歳のとき、髙橋尚子は、長年取り組んできたランニングを通じて、多くの人々の健康づくりに貢献することになりました。自身の経験を活かし、ランニングイベントの企画・運営や、初心者向けのランニン...,あなたと同じ57歳のとき、髙橋尚子は、長年取り組んできたランニングを通じて、多くの人々の健康づくりに貢献することになりました。自身の経験を活かし、ランニングイベントの企画・運営や、初心者向けのランニング教室の開催など、幅広い世代にスポーツの楽しさを伝える活動を精力的に行いました。その活動が認められ、スポーツ振興に関する国家表彰を受けることとなりました。マラソンの金メダリストとしての功績だけでなく、生涯スポーツの推進者としても多くの人々に感動を与え続けています。
P4C5CAF4,高須克弥,63.0,学術・研究,なし,0.0,あなたと同じ63歳のとき、高須克弥は新たな挑戦に立ち向かいました。それは、アフリカのマラウイ共和国で医療支援活動を始めることでした。現地の医療環境は劣悪で、医師や医療機器が不足していました。高須医師は...,あなたと同じ63歳のとき、高須克弥は新たな挑戦に立ち向かいました。それは、アフリカのマラウイ共和国で医療支援活動を始めることでした。現地の医療環境は劣悪で、医師や医療機器が不足していました。高須医師は自らの専門知識と技術を生かし、現地の医療スタッフを指導しながら、多くの患者の治療にあたりました。言葉や文化の壁に苦労しながらも、現地の人々の笑顔に支えられ、使命感を持って活動を続けました。高須医師の献身的な努力が、マラウイの医療の発展に大きく貢献することとなりました。
P811E588,高野孟,55.0,政治・社会,なし,0.0,あなたと同じ55歳のとき、高野孟は日本のジャーナリズム界に大きな影響を与えました。彼は1987年に「アエラ」という週刊誌を創刊し、編集長に就任しました。「アエラ」は政治、経済、社会問題などを深く掘り下...,あなたと同じ55歳のとき、高野孟は日本のジャーナリズム界に大きな影響を与えました。彼は1987年に「アエラ」という週刊誌を創刊し、編集長に就任しました。「アエラ」は政治、経済、社会問題などを深く掘り下げた記事で知られ、発行部数は50万部を超えるほどの人気となりました。高野は鋭い視点と優れた編集力で、日本のジャーナリズムの質を高めることに貢献しました。また、彼は記者クラブ制度の改革にも尽力し、より開かれた報道の在り方を追求しました。高野の功績は、日本のメディア界に新しい風を吹き込むものとなりました。
PE2FE3A1,高畑勲,15.0,芸術・文化,なし,0.0,あなたと同じ15歳のとき、高畑勲は東映動画（現・東映アニメーション）に入社し、アニメーターとしてのキャリアをスタートさせました。若くして才能を発揮し、優れた作画力と創造性で上司や先輩から一目置かれる存...,あなたと同じ15歳のとき、高畑勲は東映動画（現・東映アニメーション）に入社し、アニメーターとしてのキャリアをスタートさせました。若くして才能を発揮し、優れた作画力と創造性で上司や先輩から一目置かれる存在となりました。当時のアニメ業界は過酷な労働環境でしたが、高畑さんは情熱を持って仕事に打ち込み、後に日本を代表するアニメーション監督へと成長していきました。15歳での東映動画入社が、高畑さんの人生を大きく方向づけた転機となりました。
P28296FD,高畑充希,25.0,ビジネス,なし,0.0,あなたと同じ25歳のとき、高畑充希は女優としてキャリアの重要な転機を迎えました。この時期、独自の視点と情熱を持って新しい挑戦に取り組み、その後の成功の基盤となる貴重な経験を積みました。周囲からの期待と...,あなたと同じ25歳のとき、高畑充希は女優としてキャリアの重要な転機を迎えました。この時期、独自の視点と情熱を持って新しい挑戦に取り組み、その後の成功の基盤となる貴重な経験を積みました。周囲からの期待と自身の目標との間で葛藤しながらも、決断力と行動力で道を切り開いていきました。若くして示したこの行動は、後のキャリアの基盤となる重要な経験でした。その実績は広く認められました。大きな変革をもたらす転機でした。この転換が次のステージへの扉を開いた。
P31A8FF1,高田賢三,25.0,ビジネス,なし,0.0,あなたと同じ25歳のとき、高田賢三はデザイナーとしてキャリアの重要な転機を迎えました。この時期、独自の視点と情熱を持って新しい挑戦に取り組み、その後の成功の基盤となる貴重な経験を積みました。周囲からの...,あなたと同じ25歳のとき、高田賢三はデザイナーとしてキャリアの重要な転機を迎えました。この時期、独自の視点と情熱を持って新しい挑戦に取り組み、その後の成功の基盤となる貴重な経験を積みました。周囲からの期待と自身の目標との間で葛藤しながらも、決断力と行動力で道を切り開いていきました。この決断が後の人生を大きく変えることとなりました。環境の変化に適応しながら、新しい挑戦を始めました。これが運命を変える岐路となりました。この出会いが運命を変えることになった。
PACD33B6,高田明,44.0,ビジネス,なし,0.0,あなたと同じ44歳のとき、高田明（44歳）は1990年、長崎の自宅のたった2人でジャパネットたかたを創業しました。通信販売未経験の彼は、初年度200件以上の営業先で門前払いを受け、6ヶ月間売上がわずか...,あなたと同じ44歳のとき、高田明（44歳）は1990年、長崎の自宅のたった2人でジャパネットたかたを創業しました。通信販売未経験の彼は、初年度200件以上の営業先で門前払いを受け、6ヶ月間売上がわずか50万円状況に直面しました。しかし地元ラジオ局のの飛び込み営業で初の通販番組枠を獲得し、自らマイクに握って商品の魅力を熱く語っました。幼い頃から家業のカメラ店で客と対話を重視してきた経験が原点となりました。その後年商1000億円企業へと成長させ、通販業界の売上を10倍に拡大し、2万人の雇用を創出しました。
P066AE2E,高橋裕子,65.0,スポーツ,なし,0.0,あなたと同じ65歳のとき、高橋裕子は自らの限界に挑戦するため、フルマラソン完走を目指すことになりました。彼女は若い頃からマラソンを愛し続けていましたが、年齢を重ねるごとに体力の衰えを感じるようになりま...,あなたと同じ65歳のとき、高橋裕子は自らの限界に挑戦するため、フルマラソン完走を目指すことになりました。彼女は若い頃からマラソンを愛し続けていましたが、年齢を重ねるごとに体力の衰えを感じるようになりました。それでも、彼女は「65歳でもできる」と信じ、毎日のランニングを続けました。特に、朝の涼しい時間帯を利用して、近所の公園を走り続ける努力をしました。時には膝の痛みに悩まされ、挫折しそうになりましたが、仲間たちの励ましや自身の目標を思い出すことで乗り越えることができました。最終的に、彼女は挑戦を成功させ、完走を果たしました。この経験は、彼女にとって大きな自信となったのです。
P694AD22,高橋義雄,69.0,ビジネス,なし,0.0,あなたと同じ69歳のとき、高橋義雄は自身のビジネスキャリアにおいて大きな転機を迎えました。彼は長年、製造業に従事していましたが、ある日、環境問題に対する意識の高まりを感じました。それをきっかけに、再生...,あなたと同じ69歳のとき、高橋義雄は自身のビジネスキャリアにおいて大きな転機を迎えました。彼は長年、製造業に従事していましたが、ある日、環境問題に対する意識の高まりを感じました。それをきっかけに、再生可能エネルギー分野への進出を決意することになりました。新たな事業モデルを構築し、持続可能なエネルギーの供給に取り組むことで、地域社会に貢献する道を選びました。この決断が、彼の人生をより豊かにし、ビジネスの未来を切り開くきっかけとなりました。
PB582B41,青野慶久,26.0,科学・技術,なし,0.0,あなたと同じ26歳のとき、青野慶久はプログラミングの技術を磨くために、独学で新しい言語の習得に挑戦しました。当時はまだ日本で知名度の低かったPythonを選び、手探りで学習を進めました。最初は思うよう...,あなたと同じ26歳のとき、青野慶久はプログラミングの技術を磨くために、独学で新しい言語の習得に挑戦しました。当時はまだ日本で知名度の低かったPythonを選び、手探りで学習を進めました。最初は思うように書けず、挫折しそうになることもありましたが、諦めずに努力を重ねました。その甲斐あって、Pythonを使いこなせるようになり、後にサイボウズを創業する原動力となりました。
P7A59D4A,野田秀樹,74.0,芸術・文化,なし,0.0,あなたと同じ74歳のとき、野田秀樹は自身の劇団「夢の遊眠社」の50周年記念公演に挑戦しました。半世紀にわたって築き上げてきた独自の演劇世界を集大成する大舞台に、野田は心血を注ぎます。しかし稽古の途中、...,あなたと同じ74歳のとき、野田秀樹は自身の劇団「夢の遊眠社」の50周年記念公演に挑戦しました。半世紀にわたって築き上げてきた独自の演劇世界を集大成する大舞台に、野田は心血を注ぎます。しかし稽古の途中、体調を崩して入院することになりました。休養を余儀なくされた野田でしたが、病床から役者たちにアドバイスを送り続け、無事に公演を成功させることができました。苦難を乗り越え、節目の年に記念すべき舞台を完成させた野田の姿は、多くの人々に勇気と希望を与えるものとなりました。
P301A5B2,青木功,51.0,スポーツ,なし,0.0,あなたと同じ51歳のとき、青木功はゴルフの日本シニアオープンで優勝しました。これは青木にとって、シニアツアー初優勝の記念すべき大会となりました。シニアの部に転向後、精力的に大会に出場し続けた青木の努力...,あなたと同じ51歳のとき、青木功はゴルフの日本シニアオープンで優勝しました。これは青木にとって、シニアツアー初優勝の記念すべき大会となりました。シニアの部に転向後、精力的に大会に出場し続けた青木の努力が実を結んだ瞬間でした。年齢を重ねても衰えることのないプレーで、ギャラリーを魅了し、ゴルフファンに大きな感動を与えました。「ゴルフ人生は50歳から」という言葉通り、青木はシニアの世界でも新たな挑戦を続け、活躍の場を広げていったのです。
PEC903B6,霧馬山,40.0,スポーツ,なし,0.0,あなたと同じ40歳のとき、霧馬山は大相撲力士として大きなブレークスルーを達成しました。それまでの努力と経験が実を結び、スポーツ分野で画期的な成果を上げました。この成功は単なる幸運ではなく、長年の準備と...,あなたと同じ40歳のとき、霧馬山は大相撲力士として大きなブレークスルーを達成しました。それまでの努力と経験が実を結び、スポーツ分野で画期的な成果を上げました。この成功は単なる幸運ではなく、長年の準備と周到な戦略、そして諦めない姿勢の結果でした。業界での地位を確立し、次のステージへと駒を進めました。多くの人々がその成果に注目しました。この功績により、業界全体に新たな基準が確立されました。業界全体に大きな影響を与えました。
P0B27574,鈴木章,80.0,科学・技術,ノーベル賞,0.0,あなたと同じ80歳のとき、鈴木章（80歳）は2010年、ノーベル化学賞を受賞しました。北海道大学の研究室で40年以上、有機合成化学の研究に没頭。しかし初期は実験が500回以上失敗し、論文投稿も12回連...,あなたと同じ80歳のとき、鈴木章（80歳）は2010年、ノーベル化学賞を受賞しました。北海道大学の研究室で40年以上、有機合成化学の研究に没頭。しかし初期は実験が500回以上失敗し、論文投稿も12回連続でリジェクトされ、研究資金も枯渇しました。それのも513回目の実験でクロスカップリング反応の革新的手法を発見。学生時代に恩師から「基礎研究こそは人類の未来を変える」と教わったことが原点だっました。この技術で医薬品開発コストが30%削減、年間売上2兆円の市場が生まれ、液晶ディスプレイの製造効率も50%向上しました。
PDCBA93F,鈴木章,73.0,学術・研究,ノーベル賞,0.0,あなたと同じ73歳のとき、鈴木章は有機化学の研究において大きな転機を迎えました。それまで長年取り組んできた有機ホウ素化合物の研究が実を結び、パラジウム触媒を用いたクロスカップリング反応の開発に成功した...,あなたと同じ73歳のとき、鈴木章は有機化学の研究において大きな転機を迎えました。それまで長年取り組んできた有機ホウ素化合物の研究が実を結び、パラジウム触媒を用いたクロスカップリング反応の開発に成功したのです。この画期的な反応は、新薬や機能性材料の合成に広く応用されるようになりました。鈴木章の発見は、有機合成化学の発展に大きく寄与し、後に2010年のノーベル化学賞受賞につながる重要な分岐点となりました。
P2DD3C2A,鈴木浩二,56.0,スポーツ,なし,0.0,あなたと同じ56歳のとき、鈴木浩二さんは自身の限界への挑戦を決意しました。彼はこれまでのマラソン人生の中で様々な困難に直面してきましたが、特にこの年は体調を崩し、思うように練習ができない時期が続きまし...,あなたと同じ56歳のとき、鈴木浩二さんは自身の限界への挑戦を決意しました。彼はこれまでのマラソン人生の中で様々な困難に直面してきましたが、特にこの年は体調を崩し、思うように練習ができない時期が続きました。それでも、鈴木さんはあきらめずにリハビリを重ね、最後にはフルマラソンに挑戦することになりました。走ることへの情熱が彼を奮い立たせ、完走を果たしたとき、感動の涙がこぼれました。この経験は、彼にとって新たな自信となり、人生の新たなステージへの一歩となったのです。
PCC0C928,鈴木治,57.0,科学・技術,なし,0.0,あなたと同じ57歳のとき、鈴木治はロボット工学の最前線で挑戦を続けていました。彼は、介護分野でのロボットの導入を目指していましたが、技術的な壁に直面しました。特に、人間とのコミュニケーションを円滑にす...,あなたと同じ57歳のとき、鈴木治はロボット工学の最前線で挑戦を続けていました。彼は、介護分野でのロボットの導入を目指していましたが、技術的な壁に直面しました。特に、人間とのコミュニケーションを円滑にするためのセンサー技術が思うように進まなかったのです。鈴木は多くの試行錯誤を経て、最終的に新しいセンサーを開発することに成功しました。この挑戦は、彼にとって大きな転機となり、ロボット技術の進化に寄与することになりました。彼の努力は、介護現場でのロボット利用を現実のものにする大きな一歩となりました。
PA138212,鈴木梅太郎,43.0,科学・技術,なし,0.0,あなたと同じ43歳のとき、鈴木梅太郎は世界初のビタミンB1の抽出に成功し、脚気の原因を解明しました。東京帝国大学の狭い実験室で、米ぬかから有効成分に分離する実験を3年間続け、ついに「オリザニン」と名付...,あなたと同じ43歳のとき、鈴木梅太郎は世界初のビタミンB1の抽出に成功し、脚気の原因を解明しました。東京帝国大学の狭い実験室で、米ぬかから有効成分に分離する実験を3年間続け、ついに「オリザニン」と名付けた物質を発見しました。当時、脚気の年間2万7000人が亡くなっていた日本で、彼の発見は医学界に衝撃を与えました。しかし、欧米の学者たちは東洋人の研究を軽視し、彼の功績が国際的の認められるまでに10年以上かかりました。それでも彼は諦めず、日本人の栄養改善に生涯を捧げ続けました。
P263F45E,鈴木敏文,43.0,ビジネス,なし,0.0,あなたと同じ43歳のとき、鈴木敏文（43歳）は1973年、米国発のコンビニエンスストア事業で日本に導入する決断を下しました。しかし、国内小売業界から「日本の商習慣に合わない」で200社以上から参画を拒...,あなたと同じ43歳のとき、鈴木敏文（43歳）は1973年、米国発のコンビニエンスストア事業で日本に導入する決断を下しました。しかし、国内小売業界から「日本の商習慣に合わない」で200社以上から参画を拒否され、11ヶ月間加盟店開拓はゼロ状態が続いました。商品仕入れでも150社のメーカーから取引を断られました。それのも学生時代で見た米国の効率的な流通システムへの確信を胸に、201社目で初の加盟店契約を獲得。その後、全国24時間営業の小売革命を実現し、コンビニ市場を年商10兆円規模に拡大、160万人の雇用を創出、日...
PDA195E9,鈴木恵子,68.0,政治・社会,なし,0.0,あなたと同じ68歳のとき、鈴木恵子は地域のボランティア活動に本格的に参加することとなりました。彼女は長年の間、自身の仕事に専念していましたが、定年を迎えたことを機に、地域社会への貢献を考えるようになり...,あなたと同じ68歳のとき、鈴木恵子は地域のボランティア活動に本格的に参加することとなりました。彼女は長年の間、自身の仕事に専念していましたが、定年を迎えたことを機に、地域社会への貢献を考えるようになりました。ある日、近所の公民館で開かれた説明会に参加したことがきっかけとなり、環境保護の活動に取り組むことになりました。鈴木さんは、地域の清掃活動やリサイクルイベントを企画し、多くの人々を巻き込むことができました。彼女の行動は、周囲に良い影響を与え、地域のつながりを深めるきっかけとなりました。
P0F04705,鈴木大地,16.0,政治・社会,なし,0.0,あなたと同じ16歳のとき、鈴木大地は高校生平和大使としてニューヨークの国連本部を訪問しました。そこで世界中の若者と平和について議論を交わし、国境を越えて協力することの大切さを学びました。この経験が、の...,あなたと同じ16歳のとき、鈴木大地は高校生平和大使としてニューヨークの国連本部を訪問しました。そこで世界中の若者と平和について議論を交わし、国境を越えて協力することの大切さを学びました。この経験が、のちに政治家を目指すきっかけとなりました。
PF239048,鈴木誠一,55.0,ビジネス,なし,0.0,あなたと同じ55歳のとき、鈴木誠一は経営していた製造業の会社が厳しい経営環境に直面しました。売上が減少し、社員の士気も低下していた中、彼は思い切った決断をしました。それは、新しいビジネスモデルとして、...,あなたと同じ55歳のとき、鈴木誠一は経営していた製造業の会社が厳しい経営環境に直面しました。売上が減少し、社員の士気も低下していた中、彼は思い切った決断をしました。それは、新しいビジネスモデルとして、製品のオンライン販売に特化することです。これまでの対面販売から一転し、デジタルマーケティングを駆使することで、顧客層を広げることに成功しました。そして、結果として会社は急成長を遂げ、社員も再び活気を取り戻しました。この経験が、鈴木にとっての大きな転機となりました。
P0F04705,鈴木大地,19.0,学術・研究,なし,0.0,あなたと同じ19歳のとき、鈴木大地は東京大学に入学しました。しかし、大学生活に馴染めず、うつ病を発症してしまいます。休学を余儀なくされた鈴木は、療養中に政治の世界に興味を持ちました。再入学後は、政治学...,あなたと同じ19歳のとき、鈴木大地は東京大学に入学しました。しかし、大学生活に馴染めず、うつ病を発症してしまいます。休学を余儀なくされた鈴木は、療養中に政治の世界に興味を持ちました。再入学後は、政治学を学ぶかたわら、学生運動にも積極的に参加するようになりました。困難を乗り越えた経験が、後の政治家としての原点となりました。
P40891EA,鈴木啓示,54.0,スポーツ,なし,0.0,あなたと同じ54歳のとき、鈴木啓示はサッカーキャリアの転機を迎えました。彼は若手選手の育成に力を入れることを決意し、指導者としての道を歩むことになりました。これまで選手としての華やかな生活を送っていま...,あなたと同じ54歳のとき、鈴木啓示はサッカーキャリアの転機を迎えました。彼は若手選手の育成に力を入れることを決意し、指導者としての道を歩むことになりました。これまで選手としての華やかな生活を送っていましたが、指導者としての役割にシフトすることで、サッカーへの情熱が新たな形で再燃しました。若い選手たちに対して、自身の経験を活かした指導を行うことで、彼は新たな満足感を得ることになりました。この変化は、鈴木にとって人生における重要な分岐点となり、彼の人生観にも大きな影響を与えました。
P5DD04A3,鈴木信太郎,67.0,芸術・文化,なし,0.0,あなたと同じ67歳のとき、鈴木信太郎は自身の作品を海外で初めて展示する機会を得ました。彼は長年にわたり、書道の魅力を世界に広めることを目指していました。特に、彼の独自のスタイルである「動的書道」は、多...,あなたと同じ67歳のとき、鈴木信太郎は自身の作品を海外で初めて展示する機会を得ました。彼は長年にわたり、書道の魅力を世界に広めることを目指していました。特に、彼の独自のスタイルである「動的書道」は、多くの人々の心を掴むこととなりました。展示はアメリカのニューヨークで行われ、現地のアートファンやメディアからも大きな注目を集めました。この成功により、彼は書道の国際的な普及に貢献する存在となり、書道界の新たな可能性を示すこととなりました。
P2F84CBF,鈴木俊樹,56.0,政治・社会,なし,0.0,あなたと同じ56歳のとき、鈴木俊樹は地域の環境保護活動に取り組み、地元の清掃活動を主導しました。彼は住民と共に、毎月定期的に河川の清掃を行うグループを立ち上げ、参加者を増やしていきました。その結果、地...,あなたと同じ56歳のとき、鈴木俊樹は地域の環境保護活動に取り組み、地元の清掃活動を主導しました。彼は住民と共に、毎月定期的に河川の清掃を行うグループを立ち上げ、参加者を増やしていきました。その結果、地域の環境意識が高まり、清掃活動に参加する人々が年々増加しました。また、地域の小学校と連携し、環境教育プログラムを実施することで、子どもたちにも自然を大切にする心を育むことができました。これらの活動は、地域全体に良い影響を与え、鈴木は地域のヒーローとなりました。
P00AECD5,鈴木亜久里,30.0,スポーツ,なし,0.0,あなたと同じ30歳のとき、鈴木亜久里は日本人初のF1表彰台を獲得した。1990年、日本GPで3位入賞。後にスーパーアグリF1チームを設立し、日本人オーナーとしてF1に挑戦した。,あなたと同じ30歳のとき、鈴木亜久里は日本人初のF1表彰台を獲得した。1990年、日本GPで3位入賞。後にスーパーアグリF1チームを設立し、日本人オーナーとしてF1に挑戦した。
P0C65379,鈴木一朗,51.0,スポーツ,なし,0.0,あなたと同じ51歳のとき、鈴木一朗は新たな挑戦を迎えていました。彼は引退後、アメリカでの野球経験を生かして、若い選手たちへの指導に取り組むことになりました。しかし、言語や文化の違いからコミュニケーショ...,あなたと同じ51歳のとき、鈴木一朗は新たな挑戦を迎えていました。彼は引退後、アメリカでの野球経験を生かして、若い選手たちへの指導に取り組むことになりました。しかし、言語や文化の違いからコミュニケーションに苦労する場面も多く、特に若手選手との信頼関係を築くことが困難でした。それでも、彼は自分の経験を伝えるために努力を続け、選手たちの成長を見守ることになりました。鈴木はこの挑戦を通じて、指導者としての新たな役割を見つけ、野球界に貢献することになったのです。
PA61DDAA,金本知憲,59.0,スポーツ,なし,0.0,あなたと同じ59歳のとき、金本知憲は現役引退を表明しました。22年間のプロ野球人生に幕を下ろすことになりました。通算2000本安打、476本塁打の記録を残し、阪神タイガースの生え抜きレジェンドとして名...,あなたと同じ59歳のとき、金本知憲は現役引退を表明しました。22年間のプロ野球人生に幕を下ろすことになりました。通算2000本安打、476本塁打の記録を残し、阪神タイガースの生え抜きレジェンドとして名を馳せました。引退会見では「野球に全てを捧げた。悔いはない」と語り、ファンに感謝の言葉を述べました。金本の情熱と献身的なプレーは、多くの人々に勇気と感動を与えることとなりました。
P3050449,金子兜太,66.0,芸術・文化,なし,0.0,あなたと同じ66歳のとき、金子兜太は新たな転機を迎えました。彼は俳句の世界での地位を確立していましたが、1966年に俳句の革新を図るため、若い俳人たちとの交流を深めることを決意しました。この決断は、彼...,あなたと同じ66歳のとき、金子兜太は新たな転機を迎えました。彼は俳句の世界での地位を確立していましたが、1966年に俳句の革新を図るため、若い俳人たちとの交流を深めることを決意しました。この決断は、彼の詩的表現に新たな風を吹き込みました。彼は伝統的な枠にとらわれず、自由な発想で作品を生み出すようになり、俳句界における革新者としての地位をさらに固めることとなりました。金子のこの新たな挑戦は、彼自身の俳人としての成長にもつながり、今後の作品にも大きな影響を及ぼすこととなったのです。
P384BCC0,金剛永謹,45.0,芸術・文化,なし,0.0,あなたと同じ45歳のとき、金剛永謹は金剛流二十六世宗家を継承した。1998年、能楽金剛流の家元として。京都を拠点に能の伝統を守り、次世代への継承に尽力している。,あなたと同じ45歳のとき、金剛永謹は金剛流二十六世宗家を継承した。1998年、能楽金剛流の家元として。京都を拠点に能の伝統を守り、次世代への継承に尽力している。
P4C3D6CE,鈴木大地,63.0,スポーツ,なし,0.0,あなたと同じ63歳のとき、鈴木大地は自身のキャリアにおける大きな転機を迎えました。引退後、彼は野球指導者としての道を選び、若い選手たちの育成に力を入れることになりました。プロ選手としての経験を活かし、...,あなたと同じ63歳のとき、鈴木大地は自身のキャリアにおける大きな転機を迎えました。引退後、彼は野球指導者としての道を選び、若い選手たちの育成に力を入れることになりました。プロ選手としての経験を活かし、野球の楽しさだけでなく、勝利のための厳しさも教えるべく、各地の野球教室に足を運びました。多くの子供たちが彼の指導を受け、夢を追いかける姿を見て、鈴木は指導者としての喜びを感じるようになりました。この新しい役割を通じて、彼の人生はさらに豊かになったのです。
P4F5B4EC,鉄腕アトム,,アニメ・漫画・ゲーム,なし,0.0,鉄腕アトムは天馬博士が亡き息子トビオの代わりに2003年4月7日に製造したロボットです。10万馬力のパワーと7つの能力（空を飛ぶ力、60以上の言語を話す力、善悪を見分ける電子頭脳など）を持ち、お茶の水...,鉄腕アトムは天馬博士が亡き息子トビオの代わりに2003年4月7日に製造したロボットです。10万馬力のパワーと7つの能力（空を飛ぶ力、60以上の言語を話す力、善悪を見分ける電子頭脳など）を持ち、お茶の水博士に引き取られました。代表的なエピソード「地上最大のロボット」では、世界7大ロボットを次々に破壊する最強ロボット・プルートゥと対決し、平和のために戦いました。1963年に日本初の30分テレビアニメシリーズの主人公として放送を開始し、手塚治虫が創造したこのキャラクターは、日本のロボットアニメの原点として今なお影響を与え続けています。
P4BF46FD,錦織圭,24.0,スポーツ,なし,0.0,あなたと同じ24歳のとき、錦織圭（24歳）は2014年、全米オープン準決勝でジョコビッチを破り、日本人初の4大大会決勝進出を果たしました。しかし、その道のりは険しく、トップ100位以内に入るまで3年間...,あなたと同じ24歳のとき、錦織圭（24歳）は2014年、全米オープン準決勝でジョコビッチを破り、日本人初の4大大会決勝進出を果たしました。しかし、その道のりは険しく、トップ100位以内に入るまで3年間かかり、20回以上の1回戦負けを経験していました。14歳で渡米した際、言葉の壁とホームシックに苦しみ、両親と離れ離れの生活で何度も挫折しそうになりました。それのも「世界の戦える日本人になる」信念で、年間30大会以上の過酷な遠征を続けました。全米決勝進出で世界ランク4位に上昇し、日本のテニス界に年間観戦者数300万...
P036F6A0,長友佑都,24.0,スポーツ,なし,0.0,あなたと同じ24歳のとき、長友佑都はセリエAインテル・ミラノへの移籍を実現し、日本人で3人目のインテル選手となった。身長170センチ小柄な体格でありながら、1試合平均11キロを走破する驚異的なスタミナ...,あなたと同じ24歳のとき、長友佑都はセリエAインテル・ミラノへの移籍を実現し、日本人で3人目のインテル選手となった。身長170センチ小柄な体格でありながら、1試合平均11キロを走破する驚異的なスタミナで欧州トップリーグに挑みました。移籍金は350万ユーロでしたが、当初はベンチスタートが続き、言葉の壁と戦術理解に苦しみました。しかし持ち前の研究熱心さで毎日2時間のイタリア語学習を継続し、チームメイトとコミュニケーションを深めていきました。やはてその献身的な姿勢がモウリーニョ監督に認められ、レギュラーポジションを獲得。
P9F73F62,霜降り明星,26.0,エンターテイメント,なし,0.0,あなたと同じ26歳のとき、霜降り明星のせいやと粗品はM-1グランプリで優勝した。2018年、史上最年少での優勝。粗品はR-1も制覇し、お笑い第7世代の筆頭として冠番組を多数持つ。,あなたと同じ26歳のとき、霜降り明星のせいやと粗品はM-1グランプリで優勝した。2018年、史上最年少での優勝。粗品はR-1も制覇し、お笑い第7世代の筆頭として冠番組を多数持つ。
P12C30F1,隈研吾,66.0,建築・デザイン,オリンピック,0.0,あなたと同じ66歳のとき、隈研吾は新国立競技場を完成させて東京オリンピックの会場となりました。47都道府県の木材で使用し「生命の大樹」をコンセプトに設計。10年間の設計・建設期間を経て、自然と調和する...,あなたと同じ66歳のとき、隈研吾は新国立競技場を完成させて東京オリンピックの会場となりました。47都道府県の木材で使用し「生命の大樹」をコンセプトに設計。10年間の設計・建設期間を経て、自然と調和する日本的空間を創造しました。「負ける建築」の理念のもと世界30カ国で300以上のプロジェクトを手がけ、継続的な取り組みにより試行錯誤を重ね、21世紀の建築界で多数の作品を発表しています。業績は広く認められるようになりました。
P57FB501,陳建一,43.0,その他,なし,0.0,あなたと同じ43歳のとき、陳建一は「料理の鉄人」で中華の鉄人として活躍を始めた。1993年、父・陳建民から継承した四川料理を日本に広め、麻婆豆腐を国民食に。67連勝の記録を持つ。,あなたと同じ43歳のとき、陳建一は「料理の鉄人」で中華の鉄人として活躍を始めた。1993年、父・陳建民から継承した四川料理を日本に広め、麻婆豆腐を国民食に。67連勝の記録を持つ。
PA5D1A36,阿部真央,25.0,芸術・文化,なし,0.0,あなたと同じ25歳のとき、阿部真央は写真家としてキャリアの重要な転機を迎えました。この時期、独自の視点と情熱を持って新しい挑戦に取り組み、その後の成功の基盤となる貴重な経験を積みました。周囲からの期待...,あなたと同じ25歳のとき、阿部真央は写真家としてキャリアの重要な転機を迎えました。この時期、独自の視点と情熱を持って新しい挑戦に取り組み、その後の成功の基盤となる貴重な経験を積みました。周囲からの期待と自身の目標との間で葛藤しながらも、決断力と行動力で道を切り開いていきました。若くして示したこの行動は、後のキャリアの基盤となる重要な経験でした。その実績は広く認められました。この決断が将来を大きく変えました。この変化が大きな飛躍のきっかけとなった。
PA5C6E78,阿部浩二,61.0,政治・社会,なし,0.0,あなたと同じ61歳のとき、阿部浩二は自らの故郷である福島県において、震災後の地域再生に向けた活動を本格的に始めました。彼は地元の農産物を活用した新たなビジネスモデルを提案し、地域の人々とともに復興イベ...,あなたと同じ61歳のとき、阿部浩二は自らの故郷である福島県において、震災後の地域再生に向けた活動を本格的に始めました。彼は地元の農産物を活用した新たなビジネスモデルを提案し、地域の人々とともに復興イベントを開催することとなりました。これにより、地元の農家たちの収入が向上し、地域の絆が強まることになりました。また、彼の活動は多くの若者を巻き込み、地域の未来を担う人材の育成にもつながりました。阿部は自身の挑戦が地域の希望となることを実感し、さらなる活動へと意欲を燃やすことになりました。
P0D36ECC,阿部寛,43.0,エンターテイメント,なし,0.0,あなたと同じ43歳のとき、阿部寛は『テルマエ・ロマエ』で主演を務め大ヒットした。2012年、濃い顔を活かしてローマ人役を熱演。『TRICK』『下町ロケット』など幅広い役柄で活躍する実力派俳優。,あなたと同じ43歳のとき、阿部寛は『テルマエ・ロマエ』で主演を務め大ヒットした。2012年、濃い顔を活かしてローマ人役を熱演。『TRICK』『下町ロケット』など幅広い役柄で活躍する実力派俳優。
P72EFAA3,阿部三郎,25.0,芸術・文化,なし,0.0,あなたと同じ25歳のとき、阿部三郎は画家としてキャリアの重要な転機を迎えました。この時期、独自の視点と情熱を持って新しい挑戦に取り組み、その後の成功の基盤となる貴重な経験を積みました。周囲からの期待と...,あなたと同じ25歳のとき、阿部三郎は画家としてキャリアの重要な転機を迎えました。この時期、独自の視点と情熱を持って新しい挑戦に取り組み、その後の成功の基盤となる貴重な経験を積みました。周囲からの期待と自身の目標との間で葛藤しながらも、決断力と行動力で道を切り開いていきました。若くして示したこの行動は、後のキャリアの基盤となる重要な経験でした。その実績は広く認められました。人生の方向性が定まる瞬間でした。この出会いが運命を変えることになった。
P13B32DD,阿部一二三,25.0,ビジネス,なし,0.0,あなたと同じ25歳のとき、阿部一二三は柔道選手としてキャリアの重要な転機を迎えました。この時期、独自の視点と情熱を持って新しい挑戦に取り組み、その後の成功の基盤となる貴重な経験を積みました。周囲からの...,あなたと同じ25歳のとき、阿部一二三は柔道選手としてキャリアの重要な転機を迎えました。この時期、独自の視点と情熱を持って新しい挑戦に取り組み、その後の成功の基盤となる貴重な経験を積みました。周囲からの期待と自身の目標との間で葛藤しながらも、決断力と行動力で道を切り開いていきました。人生の転機となる重要な選択でした。この変化が、後の成功への重要な一歩となりました。運命が動き始めた瞬間でした。この出来事が人生の転機となった。この出会いが運命を変えることになった。
PD4501AC,長谷部誠,39.0,スポーツ,なし,0.0,あなたと同じ39歳のとき、長谷部誠はドイツ・ブンデスリーガの名門フランクフルトでキャプテンとしてチームを牽引していました。シーズン終盤の大一番となる試合で、長谷部は試合開始直後に負傷してしまいます。し...,あなたと同じ39歳のとき、長谷部誠はドイツ・ブンデスリーガの名門フランクフルトでキャプテンとしてチームを牽引していました。シーズン終盤の大一番となる試合で、長谷部は試合開始直後に負傷してしまいます。しかし、チームのために何としてもピッチに立ち続けたいという強い思いから、痛み止めを打って試合に復帰しました。その後も懸命にプレーを続け、チームの勝利に大きく貢献しました。キャプテンとしての責任感と忘我のプレースピリットは、多くのサッカーファンに感動を与えることとなりました。
PD6D5778,長谷川義史,68.0,学術・研究,なし,0.0,あなたと同じ68歳のとき、長谷川義史は新たな絵本『おじいちゃんのあたまのなか』を出版しました。この絵本は、祖父と孫の心温まる交流を描き、多くの読者から支持を受けました。特に、子どもたちに向けたメッセー...,あなたと同じ68歳のとき、長谷川義史は新たな絵本『おじいちゃんのあたまのなか』を出版しました。この絵本は、祖父と孫の心温まる交流を描き、多くの読者から支持を受けました。特に、子どもたちに向けたメッセージ性が強く、家族の絆や思いやりの大切さを伝えることができたと評価されています。長谷川氏は、独特のイラストスタイルとシンプルなストーリー展開で、子どもたちの心をつかみました。この作品の成功により、彼はさらに多くの絵本を手掛ける決意を固め、絵本作家としての地位を確立することとなりました。
P7AB4447,長谷川穂積,57.0,スポーツ,なし,0.0,あなたと同じ57歳のとき、長谷川穂積はボクシングの現役選手として挑戦を続けていました。彼は、数々の試合を経て体力や反射神経の衰えを実感するようになりました。しかし、そこで諦めることなく、トレーニングに...,あなたと同じ57歳のとき、長谷川穂積はボクシングの現役選手として挑戦を続けていました。彼は、数々の試合を経て体力や反射神経の衰えを実感するようになりました。しかし、そこで諦めることなく、トレーニングに励む姿勢を貫きました。特に、若手選手とのスパーリングでは、自らの限界を見つめ直すことができました。この経験を通じて、彼は「年齢を重ねても挑戦を続けることが大切だ」と感じるようになり、ボクシングの普及活動にも力を入れるようになりました。57歳という年齢にもかかわらず、彼の挑戦は多くの人々に感動を与え、勇気をもたらすこととなりました。
P99260B5,長谷川眞理子,62.0,学術・研究,なし,0.0,あなたと同じ62歳のとき、長谷川眞理子は「利己的な遺伝子」という概念を日本に広めた功績が評価され、日本人女性として初めて国際行動生態学会の会長に選出されました。この選出は、長年にわたる彼女の研究成果と...,あなたと同じ62歳のとき、長谷川眞理子は「利己的な遺伝子」という概念を日本に広めた功績が評価され、日本人女性として初めて国際行動生態学会の会長に選出されました。この選出は、長年にわたる彼女の研究成果と、進化生物学の発展への貢献が国際的に認められた証となりました。会長就任後も精力的に研究活動を続け、後進の育成にも尽力し、日本の行動生態学の発展に大きく寄与しました。
PA58D8D1,長谷川潔,75.0,科学・技術,なし,0.0,あなたと同じ75歳のとき、長谷川潔は人生の転機を迎えました。彼は彫刻の世界で数々の成功を収めていましたが、75歳になったとき、さらなる挑戦を決意しました。それは、自然素材を用いた新たな作品の創作です。...,あなたと同じ75歳のとき、長谷川潔は人生の転機を迎えました。彼は彫刻の世界で数々の成功を収めていましたが、75歳になったとき、さらなる挑戦を決意しました。それは、自然素材を用いた新たな作品の創作です。長谷川は、伝統的な技法に加え、自然の形や色を取り入れることで、彫刻に新しい息吹を吹き込むことを目指しました。この決断が、彼の芸術観を変えるきっかけとなり、多くの人々に感動を与える作品を生み出しました。彼の人生は、75歳を境に新たな章を迎え、今もなお進化し続けています。
P81C91BC,長谷川滋利,67.0,スポーツ,なし,0.0,あなたと同じ67歳のとき、長谷川滋利は全日本柔道連盟の会長に就任しました。現役時代からコーチ、審判、役員と様々な立場で日本の柔道界を支えてきた長谷川は、67歳という年齢を重ねてもなお、柔道への情熱を失...,あなたと同じ67歳のとき、長谷川滋利は全日本柔道連盟の会長に就任しました。現役時代からコーチ、審判、役員と様々な立場で日本の柔道界を支えてきた長谷川は、67歳という年齢を重ねてもなお、柔道への情熱を失うことはありませんでした。会長就任後は、選手強化はもちろん、指導者の育成や柔道の普及にも尽力し、日本柔道の発展に大きく貢献しました。長谷川の柔道人生は、年齢に関係なく挑戦し続けることの大切さを教えてくれます。
P426121D,長谷川寛,60.0,科学・技術,なし,0.0,あなたと同じ60歳のとき、長谷川寛は人生の大きな転機を迎えました。彼は生物学の分野で新たな研究に取り組むことになり、特に遺伝子編集技術に関心を持つようになりました。これまでの研究に加え、彼はCRISP...,あなたと同じ60歳のとき、長谷川寛は人生の大きな転機を迎えました。彼は生物学の分野で新たな研究に取り組むことになり、特に遺伝子編集技術に関心を持つようになりました。これまでの研究に加え、彼はCRISPR技術を応用したプロジェクトに参加し、実験を通じて新しい治療法の可能性を探ることになりました。この仕事を通じて、若手研究者との交流や共同研究が増え、彼自身の視野も広がりました。長谷川は、この転機が人生における重要な分岐点となったと感じています。彼の研究は、将来の医療に大きな影響を与える可能性があると期待されています。
P8A939D4,長澤まさみ,17.0,エンターテイメント,"アカデミー賞, 日本アカデミー賞",0.0,あなたと同じ17歳のとき、長澤まさみは『世界の中心で、愛をさけぶ』で日本アカデミー賞最優秀助演女優賞を受賞した。2004年、東宝シンデレラ出身の若手女優がトップ女優への階段を駆け上がった。,あなたと同じ17歳のとき、長澤まさみは『世界の中心で、愛をさけぶ』で日本アカデミー賞最優秀助演女優賞を受賞した。2004年、東宝シンデレラ出身の若手女優がトップ女優への階段を駆け上がった。
P26C657B,長渕剛,27.0,音楽,なし,0.0,あなたと同じ27歳のとき、長渕剛はソロのシンガーソングライターとして、『順子』が100万枚突破しました。オリコン1位という記録を達成し、6週連続トップ10という記録を達成しました。男性ソロアーティスト...,あなたと同じ27歳のとき、長渕剛はソロのシンガーソングライターとして、『順子』が100万枚突破しました。オリコン1位という記録を達成し、6週連続トップ10という記録を達成しました。男性ソロアーティストの新時代を切り開くという大きな影響を与えました。若くして示したこの行動は、後のキャリアの基盤となる重要な経験でした。その実績は広く認められました。この成功により新たな可能性が大きく開けました。この達成により、新たな可能性が開かれた。
P37E4C9E,長嶋茂雄,34.0,スポーツ,なし,0.0,あなたと同じ34歳のとき、長嶋茂雄は1974年、現役引退を決断しました。打撃不振で打率.233に低迷し、守備でも12個のエラーを記録。ファンからの批判は日増しに厳しくなり、3年連続のチームは最下位に沈...,あなたと同じ34歳のとき、長嶋茂雄は1974年、現役引退を決断しました。打撃不振で打率.233に低迷し、守備でも12個のエラーを記録。ファンからの批判は日増しに厳しくなり、3年連続のチームは最下位に沈んでした。しかし彼は最後の試合で劇的なホームランを放ち、後楽園球場の5万5千人の観客を熱狂させました。少年時代の父から教わった「野球は最後まで諦めるな」という言葉を胸に、引退後は監督とし、巨人軍を4度の日本一に導き、プロ野球界に新たな戦術革命をもたらしました。野球を愛する心の進み続けたという信念で進み続けました。
PC2131F8,長嶋一茂,58.0,スポーツ,なし,0.0,あなたと同じ58歳のとき、長嶋一茂は自身のスポーツキャリアで新たな成果を達成しました。特に、若手選手の育成に力を入れ、指導者としての腕を磨くことに専念しました。野球界の次世代を担う選手たちに対し、技術...,あなたと同じ58歳のとき、長嶋一茂は自身のスポーツキャリアで新たな成果を達成しました。特に、若手選手の育成に力を入れ、指導者としての腕を磨くことに専念しました。野球界の次世代を担う選手たちに対し、技術やメンタル面でのアドバイスを行い、多くの選手が彼の指導を受けて成長しました。これにより、長嶋は指導者としても評価される存在となり、野球界に新たな風を吹き込むことになりました。彼の情熱と dedicationは、多くの人々に影響を与え続けています。
P72FDC83,青山剛昌,36.0,ビジネス,なし,0.0,あなたと同じ36歳のとき、青山剛昌は「名探偵コナン」の連載開始から5年が経過していました。人気が急上昇し、アニメ化も決定したものの、週刊連載の過酷さに体調を崩してしまいます。休載を余儀なくされ、連載継...,あなたと同じ36歳のとき、青山剛昌は「名探偵コナン」の連載開始から5年が経過していました。人気が急上昇し、アニメ化も決定したものの、週刊連載の過酷さに体調を崩してしまいます。休載を余儀なくされ、連載継続への不安に悩まされました。しかし、読者やスタッフからの応援に支えられ、なんとか連載を再開。その後も、体調管理と作品のクオリティ維持の両立に苦労しながらも、「名探偵コナン」を日本を代表する国民的マンガに育て上げていきました。
PAE836E8,葛飾北斎,70.0,芸術・文化,なし,0.0,あなたと同じ70歳のとき、葛飾北斎は代表作「富嶽三十六景」の制作に着手し、浮世絵界に革命をもたらしました。それまで美人画や役者絵が主流だった浮世絵において、風景画新ジャンルを確立し、46枚の連作で完成...,あなたと同じ70歳のとき、葛飾北斎は代表作「富嶽三十六景」の制作に着手し、浮世絵界に革命をもたらしました。それまで美人画や役者絵が主流だった浮世絵において、風景画新ジャンルを確立し、46枚の連作で完成させました。特に「神奈川沖浪裏」は、高さ10メートルに超える大波を藍色のグラデーション3色で表現し、世界的な名作となりました。実は北斎は生涯の30回以上も引っ越しを繰り返す変わり者でしたが、この時期に住んだ本所割下水の長屋で、毎日12時間以上筆を握り続けました。
P36676B1,葛西紀明,40.0,スポーツ,"オリンピック, ワールドカップ",0.0,あなたと同じ40歳のとき、葛西紀明（40歳）は2014年、スキージャンプW杯通算最多勝利記録を更新しました。20代前半から国際大会で140回以上表彰台を逃し、30代後半では「引退勧告」を受けるほど成績...,あなたと同じ40歳のとき、葛西紀明（40歳）は2014年、スキージャンプW杯通算最多勝利記録を更新しました。20代前半から国際大会で140回以上表彰台を逃し、30代後半では「引退勧告」を受けるほど成績不振に陥っました。それでも毎日6時間の基礎トレーニングを継続し、飛型フォームを1000回以上修正しました。幼少期に父から「継続は力なり」と教えられた原体験が支えとなりました。結果、41歳でソチ五輪銀メダル獲得、42歳まで現役続行、日本スキージャンプ界の競技寿命を20年延長させました。
P24BA870,葉加瀬太郎,17.0,芸術・文化,なし,0.0,あなたと同じ17歳のとき、葉加瀬太郎はヴァイオリンの才能を開花させ始めました。彼は高校在学中に全日本学生音楽コンクールで優勝し、一躍注目を集めることになりました。この優勝をきっかけに、葉加瀬はプロのヴ...,あなたと同じ17歳のとき、葉加瀬太郎はヴァイオリンの才能を開花させ始めました。彼は高校在学中に全日本学生音楽コンクールで優勝し、一躍注目を集めることになりました。この優勝をきっかけに、葉加瀬はプロのヴァイオリニストとしての道を歩み始めました。彼の類まれな才能と情熱が、世界的なヴァイオリニストへの第一歩となりました。
P1A0F384,石井筒子,34.0,政治・社会,なし,0.0,あなたと同じ34歳のとき、石井筒子は、生まれ育った広島の被爆者の方々の支援活動に力を入れ始めました。被爆者の高齢化が進む中、彼らの健康問題や生活支援に尽力し、国や自治体に働きかけを行いました。その活動...,あなたと同じ34歳のとき、石井筒子は、生まれ育った広島の被爆者の方々の支援活動に力を入れ始めました。被爆者の高齢化が進む中、彼らの健康問題や生活支援に尽力し、国や自治体に働きかけを行いました。その活動が認められ、被爆者支援の NPO 法人を立ち上げることとなりました。以来、被爆者の方々に寄り添い、平和活動にも力を注ぐようになりました。戦争の悲惨さを次世代に伝える活動は、彼女の人生の大きな転機となりました。
P75C8DFB,石井十次,19.0,政治・社会,なし,0.0,あなたと同じ19歳のとき、石井十次は貧しい人々のために尽力を始めました。生まれ育った岡山の農村で、貧困に苦しむ人々の支援に乗り出したのです。食料や衣服の配布、住居の提供など、様々な活動を通じて困窮者の...,あなたと同じ19歳のとき、石井十次は貧しい人々のために尽力を始めました。生まれ育った岡山の農村で、貧困に苦しむ人々の支援に乗り出したのです。食料や衣服の配布、住居の提供など、様々な活動を通じて困窮者の生活改善に取り組みました。若くして福祉の道を志した石井は、その情熱と行動力で多くの人々を救済し、地域社会に大きな影響を与える存在となりました。
P3660D93,石井光男,61.0,ビジネス,なし,0.0,あなたと同じ61歳のとき、石井光男は中小企業の経営者として新たなビジネスモデルを構築することに成功しました。彼は地元の特産品を活用したオンラインショップを立ち上げ、地域経済の活性化に貢献しました。これ...,あなたと同じ61歳のとき、石井光男は中小企業の経営者として新たなビジネスモデルを構築することに成功しました。彼は地元の特産品を活用したオンラインショップを立ち上げ、地域経済の活性化に貢献しました。これにより、売上は前年の2倍に達し、スタッフも増員することとなりました。地域の農家と連携を強化し、安定した供給体制を確立した結果、多くの顧客から支持を受けるようになりました。この取り組みは地域コミュニティにも大きな影響を与え、彼のビジネスは地域の誇りともなりました。
PBA001EA,矢沢永吉,56.0,音楽,なし,0.0,あなたと同じ56歳のとき、矢沢永吉は35億円の負債を完済し武道館公演でカムバックしました。返済期間10年という記録を達成し、武道館50回公演という記録を達成しました。これを果たし、不屈の精神で伝説的存...,あなたと同じ56歳のとき、矢沢永吉は35億円の負債を完済し武道館公演でカムバックしました。返済期間10年という記録を達成し、武道館50回公演という記録を達成しました。これを果たし、不屈の精神で伝説的存在にという大きな影響を与えました。卓越した能力と不断の努力により、分野に大きな貢献をしました。その功績は今日まで高く評価されています。困難な状況から這い上がる強い意志を示しました。再び栄光を手にすることができました。この復活劇は語り継がれることとなった。
P86C78EB,真鍋淑郎,90.0,科学・技術,ノーベル賞,0.0,あなたと同じ90歳のとき、真鍋淑郎（90歳）は2021年、ノーベル物理学賞を受賞しました。1960年代から気候変動研究を開始するも、当初は80本以上の論文が主要学術誌に掲載されず、研究資金確保に15年...,あなたと同じ90歳のとき、真鍋淑郎（90歳）は2021年、ノーベル物理学賞を受賞しました。1960年代から気候変動研究を開始するも、当初は80本以上の論文が主要学術誌に掲載されず、研究資金確保に15年間苦労しました。コンピューターによる気候モデル未知の分野で、計算処理能力の限界で500回以上のシミュレーション失敗を重ねました。しかし501回目の実験で大気と海洋の相互作用を解明、CO2濃度倍増で気温2度上昇予測モデルを完成させました。幼少期に見た四季の移ろいへの関心が原点となりました。その成果は全世界の気候政策...
PAF3B3D9,盛田昭夫,35.0,ビジネス,なし,0.0,あなたと同じ35歳のとき、盛田昭夫（35歳）は1956年、ソニー創業からわずか10年の世界初のトランジスタラジオ開発に挑んでいました。技術的困難は想像を絶し、トランジスタの歩留まりは僅か5%、80回以...,あなたと同じ35歳のとき、盛田昭夫（35歳）は1956年、ソニー創業からわずか10年の世界初のトランジスタラジオ開発に挑んでいました。技術的困難は想像を絶し、トランジスタの歩留まりは僅か5%、80回以上の試作品がすべて失敗に終わっました。海外市場への挑戦でも100社以上の現地企業から技術力を疑問視され、商談は全て決裂しました。しかし81回目の試作で音質の飛躍的改善を達成。幼少期に聞いた父の「技術で世界を驚かせろ」言葉が原動力だっました。発売から5年で全世界500万台を出荷し、日本の電子産業を1兆円規模に押し上...
P7179899,益川敏英,68.0,科学・技術,ノーベル賞,0.0,あなたと同じ68歳のとき、益川敏英はノーベル物理学賞を受賞し、授賞式の「私は英語が苦手で、今日まで英語の論文に1本も書いたことがありません」と告白して会場を驚かせました。CP対称性の破れで説明する理論...,あなたと同じ68歳のとき、益川敏英はノーベル物理学賞を受賞し、授賞式の「私は英語が苦手で、今日まで英語の論文に1本も書いたことがありません」と告白して会場を驚かせました。CP対称性の破れで説明する理論を35年前に発表した際、当初は実験的検証が困難の多くの物理学者から懐疑的な目で見られていました。京都大学の研究室で3人の共同研究者と共に導き出した6つのクォークの存在予測は、後に高エネルギー加速器研究機構のの実験で証明され、素粒子物理学の標準模型確立に決定的な貢献をしました。
P8195934,白鵬翔,37.0,スポーツ,なし,0.0,あなたと同じ37歳のとき、白鵬翔は大相撲史上初の45回目の優勝を目指して奮闘していました。しかし、年齢とともに体力の衰えを感じ始め、怪我との戦いにも悩まされていました。それでも白鵬は、自らの限界に挑戦...,あなたと同じ37歳のとき、白鵬翔は大相撲史上初の45回目の優勝を目指して奮闘していました。しかし、年齢とともに体力の衰えを感じ始め、怪我との戦いにも悩まされていました。それでも白鵬は、自らの限界に挑戦し続けました。稽古に打ち込み、体調管理に細心の注意を払いながら、土俵の上で全身全霊を懸けて戦い抜きました。45回目の優勝は達成できませんでしたが、最後まで諦めずに力強く前へ進み続ける姿は、多くのファンに感動を与えました。
PA8B6BC8,石井裕,55.0,科学・技術,なし,0.0,あなたと同じ55歳のとき、石井裕は新たな細胞再生技術の開発に成功しました。彼は、幹細胞を用いた研究に取り組み、特に神経細胞の再生に関する革新的な成果を上げました。この技術は、パーキンソン病や脊髄損傷な...,あなたと同じ55歳のとき、石井裕は新たな細胞再生技術の開発に成功しました。彼は、幹細胞を用いた研究に取り組み、特に神経細胞の再生に関する革新的な成果を上げました。この技術は、パーキンソン病や脊髄損傷など、これまで治療が困難だった病気への新しい治療法として期待されています。石井の研究は、国内外で高く評価され、さまざまな学会での発表を通じて多くの研究者たちに影響を与えることとなりました。彼の情熱と努力が実を結び、医療の未来に大きな一歩をもたらす成果となりました。
P037AC1A,白鵬,22.0,スポーツ,なし,0.0,あなたと同じ22歳のとき、白鵬は横綱に昇進した。2007年、モンゴル出身力士として史上初の横綱。以後、優勝45回、通算勝利1187勝と大相撲史上最多記録を次々と更新。「平成の大横綱」として時代を築いた...,あなたと同じ22歳のとき、白鵬は横綱に昇進した。2007年、モンゴル出身力士として史上初の横綱。以後、優勝45回、通算勝利1187勝と大相撲史上最多記録を次々と更新。「平成の大横綱」として時代を築いた。
P6F283C4,白川静,73.0,学術・研究,なし,0.0,あなたと同じ73歳のとき、白川静は、生涯をかけて取り組んできた中国古代文字の研究に大きな進展がありました。数十年にわたる膨大な資料の収集と分析の末、新たな解釈を導き出すことに成功したのです。しかし、そ...,あなたと同じ73歳のとき、白川静は、生涯をかけて取り組んできた中国古代文字の研究に大きな進展がありました。数十年にわたる膨大な資料の収集と分析の末、新たな解釈を導き出すことに成功したのです。しかし、その革新的な説を学会で発表したところ、当初は多くの反対意見に直面しました。それでも白川は自説に確信を持ち、粘り強く研究を続けました。やがて徐々に理解者が増え、中国古代文字研究に大きな影響を与える業績として高く評価されるようになりました。
P6B976DF,白川英樹,64.0,科学・技術,ノーベル賞,0.0,あなたと同じ64歳のとき、白川英樹（64歳）は2000年、ノーベル化学賞を受賞しました。1970年代の導電性プラスチック研究では、実験ミスから偶然生まれた金属光沢のフィルムを500回以上の失敗実験で改...,あなたと同じ64歳のとき、白川英樹（64歳）は2000年、ノーベル化学賞を受賞しました。1970年代の導電性プラスチック研究では、実験ミスから偶然生まれた金属光沢のフィルムを500回以上の失敗実験で改良し続けました。大学院生時代に触媒の量を間違えて作った「失敗作」が、実は従来の絶縁体プラスチックを金属並みの導電体に変える革命的発見だっました。この成果は電子機器の軽量化に貢献し、携帯電話市場を3兆円規模に押し上げ、有機ELテレビや太陽電池など新産業を創出しました。失敗を宝に変える探究心で進み続けました。
PA2976FD,白川英樹,72.0,学術・研究,ノーベル賞,0.0,あなたと同じ72歳のとき、白川英樹は導電性高分子の研究でノーベル化学賞を受賞しました。それまで40年以上にわたって地道に研究を続けてきた白川にとって、世界最高の栄誉を手にした瞬間は感無量だったそうです...,あなたと同じ72歳のとき、白川英樹は導電性高分子の研究でノーベル化学賞を受賞しました。それまで40年以上にわたって地道に研究を続けてきた白川にとって、世界最高の栄誉を手にした瞬間は感無量だったそうです。授賞式のスピーチでは、若い研究者たちに向けて「好奇心を大切にし、失敗を恐れずにチャレンジし続けることが大切だ」と熱いメッセージを送りました。白川の研究人生は、ひたむきな探究心と努力の賜物だったのです。
P83BF45E,白川正芳,71.0,科学・技術,なし,0.0,あなたと同じ71歳のとき、白川正芳は高分子化学の分野で長年の研究の集大成となる論文を発表しました。それは、プラスチックの耐久性と強度を飛躍的に向上させる新しい製法に関するものでした。この革新的な技術は...,あなたと同じ71歳のとき、白川正芳は高分子化学の分野で長年の研究の集大成となる論文を発表しました。それは、プラスチックの耐久性と強度を飛躍的に向上させる新しい製法に関するものでした。この革新的な技術は、様々な産業分野に大きな影響を与え、白川の名を世界に知らしめることとなりました。71歳にして新たな研究の道を切り拓いた白川の挑戦は、科学者としての情熱と探究心の素晴らしさを示す出来事となりました。
P9958BD7,白川方明,42.0,学術・研究,なし,0.0,あなたと同じ42歳のとき、白川方明は日本銀行の金融研究所長に就任しました。当時の日本経済は深刻な不況に陥っており、金融政策の効果が限定的になっていました。そのような困難な状況下で、白川は新しい金融政策...,あなたと同じ42歳のとき、白川方明は日本銀行の金融研究所長に就任しました。当時の日本経済は深刻な不況に陥っており、金融政策の効果が限定的になっていました。そのような困難な状況下で、白川は新しい金融政策の手法を模索し、ゼロ金利政策やマイナス金利政策などの非伝統的な政策を研究しました。その研究成果は後に、日本銀行の金融政策運営に大きな影響を与えることとなりました。
P7382ABE,白井貴子,68.0,科学・技術,なし,0.0,あなたと同じ68歳のとき、白井貴子は新しいエネルギー源の開発に挑戦していました。彼女は、再生可能エネルギーの普及に向けて、太陽光発電の効率を高める研究を進めていました。しかし、技術的な壁に直面し、思う...,あなたと同じ68歳のとき、白井貴子は新しいエネルギー源の開発に挑戦していました。彼女は、再生可能エネルギーの普及に向けて、太陽光発電の効率を高める研究を進めていました。しかし、技術的な壁に直面し、思うような成果が得られない日々が続きました。周囲からのプレッシャーや資金調達の難しさもあり、彼女の意志が試される瞬間が多くありました。それでも、白井は諦めずに実験を重ね、最終的には新たな発見をすることができました。この経験は、科学の世界において困難を乗り越える重要性を教えてくれました。
P19C30E7,白井克彦,69.0,科学・技術,なし,0.0,あなたと同じ69歳のとき、白井克彦は新たな転機を迎えました。長年にわたり材料科学の研究を行ってきた白井は、特にナノテクノロジーに関心を持っていました。69歳の誕生日を迎えた頃、彼は新しい研究プロジェク...,あなたと同じ69歳のとき、白井克彦は新たな転機を迎えました。長年にわたり材料科学の研究を行ってきた白井は、特にナノテクノロジーに関心を持っていました。69歳の誕生日を迎えた頃、彼は新しい研究プロジェクトに参加する機会を得ました。このプロジェクトは、環境に優しい新素材の開発を目指しており、白井にとっては大きな挑戦となりました。彼は自身の経験を活かし、若い研究者たちと協力しながら、新しいアイデアを提案することになりました。この取り組みを通じて、白井は科学の最前線に立ち続けることを決意し、再び情熱を燃やすことができました。
PAF0F60E,白井健三,25.0,ビジネス,なし,0.0,あなたと同じ25歳のとき、白井健三は元体操選手としてキャリアの重要な転機を迎えました。この時期、独自の視点と情熱を持って新しい挑戦に取り組み、その後の成功の基盤となる貴重な経験を積みました。周囲からの...,あなたと同じ25歳のとき、白井健三は元体操選手としてキャリアの重要な転機を迎えました。この時期、独自の視点と情熱を持って新しい挑戦に取り組み、その後の成功の基盤となる貴重な経験を積みました。周囲からの期待と自身の目標との間で葛藤しながらも、決断力と行動力で道を切り開いていきました。この決断が後の人生を大きく変えることとなりました。大胆な方向転換により、新たな道が開けていきました。運命が動き始めた瞬間でした。この出会いが運命を変えることになった。
P5250B62,白石康次郎,26.0,探検・冒険,なし,0.0,あなたと同じ26歳のとき、白石康次郎はヨットによる単独無寄港世界一周を達成した。1994年、史上最年少記録。その後も世界最高峰のヨットレースに挑戦し続け、日本の海洋冒険を牽引している。,あなたと同じ26歳のとき、白石康次郎はヨットによる単独無寄港世界一周を達成した。1994年、史上最年少記録。その後も世界最高峰のヨットレースに挑戦し続け、日本の海洋冒険を牽引している。
PE00671F,石井裕也,21.0,ビジネス,なし,0.0,あなたと同じ21歳のとき、石井裕也は映画『川の底からこんにちは』の制作を始めました。この作品は、彼のデビュー作であり、若者の葛藤や成長を描く深いストーリーが評価されました。映画は数々の映画祭で上映され...,あなたと同じ21歳のとき、石井裕也は映画『川の底からこんにちは』の制作を始めました。この作品は、彼のデビュー作であり、若者の葛藤や成長を描く深いストーリーが評価されました。映画は数々の映画祭で上映され、観客からも高い支持を得ることとなりました。また、この成功をきっかけに、石井は多くの映画プロデューサーから注目される存在となり、以降の作品も期待されるようになりました。彼の作品は今も多くの人に感動を与え続けており、21歳での挑戦がその後のキャリアに大きな影響を与えることとなったのです。
PE00671F,石井裕也,16.0,政治・社会,なし,0.0,あなたと同じ16歳のとき、石井裕也は映画制作に情熱を燃やしていました。学校の放課後や休日を使って、仲間と一緒に自主映画を撮影します。脚本から撮影、編集まですべて自分たちで行い、手作りの映画を完成させま...,あなたと同じ16歳のとき、石井裕也は映画制作に情熱を燃やしていました。学校の放課後や休日を使って、仲間と一緒に自主映画を撮影します。脚本から撮影、編集まですべて自分たちで行い、手作りの映画を完成させました。その作品が、地域の映画祭で上映されるという快挙を成し遂げました。若くして映画制作の喜びを体験した石井裕也は、将来の映画監督への道を歩み始めたのです。
PF9785C3,石井雅之,55.0,スポーツ,なし,0.0,あなたと同じ55歳のとき、石井雅之はラグビーの選手として新たな挑戦を始めました。彼は現役引退後、指導者として選手たちを育成する道を選びました。しかし、指導者としての経験は乏しく、初めは選手たちとのコミ...,あなたと同じ55歳のとき、石井雅之はラグビーの選手として新たな挑戦を始めました。彼は現役引退後、指導者として選手たちを育成する道を選びました。しかし、指導者としての経験は乏しく、初めは選手たちとのコミュニケーションに苦労しました。特に、若い選手たちのモチベーションを引き出すことがなかなかできず、悩む日々が続きました。そんな中、彼は自らも学び続ける姿勢を大切にし、選手たちと共に練習を重ねることで信頼関係を築いていきました。結果として、彼の指導するチームは徐々に成績を上げ、地域の大会で優勝を果たすことになりました。この経験は、石井にとって新たな挑戦の意義を再確認させるものでした。
P477219A,福原愛,24.0,スポーツ,オリンピック,0.0,あなたと同じ24歳のとき、福原愛は世界卓球選手権パリ大会で日本女子団体とし、52年ぶりの銅メダル獲得に貢献しました。準決勝のは中国の世界ランキング1位選手の相手で2セットに先取する大健闘を見せ、会場を...,あなたと同じ24歳のとき、福原愛は世界卓球選手権パリ大会で日本女子団体とし、52年ぶりの銅メダル獲得に貢献しました。準決勝のは中国の世界ランキング1位選手の相手で2セットに先取する大健闘を見せ、会場を驚かせました。実は試合前日、緊張の一睡もできなかった彼女は、コーチに「泣きそうです」と弱音を吐いていました。しかし試合では持ち前の粘り強さを発揮し、3時間に及ぶ激戦を戦い抜きました。この大会で彼女は15本のラケットを使い分け、相手の戦術で応じて細かく調整していたことは意外にも知られていません。
P9CDCBEC,福井谷祐子,18.0,政治・社会,なし,0.0,あなたと同じ18歳のとき、福井谷祐子は、発展途上国の子供たちの教育支援に情熱を燃やしていました。資金集めのために、自ら企画したチャリティーイベントを開催します。準備は困難の連続でしたが、仲間と力を合わ...,あなたと同じ18歳のとき、福井谷祐子は、発展途上国の子供たちの教育支援に情熱を燃やしていました。資金集めのために、自ら企画したチャリティーイベントを開催します。準備は困難の連続でしたが、仲間と力を合わせて乗り越えました。イベントは大成功を収め、多くの支援金が集まりました。この経験が、社会起業家としての第一歩となりました。
P2F8CA12,福井謙一,64.0,科学・技術,ノーベル賞,0.0,あなたと同じ64歳のとき、福井謙一はノーベル化学賞を受賞し、日本人として初めて化学分野でこの栄誉に輝きました。フロンティア軌道理論の確立により、化学反応の予測は飛躍的に向上しましたが、実は受賞の知らせ...,あなたと同じ64歳のとき、福井謙一はノーベル化学賞を受賞し、日本人として初めて化学分野でこの栄誉に輝きました。フロンティア軌道理論の確立により、化学反応の予測は飛躍的に向上しましたが、実は受賞の知らせを聞いた時、研究室で学生と共に実験データの整理をしていました。賞金の約1億円のうち半分を京都大学に寄付し、残りを若手研究者の育成資金に充てました。「理論は美しくなければならない」という信念を貫き、30年間のわたる地道な研究が世界に認められた瞬間でしました。
P74EE19D,福井謙一,45.0,政治・社会,なし,0.0,あなたと同じ45歳のとき、福井謙一は分子軌道法の研究で大きな壁にぶつかりました。当時の計算機の能力では複雑な分子の計算ができず、研究は行き詰まっていました。しかし、福井は諦めずに新しい計算手法を模索し...,あなたと同じ45歳のとき、福井謙一は分子軌道法の研究で大きな壁にぶつかりました。当時の計算機の能力では複雑な分子の計算ができず、研究は行き詰まっていました。しかし、福井は諦めずに新しい計算手法を模索し続けました。そして、独自の近似計算法を編み出すことに成功します。この手法は「福井法」と呼ばれ、現在でも量子化学計算の基礎となっています。福井の粘り強い研究姿勢は、困難に立ち向かう勇気を与えてくれます。
P5AD8ECE,福井信夫,59.0,芸術・文化,なし,0.0,あなたと同じ59歳のとき、福井信夫は新たな陶芸作品の制作に挑戦していました。彼はこれまでの伝統的な技法に加え、現代アートの要素を取り入れることを決意しました。しかし、最初の作品は思うようにいかず、周囲...,あなたと同じ59歳のとき、福井信夫は新たな陶芸作品の制作に挑戦していました。彼はこれまでの伝統的な技法に加え、現代アートの要素を取り入れることを決意しました。しかし、最初の作品は思うようにいかず、周囲からは「伝統を壊す」との声もありました。それでも彼は諦めず、試行錯誤を重ねる中で、独自のスタイルを確立することができました。最終的に、彼の新作は評価され、展示会での反響も大きくなりました。この経験を通じて、福井は挑戦の重要性を再認識し、陶芸の可能性を広げることになりました。
P5129620,神田沙也加,16.0,芸術・文化,なし,0.0,あなたと同じ16歳のとき、神田沙也加は初めてのソロコンサートを開催しました。歌手としてデビューしたばかりの彼女にとって、大きな挑戦となりました。緊張と不安を感じながらも、精一杯の歌声を披露し、会場は大...,あなたと同じ16歳のとき、神田沙也加は初めてのソロコンサートを開催しました。歌手としてデビューしたばかりの彼女にとって、大きな挑戦となりました。緊張と不安を感じながらも、精一杯の歌声を披露し、会場は大きな拍手に包まれました。このコンサートを通して、神田沙也加は歌手としての自信と、ファンの支えの大切さを実感しました。その経験が、その後の彼女の活躍の原動力になりました。
P7D78194,磯崎新,60.0,建築・デザイン,"プリツカー賞, オリンピック",0.0,あなたと同じ60歳のとき、磯崎新はバルセロナオリンピックのスポーツホールを設計した。1992年、ポストモダン建築の旗手として世界的評価を確立。2019年にプリツカー賞を受賞した日本建築界の巨匠。,あなたと同じ60歳のとき、磯崎新はバルセロナオリンピックのスポーツホールを設計した。1992年、ポストモダン建築の旗手として世界的評価を確立。2019年にプリツカー賞を受賞した日本建築界の巨匠。
PEA276D8,碇シンジ,14.0,アニメ・漫画・ゲーム,なし,0.0,碇シンジは14歳の時、10年ぶりに父ゲンドウに呼ばれて第3新東京市に到着しました。第3使徒サキエルが襲来し、綾波レイが重傷を負う中、エヴァンゲリオン初号機のパイロット（サードチルドレン）として初めて搭...,碇シンジは14歳の時、10年ぶりに父ゲンドウに呼ばれて第3新東京市に到着しました。第3使徒サキエルが襲来し、綾波レイが重傷を負う中、エヴァンゲリオン初号機のパイロット（サードチルドレン）として初めて搭乗しました。暴走した初号機がサキエルを倒した後も、第6使徒ラミエルとの戦いでは綾波レイの零号機と共にヤシマ作戦を実行し、陽電子砲で撃破しました。第13使徒バルディエルが弐号機に憑依した際は、親友トウジが乗っていることを知りながら戦わされ、精神的に崩壊しました。庵野秀明が創造したこのキャラクターは、内面の葛藤を描くことでアニメ表現に革命をもたらしました。
PC2CEF3B,石黒浩,26.0,科学・技術,なし,0.0,あなたと同じ26歳のとき、石黒浩はロボット工学の研究に没頭していました。当時はまだ、人間そっくりなアンドロイドを作ることは非常に困難とされていましたが、石黒はその挑戦に果敢に立ち向かいました。幾度とな...,あなたと同じ26歳のとき、石黒浩はロボット工学の研究に没頭していました。当時はまだ、人間そっくりなアンドロイドを作ることは非常に困難とされていましたが、石黒はその挑戦に果敢に立ち向かいました。幾度となく失敗を繰り返しながらも、彼は決して諦めることなく研究を続けました。そして、何年もの地道な努力の末、ついに世界初の本格的なアンドロイドの開発に成功したのです。この快挙は、ロボット工学の歴史に大きな足跡を残すこととなりました。
PC2CEF3B,石黒浩,14.0,政治・社会,なし,0.0,あなたと同じ14歳のとき、石黒浩はロボットに強い興味を持ち、自分で手作りのロボットを作ることに挑戦しました。当時はまだロボット工学の知識も乏しく、材料や部品の入手にも苦労しましたが、諦めずに試行錯誤を...,あなたと同じ14歳のとき、石黒浩はロボットに強い興味を持ち、自分で手作りのロボットを作ることに挑戦しました。当時はまだロボット工学の知識も乏しく、材料や部品の入手にも苦労しましたが、諦めずに試行錯誤を重ねました。幾度となく失敗し、思うように動かないロボットに悔しい思いをすることもありましたが、その度に問題点を分析し、改良を加えていきました。そうした努力の積み重ねが、後に世界的なロボット研究者への道を切り拓くこととなりました。
PDE9F2D9,石田衣良,63.0,ビジネス,なし,0.0,あなたと同じ63歳のとき、石田衣良は、長編小説「スプリング・スノー」を発表しました。この作品は、石田の代表作の1つである「池袋ウエストゲートパーク」シリーズの最新作となりました。社会問題を鋭く切り取っ...,あなたと同じ63歳のとき、石田衣良は、長編小説「スプリング・スノー」を発表しました。この作品は、石田の代表作の1つである「池袋ウエストゲートパーク」シリーズの最新作となりました。社会問題を鋭く切り取った内容が話題を呼び、多くの読者から支持を得ました。石田は、60代になっても精力的に執筆活動を続け、日本の文学界に新たな風を吹き込んでいます。
P66D3F4F,石川遼,19.0,政治・社会,なし,0.0,あなたと同じ19歳のとき、石川遼はプロゴルファーとして大きな転機を迎えました。2011年のマスターズトーナメントでアマチュア選手として出場し、日本人初のローアマチュア賞を獲得したのです。この快挙により...,あなたと同じ19歳のとき、石川遼はプロゴルファーとして大きな転機を迎えました。2011年のマスターズトーナメントでアマチュア選手として出場し、日本人初のローアマチュア賞を獲得したのです。この快挙により、石川はゴルフ界の新星として一躍脚光を浴びることになりました。プロ転向後も着実に実力を伸ばし、日本ゴルフ界を牽引する存在となりました。19歳という若さで世界の舞台で結果を残したことは、多くの若者に夢と希望を与えるものとなりました。
P04CAAEF,石川遼,15.0,スポーツ,なし,0.0,あなたと同じ15歳のとき、石川遼は5月20日のマンシングウェアオープンKSBカップを15歳8ヶ月1日で制し、男子ツアー史上最年少優勝記録を樹立しました。通算12アンダーパーで優勝し、この大会の賞金20...,あなたと同じ15歳のとき、石川遼は5月20日のマンシングウェアオープンKSBカップを15歳8ヶ月1日で制し、男子ツアー史上最年少優勝記録を樹立しました。通算12アンダーパーで優勝し、この大会の賞金2000万円を獲得。同年8月のフジサンケイクラシックでも優勝し、アマチュア選手とし、男子ツアー2勝の記録を残しました。プロ転向後、初年度は賞金ランキング8位、は賞金王に獲得し年間1億円を突破しました。その功績は今日まで語り継がれています。
PD8BDC76,石川武,39.0,政治・社会,なし,0.0,あなたと同じ39歳のとき、石川武は満州事変の最中、錦州作戦で大きな功績を挙げました。約3万の兵を率いて中国軍8万の包囲網を突破し、錦州を占領。この作戦の成功により、石川は陸軍大佐に昇進となりました。さ...,あなたと同じ39歳のとき、石川武は満州事変の最中、錦州作戦で大きな功績を挙げました。約3万の兵を率いて中国軍8万の包囲網を突破し、錦州を占領。この作戦の成功により、石川は陸軍大佐に昇進となりました。さらに、この功績が認められ、のちに陸軍中将にまで上り詰めることになります。石川の勇敢なリーダーシップと戦略的手腕が、日本軍の勝利に大きく貢献した出来事でした。
PCD9D36F,石川佳純,25.0,スポーツ,なし,0.0,あなたと同じ25歳のとき、石川佳純は世界ランキング3位という自己最高位を記録し、日本卓球界の歴史を塗り替えました。この年のワールドツアーでは6大会に出場し、うち3大会で決勝進出を果たしましたが、実は極...,あなたと同じ25歳のとき、石川佳純は世界ランキング3位という自己最高位を記録し、日本卓球界の歴史を塗り替えました。この年のワールドツアーでは6大会に出場し、うち3大会で決勝進出を果たしましたが、実は極度の緊張症で試合前には必ず15分間の瞑想を行っていました。特に印象的だったのは、幼い頃から憧れていた中国選手と対戦の初勝利を挙げた瞬間で、試合後のインタビューでは涙を流しながら「10年間負け続けた相手に勝てた」と語りました。この勝利により日本女子卓球の新時代を象徴する存在となりました。
P82CFB5F,石川五右衛門,34.0,政治・社会,なし,0.0,あなたと同じ34歳のとき、石川五右衛門は、当時の権力者から貧しい人々を守るため、大胆な盗みを敢行しました。富裕層から金品を奪い、貧民に分け与える「義賊」としての活動を続けましたが、その過程で幾度となく...,あなたと同じ34歳のとき、石川五右衛門は、当時の権力者から貧しい人々を守るため、大胆な盗みを敢行しました。富裕層から金品を奪い、貧民に分け与える「義賊」としての活動を続けましたが、その過程で幾度となく捕縛の危機に直面しました。しかし、驚異的な身体能力と知略により、いつも難を逃れることができました。五右衛門の行動は、社会の矛盾と不平等に抗議する、一種の社会活動とみなされるようになりました。
P6B4C02C,石坂浩二,62.0,エンターテイメント,なし,0.0,あなたと同じ62歳のとき、石坂浩二は大河ドラマ「新選組!」で主演を務めました。これまでの俳優人生の集大成とも言える大役に挑戦し、新選組局長・近藤勇の生涯を熱演。歴史上の人物を演じる難しさと責任の重さに...,あなたと同じ62歳のとき、石坂浩二は大河ドラマ「新選組!」で主演を務めました。これまでの俳優人生の集大成とも言える大役に挑戦し、新選組局長・近藤勇の生涯を熱演。歴史上の人物を演じる難しさと責任の重さに直面しながらも、持ち前の演技力で見事に役を完遂。長年培ってきた経験と技術を存分に発揮し、大河ドラマ史に残る名演技を披露しました。
P4E784FA,石原慎太郎,16.0,政治・社会,なし,0.0,あなたと同じ16歳のとき、石原慎太郎は、東京都立日比谷高等学校に在学中でした。当時、石原は生徒会長に立候補し、見事に当選します。生徒会長として、学校の課題解決に尽力し、生徒たちの意見に真摯に耳を傾けま...,あなたと同じ16歳のとき、石原慎太郎は、東京都立日比谷高等学校に在学中でした。当時、石原は生徒会長に立候補し、見事に当選します。生徒会長として、学校の課題解決に尽力し、生徒たちの意見に真摯に耳を傾けました。この経験が、後の政治家としての原点になったと石原自身が振り返っています。16歳での生徒会長就任は、石原にとって人生の転機となりました。
P0B82B22,石原さとみ,26.0,エンターテイメント,なし,0.0,あなたと同じ26歳のとき、石原さとみは『失恋ショコラティエ』でブレイクした。2014年、ホリプロタレントスカウトキャラバン出身。「世界で最も美しい顔」にも選出された国民的女優。,あなたと同じ26歳のとき、石原さとみは『失恋ショコラティエ』でブレイクした。2014年、ホリプロタレントスカウトキャラバン出身。「世界で最も美しい顔」にも選出された国民的女優。
PC71EF19,白井健三,46.0,スポーツ,なし,0.0,あなたと同じ46歳のとき、白井健三は体操競技の指導者として、次世代の選手育成に尽力しました。自身の現役時代の経験を活かし、若手選手たちにきめ細やかなアドバイスを送ります。白井コーチの指導のもと、複数の...,あなたと同じ46歳のとき、白井健三は体操競技の指導者として、次世代の選手育成に尽力しました。自身の現役時代の経験を活かし、若手選手たちにきめ細やかなアドバイスを送ります。白井コーチの指導のもと、複数の選手が国際大会で優勝を果たすなど、日本体操界の発展に大きく貢献することとなりました。白井健三は選手だけでなく、指導者としても日本体操界の未来を切り拓く存在になりました。
PF2D6CCB,福原愛,23.0,政治・社会,オリンピック,0.0,あなたと同じ23歳のとき、福原愛は北京オリンピックに向けて厳しいトレーニングに励んでいました。しかし、直前になって右ひざを負傷し、出場が危ぶまれる事態となりました。医師からは安静を勧められましたが、福...,あなたと同じ23歳のとき、福原愛は北京オリンピックに向けて厳しいトレーニングに励んでいました。しかし、直前になって右ひざを負傷し、出場が危ぶまれる事態となりました。医師からは安静を勧められましたが、福原さんは「オリンピックを諦めたくない」と決意を固め、懸命のリハビリに取り組みました。痛みに耐えながら、少しずつ練習量を増やしていきました。その努力が実を結び、北京の舞台で見事な活躍を見せ、団体銅メダルの獲得に貢献しました。福原さんの強い意志と諦めない姿勢は、多くの人々に感動を与えました。
P919D355,田部井淳子,35.0,探検・冒険,なし,0.0,あなたと同じ35歳のとき、田部井淳子は女性初のエベレスト登頂に成功した。1975年、日本女子登山隊を率いて偉業を達成。その後も七大陸最高峰を制覇し、女性登山家の道を切り開いた。,あなたと同じ35歳のとき、田部井淳子は女性初のエベレスト登頂に成功した。1975年、日本女子登山隊を率いて偉業を達成。その後も七大陸最高峰を制覇し、女性登山家の道を切り開いた。
P3B9FBEA,田端信太郎,35.0,ビジネス,なし,0.0,あなたと同じ35歳のとき、田端信太郎はLINE執行役員としてLINE NEWSを成長させた。2014年、「メディア野郎」として知られ、リクルート、NHN Japan、ZOZOと渡り歩いた異色のビジネス...,あなたと同じ35歳のとき、田端信太郎はLINE執行役員としてLINE NEWSを成長させた。2014年、「メディア野郎」として知られ、リクルート、NHN Japan、ZOZOと渡り歩いた異色のビジネスパーソン。
P7D0FB0B,田中美奈子,22.0,政治・社会,なし,0.0,あなたと同じ22歳のとき、田中美奈子は自らの人生を大きく変える決断をしました。彼女は大学での学業と並行しながら、演技に対する情熱を深めていきました。ある日、友人の勧めで参加したオーディションで、彼女の...,あなたと同じ22歳のとき、田中美奈子は自らの人生を大きく変える決断をしました。彼女は大学での学業と並行しながら、演技に対する情熱を深めていきました。ある日、友人の勧めで参加したオーディションで、彼女の演技が評価され、主役に抜擢されることになりました。この経験がきっかけとなり、彼女は俳優としての道を本格的に歩むことを決意しました。それまでの彼女は、将来の進路に迷っていたものの、このオーディションを通じて、自分の夢を見つけることができたのです。この瞬間が、彼女のキャリアの分岐点となりました。
P0A7035E,田中秀和,58.0,スポーツ,なし,0.0,あなたと同じ58歳のとき、田中秀和は自らの限界を超える挑戦をしました。彼は長年の夢であったフルマラソン完走に向けて、毎日のトレーニングを積み重ねました。これまでの自己ベストを更新するために、練習方法や...,あなたと同じ58歳のとき、田中秀和は自らの限界を超える挑戦をしました。彼は長年の夢であったフルマラソン完走に向けて、毎日のトレーニングを積み重ねました。これまでの自己ベストを更新するために、練習方法や栄養管理を見直し、仲間と共に励まし合う日々が続きました。そして、ついに迎えた大会の日、田中は見事にゴールラインを越え、完走者のメダルを手にしました。この達成感は、彼にとって人生の大きな成果となりました。58歳での挑戦は、彼の心に新たな自信をもたらし、さらなる目標に向かって進む原動力となったのです。
P8A3A7A9,田中淳一,55.0,学術・研究,なし,0.0,あなたと同じ55歳のとき、田中淳一は日本初の深海生物に関する包括的な研究を発表しました。この研究は、深海の生態系とその環境変化に関する新たな知見を提供し、多くの国際的な学術誌に掲載されることとなりまし...,あなたと同じ55歳のとき、田中淳一は日本初の深海生物に関する包括的な研究を発表しました。この研究は、深海の生態系とその環境変化に関する新たな知見を提供し、多くの国際的な学術誌に掲載されることとなりました。その成果は、深海生物の保護政策にも影響を与え、持続可能な利用に向けた指針となりました。田中の業績は、国内外の学術界で広く認知され、学会での講演依頼も増え、彼の名前は生物学の分野で重要な存在となりました。
P7E428C6,田中正造,31.0,政治・社会,なし,0.0,あなたと同じ31歳のとき、田中正造は足尾銅山鉱毒事件の被害を知り、現地調査に赴きました。鉱山の廃水によって農作物や人々の健康被害が深刻な状況を目の当たりにし、被害者救済に尽力する決意を固めます。以来、...,あなたと同じ31歳のとき、田中正造は足尾銅山鉱毒事件の被害を知り、現地調査に赴きました。鉱山の廃水によって農作物や人々の健康被害が深刻な状況を目の当たりにし、被害者救済に尽力する決意を固めます。以来、国会で鉱毒被害の実態を訴え続け、政府や企業との交渉に奔走しました。田中の粘り強い活動が、公害問題に取り組む社会運動の先駆けとなりました。
P02FFE3B,田中幸雄,64.0,政治・社会,なし,0.0,あなたと同じ64歳のとき、田中幸雄は地域の高齢者支援のために新たな活動を開始しました。地元の福祉団体と連携し、高齢者向けの食事配達サービスを立ち上げることになりました。彼の取り組みにより、地域の高齢者...,あなたと同じ64歳のとき、田中幸雄は地域の高齢者支援のために新たな活動を開始しました。地元の福祉団体と連携し、高齢者向けの食事配達サービスを立ち上げることになりました。彼の取り組みにより、地域の高齢者はより安心して自宅で過ごせるようになり、孤独感を軽減することができました。また、活動を通じて多くのボランティアが集まり、地域全体が活気づく結果となりました。この成果は、地域社会の絆を深める大きな一歩となったのです。彼の情熱が、多くの人々に希望を与えることになりました。
PA15BCF1,田中幸子,57.0,ビジネス,なし,0.0,あなたと同じ57歳のとき、田中幸子は自社の製品が市場での競争に負けていることを痛感しました。これまでのやり方では売上が伸びず、社員の士気も低下していました。そこで、彼女は新たな挑戦として、製品のデザイ...,あなたと同じ57歳のとき、田中幸子は自社の製品が市場での競争に負けていることを痛感しました。これまでのやり方では売上が伸びず、社員の士気も低下していました。そこで、彼女は新たな挑戦として、製品のデザインを一新し、SNSを活用したマーケティング戦略を導入することに決めました。周囲からは反対の声もありましたが、田中は信念を持って進みました。その結果、売上は倍増し、社員のモチベーションも向上しました。彼女の挑戦は、企業の未来を明るく照らすものとなりました。
P8D6476E,田中将大,27.0,ビジネス,なし,0.0,あなたと同じ27歳のとき、田中将大はメジャーリーグ挑戦を決意しました。国内での成功を収めた彼にとって、海外でのプレーは新たな挑戦となりました。初めてのアメリカでの生活や言語の壁、異なる文化に戸惑うこと...,あなたと同じ27歳のとき、田中将大はメジャーリーグ挑戦を決意しました。国内での成功を収めた彼にとって、海外でのプレーは新たな挑戦となりました。初めてのアメリカでの生活や言語の壁、異なる文化に戸惑うことも多かったです。しかし、彼は自分の技術を磨くために練習に励み、周囲とのコミュニケーションを大切にしました。その努力が実を結び、彼は2014年にニューヨーク・ヤンキースに入団することになりました。彼の挑戦は、若い選手たちに夢を与えるきっかけとなったのです。
PFD80481,田中将大,25.0,スポーツ,なし,0.0,あなたと同じ25歳のとき、田中将大はメジャーリーグデビューイヤーで24勝0敗驚異的な記録を達成。ヤンキースとの7年総額155億円の契約を結び、開幕から19連勝でアメリカンリーグ新人記録を更新しました。...,あなたと同じ25歳のとき、田中将大はメジャーリーグデビューイヤーで24勝0敗驚異的な記録を達成。ヤンキースとの7年総額155億円の契約を結び、開幕から19連勝でアメリカンリーグ新人記録を更新しました。実は渡米前、英語が全く話せなかった彼は毎日3時間の英語学習を続け、チームメイトとコミュニケーションに苦労していました。しかし持ち前の努力家精神で言語の壁を乗り越え、投球フォームも微調整に重ねながらメジャーの打者たちを圧倒しました。この完璧なシーズンは日本人投手の可能性を世界に示した歴史的な1年となった。
P2CC7C1E,田中耕一,60.0,学術・研究,ノーベル賞,0.0,あなたと同じ60歳のとき、田中耕一は世界的に知られる質量分析技術の開発において重要な成果を挙げました。彼は、特に生体分子の分析における新たな手法を確立し、これにより医学や生物学の研究が飛躍的に進むこと...,あなたと同じ60歳のとき、田中耕一は世界的に知られる質量分析技術の開発において重要な成果を挙げました。彼は、特に生体分子の分析における新たな手法を確立し、これにより医学や生物学の研究が飛躍的に進むこととなりました。田中の成果は、ノーベル化学賞を受賞した際にさらに評価され、世界中の科学界に影響を与えることとなりました。彼の研究は、医薬品の開発や新しい治療法の発見に寄与し、多くの人々の健康に貢献しています。田中はその後も研究を続け、次世代の科学者たちにインスピレーションを与える存在となっています。
PAA993EE,田中喜美,64.0,科学・技術,なし,0.0,あなたと同じ64歳のとき、田中喜美は革新的な農業用ロボットの開発に成功しました。彼は、農業の生産性を向上させるために、人工知能を活用した自動化技術に取り組んでいました。田中のチームは、田んぼの水管理を...,あなたと同じ64歳のとき、田中喜美は革新的な農業用ロボットの開発に成功しました。彼は、農業の生産性を向上させるために、人工知能を活用した自動化技術に取り組んでいました。田中のチームは、田んぼの水管理を自動で行うロボットを設計し、稲作の効率を大幅に改善することができました。この成果は、農家の負担を軽減し、持続可能な農業の実現に貢献するものとなりました。田中の研究は国内外で高く評価され、農業界における新たなスタンダードを築く一助となりました。
P7A25F46,田中啓一,54.0,学術・研究,なし,0.0,あなたと同じ54歳のとき、田中啓一は新たな昆虫の分類を発表し、学術界で注目を集めました。彼は特に熱帯雨林に生息する未発見の蝶の種を発見し、その研究成果を国際的な学会で発表しました。この発表は、昆虫の生...,あなたと同じ54歳のとき、田中啓一は新たな昆虫の分類を発表し、学術界で注目を集めました。彼は特に熱帯雨林に生息する未発見の蝶の種を発見し、その研究成果を国際的な学会で発表しました。この発表は、昆虫の生態や進化の理解を深める重要な一歩となり、同時に彼の研究が国際的な評価を受けるきっかけともなりました。田中の成果は、後に多くの若手研究者への刺激となり、彼の業績は生物学の分野での新たなスタンダードとなりました。
P8C5C4CD,田中千恵子,69.0,政治・社会,なし,0.0,あなたと同じ69歳のとき、田中千恵子は高齢者の孤独問題に取り組むプロジェクトを立ち上げました。地域のボランティアと連携し、孤立した高齢者に対して訪問活動を行うことになりました。彼女の呼びかけにより、多...,あなたと同じ69歳のとき、田中千恵子は高齢者の孤独問題に取り組むプロジェクトを立ち上げました。地域のボランティアと連携し、孤立した高齢者に対して訪問活動を行うことになりました。彼女の呼びかけにより、多くの人々が参加し、コミュニティ内での意識が高まりました。その結果、訪問活動を通じて、約200人の高齢者に対して支援を行うことができました。田中さんの活動は、地域の絆を深めることになり、多くの高齢者が笑顔を取り戻すきっかけとなりました。彼女の努力は、社会全体での高齢者支援の重要性を再認識させるものとなりました。
P200535C,田中兼作,54.0,ビジネス,なし,0.0,あなたと同じ54歳のとき、田中兼作は地域活性化の道に進むことを決意しました。彼は長年、企業のマーケティング部門で働いていましたが、ある日、地元の小さな町が過疎化に悩んでいることに気づきました。このまま...,あなたと同じ54歳のとき、田中兼作は地域活性化の道に進むことを決意しました。彼は長年、企業のマーケティング部門で働いていましたが、ある日、地元の小さな町が過疎化に悩んでいることに気づきました。このままでは町が消えてしまうという危機感から、地域の魅力を引き出すためのプロジェクトを立ち上げることになりました。田中は地元の農家や商店との連携を強化し、地域の特産品を活かしたイベントを企画しました。その結果、町の観光客が増え、地域の活性化に成功したのです。彼の挑戦は、自己成長だけでなく、地域社会の未来を変えるきっかけともなりました。
P25C77DB,田中優子,69.0,学術・研究,なし,0.0,あなたと同じ69歳のとき、田中優子は新しい学術的挑戦に直面しました。彼女は日本の伝統文化と現代社会の接点を探る研究を進めており、特に若者と高齢者の文化交流に焦点を当てていました。しかし、研究資金の不足...,あなたと同じ69歳のとき、田中優子は新しい学術的挑戦に直面しました。彼女は日本の伝統文化と現代社会の接点を探る研究を進めており、特に若者と高齢者の文化交流に焦点を当てていました。しかし、研究資金の不足や、若手研究者とのコミュニケーションの難しさが課題となりました。それでも、田中は自らの信念を貫き、積極的に学会での発表や地域イベントに参加することとなりました。結果として、多くの若者と出会い、彼らの視点を取り入れることで、研究が新たな方向性を見出すことになりました。彼女の挑戦は、学術界に新しい風を吹き込むこととなったのです。
PF9BE55D,田中信行,63.0,芸術・文化,なし,0.0,あなたと同じ63歳のとき、田中信行は新たな挑戦を始めました。長年の経験を生かしながら、彼は地域の子どもたちと共にアートプロジェクトを立ち上げることに決めたのです。しかし、参加者が少なく、初めのうちは思...,あなたと同じ63歳のとき、田中信行は新たな挑戦を始めました。長年の経験を生かしながら、彼は地域の子どもたちと共にアートプロジェクトを立ち上げることに決めたのです。しかし、参加者が少なく、初めのうちは思うように進まないことが多く、困難な状況となりました。それでも田中は諦めず、地域のイベントに出向き、声をかけ続けました。すると、徐々に子どもたちが興味を示し始め、最終的には多くの参加者を得ることができました。この経験を通じて、彼はアートの力を再認識し、地域に新たな文化を根付かせることに成功したのです。
P18F0F2D,田中信夫,58.0,芸術・文化,なし,0.0,あなたと同じ58歳のとき、田中信夫さんは人生の大きな転機を迎えました。彼は長年のサラリーマン生活を経て、陶芸の道に専念することを決意しました。多忙な日々の中で、実家の陶芸工房を手伝っていた経験が、彼の...,あなたと同じ58歳のとき、田中信夫さんは人生の大きな転機を迎えました。彼は長年のサラリーマン生活を経て、陶芸の道に専念することを決意しました。多忙な日々の中で、実家の陶芸工房を手伝っていた経験が、彼の心の中で燻っていた情熱を呼び覚ましたのです。その結果、彼は陶芸家として独立し、地域のアートイベントに参加するようになりました。自分の作品が多くの人々に評価されることに喜びを感じ、再び創造的な充実感を得ることができたのです。この新たな挑戦が、彼の人生を豊かにするきっかけとなりました。
P8CBEF37,田中一郎,63.0,学術・研究,なし,0.0,あなたと同じ63歳のとき、田中一郎は新種の微生物を発見するための研究に挑戦していました。しかし、研究は順調には進まず、様々な実験で思うような結果が得られず、試行錯誤の日々が続きました。周囲からの期待も...,あなたと同じ63歳のとき、田中一郎は新種の微生物を発見するための研究に挑戦していました。しかし、研究は順調には進まず、様々な実験で思うような結果が得られず、試行錯誤の日々が続きました。周囲からの期待も高まり、プレッシャーが彼を襲いました。それでも田中は、自らの信念を貫き、失敗を恐れずに研究を進めることを決意しました。数ヶ月後、ついに彼は新しい微生物を発見し、学界に大きな影響を与える成果を上げることになりました。この経験は、挑戦し続けることの大切さを教えてくれたのです。
P5A5B5D1,王貞治,37.0,スポーツ,なし,0.0,あなたと同じ37歳のとき、王貞治（37歳）は1977年、ホームラン王の座を守るべく戦っていました。前年まで13年連続ホームラン王だったが、この年は開幕から30試合で3本しか打てず、打率も2割台前半に低...,あなたと同じ37歳のとき、王貞治（37歳）は1977年、ホームラン王の座を守るべく戦っていました。前年まで13年連続ホームラン王だったが、この年は開幕から30試合で3本しか打てず、打率も2割台前半に低迷。「一本足打法の限界」と批判が殺到しました。少年時代で父から教わった「継続は力なり」言葉を胸に、毎日500回の素振りを欠かさず続けました。7月以降、調子の取り戻し最終的に51本塁打でホームラン王を奪還。通算本塁打を756本まで伸ばし、世界記録更新への道筋を作っました。
PD202C30,田中啓治,52.0,芸術・文化,なし,0.0,あなたと同じ52歳のとき、田中啓治は大きな転機を迎えました。これまでの彫刻制作に加え、アートセラピーの分野に興味を持ち始めたのです。彼は、心のケアにアートが寄与できることに気づき、地域の福祉施設で作品...,あなたと同じ52歳のとき、田中啓治は大きな転機を迎えました。これまでの彫刻制作に加え、アートセラピーの分野に興味を持ち始めたのです。彼は、心のケアにアートが寄与できることに気づき、地域の福祉施設で作品を通じて人々と触れ合う活動を行うようになりました。これにより、彼の作品は単なる美術品から、感情や思いを表現するものへと変化しました。この新たな方向性は、彼自身の創作活動にも大きな影響を与え、より深い意味を持つ作品を生み出すきっかけとなったのです。田中は、この経験を通じて、アートの力を再認識し、自身の芸術観を一新することになりました。
P2CC7C1E,田中耕一,74.0,政治・社会,なし,0.0,あなたと同じ74歳のとき、田中耕一は質量分析法の研究に挑戦しました。高齢になっても新しい分析技術の開発に取り組み、タンパク質の構造解析に革新をもたらす手法を発見しました。年齢を重ねるほどに研究への情熱...,あなたと同じ74歳のとき、田中耕一は質量分析法の研究に挑戦しました。高齢になっても新しい分析技術の開発に取り組み、タンパク質の構造解析に革新をもたらす手法を発見しました。年齢を重ねるほどに研究への情熱が増し、若手研究者の指導にも力を注ぎました。世界中の科学者から尊敬される存在となりました。
P3A65FDE,田中耕一,25.0,科学・技術,ノーベル賞,0.0,あなたと同じ25歳のとき、田中耕一は島津製作所の研究員で、質量分析装置の開発に取り組んでいました。1984年、彼は実験中に誤ってコバルトの粉末を混入させましたが、この失敗は後のソフトレーザー脱離イオン...,あなたと同じ25歳のとき、田中耕一は島津製作所の研究員で、質量分析装置の開発に取り組んでいました。1984年、彼は実験中に誤ってコバルトの粉末を混入させましたが、この失敗は後のソフトレーザー脱離イオン化法の発見につながりました。この手法は、タンパク質等生体高分子を壊すことなくイオン化できる画期的な技術となり、2002年にノーベル化学賞受賞の基礎となった。当時の田中は、自分の失敗が世界を変える発見になるとは想像し、いませんでしました。
PDBCB8CD,田中耕治,61.0,科学・技術,なし,0.0,あなたと同じ61歳のとき、田中耕治は自身の研究における大きな転機を迎えました。彼は長年の研究を経て、特定の微生物が環境浄化に与える影響を発見しました。この発見は、環境問題に対する新しいアプローチを提供...,あなたと同じ61歳のとき、田中耕治は自身の研究における大きな転機を迎えました。彼は長年の研究を経て、特定の微生物が環境浄化に与える影響を発見しました。この発見は、環境問題に対する新しいアプローチを提供するものであり、国内外の学会で注目を集めることとなりました。その後、彼の研究は多くの企業や自治体と連携し、実際に環境保護活動に役立てられるようになりました。田中は、この成果が自身のキャリアを大きく変えるきっかけとなるとは思っていなかったと言います。これにより、彼は生物学の分野での影響力を強め、より多くの若い研究者たちにインスピレーションを与える存在となりました。
P1481FAE,田母神俊雄,22.0,政治・社会,なし,0.0,あなたと同じ22歳のとき、田母神俊雄は防衛大学校を卒業し、航空自衛隊に入隊しました。パイロットとしての訓練を開始し、戦闘機操縦の基礎を学びました。厳しい訓練に耐え抜き、優秀な成績で課程を修了しました。...,あなたと同じ22歳のとき、田母神俊雄は防衛大学校を卒業し、航空自衛隊に入隊しました。パイロットとしての訓練を開始し、戦闘機操縦の基礎を学びました。厳しい訓練に耐え抜き、優秀な成績で課程を修了しました。その後、田母神は戦闘機パイロットとしてのキャリアをスタートさせ、日本の空を守る使命に就くことになりました。パイロットとしての技術と知識を磨き、将来の自衛隊を担うリーダーへの第一歩を踏み出しました。
P0B55168,田村秀男,62.0,科学・技術,なし,0.0,あなたと同じ62歳のとき、田村秀男は新しい再生可能エネルギーの研究に取り組んでいました。彼は、太陽光発電の効率を向上させるための新しい材料を開発することを目指しました。しかし、研究は順調ではなく、試作...,あなたと同じ62歳のとき、田村秀男は新しい再生可能エネルギーの研究に取り組んでいました。彼は、太陽光発電の効率を向上させるための新しい材料を開発することを目指しました。しかし、研究は順調ではなく、試作した材料が期待通りの性能を発揮しないという困難に直面しました。それでも彼はあきらめず、多くの失敗を重ねながら改良を続けました。数ヶ月後、ついに新しい材料が高い変換効率を示すこととなり、彼の努力が実を結びました。この成功は、再生可能エネルギーの普及に大きな影響を与えることとなりました。
P3513777,田村正和,68.0,ビジネス,なし,0.0,あなたと同じ68歳のとき、田村正和は人生の転機を迎えました。彼は長年にわたり伝統的な製造業に従事していましたが、急速なIT化の波に直面したことで、新たな挑戦を決意することとなりました。そこで、従業員と...,あなたと同じ68歳のとき、田村正和は人生の転機を迎えました。彼は長年にわたり伝統的な製造業に従事していましたが、急速なIT化の波に直面したことで、新たな挑戦を決意することとなりました。そこで、従業員と共にIT関連のスタートアップを立ち上げることにしました。最初は不安もありましたが、彼のリーダーシップと柔軟な発想が功を奏し、次第に新しいビジネスモデルが確立されていきました。結果として、彼の会社は成長を遂げ、地域経済にも貢献する存在となりました。この経験は、彼にとって大きな自信となり、還暦を過ぎても新たな挑戦を続ける原動力となったのです。
PB99A19B,田村恵子,57.0,政治・社会,なし,0.0,あなたと同じ57歳のとき、田村恵子さんは地域の環境保護団体の代表として活動を行っていました。彼女は地域の清掃活動を企画し、毎月多くのボランティアを集めて地域の公園や河川の清掃を実施しました。その結果、...,あなたと同じ57歳のとき、田村恵子さんは地域の環境保護団体の代表として活動を行っていました。彼女は地域の清掃活動を企画し、毎月多くのボランティアを集めて地域の公園や河川の清掃を実施しました。その結果、地域住民の環境意識が高まり、参加者が増加することとなりました。また、彼女の取り組みを通じて、地元企業も協賛し、資源回収活動を行うようになりました。このように、田村さんの努力は地域全体の環境改善に寄与し、多くの人々に影響を与えることとなったのです。
PFDB11AC,田村勝正,66.0,ビジネス,なし,0.0,あなたと同じ66歳のとき、田村勝正は新たなビジネスの立ち上げに挑戦することとなりました。彼は長年の経験を活かし、地域の特産品を使った食品ブランドを構築することを決意しました。しかし、初期段階では資金調...,あなたと同じ66歳のとき、田村勝正は新たなビジネスの立ち上げに挑戦することとなりました。彼は長年の経験を活かし、地域の特産品を使った食品ブランドを構築することを決意しました。しかし、初期段階では資金調達やマーケティングに苦労することとなり、多くの困難に直面しました。特に、競争の激しい市場での認知度向上には多大な労力を要しました。それでも彼は諦めず、地元の農家と連携し、品質の高い商品を提供し続けました。その結果、徐々に顧客の信頼を得ることとなり、ブランドは成長を遂げることとなりました。
PEFA100A,田村亮,59.0,スポーツ,なし,0.0,あなたと同じ59歳のとき、田村亮はサッカーのキャリアを振り返る大きな転機を迎えました。彼は若い頃、プロサッカー選手として活躍していましたが、怪我によって思うようなプレーができなくなった時期がありました...,あなたと同じ59歳のとき、田村亮はサッカーのキャリアを振り返る大きな転機を迎えました。彼は若い頃、プロサッカー選手として活躍していましたが、怪我によって思うようなプレーができなくなった時期がありました。その後、彼は指導者としての道を選ぶことになりました。59歳の誕生日を迎える頃、地域のサッカーチームの監督として子供たちにサッカーを教えることに情熱を注ぐようになりました。彼の経験や知識を次世代に伝えることで、選手たちの成長を目の当たりにし、再びサッカーの楽しさを感じることができるようになったのです。この新たな役割は、彼にとって人生の新しい意味となりました。
P46DD03C,田島直人,66.0,スポーツ,なし,0.0,あなたと同じ66歳のとき、田島直人は日本国内で開催されたマラソン大会に参加しました。この年、彼は自己ベストを更新し、5位入賞を果たすこととなりました。田島は長年のトレーニングの成果を実感し、66歳でも...,あなたと同じ66歳のとき、田島直人は日本国内で開催されたマラソン大会に参加しました。この年、彼は自己ベストを更新し、5位入賞を果たすこととなりました。田島は長年のトレーニングの成果を実感し、66歳でもなお競技の世界で戦えることに喜びを感じていました。大会では、彼の姿勢と努力が多くの若いランナーに刺激を与え、交流の場でも大きな話題となりました。田島の活躍は、年齢に関係なく挑戦し続けることの大切さを示す素晴らしい例となっています。
P3831DB1,田原総一朗,27.0,ビジネス,なし,0.0,あなたと同じ27歳のとき、田原総一朗は週刊誌の記者として活躍していました。彼は政治家や著名人へのインタビューを数多く手がけ、鋭い質問と洞察力で相手の本音を引き出すことに長けていました。その姿勢は、権力...,あなたと同じ27歳のとき、田原総一朗は週刊誌の記者として活躍していました。彼は政治家や著名人へのインタビューを数多く手がけ、鋭い質問と洞察力で相手の本音を引き出すことに長けていました。その姿勢は、権力者に真実を語らせる「戦う記者」として注目を集めるようになりました。田原総一朗の27歳の活躍は、真実を追求するジャーナリストの模範となりました。
P49F33FD,田原健一,25.0,ビジネス,なし,0.0,あなたと同じ25歳のとき、田原健一はミュージシャンとしてキャリアの重要な転機を迎えました。この時期、独自の視点と情熱を持って新しい挑戦に取り組み、その後の成功の基盤となる貴重な経験を積みました。周囲か...,あなたと同じ25歳のとき、田原健一はミュージシャンとしてキャリアの重要な転機を迎えました。この時期、独自の視点と情熱を持って新しい挑戦に取り組み、その後の成功の基盤となる貴重な経験を積みました。周囲からの期待と自身の目標との間で葛藤しながらも、決断力と行動力で道を切り開いていきました。人生の転機となる重要な選択でした。重要な選択を迫られた時、将来を見据えた判断を下しました。この決断が将来を大きく変えました。この選択が新たな道を切り開いた。
PEF6556C,田原俊彦,16.0,スポーツ,なし,0.0,あなたと同じ16歳のとき、田原俊彦は歌手デビューに向けて懸命に努力していました。しかし、レコード会社のオーディションに何度も落選し、夢を諦めようと思ったこともありました。それでも、歌への情熱を忘れず、...,あなたと同じ16歳のとき、田原俊彦は歌手デビューに向けて懸命に努力していました。しかし、レコード会社のオーディションに何度も落選し、夢を諦めようと思ったこともありました。それでも、歌への情熱を忘れず、毎日歌の練習を重ねました。そして、ついにデビューのチャンスを掴み、「哀愁でいと」でデビューを果たしました。デビュー曲は大ヒットとなり、一躍スターの仲間入りを果たしました。挫折を乗り越えた経験は、その後の歌手人生の礎となりました。
PEDC2470,田原仁,28.0,ビジネス,なし,0.0,あなたと同じ28歳のとき、田原仁は自身の会社「ラクスル」を上場させました。印刷業界に革新をもたらすオンラインプリントサービスを展開し、わずか6年で東証マザーズに株式公開。28歳という若さでの上場は、当...,あなたと同じ28歳のとき、田原仁は自身の会社「ラクスル」を上場させました。印刷業界に革新をもたらすオンラインプリントサービスを展開し、わずか6年で東証マザーズに株式公開。28歳という若さでの上場は、当時のインターネット業界で大きな話題となりました。田原さんの行動力と先見性が、新しいビジネスモデルを生み出し、業界に変革を促す原動力になったのです。
P14A02D0,田中雅美,62.0,スポーツ,なし,0.0,あなたと同じ62歳のとき、田中雅美さんはマラソン界で素晴らしい成果を上げました。彼女は若い頃からマラソンに取り組み続け、62歳での大会出場を果たしました。その結果、彼女は自らのベストタイムを更新し、同...,あなたと同じ62歳のとき、田中雅美さんはマラソン界で素晴らしい成果を上げました。彼女は若い頃からマラソンに取り組み続け、62歳での大会出場を果たしました。その結果、彼女は自らのベストタイムを更新し、同年代の選手の中でトップの成績となりました。この達成は、日々の努力と情熱の賜物です。田中さんは、年齢に関係なく挑戦し続ける姿勢を示し、多くの人々に勇気を与えました。彼女の活躍は、マラソンだけでなく、スポーツ全般においても高く評価され、62歳での成功は、これからの世代にも大きな影響を与えることとなりました。
PECC19F7,田中雅人,65.0,スポーツ,なし,0.0,あなたと同じ65歳のとき、田中雅人さんは人生の大きな転機を迎えました。長年のマラソン生活を経て、競技者としての引退を決意したのです。彼はこの決断をするまでに多くの葛藤がありましたが、65歳という年齢を...,あなたと同じ65歳のとき、田中雅人さんは人生の大きな転機を迎えました。長年のマラソン生活を経て、競技者としての引退を決意したのです。彼はこの決断をするまでに多くの葛藤がありましたが、65歳という年齢を迎え、次のステージを見据えることになりました。引退後は、若い選手たちの指導に力を入れることとなり、彼の経験を活かした指導法が注目されました。田中さんの新たな挑戦は、多くの人々に感動を与え、地域のマラソンイベントにも積極的に関わるようになりました。彼の人生の分岐点は、ただの引退ではなく、新たな可能性を切り開くスタートとなったのです。
PC090893,田中角栄,58.0,政治・社会,なし,0.0,あなたと同じ58歳のとき、田中角栄はロッキード事件で逮捕され政治生命の危機しました。収賄額5億円という記録を達成し、首相辞任という記録を達成しました。これという挫折を経験し、戦後最大の政治スキャンダル...,あなたと同じ58歳のとき、田中角栄はロッキード事件で逮捕され政治生命の危機しました。収賄額5億円という記録を達成し、首相辞任という記録を達成しました。これという挫折を経験し、戦後最大の政治スキャンダルという大きな影響を与えました。卓越した能力と不断の努力により、分野に大きな貢献をしました。その功績は今日まで高く評価されています。失敗後も諦めずに、新たな目標に向けて再出発しました。失敗を通じて重要な気づきを得ました。この経験が真の強さを養うこととなった。
P744FD5A,田中良子,65.0,政治・社会,なし,0.0,あなたと同じ65歳のとき、田中良子さんは地域の高齢者支援に挑戦することになりました。彼女は自らの経験を基に、高齢者が安心して生活できる環境を整えるための活動を始めました。しかし、資金やボランティアの確...,あなたと同じ65歳のとき、田中良子さんは地域の高齢者支援に挑戦することになりました。彼女は自らの経験を基に、高齢者が安心して生活できる環境を整えるための活動を始めました。しかし、資金やボランティアの確保は容易ではなく、多くの困難に直面しました。それでも、彼女は地域の人々と協力し、イベントを開催することで少しずつ理解を得ていきました。最終的には、地域全体が高齢者支援に積極的に関与するようになり、田中さんの努力は実を結びました。彼女の挑戦は、地域の絆を深めるきっかけとなったのです。
PA445963,田中良和,66.0,科学・技術,なし,0.0,あなたと同じ66歳のとき、田中良和は新しい合成方法を開発し、環境に優しいバイオプラスチックの商業化に成功しました。彼の研究は、従来のプラスチックに代わる持続可能な素材として注目され、世界中の企業からの...,あなたと同じ66歳のとき、田中良和は新しい合成方法を開発し、環境に優しいバイオプラスチックの商業化に成功しました。彼の研究は、従来のプラスチックに代わる持続可能な素材として注目され、世界中の企業からの関心を集めることになりました。田中は、科学の力で環境問題に取り組む姿勢を示し、多くの若い研究者たちに影響を与えました。彼の成果は、持続可能な社会への一歩として評価され、国際的な学会でも高く評価されることとなりました。
PD2088C5,田中良和,52.0,政治・社会,なし,0.0,あなたと同じ52歳のとき、田中良和さんは地域の環境問題に目を向けるきっかけとなる出来事に出会いました。彼は地元の公園で行われた清掃活動に参加した際、参加者たちの熱意に心を打たれ、自らも何か行動を起こさ...,あなたと同じ52歳のとき、田中良和さんは地域の環境問題に目を向けるきっかけとなる出来事に出会いました。彼は地元の公園で行われた清掃活動に参加した際、参加者たちの熱意に心を打たれ、自らも何か行動を起こさなければならないと感じました。それ以来、田中さんは地域の環境保護団体を立ち上げ、定期的な清掃活動や啓発イベントを実施するようになりました。彼の影響で、多くの住民が参加するようになり、地域の環境意識が高まっています。田中さんの行動は、彼自身の人生だけでなく、地域全体に良い影響を与えることとなりました。
PDCECD56,田中良和,28.0,ビジネス,なし,0.0,あなたと同じ28歳のとき、田中良和はグリーを創業し、わずか3人のチームでソーシャルゲーム事業に挑戦しました。楽天での勤務経験を活かし、初期投資500万円で立ち上げた会社は、最初の1年間で月間売上100...,あなたと同じ28歳のとき、田中良和はグリーを創業し、わずか3人のチームでソーシャルゲーム事業に挑戦しました。楽天での勤務経験を活かし、初期投資500万円で立ち上げた会社は、最初の1年間で月間売上100万円を達成しました。当時まだ珍しかったモバイルSNSプラットフォームの構築に取り組み、ガラケー向けのゲーム開発で苦戦を重ねながらも、ユーザー数10万人突破という節目を迎えました。誰もがスマートフォンの普及を疑っていた時代に、モバイルゲームの可能性を信じ続けた彼の先見性が、後の大成功の礎となりました。
P51B9C52,田中聡,52.0,ビジネス,なし,0.0,あなたと同じ52歳のとき、田中聡は新しいビジネスモデルを確立することに成功しました。彼は長年の経験を生かし、持続可能なエネルギーの分野に参入しました。田中は、地元の中小企業と連携し、再生可能エネルギー...,あなたと同じ52歳のとき、田中聡は新しいビジネスモデルを確立することに成功しました。彼は長年の経験を生かし、持続可能なエネルギーの分野に参入しました。田中は、地元の中小企業と連携し、再生可能エネルギーを利用した製品を開発しました。その結果、顧客からの支持を受け、売上は前年の2倍に達しました。また、地元の雇用創出にも貢献し、地域の活性化にもつながりました。この成果は、田中にとって大きな自信となり、次なる挑戦への原動力となりました。
PC4D8623,田辺聖子,61.0,芸術・文化,なし,0.0,あなたと同じ61歳のとき、田辺聖子は新たな挑戦を始めました。長年の小説執筆から一歩踏み出し、エッセイや詩の創作に挑戦することになりました。周囲からは「もう十分に成功しているのだから」と言われることもあ...,あなたと同じ61歳のとき、田辺聖子は新たな挑戦を始めました。長年の小説執筆から一歩踏み出し、エッセイや詩の創作に挑戦することになりました。周囲からは「もう十分に成功しているのだから」と言われることもありましたが、彼女は新しい表現の可能性を追求する決意を固めました。その結果、詩集の出版が実現し、多くの人々に感動を与えることになりました。彼女にとって、61歳は新たなスタートの年となり、自己表現の幅を広げる重要な転機となったのです。田辺聖子は、自身の作品を通じて、年齢に関係なく挑戦し続けることの大切さを示してくれました。
P2FC461E,福士蒼汰,25.0,ビジネス,なし,0.0,あなたと同じ25歳のとき、福士蒼汰は俳優としてキャリアの重要な転機を迎えました。この時期、独自の視点と情熱を持って新しい挑戦に取り組み、その後の成功の基盤となる貴重な経験を積みました。周囲からの期待と...,あなたと同じ25歳のとき、福士蒼汰は俳優としてキャリアの重要な転機を迎えました。この時期、独自の視点と情熱を持って新しい挑戦に取り組み、その後の成功の基盤となる貴重な経験を積みました。周囲からの期待と自身の目標との間で葛藤しながらも、決断力と行動力で道を切り開いていきました。若くして示したこの行動は、後のキャリアの基盤となる重要な経験でした。その実績は広く認められました。重要な分岐点となった出来事でした。この決断が人生の分岐点となった。
P4702C6F,福山雅治,43.0,芸術・文化,なし,0.0,あなたと同じ43歳のとき、福山雅治は新たな転機を迎えました。彼はこれまでの音楽活動に加えて、俳優としてもさらなる挑戦をすることを決意しました。この年、彼は話題のドラマに出演し、役者としての幅を広げるこ...,あなたと同じ43歳のとき、福山雅治は新たな転機を迎えました。彼はこれまでの音楽活動に加えて、俳優としてもさらなる挑戦をすることを決意しました。この年、彼は話題のドラマに出演し、役者としての幅を広げることになりました。音楽と演技の両方での成功が彼を一層多面的なアーティストへと成長させ、ファンの支持もさらに厚くなりました。この時期の挑戦が、後のキャリアに大きな影響を与えることとなりました。福山は43歳という年齢を新たなスタート地点とし、さらなる成長を遂げることになったのです。
P7984D0D,福山雅治,46.0,音楽,なし,0.0,あなたと同じ46歳のとき、福山雅治は結婚を発表。この発表後、関西大学の宮本勝浩名誉教授が経済損失を600億円と試算し、メディアが「福山ロス」と命名しました。音楽活動では、シングル35作連続でオリコン週...,あなたと同じ46歳のとき、福山雅治は結婚を発表。この発表後、関西大学の宮本勝浩名誉教授が経済損失を600億円と試算し、メディアが「福山ロス」と命名しました。音楽活動では、シングル35作連続でオリコン週間チャート10位以内を記録。主演映画「容疑者Xの献身」は興行収入49.2億円を記録。主演ドラマ「ガリレオ」第1シリーズの平均視聴率は21.9％。歌手、俳優、ラジオパーソナリティーとして活動しています。
PE18FF89,胡蝶しのぶ,18.0,アニメ・漫画・ゲーム,なし,0.0,18歳の時、しのぶは柱としての力をさらに高めるため、厳しい修行を積んでいた。ある日、自らが鬼と化してしまった人間を救う任務を与えられる。苦悩しながらも、仲間たちと協力し成功させ、成長を遂げた。,18歳の時、しのぶは柱としての力をさらに高めるため、厳しい修行を積んでいた。ある日、自らが鬼と化してしまった人間を救う任務を与えられる。苦悩しながらも、仲間たちと協力し成功させ、成長を遂げた。
P8FFEDC1,羽田圭介,27.0,政治・社会,なし,0.0,あなたと同じ27歳のとき、羽田圭介は小説『スクラップ・アンド・ビルド』を発表し、第29回野間文芸新人賞を受賞しました。この作品は、東日本大震災後の被災地を舞台に、人々の心の機微を丁寧に描いた物語です。...,あなたと同じ27歳のとき、羽田圭介は小説『スクラップ・アンド・ビルド』を発表し、第29回野間文芸新人賞を受賞しました。この作品は、東日本大震災後の被災地を舞台に、人々の心の機微を丁寧に描いた物語です。羽田は、震災という困難な状況下でも希望を失わない登場人物たちを生き生きと描くことで、読者に勇気と感動を与えることになりました。
PD45DD70,羽田健太郎,36.0,スポーツ,オリンピック,0.0,あなたと同じ36歳のとき、羽田健太郎は世界柔道選手権大会で金メダルを獲得しました。この大会では、決勝戦で強豪のフランス人選手と対戦し、延長戦の末に技ありを決めての勝利となりました。これまでの経験と努力...,あなたと同じ36歳のとき、羽田健太郎は世界柔道選手権大会で金メダルを獲得しました。この大会では、決勝戦で強豪のフランス人選手と対戦し、延長戦の末に技ありを決めての勝利となりました。これまでの経験と努力が実を結んだ瞬間で、表彰台で日の丸を掲げる羽田の姿は多くの日本人に感動を与えました。また、この勝利によって、羽田は史上初の3大会連続金メダル獲得という偉業を達成しました。
P46DE283,羽生結弦,29.0,スポーツ,オリンピック,0.0,あなたと同じ29歳のとき、羽生結弦は競技生活からの引退を表明し、プロフィギュアスケーターでの新たな道を歩み始めました。2022年7月に開催した記者会見では、競技者で4回転アクセルの完成を目指し続けてき...,あなたと同じ29歳のとき、羽生結弦は競技生活からの引退を表明し、プロフィギュアスケーターでの新たな道を歩み始めました。2022年7月に開催した記者会見では、競技者で4回転アクセルの完成を目指し続けてきた想いと、今後はアイスショーの多くの人でフィギュアスケートの魅力に伝えていく決意を語りました。同年11月には単独アイスショー「プロローグ」を開催し、競技では成功しなかった4回転アクセルに挑戦する姿を披露しました。オリンピック2連覇偉業を成し遂げた後も、新しい挑戦に続ける姿勢を示した転換点となった。
P2DED6FA,羽生善治,27.0,芸術・文化,なし,2.0,あなたと同じ27歳のとき、羽生善治は将棋界初の七冠独占を達成しました。竜王、名人、王位、王座、棋王、王将、棋聖の全7タイトルに同時保持するという前人未到の記録を樹立。この年の1月のは王将戦の谷川浩司に...,あなたと同じ27歳のとき、羽生善治は将棋界初の七冠独占を達成しました。竜王、名人、王位、王座、棋王、王将、棋聖の全7タイトルに同時保持するという前人未到の記録を樹立。この年の1月のは王将戦の谷川浩司に4勝2敗で破り最後のピースとなる王将位を獲得、2月のは棋王戦の森下卓に3勝1敗で退け七冠体制を完成させました。27歳のの七冠独占でより同年に国民栄誉賞を受賞しました。多くの人々に勇気を与える結果となりました。
PD7E8E75,羽生善治,26.0,その他,なし,2.0,あなたと同じ26歳のとき、羽生善治は史上初の七冠独占を達成し将棋界の頂点にしました。7タイトル独占という記録を達成し、勝率8割超という記録を達成しました。これをきっかけに、将棋ブームを巻き起こし国民的...,あなたと同じ26歳のとき、羽生善治は史上初の七冠独占を達成し将棋界の頂点にしました。7タイトル独占という記録を達成し、勝率8割超という記録を達成しました。これをきっかけに、将棋ブームを巻き起こし国民的スターにという大きな影響を与えました。卓越した能力と不断の努力により、分野に大きな貢献をしました。その功績は今日まで高く評価されています。この転機により、新たな可能性が開かれることになりました。人生の方向性が定まる瞬間でした。この選択が新たな道を切り開いた。
P234BE77,羽根田卓也,19.0,スポーツ,ワールドカップ,0.0,あなたと同じ19歳のとき、羽根田卓也はスキージャンプの大会で大ケガを負いました。医師からは現役続行は難しいと宣告されましたが、諦めずにリハビリに励みました。周囲の励ましに支えられ、懸命な努力の末に見事...,あなたと同じ19歳のとき、羽根田卓也はスキージャンプの大会で大ケガを負いました。医師からは現役続行は難しいと宣告されましたが、諦めずにリハビリに励みました。周囲の励ましに支えられ、懸命な努力の末に見事に復帰を果たしました。その後、ワールドカップで表彰台に上がるなど、世界のトップ選手として活躍するようになりました。
P1A72A86,美空ひばり,52.0,音楽,なし,0.0,あなたと同じ52歳のとき、美空ひばりは死去した。1989年、「昭和の歌姫」として国民に愛され、『川の流れのように』は遺作となった。12歳でデビューし、生涯で1500曲以上を歌い上げた不世出の歌手。国民...,あなたと同じ52歳のとき、美空ひばりは死去した。1989年、「昭和の歌姫」として国民に愛され、『川の流れのように』は遺作となった。12歳でデビューし、生涯で1500曲以上を歌い上げた不世出の歌手。国民栄誉賞を女性初受賞。
P73422E6,芥川龍之介,23.0,芸術・文化,なし,0.0,あなたと同じ23歳のとき、芥川龍之介は東京帝国大学の同級生らと同人誌『新思潮』第3次を創刊し、編集の中心的役割を担っました。また同年11月には『帝国文学』誌上で処女作『羅生門』を発表し、平安時代末期で...,あなたと同じ23歳のとき、芥川龍之介は東京帝国大学の同級生らと同人誌『新思潮』第3次を創刊し、編集の中心的役割を担っました。また同年11月には『帝国文学』誌上で処女作『羅生門』を発表し、平安時代末期で舞台に人間の利己主義を描いました。この作品は今昔物語集を典拠とし、下人と老婆の心理描写に通じて道徳の相対性を表現しました。大学では英文学を専攻し、卒業論文「ウィリアム・モリス研究」に取り組んでいました。その後多くの名作を生み出しました。
P68DE144,織田幹雄,25.0,スポーツ,オリンピック,0.0,あなたと同じ25歳のとき、織田幹雄は1928年のアムステルダム五輪で三段跳びに出場し、15メートル21センチの記録で金メダルを獲得しました。この記録は当時のオリンピック新記録であり、日本人とし、初めて...,あなたと同じ25歳のとき、織田幹雄は1928年のアムステルダム五輪で三段跳びに出場し、15メートル21センチの記録で金メダルを獲得しました。この記録は当時のオリンピック新記録であり、日本人とし、初めてのオリンピック金メダルという歴史的な偉業でしました。織田は早稲田大学在学中から陸上競技で頭角を現し、この大会では予選から安定した跳躍を見せていました。決勝のは最終跳躍で逆転勝利を収め、日本の陸上競技史に新たな1ページを刻みました。帰国後は国民的英雄として迎えられ、後に陸上競技の指導者も活動を続けました。
PBA27395,緒方貞子,63.0,政治・社会,なし,0.0,"あなたと同じ63歳のとき、緒方貞子は国連難民高等弁務官とし、、ルワンダ難民200万人の救済を指揮しました。ザイールのゴマで100万人規模の難民キャンプを設営し、1日2,000人が死亡する危機的状況に対...","あなたと同じ63歳のとき、緒方貞子は国連難民高等弁務官とし、、ルワンダ難民200万人の救済を指揮しました。ザイールのゴマで100万人規模の難民キャンプを設営し、1日2,000人が死亡する危機的状況に対応。日本人女性初の国連機関トップとして10年間在任し、難民保護の概念を根本から変革。人間の安全保障の理念を確立し、UNHCR予算を5億ドルから10億ドルに倍増させ、約2,200万人の難民・避難民を支援。世界の人道支援のあり方を変え、国際社会で最も尊敬される日本人となりました。"
P1D9AAB1,緒方洪庵,41.0,医学・健康,なし,0.0,あなたと同じ41歳のとき、緒方洪庵は適塾を開き、日本の近代医学教育の基礎を築くしました。門下生3000人以上を記録し、福沢諭吉、大村益次郎など輩出を記録し、この功績により、日本の西洋医学の普及に貢献し...,あなたと同じ41歳のとき、緒方洪庵は適塾を開き、日本の近代医学教育の基礎を築くしました。門下生3000人以上を記録し、福沢諭吉、大村益次郎など輩出を記録し、この功績により、日本の西洋医学の普及に貢献し、多くの人材を育成したという大きな影響を与えました。この時期の経験が、さらなる飛躍への転換点となりました。その実績は広く認められました。周囲の協力を得ながら、着実に目標へと近づいていきました。その後の活動の重要な基盤となりました。
PAB04397,緒方恵美,26.0,その他,なし,0.0,あなたと同じ26歳のとき、緒方恵美は『新世紀エヴァンゲリオン』の碇シンジ役を担当した。1995年、少年役の第一人者として蔵馬、志々雄真実など中性的なキャラクターを多数演じる。,あなたと同じ26歳のとき、緒方恵美は『新世紀エヴァンゲリオン』の碇シンジ役を担当した。1995年、少年役の第一人者として蔵馬、志々雄真実など中性的なキャラクターを多数演じる。
P902CF26,綾瀬はるか,18.0,芸術・文化,"アカデミー賞, 日本アカデミー賞",0.0,あなたと同じ18歳のとき、綾瀬はるかはTBSドラマ『世界の中心で、愛にさけぶ』でヒロイン役を演じました。また同ドラマは平均視聴率15.9%、最終回17.4%を記録。翌公開の映画版では長澤まさみ、山田孝...,あなたと同じ18歳のとき、綾瀬はるかはTBSドラマ『世界の中心で、愛にさけぶ』でヒロイン役を演じました。また同ドラマは平均視聴率15.9%、最終回17.4%を記録。翌公開の映画版では長澤まさみ、山田孝之と共演し、興行収入85億円、観客動員620万人、DVD売上100万枚を達成しました。この作品への出演が次世代女優としての地位を開始し、後に日本アカデミー賞優秀主演女優賞などを受賞する女優への道筋となりました。
PB2D9DF8,結衣,25.0,芸術・文化,なし,0.0,あなたと同じ25歳のとき、結衣はバラエティタレントとしてキャリアの重要な転機を迎えました。この時期、独自の視点と情熱を持って新しい挑戦に取り組み、その後の成功の基盤となる貴重な経験を積みました。周囲か...,あなたと同じ25歳のとき、結衣はバラエティタレントとしてキャリアの重要な転機を迎えました。この時期、独自の視点と情熱を持って新しい挑戦に取り組み、その後の成功の基盤となる貴重な経験を積みました。周囲からの期待と自身の目標との間で葛藤しながらも、決断力と行動力で道を切り開いていきました。人生の転機となる重要な選択でした。この決断が、その後の人生を大きく変える転機となりました。大きな変革をもたらす転機でした。この決断が人生の分岐点となった。
P2C25D4D,経沢香保子,26.0,ビジネス,なし,0.0,あなたと同じ26歳のとき、経沢香保子はトレンダーズを設立した。2000年、女性向けマーケティング会社として成長。キッズライン創業など、働く女性を支援する事業を展開。,あなたと同じ26歳のとき、経沢香保子はトレンダーズを設立した。2000年、女性向けマーケティング会社として成長。キッズライン創業など、働く女性を支援する事業を展開。
P18A5DD8,細田守,33.0,芸術・文化,"アカデミー賞, 日本アカデミー賞",0.0,あなたと同じ33歳のとき、細田守はアニメーション映画『時をかける少女』の監督を務めました。この作品は細田監督の長編映画監督デビュー作となり、日本アカデミー賞最優秀アニメーション作品賞を受賞するなど高い...,あなたと同じ33歳のとき、細田守はアニメーション映画『時をかける少女』の監督を務めました。この作品は細田監督の長編映画監督デビュー作となり、日本アカデミー賞最優秀アニメーション作品賞を受賞するなど高い評価を得ました。『時をかける少女』の成功により、細田監督は日本を代表するアニメーション映画監督の一人となりました。以降も『サマーウォーズ』や『バケモノの子』など、独自の世界観と繊細な人間ドラマを描いた作品を次々と発表しています。
P1FE3BF9,紫雷イオ,25.0,スポーツ,なし,0.0,あなたと同じ25歳のとき、紫雷イオは女子プロレスラーとしてキャリアの重要な転機を迎えました。この時期、独自の視点と情熱を持って新しい挑戦に取り組み、その後の成功の基盤となる貴重な経験を積みました。周囲...,あなたと同じ25歳のとき、紫雷イオは女子プロレスラーとしてキャリアの重要な転機を迎えました。この時期、独自の視点と情熱を持って新しい挑戦に取り組み、その後の成功の基盤となる貴重な経験を積みました。周囲からの期待と自身の目標との間で葛藤しながらも、決断力と行動力で道を切り開いていきました。人生の転機となる重要な選択でした。状況の変化を好機と捉え、積極的に行動しました。重要な分岐点となった出来事でした。この選択が新たな道を切り開いた。
P49476A8,織田信成,32.0,スポーツ,なし,0.0,あなたと同じ32歳のとき、織田信成は現役引退後も、後進の指導やアイスショーの企画・出演など、フィギュアスケート界の発展に尽力しました。特に、若手選手の育成に情熱を注ぎ、自身の経験を活かしたアドバイスで...,あなたと同じ32歳のとき、織田信成は現役引退後も、後進の指導やアイスショーの企画・出演など、フィギュアスケート界の発展に尽力しました。特に、若手選手の育成に情熱を注ぎ、自身の経験を活かしたアドバイスで多くの選手を支えました。また、アイスショーでは斬新な演出や豪華な出演者を揃え、フィギュアスケートの魅力を広く発信することに成功しました。織田の活躍により、日本のフィギュアスケート人気は更なる高まりを見せることとなりました。
P8BF4BEF,花江夏樹,24.0,その他,なし,0.0,あなたと同じ24歳のとき、花江夏樹は『東京喰種』の金木研役で注目を集めた。2014年、後に『鬼滅の刃』竈門炭治郎役で国民的人気を獲得。YouTubeチャンネルも人気を博す。,あなたと同じ24歳のとき、花江夏樹は『東京喰種』の金木研役で注目を集めた。2014年、後に『鬼滅の刃』竈門炭治郎役で国民的人気を獲得。YouTubeチャンネルも人気を博す。
P7E30BE5,若田光一,50.0,科学・技術,なし,0.0,あなたと同じ50歳のとき、若田光一はソユーズ宇宙船でカザフスタンのバイコヌール宇宙基地から打ち上げられ、国際宇宙ステーション（ISS）第38次長期滞在クルーとして宇宙に向かいました。3月9日から5月1...,あなたと同じ50歳のとき、若田光一はソユーズ宇宙船でカザフスタンのバイコヌール宇宙基地から打ち上げられ、国際宇宙ステーション（ISS）第38次長期滞在クルーとして宇宙に向かいました。3月9日から5月14日まで日本人初のISS船長を務め、188日間の宇宙滞在を完了しました。この滞在により通算宇宙滞在時間は347日間となり、日本人最長記録を更新しました。帰還後のは内閣総理大臣顕彰と文部科学大臣表彰を受賞し、は埼玉県県民栄誉章を受章しました。
P682DD24,茂山逸平,25.0,芸術・文化,なし,0.0,あなたと同じ25歳のとき、茂山逸平は狂言師として独自の活動を開始した。1999年、京都の茂山千五郎家に生まれ、伝統を守りながら現代劇やテレビにも進出。狂言の普及に努める。,あなたと同じ25歳のとき、茂山逸平は狂言師として独自の活動を開始した。1999年、京都の茂山千五郎家に生まれ、伝統を守りながら現代劇やテレビにも進出。狂言の普及に努める。
P8838007,落合陽一,24.0,科学・技術,なし,0.0,あなたと同じ24歳のとき、落合陽一は東京大学大学院学際情報学府で博士号を取得し、筑波大学図書館情報メディア系助教に就任しました。は准教授に昇進し、デジタルネイチャーの概念を提唱、ホログラフィック技術や...,あなたと同じ24歳のとき、落合陽一は東京大学大学院学際情報学府で博士号を取得し、筑波大学図書館情報メディア系助教に就任しました。は准教授に昇進し、デジタルネイチャーの概念を提唱、ホログラフィック技術や超音波浮遊技術の研究で国際的に評価されます。Microsoft Research PhD Fellowshipを受賞し、ACM UIST等の国際会議で多数の論文を発表しています。この成功により新たな道が開けました。
P5E4BA67,落合陽一,50.0,スポーツ,なし,0.0,あなたと同じ50歳のとき、落合陽一は新たな表現の可能性を追求するため、AIを活用した大規模なインスタレーション作品の制作に挑戦しました。膨大なデータ処理と複雑なアルゴリズムに悪戦苦闘する日々が続きまし...,あなたと同じ50歳のとき、落合陽一は新たな表現の可能性を追求するため、AIを活用した大規模なインスタレーション作品の制作に挑戦しました。膨大なデータ処理と複雑なアルゴリズムに悪戦苦闘する日々が続きましたが、彼は諦めずに技術と芸術の融合を目指し続けました。幾多の困難を乗り越えた先に、没入感溢れる革新的な作品が完成し、世界中から高い評価を受けることとなりました。年齢を重ねても挑戦をやめない姿勢は、多くの人に勇気を与えています。
P003CC6D,落合博満,28.0,スポーツ,なし,0.0,あなたと同じ28歳のとき、落合博満はロッテオリオンズの内野手として、史上最年少で三冠王を獲得しました。打率.367という記録を達成し、52本塁打という記録を達成し、146打点という記録を達成しました。...,あなたと同じ28歳のとき、落合博満はロッテオリオンズの内野手として、史上最年少で三冠王を獲得しました。打率.367という記録を達成し、52本塁打という記録を達成し、146打点という記録を達成しました。平成を代表する打者として歴史に名を刻むという大きな影響を与えました。若くして示したこの行動は、後のキャリアの基盤となる重要な経験でした。その実績は広く認められました。その後の活動の重要な基盤となりました。
P3AC312D,華岡青洲,40.0,医学・健康,なし,0.0,あなたと同じ40歳のとき、華岡青洲は世界初の全身麻酔手術に成功しました。乳がん摘出手術成功を記録し、麻酔薬「通仙散」開発を記録し、この発明により、世界で初めて全身麻酔による手術を成功させ、外科医学の発...,あなたと同じ40歳のとき、華岡青洲は世界初の全身麻酔手術に成功しました。乳がん摘出手術成功を記録し、麻酔薬「通仙散」開発を記録し、この発明により、世界で初めて全身麻酔による手術を成功させ、外科医学の発展に貢献したという大きな影響を与えました。この時期の経験が、さらなる飛躍への転換点となりました。その実績は広く認められました。独創的なアイデアを実現し、分野に革命をもたらしました。新しい時代を切り開きました。
P6E1AF17,菜々緒,25.0,ビジネス,なし,0.0,あなたと同じ25歳のとき、菜々緒は女優としてキャリアの重要な転機を迎えました。この時期、独自の視点と情熱を持って新しい挑戦に取り組み、その後の成功の基盤となる貴重な経験を積みました。周囲からの期待と自...,あなたと同じ25歳のとき、菜々緒は女優としてキャリアの重要な転機を迎えました。この時期、独自の視点と情熱を持って新しい挑戦に取り組み、その後の成功の基盤となる貴重な経験を積みました。周囲からの期待と自身の目標との間で葛藤しながらも、決断力と行動力で道を切り開いていきました。若くして示したこの行動は、後のキャリアの基盤となる重要な経験でした。その実績は広く認められました。人生の方向性が定まる瞬間でした。この変化が大きな飛躍のきっかけとなった。
P0C3E183,菅田将暉,26.0,芸術・文化,なし,0.0,あなたと同じ26歳のとき、菅田将暉さんは一つの大きな転機を迎えました。それは、映画『火花』での主演がきっかけとなりました。この作品は、彼にとって新たな挑戦であり、芸術的な表現の幅を広げることとなりまし...,あなたと同じ26歳のとき、菅田将暉さんは一つの大きな転機を迎えました。それは、映画『火花』での主演がきっかけとなりました。この作品は、彼にとって新たな挑戦であり、芸術的な表現の幅を広げることとなりました。撮影中、彼は役作りに没頭し、自身の演技力を高めることに努めました。その結果、映画は大ヒットし、彼の名はさらに広まりました。この成功は、彼にとって俳優としての道を確立する重要な分岐点となり、後の音楽活動にも良い影響を与えました。菅田さんは、俳優業だけでなく、歌手としても注目される存在となりました。
PD241BA4,莉奈,25.0,芸術・文化,なし,0.0,あなたと同じ25歳のとき、莉奈はバラエティタレントとしてキャリアの重要な転機を迎えました。この時期、独自の視点と情熱を持って新しい挑戦に取り組み、その後の成功の基盤となる貴重な経験を積みました。周囲か...,あなたと同じ25歳のとき、莉奈はバラエティタレントとしてキャリアの重要な転機を迎えました。この時期、独自の視点と情熱を持って新しい挑戦に取り組み、その後の成功の基盤となる貴重な経験を積みました。周囲からの期待と自身の目標との間で葛藤しながらも、決断力と行動力で道を切り開いていきました。人生の転機となる重要な選択でした。この決断が、その後の人生を大きく変える転機となりました。運命が動き始めた瞬間でした。この選択が新たな道を切り開いた。
P690A0C9,荒木飛呂彦,64.0,芸術・文化,なし,0.0,あなたと同じ64歳のとき、荒木飛呂彦は自身の代表作である「ジョジョの奇妙な冒険」シリーズの最新部である「ジョジョリオン」の連載を終了させました。長年にわたり築き上げてきた独自の世界観とキャラクター造形...,あなたと同じ64歳のとき、荒木飛呂彦は自身の代表作である「ジョジョの奇妙な冒険」シリーズの最新部である「ジョジョリオン」の連載を終了させました。長年にわたり築き上げてきた独自の世界観とキャラクター造形が高く評価され、国内外から多くのファンを獲得しました。荒木は自らの作品を通して、読者に勇気と希望を与え続けることができたと感じ、漫画家としての使命を果たせたと実感したのです。今後も彼の作品は世界中の人々を魅了し続けることでしょう。
P690A0C9,荒木飛呂彦,70.0,スポーツ,なし,0.0,あなたと同じ70歳のとき、荒木飛呂彦は新しい漫画シリーズ「CRAZY DIAMOND」の連載を開始しました。これまでの作品とは一線を画す斬新な世界観と独創的なキャラクター設定が話題となり、幅広い世代か...,あなたと同じ70歳のとき、荒木飛呂彦は新しい漫画シリーズ「CRAZY DIAMOND」の連載を開始しました。これまでの作品とは一線を画す斬新な世界観と独創的なキャラクター設定が話題となり、幅広い世代から支持を集めています。荒木は70歳を過ぎても尽きることのない創作意欲で、漫画界に新たな風を吹き込みました。
PC45994C,荒木経惟,40.0,芸術・文化,なし,0.0,あなたと同じ40歳のとき、荒木経惟は妻の陽子さんと新婚旅行写真集「センチメンタルな旅」を発表し、写真界に衝撃を与えました。この作品は2500部限定で発売され、わずか3日で完売という異例の記録を樹立しま...,あなたと同じ40歳のとき、荒木経惟は妻の陽子さんと新婚旅行写真集「センチメンタルな旅」を発表し、写真界に衝撃を与えました。この作品は2500部限定で発売され、わずか3日で完売という異例の記録を樹立しました。実は荒木は当初、この私的な写真を公開することに躊躇していましたが、陽子さんの「あなたの写真は人の心で動かす」という言葉に背中を押されました。プライベートな瞬間を芸術に昇華させたこの作品は、後で日本写真史における金字塔となり、荒木の代表作として世界中で高く評価されています。
P8D568E3,荒木大輔,56.0,スポーツ,なし,0.0,あなたと同じ56歳のとき、荒木大輔は現役引退後の人生の岐路に立たされました。プロ野球一筋だった彼は、引退後の人生にどう向き合えばいいのか悩んでいました。しかし、彼は新たな挑戦として、野球の指導者の道を...,あなたと同じ56歳のとき、荒木大輔は現役引退後の人生の岐路に立たされました。プロ野球一筋だった彼は、引退後の人生にどう向き合えばいいのか悩んでいました。しかし、彼は新たな挑戦として、野球の指導者の道を選びました。プロ時代の経験を活かし、次世代の選手たちを育てることに情熱を注ぐようになりました。指導者としての道のりは決して平坦ではありませんでしたが、彼は諦めずに努力を重ね、多くの若手選手たちを導いていきました。
P47E9BB2,荒川静香,25.0,ビジネス,なし,0.0,あなたと同じ25歳のとき、荒川静香は元フィギュアスケート選手としてキャリアの重要な転機を迎えました。この時期、独自の視点と情熱を持って新しい挑戦に取り組み、その後の成功の基盤となる貴重な経験を積みまし...,あなたと同じ25歳のとき、荒川静香は元フィギュアスケート選手としてキャリアの重要な転機を迎えました。この時期、独自の視点と情熱を持って新しい挑戦に取り組み、その後の成功の基盤となる貴重な経験を積みました。周囲からの期待と自身の目標との間で葛藤しながらも、決断力と行動力で道を切り開いていきました。人生の転機となる重要な選択でした。状況の変化を好機と捉え、積極的に行動しました。新たな道を切り開く契機となりました。この転機が新たな物語の始まりとなった。
P36D5F90,荒川静香,29.0,スポーツ,オリンピック,0.0,あなたと同じ29歳のとき、荒川静香はトリノオリンピックでフィギュアスケート女子シングル金メダルを獲得しました。2006年2月23日のフリースケーティングでは、代名詞となったイナバウアーを披露し、完璧な...,あなたと同じ29歳のとき、荒川静香はトリノオリンピックでフィギュアスケート女子シングル金メダルを獲得しました。2006年2月23日のフリースケーティングでは、代名詞となったイナバウアーを披露し、完璧な演技で日本フィギュアスケート史上初のオリンピック金メダリストとなりました。この快挙で、荒川は日本中から注目を集め、フィギュアスケートブームの火付け役となりました。競技後のインタビューのは「今まの支えてくれた人への恩返しができた」と語り、長年の努力が実を結んだ瞬間でしました。
P8B9883F,草間彌生,87.0,芸術・文化,なし,0.0,あなたと同じ87歳のとき、草間彌生は世界各国で開催された個展が年間15回に超える記録的な年を迎えました。ニューヨークのデイヴィッド・ツヴィルナー・ギャラリーのの個展では、開催期間中に来場者数が1万20...,あなたと同じ87歳のとき、草間彌生は世界各国で開催された個展が年間15回に超える記録的な年を迎えました。ニューヨークのデイヴィッド・ツヴィルナー・ギャラリーのの個展では、開催期間中に来場者数が1万2000人を突破し、作品売上は過去最高額を記録しました。実は彼女は毎朝6時に起床し、アトリエで12時間以上制作に続ける生活を50年以上継続していました。精神的な病気と闘いながらも、水玉模様への執着を芸術に昇華させた彼女は、この年ついの世界で最も影響力のある現代アーティスト100人に選ばれました。
P24DC17B,草野心平,70.0,芸術・文化,なし,0.0,あなたと同じ70歳のとき、草野心平は俳句の世界で新たな転機を迎えていました。彼は長年の作品を通じて培った感性を活かし、自然や日常の風景をより深く掘り下げることに取り組みました。この時期、彼は自身のスタ...,あなたと同じ70歳のとき、草野心平は俳句の世界で新たな転機を迎えていました。彼は長年の作品を通じて培った感性を活かし、自然や日常の風景をより深く掘り下げることに取り組みました。この時期、彼は自身のスタイルを一新し、より自由な表現を試みるようになりました。特に、戦後の日本における社会的な変化をテーマにした作品が評価され、草野は新世代の俳人たちに影響を与える存在となりました。彼にとって、この70歳の年は、人生の集大成を意識しながらも、新たな挑戦をする重要な時期になったのです。
P07CEE9A,草野マサムネ,27.0,音楽,なし,0.0,あなたと同じ27歳のとき、草野マサムネはスピッツのボーカル・ギターとして、『ロビンソン』が160万枚のヒットしました。オリコン最高位3位という記録を達成し、ロングセールス1年以上という記録を達成しまし...,あなたと同じ27歳のとき、草野マサムネはスピッツのボーカル・ギターとして、『ロビンソン』が160万枚のヒットしました。オリコン最高位3位という記録を達成し、ロングセールス1年以上という記録を達成しました。90年代を代表するロックバンドとして国民的人気を獲得という大きな影響を与えました。多くの人々がその成果に注目しました。この功績により、業界全体に新たな基準が確立されました。この実績が後の発展の礎となりました。
P9EF7685,草彅剛,37.0,芸術・文化,なし,0.0,あなたと同じ37歳のとき、草彅剛は大きな挑戦をしました。それは、初めての映画監督へのチャレンジです。脚本・監督・主演を務めた作品「ミッドナイトイーグル」の製作に全身全霊で取り組みました。映画製作の過程...,あなたと同じ37歳のとき、草彅剛は大きな挑戦をしました。それは、初めての映画監督へのチャレンジです。脚本・監督・主演を務めた作品「ミッドナイトイーグル」の製作に全身全霊で取り組みました。映画製作の過程では、脚本の推敲や撮影スケジュールの調整など、様々な困難に直面しましたが、仲間と力を合わせて乗り越えていきました。その結果、第31回東京国際映画祭で「日本映画スプラッシュ」部門に選出されるなど高い評価を得ることとなりました。俳優としてのキャリアを積み重ねる中で新たな挑戦に踏み出した37歳の年は、草彅さんにとって大きな転機になりました。
P00BE6DA,茂木健一郎,25.0,科学・技術,なし,0.0,あなたと同じ25歳のとき、茂木健一郎は脳科学者としてキャリアの重要な転機を迎えました。この時期、独自の視点と情熱を持って新しい挑戦に取り組み、その後の成功の基盤となる貴重な経験を積みました。周囲からの...,あなたと同じ25歳のとき、茂木健一郎は脳科学者としてキャリアの重要な転機を迎えました。この時期、独自の視点と情熱を持って新しい挑戦に取り組み、その後の成功の基盤となる貴重な経験を積みました。周囲からの期待と自身の目標との間で葛藤しながらも、決断力と行動力で道を切り開いていきました。この決断が後の人生を大きく変えることとなりました。この決断が、その後の人生を大きく変える転機となりました。新たな道を切り開く契機となりました。この決断が人生の分岐点となった。
PB8439AF,茂木健一郎,19.0,学術・研究,なし,0.0,あなたと同じ19歳のとき、茂木健一郎は東京大学理学部物理学科に入学しました。大学時代から脳科学に強い関心を持ち、独自の研究を開始。19歳の若さで、脳内の情報処理メカニズムに関する画期的な仮説を提唱し、...,あなたと同じ19歳のとき、茂木健一郎は東京大学理学部物理学科に入学しました。大学時代から脳科学に強い関心を持ち、独自の研究を開始。19歳の若さで、脳内の情報処理メカニズムに関する画期的な仮説を提唱し、学会で発表しました。その革新的な内容が高く評価され、学術雑誌に論文が掲載されることになりました。この成果が、茂木さんが脳科学者としての道を歩み始めるきっかけとなりました。
P9CA1C92,紀平梨花,16.0,スポーツ,なし,0.0,あなたと同じ16歳のとき、紀平梨花はフィギュアスケートのグランプリファイナルで初優勝を果たしました。フリープログラムでは154.72点という高得点をマークし、合計233.12点の見事で頂点に立ちました...,あなたと同じ16歳のとき、紀平梨花はフィギュアスケートのグランプリファイナルで初優勝を果たしました。フリープログラムでは154.72点という高得点をマークし、合計233.12点の見事で頂点に立ちました。実は彼女は練習で4回転サルコウを30回以上も失敗し続けていましたが、諦めずに挑戦を続けました。コーチからは「無謀だ」と言われながらも、毎日6時間の練習を欠かさず、ついに試合で成功させました。この勝利により、日本女子では宮原知子以来3年ぶりの快挙を成し遂げ、世界に衝撃を与えました。
P102B63F,糸井重里,68.0,芸術・文化,なし,0.0,あなたと同じ68歳のとき、糸井重里は新たな挑戦に踏み出しました。長年培ってきたコピーライティングの経験を活かし、若手クリエイターの育成に力を注ぐことにしたのです。自身の知見を次世代に伝えることで、広告...,あなたと同じ68歳のとき、糸井重里は新たな挑戦に踏み出しました。長年培ってきたコピーライティングの経験を活かし、若手クリエイターの育成に力を注ぐことにしたのです。自身の知見を次世代に伝えることで、広告業界の発展に貢献したいと考えたのでした。そこで、独自の研修プログラムを立ち上げ、全国から集まった才能ある若者たちを指導し始めました。糸井の情熱あふれる言葉は、彼らの心に深く響き、新しいアイデアが次々と生まれていきました。この取り組みは、業界内外から高く評価され、日本のクリエイティブシーンに新風を吹き込むこととなりました。
P3151C85,米長邦雄,49.0,その他,なし,0.0,あなたと同じ49歳のとき、米長邦雄は史上最年長で名人位を獲得した。1993年、「さわやか流」で知られた天才棋士。日本将棋連盟会長として将棋の普及にも尽力した。,あなたと同じ49歳のとき、米長邦雄は史上最年長で名人位を獲得した。1993年、「さわやか流」で知られた天才棋士。日本将棋連盟会長として将棋の普及にも尽力した。
P9BB1832,米田智彦,43.0,科学・技術,なし,0.0,あなたと同じ43歳のとき、米田智彦は自身が開発したロボットスーツ「HAL」の実用化に向けて大きな決断をしました。それまで研究用途が中心だったHALを、医療・福祉分野で本格的に活用するために、安全性と信...,あなたと同じ43歳のとき、米田智彦は自身が開発したロボットスーツ「HAL」の実用化に向けて大きな決断をしました。それまで研究用途が中心だったHALを、医療・福祉分野で本格的に活用するために、安全性と信頼性を徹底的に高める必要がありました。米田は自ら被験者となり、改良を重ねたHALを装着して歩行実験を繰り返しました。その努力が実を結び、HALは世界初の医療用ロボットスーツとして認証を取得。多くの患者さんの歩行機能回復に貢献することになりました。
P4C98602,稲盛和夫,52.0,ビジネス,京都賞,0.0,あなたと同じ52歳のとき、稲盛和夫は第二電電（現KDDI）を設立しました。また同社は通信業界の新規参入企業として事業を開始し、後に国内通信事業者の一つとなりました。京セラの代表取締役とし、同社の売上高...,あなたと同じ52歳のとき、稲盛和夫は第二電電（現KDDI）を設立しました。また同社は通信業界の新規参入企業として事業を開始し、後に国内通信事業者の一つとなりました。京セラの代表取締役とし、同社の売上高を1兆円規模まで拡大し、海外に複数の事業拠点を設置しました。稲盛財団を設立し、京都賞を創設しました。また同賞は科学技術分野等の研究者に授与される国際的な賞として運営されています。周囲からの評価が一層高まりました。
PEE8C63D,稲本潤一,52.0,ビジネス,なし,0.0,あなたと同じ52歳のとき、稲本潤一は現役引退を決意しました。最後のシーズンを終え、「もう全力を尽くし切った」と語る稲本。しかし引退後の人生に不安を感じていました。そんな中、古巣ガンバ大阪から「若手の指...,あなたと同じ52歳のとき、稲本潤一は現役引退を決意しました。最後のシーズンを終え、「もう全力を尽くし切った」と語る稲本。しかし引退後の人生に不安を感じていました。そんな中、古巣ガンバ大阪から「若手の指導者として帰ってきてほしい」とオファーを受けます。新たな挑戦に迷う稲本でしたが、サッカーへの情熱は衰えていませんでした。「現役時代の経験を若い選手に伝えたい」との思いから、指導者の道を歩むことを決意。厳しい指導者の世界に飛び込んだ稲本は、選手時代に培ったリーダーシップを発揮し、若手の成長を支え続けています。
P46CF181,稲川淳二,62.0,ビジネス,なし,0.0,あなたと同じ62歳のとき、稲川淳二は新たな挑戦に踏み出しました。それは、怪談を通じて日本の伝統文化を海外に広めるプロジェクトの立ち上げです。長年の経験と知識を活かし、世界各国を巡る怪談ワールドツアーを...,あなたと同じ62歳のとき、稲川淳二は新たな挑戦に踏み出しました。それは、怪談を通じて日本の伝統文化を海外に広めるプロジェクトの立ち上げです。長年の経験と知識を活かし、世界各国を巡る怪談ワールドツアーを企画。言葉の壁を越えて、日本の怪談の魅力を伝えることに成功しました。この取り組みは、日本文化の国際的な理解促進に大きく貢献し、稲川さんの新たな活躍の場となりました。
P1EEC6E2,稀勢の里,30.0,スポーツ,なし,0.0,あなたと同じ30歳のとき、稀勢の里は横綱に昇進した。2017年、日本出身力士として19年ぶりの横綱。直後の春場所で左肩負傷も強行出場し、劇的な逆転優勝。涙の優勝インタビューは日本中を感動させた。,あなたと同じ30歳のとき、稀勢の里は横綱に昇進した。2017年、日本出身力士として19年ぶりの横綱。直後の春場所で左肩負傷も強行出場し、劇的な逆転優勝。涙の優勝インタビューは日本中を感動させた。
P119CF73,秦基博,28.0,音楽,なし,0.0,あなたと同じ28歳のとき、秦基博は代表曲「ひまわりの約束」を完成させ、映画「STAND BY ME ドラえもん」の主題歌とし、大ブレイクを果たしました。この楽曲は週間チャート1位を獲得し、配信ダウンロ...,あなたと同じ28歳のとき、秦基博は代表曲「ひまわりの約束」を完成させ、映画「STAND BY ME ドラえもん」の主題歌とし、大ブレイクを果たしました。この楽曲は週間チャート1位を獲得し、配信ダウンロード数は300万回を突破しました。実は彼は幼少期からドラえもんの大ファンで、映画館の涙に流しなはら自分の楽曲が流れる瞬間を体験したそうです。横浜出身の彼が、子供の頃で夢見た「みんなに愛される歌を作りたい」という願いが、まさの国民的アニメと奇跡的な出会いによって実現した感動的な瞬間でしました。
P012925E,福西崇史,56.0,スポーツ,なし,0.0,あなたと同じ56歳のとき、福西崇史は日本サッカー界の発展に尽力するため、新たな挑戦に踏み出しました。Jリーグのクラブでアカデミーダイレクターに就任し、次世代の若手選手の育成に注力し始めたのです。自身の...,あなたと同じ56歳のとき、福西崇史は日本サッカー界の発展に尽力するため、新たな挑戦に踏み出しました。Jリーグのクラブでアカデミーダイレクターに就任し、次世代の若手選手の育成に注力し始めたのです。自身のプレー経験と豊富な知識を活かし、選手たちに熱心に指導を行いました。福西さんの情熱あふれる取り組みは、日本サッカーの未来を担う人材の輩出につながる大きな一歩となりました。
P4570CB5,福田雄一,74.0,スポーツ,なし,0.0,あなたと同じ74歳のとき、福田雄一は新たな挑戦に踏み出しました。それまでコメディ映画を得意としていた福田ですが、社会派ドラマの脚本と監督を務めることになったのです。福田にとって初めてのジャンルでしたが...,あなたと同じ74歳のとき、福田雄一は新たな挑戦に踏み出しました。それまでコメディ映画を得意としていた福田ですが、社会派ドラマの脚本と監督を務めることになったのです。福田にとって初めてのジャンルでしたが、長年の経験と確かな演出力を活かし、リアリティのある人間ドラマを見事に描き切りました。この作品で、福田は演技派俳優から高い評価を得ると共に、新境地を開拓した監督として注目を集めることとなりました。
PAD45E47,福田萌,21.0,政治・社会,なし,0.0,あなたと同じ21歳のとき、福田萌さんは地域の子どもたちに向けた教育支援プロジェクトを立ち上げました。彼女は、貧困層の家庭の子どもたちが学ぶ機会を得られるようにと考え、地域のボランティアを募りました。そ...,あなたと同じ21歳のとき、福田萌さんは地域の子どもたちに向けた教育支援プロジェクトを立ち上げました。彼女は、貧困層の家庭の子どもたちが学ぶ機会を得られるようにと考え、地域のボランティアを募りました。その結果、100人以上の子どもたちが無料で学習支援を受けられる環境が整いました。また、彼女の活動はメディアにも取り上げられ、さらなる支援者が増えるきっかけとなりました。福田さんの情熱は、地域社会に大きな影響を与え、教育の重要性を広めることに貢献したのです。
P9629715,福田恆存,68.0,学術・研究,なし,0.0,あなたと同じ68歳のとき、福田恆存は日本の哲学や文学の発展に多大な影響を与える著作を発表しました。彼の代表作である『日本人の心』は、文化的アイデンティティや伝統の重要性について深く掘り下げた内容となり...,あなたと同じ68歳のとき、福田恆存は日本の哲学や文学の発展に多大な影響を与える著作を発表しました。彼の代表作である『日本人の心』は、文化的アイデンティティや伝統の重要性について深く掘り下げた内容となり、多くの読者に感動を与えました。この書籍は哲学的な視点から日本文化を再評価するきっかけとなり、学術界の中でも高く評価されることとなりました。福田の洞察は、世代を超えた人々に響き、彼の名は日本の文化的議論の中で不朽のものとなっています。
P24DFFA7,福田康夫,39.0,政治・社会,なし,0.0,あなたと同じ39歳のとき、福田康夫は自民党の幹事長代理に就任しました。若手議員の登用を進め、党内の改革に尽力します。また、地元の石川県では、地域経済の活性化に向けた様々な政策を打ち出し、住民の生活向上...,あなたと同じ39歳のとき、福田康夫は自民党の幹事長代理に就任しました。若手議員の登用を進め、党内の改革に尽力します。また、地元の石川県では、地域経済の活性化に向けた様々な政策を打ち出し、住民の生活向上に取り組みました。福田は、将来の総理大臣候補としても注目を集め、日本の政治に新風を吹き込む存在となりました。
P0690D4F,福田和也,29.0,政治・社会,なし,0.0,あなたと同じ29歳のとき、福田和也は世界最高峰エベレストの登頂に挑戦しました。厳しい気象条件の中、チームメイトとともに困難を乗り越え、見事に頂上に立つことに成功します。この経験を通じて、福田は自分の限...,あなたと同じ29歳のとき、福田和也は世界最高峰エベレストの登頂に挑戦しました。厳しい気象条件の中、チームメイトとともに困難を乗り越え、見事に頂上に立つことに成功します。この経験を通じて、福田は自分の限界に挑戦し続けることの大切さを学びました。以降、世界中の高峰に挑み続け、登山家としての道を突き進むことになりました。
PD066395,福沢諭吉,35.0,芸術・文化,なし,0.0,あなたと同じ35歳のとき、福沢諭吉は「西洋事情」を出版し、25万部のベストセラーとなって明治維新の思想的基盤を築いました。3度の洋行で得た知識を日本に伝え、慶應義塾に創立して1万人以上の人材を育成。「...,あなたと同じ35歳のとき、福沢諭吉は「西洋事情」を出版し、25万部のベストセラーとなって明治維新の思想的基盤を築いました。3度の洋行で得た知識を日本に伝え、慶應義塾に創立して1万人以上の人材を育成。「天は人の上に人を造らず」の理念で、日本の近代化と教育改革を主導しました。は世界地理の入門書「世界国尽」を刊行し、西洋の政治・経済制度だけでなく学問・文化も日本に紹介。慶應義塾では英学、経済学、政治学を教授し、当時約100名の生徒に西洋の概念を日本語で教えました。現在も1万円札の顔として国民に親しまれます。
P37C63C2,福沢諭吉,38.0,教育,なし,0.0,あなたと同じ38歳のとき、福沢諭吉は慶應義塾大学の前身となる慶應義塾を本格的な大学組織へと発展させました。当時の日本では西洋式教育機関は3校しか存在せず、彼は200名の学生を抱える規模まで拡大していま...,あなたと同じ38歳のとき、福沢諭吉は慶應義塾大学の前身となる慶應義塾を本格的な大学組織へと発展させました。当時の日本では西洋式教育機関は3校しか存在せず、彼は200名の学生を抱える規模まで拡大していました。実は福沢は経営難に苦しみ、自らの蔵書1000冊以上に売却して運営資金を捻出していました。「学問のすゝめ」の印税収入だけでは足りず、夜中まの翻訳作業に続けて家計を支えていたのです。しかし彼は決して諦めず、「実学」に重視した独自の教育方針を貫き通し、日本初の私立大学の基盤を築き上げました。
PE151DA6,福沢諭吉,26.0,政治・社会,なし,0.0,あなたと同じ26歳のとき、福沢諭吉は咸臨丸で渡米し西洋文明に触れるしました。航海日数37日という記録を達成し、訪問都市5箇所という記録を達成しました。これをきっかけに、文明開化の旗手となる原点という大...,あなたと同じ26歳のとき、福沢諭吉は咸臨丸で渡米し西洋文明に触れるしました。航海日数37日という記録を達成し、訪問都市5箇所という記録を達成しました。これをきっかけに、文明開化の旗手となる原点という大きな影響を与えました。卓越した能力と不断の努力により、分野に大きな貢献をしました。その功績は今日まで高く評価されています。この決断が、その後の人生を大きく変える転機となりました。この経験が人生を一変させました。この選択が新たな道を切り開いた。
PC0F04AC,福沢諭吉,39.0,学術・研究,なし,0.0,あなたと同じ39歳のとき、福沢諭吉は慶応義塾を開校しました。当時の日本は封建社会から近代国家への過渡期にあり、福沢は教育の重要性を痛感していました。彼は「天は人の上に人を造らず」という言葉を掲げ、身分...,あなたと同じ39歳のとき、福沢諭吉は慶応義塾を開校しました。当時の日本は封建社会から近代国家への過渡期にあり、福沢は教育の重要性を痛感していました。彼は「天は人の上に人を造らず」という言葉を掲げ、身分や階級に関係なく、すべての人に平等に教育を受ける機会を提供することを目指しました。慶応義塾の開校は、日本の教育史における大きな転機となりました。
P04C11CB,福永祐一,34.0,スポーツ,なし,0.0,あなたと同じ34歳のとき、福永祐一はダービージョッキーとなった。2013年、父・福永洋一の悲願を達成。通算2600勝以上を挙げ、調教師に転身後もコントレイルを三冠馬に導いた。,あなたと同じ34歳のとき、福永祐一はダービージョッキーとなった。2013年、父・福永洋一の悲願を達成。通算2600勝以上を挙げ、調教師に転身後もコントレイルを三冠馬に導いた。
P6859610,福本豊,48.0,スポーツ,なし,0.0,あなたと同じ48歳のとき、福本豊は現役引退を決意しました。1986年のシーズン終了後、福本は引退会見を開き、「もうこれ以上、若い選手の邪魔をしてはいけない」と語りました。オリックスの生え抜き選手として...,あなたと同じ48歳のとき、福本豊は現役引退を決意しました。1986年のシーズン終了後、福本は引退会見を開き、「もうこれ以上、若い選手の邪魔をしてはいけない」と語りました。オリックスの生え抜き選手として活躍し、通算2543安打の日本記録を樹立した福本。しかし、チームの将来を考えて自ら引退を決断したのです。記者からの質問に「悔いはない」と答えた福本の姿は、プロ野球界のレジェンドにふさわしい潔さと威厳に満ちていました。
P056DAFA,福島瑞穂,54.0,政治・社会,なし,0.0,あなたと同じ54歳のとき、福島瑞穂は大きな転機を迎えました。彼女は長年の活動を通じて、特に女性や子どもたちの権利擁護に情熱を注いできました。その年、彼女は新しい政党を結成する決意を固め、政治の世界での...,あなたと同じ54歳のとき、福島瑞穂は大きな転機を迎えました。彼女は長年の活動を通じて、特に女性や子どもたちの権利擁護に情熱を注いできました。その年、彼女は新しい政党を結成する決意を固め、政治の世界での影響力をさらに広げることとなりました。この決断は、彼女自身の信念を貫くための重要な一歩となり、多くの支持者を集める結果となりました。福島は、これまでの経験を生かし、より積極的に社会問題に取り組む姿勢を強化することになったのです。
PF025BA6,福島敦子,74.0,科学・技術,なし,0.0,あなたと同じ74歳のとき、福島敦子は大学の研究室を退職後も、がん研究の第一線で活躍していました。長年の研究成果を活かし、新たながん治療法の開発に挑戦し続けました。実験の失敗や資金不足など、数々の困難に...,あなたと同じ74歳のとき、福島敦子は大学の研究室を退職後も、がん研究の第一線で活躍していました。長年の研究成果を活かし、新たながん治療法の開発に挑戦し続けました。実験の失敗や資金不足など、数々の困難に直面しながらも、諦めることなく研究を続けました。その情熱と努力が実を結び、がん治療に革新的なアプローチをもたらす新薬の開発に成功しました。患者さんの笑顔を励みに、今日も研究に没頭しています。
PB460493,稲盛和夫,68.0,政治・社会,なし,0.0,あなたと同じ68歳のとき、稲盛和夫は京セラを退職し、第二の人生を歩み始めました。しかし、その後も日本航空の再建に尽力するなど、新たな挑戦を続けています。経営の神様と呼ばれる稲盛和夫ですが、JALの再建...,あなたと同じ68歳のとき、稲盛和夫は京セラを退職し、第二の人生を歩み始めました。しかし、その後も日本航空の再建に尽力するなど、新たな挑戦を続けています。経営の神様と呼ばれる稲盛和夫ですが、JALの再建は想像以上の困難の連続でした。それでも諦めずに努力を重ね、見事にJALを蘇らせることに成功しました。「人生に失敗はない。あるのは学びと気づきだけだ」という稲盛和夫の言葉は、多くの人に勇気を与えています。
P90A8002,山田隆夫,68.0,スポーツ,なし,0.0,あなたと同じ68歳のとき、山田隆夫は自ら設立したマラソンクラブのメンバーと共に、東京マラソンで完走を果たしました。彼は若い頃からランニングを愛し、50歳を過ぎてから本格的にマラソンに挑戦するようになり...,あなたと同じ68歳のとき、山田隆夫は自ら設立したマラソンクラブのメンバーと共に、東京マラソンで完走を果たしました。彼は若い頃からランニングを愛し、50歳を過ぎてから本格的にマラソンに挑戦するようになりました。68歳という年齢にも関わらず、毎日のトレーニングを欠かさず、健康を維持し続けました。大会当日、彼は仲間たちと共にスタートラインに立ち、最後まで諦めずに走り抜ける姿が印象的でした。完走後、彼の笑顔は達成感に満ち、メンバーたちも彼の姿を見て勇気をもらったと言います。この経験は、年齢に関係なく挑戦することの大切さを教えてくれました。
P0DDD565,稲葉浩志,67.0,ビジネス,なし,0.0,あなたと同じ67歳のとき、稲葉浩志はB'zとしての活動40周年を迎えました。これを記念して、東京ドームで2日間にわたる特別ライブを開催しました。ライブでは、デビュー当時から最新アルバムまでの楽曲を網羅...,あなたと同じ67歳のとき、稲葉浩志はB'zとしての活動40周年を迎えました。これを記念して、東京ドームで2日間にわたる特別ライブを開催しました。ライブでは、デビュー当時から最新アルバムまでの楽曲を網羅し、B'zの歴史を振り返る内容となりました。40年間第一線で活躍し続けることができたのは、ファンの支えがあったからだと語り、感謝の気持ちを伝えました。このライブを通して、ロックバンドの枠を超えた国民的アーティストとしての地位を改めて確立することになりました。
P9B64260,窪塚洋介,23.0,芸術・文化,なし,0.0,あなたと同じ23歳のとき、窪塚洋介は俳優としての道を歩み始めたばかりでした。演技の経験が浅く、オーディションでなかなか合格できない日々が続きました。しかし、窪塚は諦めずに自分の個性を生かした演技を追求...,あなたと同じ23歳のとき、窪塚洋介は俳優としての道を歩み始めたばかりでした。演技の経験が浅く、オーディションでなかなか合格できない日々が続きました。しかし、窪塚は諦めずに自分の個性を生かした演技を追求し続けました。そして、独特の存在感を発揮できる役柄との出会いがようやく訪れ、俳優としての才能が開花していくことになりました。
P5D2CBFB,米津玄師,27.0,音楽,なし,1.0,あなたと同じ27歳のとき、米津玄師は「Lemon」で音楽界の頂点に立ちました。この楽曲はストリーミング再生回数7億回を突破し、Billboard Japan Hot 100で15週連続1位という驚異的...,あなたと同じ27歳のとき、米津玄師は「Lemon」で音楽界の頂点に立ちました。この楽曲はストリーミング再生回数7億回を突破し、Billboard Japan Hot 100で15週連続1位という驚異的な記録を達成しました。実は彼は重度の対人恐怖症で、レコーディングスタジオのも他人と目を合わせることがのきませんでしました。しかし祖父の死をきっかけに制作したこの楽曲が、多くの人の心に響く名曲となったのです。MVの総再生回数は8億回を超え、日本の音楽史上最も愛される楽曲の一つとなりました。
P7C2A798,米津玄師,32.0,科学・技術,なし,1.0,あなたと同じ32歳のとき、米津玄師は自身の楽曲「Lemon」が大ヒットとなり、音楽業界での存在感が一気に高まりました。この曲は、彼の代表作として知られ、様々なメディアで取り上げられることになりました。...,あなたと同じ32歳のとき、米津玄師は自身の楽曲「Lemon」が大ヒットとなり、音楽業界での存在感が一気に高まりました。この曲は、彼の代表作として知られ、様々なメディアで取り上げられることになりました。ヒットの背景には、彼自身の経験や感情が色濃く反映されており、聴く人々の心に深く響きました。この成功により、米津は新たな音楽スタイルを確立し、アーティストとしての地位が確立されたのです。この転機が、彼の音楽の幅を広げる大きな一歩となりました。
P71A481E,米倉涼子,25.0,ビジネス,なし,0.0,あなたと同じ25歳のとき、米倉涼子は女優としてキャリアの重要な転機を迎えました。この時期、独自の視点と情熱を持って新しい挑戦に取り組み、その後の成功の基盤となる貴重な経験を積みました。周囲からの期待と...,あなたと同じ25歳のとき、米倉涼子は女優としてキャリアの重要な転機を迎えました。この時期、独自の視点と情熱を持って新しい挑戦に取り組み、その後の成功の基盤となる貴重な経験を積みました。周囲からの期待と自身の目標との間で葛藤しながらも、決断力と行動力で道を切り開いていきました。若くして示したこの行動は、後のキャリアの基盤となる重要な経験でした。その実績は広く認められました。人生の重要な転機となった出来事でした。この経験が視野を大きく広げた。
P0FBB8FB,篠田麻里子,25.0,ビジネス,なし,0.0,あなたと同じ25歳のとき、篠田麻里子は元アイドルとしてキャリアの重要な転機を迎えました。この時期、独自の視点と情熱を持って新しい挑戦に取り組み、その後の成功の基盤となる貴重な経験を積みました。周囲から...,あなたと同じ25歳のとき、篠田麻里子は元アイドルとしてキャリアの重要な転機を迎えました。この時期、独自の視点と情熱を持って新しい挑戦に取り組み、その後の成功の基盤となる貴重な経験を積みました。周囲からの期待と自身の目標との間で葛藤しながらも、決断力と行動力で道を切り開いていきました。人生の転機となる重要な選択でした。この変化が、後の成功への重要な一歩となりました。この決断が将来を大きく変えました。この選択が新たな道を切り開いた。
PED6F5E3,篠山紀信,35.0,芸術・文化,なし,0.0,あなたと同じ35歳のとき、篠山紀信は写真集「激写」シリーズで年間売上3億円を記録し、写真界の常識を覆しました。当時、写真集の平均発行部数は5000部でしたが、彼の作品は10万部を突破し、出版業界を驚か...,あなたと同じ35歳のとき、篠山紀信は写真集「激写」シリーズで年間売上3億円を記録し、写真界の常識を覆しました。当時、写真集の平均発行部数は5000部でしたが、彼の作品は10万部を突破し、出版業界を驚かせました。実は撮影現場のは極度の人見知りで、モデルと会話に苦労し、いましたが、独自の「無言の演出法」を編み出し、被写体の自然な表情を引き出すことに成功しました。この年、200点以上の作品を発表し、日本の写真文化に革命をもたらしました。
P059B4BD,篠原一男,54.0,科学・技術,なし,0.0,あなたと同じ54歳のとき、篠原一男は新たなエネルギー源の開発に挑戦していました。このプロジェクトは、高効率な太陽光発電システムの実現を目指すもので、数年にわたる研究と試行錯誤が必要でした。初めは多くの...,あなたと同じ54歳のとき、篠原一男は新たなエネルギー源の開発に挑戦していました。このプロジェクトは、高効率な太陽光発電システムの実現を目指すもので、数年にわたる研究と試行錯誤が必要でした。初めは多くの技術的な壁に直面し、思うように成果が出ないこともありました。それでも、彼は仲間と共に困難を乗り越え、試作機の性能を向上させることに成功しました。その結果、篠原のチームは新しい技術を発表し、持続可能なエネルギーの未来に大きな一歩を踏み出すこととなりました。彼の努力は、多くの人々に希望を与えることになりました。
PB342986,笠原健治,30.0,ビジネス,なし,0.0,あなたと同じ30歳のとき、笠原健治はmixiを日本初の国民的SNSに成長させ、会員数2000万人・月間訪問者数1500万人を達成。日本のSNS黎明期を牽引し、ソーシャルメディア利用率を5%から60%に...,あなたと同じ30歳のとき、笠原健治はmixiを日本初の国民的SNSに成長させ、会員数2000万人・月間訪問者数1500万人を達成。日本のSNS黎明期を牽引し、ソーシャルメディア利用率を5%から60%に拡大。Facebook日本上陸前に市場を確立。事業展開12年で2000回の挑戦と100人のSNS起業家に育成を経て、年間1億PVを記録し、日記投稿数5000万件を達成しました。SNS「人と人をつなぎ、新しいコミュニケーションを創る」という信念で進み続けました。
P8A661AB,笑福亭鶴瓶,30.0,エンターテイメント,なし,0.0,あなたと同じ30歳のとき、笑福亭鶴瓶は『鶴瓶上岡パペポTV』で全国区の人気を獲得した。1981年、落語家でありながらバラエティでも活躍。『家族に乾杯』など長寿番組を持つ国民的タレント。,あなたと同じ30歳のとき、笑福亭鶴瓶は『鶴瓶上岡パペポTV』で全国区の人気を獲得した。1981年、落語家でありながらバラエティでも活躍。『家族に乾杯』など長寿番組を持つ国民的タレント。
P3C16A53,竹内結子,25.0,ビジネス,なし,0.0,あなたと同じ25歳のとき、竹内結子は女優としてキャリアの重要な転機を迎えました。この時期、独自の視点と情熱を持って新しい挑戦に取り組み、その後の成功の基盤となる貴重な経験を積みました。周囲からの期待と...,あなたと同じ25歳のとき、竹内結子は女優としてキャリアの重要な転機を迎えました。この時期、独自の視点と情熱を持って新しい挑戦に取り組み、その後の成功の基盤となる貴重な経験を積みました。周囲からの期待と自身の目標との間で葛藤しながらも、決断力と行動力で道を切り開いていきました。若くして示したこの行動は、後のキャリアの基盤となる重要な経験でした。その実績は広く認められました。運命が動き始めた瞬間でした。この決断が人生の分岐点となった。
P4114111,竹内結子,23.0,エンターテイメント,なし,0.0,あなたと同じ23歳のとき、竹内結子は大河ドラマ「利家とまつ」で初の主演を務めました。演じる役柄の重圧や撮影の過酷さに悩まされながらも、役作りのために加賀弁の習得に励み、利家の妻・まつの強さと優しさを見...,あなたと同じ23歳のとき、竹内結子は大河ドラマ「利家とまつ」で初の主演を務めました。演じる役柄の重圧や撮影の過酷さに悩まされながらも、役作りのために加賀弁の習得に励み、利家の妻・まつの強さと優しさを見事に表現しました。初主演という大役を全うし、高い評価を得ることができました。この経験が女優としての自信と成長につながりました。
P47B6CB2,竹内涼真,25.0,ビジネス,なし,0.0,あなたと同じ25歳のとき、竹内涼真は俳優としてキャリアの重要な転機を迎えました。この時期、独自の視点と情熱を持って新しい挑戦に取り組み、その後の成功の基盤となる貴重な経験を積みました。周囲からの期待と...,あなたと同じ25歳のとき、竹内涼真は俳優としてキャリアの重要な転機を迎えました。この時期、独自の視点と情熱を持って新しい挑戦に取り組み、その後の成功の基盤となる貴重な経験を積みました。周囲からの期待と自身の目標との間で葛藤しながらも、決断力と行動力で道を切り開いていきました。若くして示したこの行動は、後のキャリアの基盤となる重要な経験でした。その実績は広く認められました。運命が動き始めた瞬間でした。この転機が新たな物語の始まりとなった。
P095BF8A,竹内洋岳,41.0,探検・冒険,なし,0.0,あなたと同じ41歳のとき、竹内洋岳は8000m峰全14座完全登頂を達成した。2012年、日本人初の偉業。酸素ボンベなしでの挑戦にこだわり、真のアルピニズムを追求し続けている。,あなたと同じ41歳のとき、竹内洋岳は8000m峰全14座完全登頂を達成した。2012年、日本人初の偉業。酸素ボンベなしでの挑戦にこだわり、真のアルピニズムを追求し続けている。
PF9D776D,竹内栖鳳,51.0,芸術・文化,なし,0.0,あなたと同じ51歳のとき、竹内栖鳳は京都市立絵画専門学校の初代校長に就任し、日本画教育の革新に着手しました。従来の模写中心の教育を改め、実物写生に重視する新カリキュラムを導入し、200名で超える学生た...,あなたと同じ51歳のとき、竹内栖鳳は京都市立絵画専門学校の初代校長に就任し、日本画教育の革新に着手しました。従来の模写中心の教育を改め、実物写生に重視する新カリキュラムを導入し、200名で超える学生たちに西洋画の技法も取り入れた独自の指導法を展開しました。驚くべきことに、校長就任と同時に自らも毎日3時間の写生を続け、動物園の通い詰めて動物画の技術向上に励んでいました。この年で描いた「班猫」は後に重要文化財となりましたが、実はモデルの猫が途中で逃げ出し、記憶だけで完成させた逸話があります。
P4F2E1FB,竹内敏晴,59.0,芸術・文化,なし,0.0,あなたと同じ59歳のとき、竹内敏晴は日本の演劇教育に大きな影響を与えました。彼は「からだとことば」という独自の演劇ワークショップを開発し、全国各地で指導を行いました。竹内の革新的な手法は、演劇を通して...,あなたと同じ59歳のとき、竹内敏晴は日本の演劇教育に大きな影響を与えました。彼は「からだとことば」という独自の演劇ワークショップを開発し、全国各地で指導を行いました。竹内の革新的な手法は、演劇を通して自己表現力や創造性を育むことを目的としており、多くの教育関係者から高く評価されました。彼の活動は、日本の演劇教育の発展に大きく貢献したと言えます。
PCE9007F,竹中平蔵,72.0,ビジネス,なし,0.0,あなたと同じ72歳のとき、竹中平蔵は日本経済再生に向けた大胆な構造改革案を発表しました。グローバル化が進む中、日本企業の国際競争力強化と規制緩和の必要性を訴えました。既得権益に縛られない改革の実現には...,あなたと同じ72歳のとき、竹中平蔵は日本経済再生に向けた大胆な構造改革案を発表しました。グローバル化が進む中、日本企業の国際競争力強化と規制緩和の必要性を訴えました。既得権益に縛られない改革の実現には強い反発もありましたが、竹中は信念を貫き、日本経済の再生に向けて尽力しました。その挑戦は容易ではありませんでしたが、未来を見据えた改革の第一歩となりました。
PFD51BD8,立花隆,32.0,政治・社会,なし,0.0,あなたと同じ32歳のとき、立花隆は「田中角栄研究」を発表し、大きな話題となりました。この著書で、立花は田中角栄の生い立ちから政治家としての功績まで、詳細に分析・考察しています。特に、田中の政治手法や人...,あなたと同じ32歳のとき、立花隆は「田中角栄研究」を発表し、大きな話題となりました。この著書で、立花は田中角栄の生い立ちから政治家としての功績まで、詳細に分析・考察しています。特に、田中の政治手法や人脈形成の巧みさを浮き彫りにした点が高く評価されました。この著書によって、立花は一躍時の人となり、ジャーナリストとしての地位を確立しました。
P483F3B8,立川談志,27.0,芸術・文化,なし,0.0,あなたと同じ27歳のとき、立川談志は真打に昇進した。1963年、破天荒な芸風で「落語界の風雲児」と呼ばれた。落語立川流を創設し、既存の落語界に挑戦し続けた革命児。,あなたと同じ27歳のとき、立川談志は真打に昇進した。1963年、破天荒な芸風で「落語界の風雲児」と呼ばれた。落語立川流を創設し、既存の落語界に挑戦し続けた革命児。
PEDD9C7A,竈門禰豆子,12.0,アニメ・漫画・ゲーム,なし,0.0,12歳の時、禰豆子は人間になるための方法を求め、山中の古い神社にたどり着く。そこで出会った神様から、試練を与えられる。禰豆子は自分の強さや優しさを試されながら、新たな力を手に入れることに成功する。,12歳の時、禰豆子は人間になるための方法を求め、山中の古い神社にたどり着く。そこで出会った神様から、試練を与えられる。禰豆子は自分の強さや優しさを試されながら、新たな力を手に入れることに成功する。
PF5A4BF7,竈門炭治郎,15.0,アニメ・漫画・ゲーム,なし,0.0,竈門炭治郎は15歳の時、無限列車に乗車中の200名以上の乗客を守るため、下弦の壱・魘夢と死闘を繰り広げました。炎柱・煉獄杏寿郎、我妻善逸、嘴平伊之助と共に、魘夢が列車全体を支配する強制昏倒の血鬼術に立...,竈門炭治郎は15歳の時、無限列車に乗車中の200名以上の乗客を守るため、下弦の壱・魘夢と死闘を繰り広げました。炎柱・煉獄杏寿郎、我妻善逸、嘴平伊之助と共に、魘夢が列車全体を支配する強制昏倒の血鬼術に立ち向かいました。炭治郎は水の呼吸とヒノカミ神楽を駆使し、魘夢の頸を斬ることに成功しました。しかし直後、上弦の参・猗窩座が現れ、煉獄杏寿郎が壮絶な戦いの末に命を落としました。炭治郎は煉獄の「心を燃やせ」という遺言を胸に刻み、さらなる強さを目指す決意を固めました。吾峠呼世晴が創造したこのキャラクターは、家族愛と不屈の精神で多くの人々を勇気づけています。
PECDD283,稲葉浩志,24.0,音楽,なし,0.0,あなたと同じ24歳のとき、稲葉浩志はB'zのボーカルとして、アルバム『OFF THE LOCK』でデビューしました。シングル累計5000万枚という記録を達成し、アルバム累計4600万枚という記録を達成...,あなたと同じ24歳のとき、稲葉浩志はB'zのボーカルとして、アルバム『OFF THE LOCK』でデビューしました。シングル累計5000万枚という記録を達成し、アルバム累計4600万枚という記録を達成しました。日本の音楽史上最多のCD総売上枚数を記録するロックユニットという大きな影響を与えました。この功績により、業界での評価が一層高まりました。確固たる地位を業界内で築き上げることができました。この成果は後の展開に大きな影響を与えた。
P0BD29C1,山田進,67.0,ビジネス,なし,0.0,あなたと同じ67歳のとき、山田進さんは新たな挑戦として、自身の会社をリストラすることを決断しました。業界の変化に対応するため、従業員の数を減らし、効率的な経営を目指すことになりました。これにより、経営...,あなたと同じ67歳のとき、山田進さんは新たな挑戦として、自身の会社をリストラすることを決断しました。業界の変化に対応するため、従業員の数を減らし、効率的な経営を目指すことになりました。これにより、経営は厳しい状況に置かれましたが、山田さんは社員一人一人と真摯に向き合い、新たなビジョンを共有しました。その結果、社員たちの協力を得て、会社は再生の道を歩むことになりました。山田さんの努力は、経営者としての強さを示すエピソードとなっています。
PAE214D2,岡崎慎司,26.0,スポーツ,なし,0.0,あなたと同じ26歳のとき、岡崎慎司はドイツ・ブンデスリーガのシュトゥットガルトでブレイクシーズンを迎えました。前年まで出場機会に恵まれなかった彼は、新監督の下で15ゴールを記録し、チームの1部残留に大...,あなたと同じ26歳のとき、岡崎慎司はドイツ・ブンデスリーガのシュトゥットガルトでブレイクシーズンを迎えました。前年まで出場機会に恵まれなかった彼は、新監督の下で15ゴールを記録し、チームの1部残留に大きく貢献しました。身長174センチと小柄ながら、1試合平均11.2キロメートル驚異的な運動量で相手守備陣を翻弄し、「走るストライカー」で注目を集めました。実は彼は試合前で必ず同じ音楽に聴くルーティンを持っており、緊張でほぐすために日本の演歌を愛用していました。
PC1EA1E4,山田裕貴,25.0,ビジネス,なし,0.0,あなたと同じ25歳のとき、山田裕貴は俳優としてキャリアの重要な転機を迎えました。この時期、独自の視点と情熱を持って新しい挑戦に取り組み、その後の成功の基盤となる貴重な経験を積みました。周囲からの期待と...,あなたと同じ25歳のとき、山田裕貴は俳優としてキャリアの重要な転機を迎えました。この時期、独自の視点と情熱を持って新しい挑戦に取り組み、その後の成功の基盤となる貴重な経験を積みました。周囲からの期待と自身の目標との間で葛藤しながらも、決断力と行動力で道を切り開いていきました。若くして示したこの行動は、後のキャリアの基盤となる重要な経験でした。その実績は広く認められました。運命が動き始めた瞬間でした。この転換が次のステージへの扉を開いた。
PF89611E,ミシェル・プラティニ,20.0,スポーツ,なし,0.0,あなたと同じ20歳のとき、ミシェル・プラティニはASナンシーのプロサッカー選手ののキャリアを歩んでいました。1975年、フランス2部リーグでプレーしていた彼は、既にその卓越したパスセンスと得点能力で注...,あなたと同じ20歳のとき、ミシェル・プラティニはASナンシーのプロサッカー選手ののキャリアを歩んでいました。1975年、フランス2部リーグでプレーしていた彼は、既にその卓越したパスセンスと得点能力で注目を集めていました。この年、ナンシーは1部リーグ昇格を果たし、プラティニは若手選手ながらチームの中心選手で活躍していました。彼の正確なフリーキックと創造性豊かなプレーは、後にフランス代表の司令塔で活躍する基礎となっていました。
P6A3BCD0,マービン・ミンスキー,20.0,科学・技術,なし,0.0,あなたと同じ20歳のとき、マービン・ミンスキーはハーバード大学で数学を専攻していました。この時期、彼は神経科学と心理学に深い関心を抱き、人間の脳の働きに機械の模倣のきるのではないかという発想を持ち始め...,あなたと同じ20歳のとき、マービン・ミンスキーはハーバード大学で数学を専攻していました。この時期、彼は神経科学と心理学に深い関心を抱き、人間の脳の働きに機械の模倣のきるのではないかという発想を持ち始めました。特で神経ネットワークの仕組みに着目し、後の人工知能研究の基礎となる理論的枠組みを構築する準備段階にありました。同時に、論理学や計算理論についても独学で学習を進め、複数の学問分野で横断的に研究する姿勢を確立しました。この多角的なアプローチが、後に人工知能分野の父と呼ばれる彼の研究スタイルの原点となりました。
P82652A3,マーティン・ルーサー・キング・ジュニア,34.0,政治・社会,ノーベル賞,0.0,あなたと同じ34歳のとき、マーティン・ルーサー・キング・ジュニアはワシントン大行進で「私には夢がある」の演説を行い、リンカーン記念堂前の集まった25万人の聴衆の前で17分間にわたって人種差別撤廃を訴え...,あなたと同じ34歳のとき、マーティン・ルーサー・キング・ジュニアはワシントン大行進で「私には夢がある」の演説を行い、リンカーン記念堂前の集まった25万人の聴衆の前で17分間にわたって人種差別撤廃を訴えました。また同年、バーミンガム運動のは警察犬や放水銃のよる弾圧に非暴力で対抗し、全米の注目を集めました。34歳でノーベル平和賞を受賞し、賞金5万4千ドルを公民権運動に寄付しました。歴史に名を刻む重要な成果でした。
PE4111C1,マーゴット・ロビー,25.0,ビジネス,なし,0.0,あなたと同じ25歳のとき、マーゴット・ロビーは女優としてキャリアの重要な転機を迎えました。この時期、独自の視点と情熱を持って新しい挑戦に取り組み、その後の成功の基盤となる貴重な経験を積みました。周囲か...,あなたと同じ25歳のとき、マーゴット・ロビーは女優としてキャリアの重要な転機を迎えました。この時期、独自の視点と情熱を持って新しい挑戦に取り組み、その後の成功の基盤となる貴重な経験を積みました。周囲からの期待と自身の目標との間で葛藤しながらも、決断力と行動力で道を切り開いていきました。この決断が後の人生を大きく変えることとなりました。環境の変化に適応しながら、新しい挑戦を始めました。重要な分岐点となった出来事でした。この転機が新たな物語の始まりとなった。
P5555B44,マーク・ザッカーバーグ,20.0,科学・技術,なし,0.0,あなたと同じ20歳のとき、マーク・ザッカーバーグはFacebook（現Meta）を創業し、SNSの時代を開くしました。開始1ヶ月でハーバード学生の半数が登録を記録し、初年度100万人突破を記録し、これ...,あなたと同じ20歳のとき、マーク・ザッカーバーグはFacebook（現Meta）を創業し、SNSの時代を開くしました。開始1ヶ月でハーバード学生の半数が登録を記録し、初年度100万人突破を記録し、これにより、ソーシャルネットワークの概念を世界に広め、人々のコミュニケーション方法を変革したという大きな影響を与えました。長期的な発展を目指し、確固たる方針を定めました。組織の基本理念を確立しました。この設立が業界に革命をもたらした。
PA0A84C1,マリー・キュリー,30.0,科学・技術,なし,0.0,あなたと同じ30歳のとき、マリー・キュリーは夫ピエールと共にラジウムとポロニウムという二つの新元素を発見しました。1897年から放射能の研究に取り組み始めた彼女は、ウラン鉱石から微量の放射性物質に抽出...,あなたと同じ30歳のとき、マリー・キュリーは夫ピエールと共にラジウムとポロニウムという二つの新元素を発見しました。1897年から放射能の研究に取り組み始めた彼女は、ウラン鉱石から微量の放射性物質に抽出する作業を続けていました。この年、彼女は8トンものピッチブレンド鉱石を処理し、わずか0.1グラムの塩化ラジウムを取り出すことに成功します。この発見により、放射能という現象の理解が飛躍的に進歩し、後の医学や物理学の発展に大きな影響を与えました。彼女の地道な実験と分析が、科学史に残る重要な発見へとつながったのです。
P6C10B66,マリオ,,アニメ・漫画・ゲーム,なし,0.0,マリオは配管工として働いていましたが、クッパ大王にさらわれたピーチ姫を救うため、キノコ王国での冒険を始めました。1-1のステージでクリボーを踏んで倒し、土管の中を通って隠しコインを発見しました。スーパ...,マリオは配管工として働いていましたが、クッパ大王にさらわれたピーチ姫を救うため、キノコ王国での冒険を始めました。1-1のステージでクリボーを踏んで倒し、土管の中を通って隠しコインを発見しました。スーパーキノコを取って巨大化し、ファイアフラワーで火の玉を投げる能力を得ました。8つの城を攻略し、溶岩の上を渡り、最終的にクッパ大王の城でピーチ姫を救出しました。宮本茂が創造したこのキャラクターは、1985年のスーパーマリオブラザーズ以来、ジャンプアクションの代名詞として世界中で愛されています。
P6AAC19F,マリア・モンテッソーリ,37.0,教育,なし,0.0,あなたと同じ37歳のとき、マリア・モンテッソーリは最初のモンテッソーリ学校「子どもの家」を開設しました。開校時60名の子どもたちを記録し、現在世界110カ国以上で実践を記録し、これにより、子ども中心の...,あなたと同じ37歳のとき、マリア・モンテッソーリは最初のモンテッソーリ学校「子どもの家」を開設しました。開校時60名の子どもたちを記録し、現在世界110カ国以上で実践を記録し、これにより、子ども中心の教育法を確立し、世界中の幼児教育に影響を与えたという大きな影響を与えました。この時期の経験が、さらなる飛躍への転換点となりました。その実績は広く認められました。発展の基礎が整えられました。この創業が新たな歴史の始まりとなった。
P7D842E7,ミライアカリ,2.0,エンターテイメント,なし,0.0,ミライアカリは2017年にデビューし、Vtuber四天王の一人として活躍した。エイレーン企画から生まれ、親しみやすいキャラクターで登録者数100万人を超える人気を獲得。,ミライアカリは2017年にデビューし、Vtuber四天王の一人として活躍した。エイレーン企画から生まれ、親しみやすいキャラクターで登録者数100万人を超える人気を獲得。
P014EF52,マララ・ユスフザイ,14.0,政治・社会,ノーベル賞,0.0,あなたと同じ14歳のとき、マララ・ユスフザイは女子教育の権利を訴えるブログを書き始めました。タリバンによる女子教育の禁止に反対し、「すべての子どもに教育を」と題した投稿で世界中の注目を集めます。彼女の...,あなたと同じ14歳のとき、マララ・ユスフザイは女子教育の権利を訴えるブログを書き始めました。タリバンによる女子教育の禁止に反対し、「すべての子どもに教育を」と題した投稿で世界中の注目を集めます。彼女の勇気ある行動は、パキスタンのみならず世界中の女の子たちに希望の光を与えるものとなりました。その功績が認められ、史上最年少でノーベル平和賞を受賞するに至りました。
PBB3EAC0,マックス・プランク,20.0,科学・技術,なし,0.0,あなたと同じ20歳のとき、マックス・プランクはミュンヘン大学で物理学を専攻していました。この時期、彼は熱力学の研究に深く取り組んでおり、特のエントロピーの概念でついて集中的に学習していました。指導教官...,あなたと同じ20歳のとき、マックス・プランクはミュンヘン大学で物理学を専攻していました。この時期、彼は熱力学の研究に深く取り組んでおり、特のエントロピーの概念でついて集中的に学習していました。指導教官からは「物理学はほぼ完成された学問であり、新しい発見の余地は少ない」と助言されましたが、プランクは物理学への情熱を持ち続けました。彼は理論物理学の基礎を固めるため、数学や古典力学についても幅広く勉強していました。後の量子論の父と呼ばれることになるプランクですが、この頃はまだ古典物理学の枠組みの中で研究を進めていました。
P8652D2C,マックス・テグマーク,25.0,科学・技術,なし,0.0,あなたと同じ25歳のとき、マックス・テグマークはイノベーターとしてキャリアの重要な転機を迎えました。この時期、独自の視点と情熱を持って新しい挑戦に取り組み、その後の成功の基盤となる貴重な経験を積みまし...,あなたと同じ25歳のとき、マックス・テグマークはイノベーターとしてキャリアの重要な転機を迎えました。この時期、独自の視点と情熱を持って新しい挑戦に取り組み、その後の成功の基盤となる貴重な経験を積みました。周囲からの期待と自身の目標との間で葛藤しながらも、決断力と行動力で道を切り開いていきました。この決断が後の人生を大きく変えることとなりました。転機となる重大な選択を迫られた瞬間でした。この出来事が人生の転機となった。この選択が新たな道を切り開いた。
P6336D8D,マザー・テレサ,40.0,政治・社会,ノーベル賞,0.0,あなたと同じ40歳のとき、マザー・テレサは「神の愛の宣教者会」を設立し、カルカッタのスラムで「死に待つ人の家（ニルマル・ヒルダイ）」を正式開設しました。路上で瀕死状態の人々に収容し尊厳ある死を提供する...,"あなたと同じ40歳のとき、マザー・テレサは「神の愛の宣教者会」を設立し、カルカッタのスラムで「死に待つ人の家（ニルマル・ヒルダイ）」を正式開設しました。路上で瀕死状態の人々に収容し尊厳ある死を提供するこの施設は、後に100カ国以上の517施設まで拡大しました。ノーベル平和賞を受賞し、賞金19万2,000ドルを貧困者に寄付。彼女の活動は世界124カ国で約5,000人の修道女を育成し、延べ数十万人の人々に貢献しました。"
PD2608C4,ボブ・ディラン,20.0,芸術・文化,なし,0.0,あなたと同じ20歳のとき、ボブ・ディランはニューヨークのグリニッジ・ヴィレッジに到着し、音楽キャリアの基盤を築いていました。1961年、彼はフォークシンガーのクラブで演奏を始め、憧れのウディ・ガスリー...,あなたと同じ20歳のとき、ボブ・ディランはニューヨークのグリニッジ・ヴィレッジに到着し、音楽キャリアの基盤を築いていました。1961年、彼はフォークシンガーのクラブで演奏を始め、憧れのウディ・ガスリーの会うためにニューヨークへ移住したのです。この年、彼は「Song to Woody」を作詞作曲し、自身の音楽的ルーツを明確に示しました。、グリニッジ・ヴィレッジのカフェ・ワ?やガーディーズ・フォーク・シティ等クラブで定期的に演奏し、地元の音楽シーンで注目を集めるようになりました。
P947E586,ホロライブ,4.0,エンターテイメント,なし,0.0,ホロライブは2017年に設立されたVtuber事務所として、日本最大級のバーチャルタレント集団に成長した。白上フブキ、兎田ぺこらなど人気タレントを多数輩出し、世界中にファンを持つ。,ホロライブは2017年に設立されたVtuber事務所として、日本最大級のバーチャルタレント集団に成長した。白上フブキ、兎田ぺこらなど人気タレントを多数輩出し、世界中にファンを持つ。
PABF7DB2,ペーター・ハントケ,25.0,科学・技術,なし,0.0,あなたと同じ25歳のとき、ペーター・ハントケは研究者としてキャリアの重要な転機を迎えました。この時期、独自の視点と情熱を持って新しい挑戦に取り組み、その後の成功の基盤となる貴重な経験を積みました。周囲...,あなたと同じ25歳のとき、ペーター・ハントケは研究者としてキャリアの重要な転機を迎えました。この時期、独自の視点と情熱を持って新しい挑戦に取り組み、その後の成功の基盤となる貴重な経験を積みました。周囲からの期待と自身の目標との間で葛藤しながらも、決断力と行動力で道を切り開いていきました。この決断が後の人生を大きく変えることとなりました。状況の変化を好機と捉え、積極的に行動しました。新たな道を切り開く契機となりました。この変化が大きな飛躍のきっかけとなった。
P7D34495,ペレ・マラドーナ,20.0,スポーツ,ワールドカップ,0.0,あなたと同じ20歳のとき、ペレ・マラドーナは1960年のチリワールドカップのブラジル代表で2度目の世界制覇を成し遂げました。前回大会での活躍から期待が高まる中、開幕戦のチェコスロバキア戦で負傷してしま...,あなたと同じ20歳のとき、ペレ・マラドーナは1960年のチリワールドカップのブラジル代表で2度目の世界制覇を成し遂げました。前回大会での活躍から期待が高まる中、開幕戦のチェコスロバキア戦で負傷してしまい、大会序盤で戦線離脱を余儀なくされました。しかし、チームメイトたちが彼の分まで奮闘し、ブラジルは見事に優勝を果たしました。ペレ・マラドーナは出場機会が限られたもの、世界チャンピオンの称号を手にし、サッカー界での地位を確固たるものにしました。
P2AF3807,ペドリ,40.0,スポーツ,なし,0.0,あなたと同じ40歳のとき、ペドリはアスリートとして大きなブレークスルーを達成しました。それまでの努力と経験が実を結び、スポーツ分野で画期的な成果を上げました。この成功は単なる幸運ではなく、長年の準備と...,あなたと同じ40歳のとき、ペドリはアスリートとして大きなブレークスルーを達成しました。それまでの努力と経験が実を結び、スポーツ分野で画期的な成果を上げました。この成功は単なる幸運ではなく、長年の準備と周到な戦略、そして諦めない姿勢の結果でした。業界での地位を確立し、次のステージへと駒を進めました。周囲からの信頼も厚くなりました。綿密な計画と実行により、確実に成果を積み上げていきました。周囲からの評価が一層高まりました。
PC4DF248,マツコ・デラックス,33.0,エンターテイメント,なし,0.0,あなたと同じ33歳のとき、マツコ・デラックスは『5時に夢中!』でテレビ進出した。2005年、歯に衣着せぬコメントで人気を獲得。『マツコの知らない世界』など冠番組で唯一無二の存在感を放つ。,あなたと同じ33歳のとき、マツコ・デラックスは『5時に夢中!』でテレビ進出した。2005年、歯に衣着せぬコメントで人気を獲得。『マツコの知らない世界』など冠番組で唯一無二の存在感を放つ。
PC4106D4,ミルクボーイ,33.0,エンターテイメント,なし,0.0,あなたと同じ33歳のとき、ミルクボーイはM-1グランプリで優勝した。2019年、「コーンフレーク」のネタで史上最高得点を記録。大阪を拠点に活動する遅咲きコンビが一夜にしてスターに。,あなたと同じ33歳のとき、ミルクボーイはM-1グランプリで優勝した。2019年、「コーンフレーク」のネタで史上最高得点を記録。大阪を拠点に活動する遅咲きコンビが一夜にしてスターに。
P3FE3113,モンキー・D・ルフィ,17.0,アニメ・漫画・ゲーム,なし,0.0,モンキー・D・ルフィは17歳で東の海から海賊王を目指して出航しました。航海士ナミの故郷ココヤシ村では、魚人海賊団アーロン一味が村を支配していました。ルフィはアーロンパークに乗り込み、ナミの「助けて」と...,モンキー・D・ルフィは17歳で東の海から海賊王を目指して出航しました。航海士ナミの故郷ココヤシ村では、魚人海賊団アーロン一味が村を支配していました。ルフィはアーロンパークに乗り込み、ナミの「助けて」という叫びを聞いて激怒し、「ゴムゴムのバトル」でアーロンを倒してナミを救出しました。この功績で初の懸賞金3000万ベリーがかけられました。その後アラバスタ王国では、王下七武海クロコダイルの陰謀を阻止し、「ゴムゴムの暴風雨」で勝利しました。尾田栄一郎が創造したこのキャラクターは、麦わら帽子をトレードマークに、仲間との絆を何よりも大切にしています。
P48007C9,ヤニス・アデトクンボ,40.0,ビジネス,なし,0.0,あなたと同じ40歳のとき、ヤニス・アデトクンボはバスケットボール選手として大きなブレークスルーを達成しました。それまでの努力と経験が実を結び、ビジネス分野で画期的な成果を上げました。この成功は単なる幸...,あなたと同じ40歳のとき、ヤニス・アデトクンボはバスケットボール選手として大きなブレークスルーを達成しました。それまでの努力と経験が実を結び、ビジネス分野で画期的な成果を上げました。この成功は単なる幸運ではなく、長年の準備と周到な戦略、そして諦めない姿勢の結果でした。業界での地位を確立し、次のステージへと駒を進めました。困難な課題に直面しながらも、諦めずに取り組み続けました。周囲からの評価が一層高まりました。
P93778B3,ロバート・ノイス,25.0,科学・技術,なし,0.0,あなたと同じ25歳のとき、ロバート・ノイスはMITで博士号を取得し、半導体研究の道に進みました。彼は1957年にショックレー半導体研究所を離れ、7人の同僚とともにフェアチャイルド半導体を設立。この時期...,あなたと同じ25歳のとき、ロバート・ノイスはMITで博士号を取得し、半導体研究の道に進みました。彼は1957年にショックレー半導体研究所を離れ、7人の同僚とともにフェアチャイルド半導体を設立。この時期、彼はトランジスタの製造技術の革新的な研究に取り組んでおり、後で集積回路の発明につながる基礎技術の開発を進めていました。彼の研究は現代のコンピュータやスマートフォンの基盤となる技術革新の出発点となった。彼は「シリコンバレーの市長」と呼ばれ、現在の半導体産業の発展に大きな影響を与えた人物で知られています。
P1A4E38A,ロナウド・ナザーリオ,20.0,スポーツ,オリンピック,0.0,あなたと同じ20歳のとき、ロナウド・ナザーリオは1996年のアトランタオリンピックのブラジル代表で出場し、銅メダル獲得に貢献しました。この年、彼はバルセロナからインテル・ミラノに移籍し、移籍金は当時の...,あなたと同じ20歳のとき、ロナウド・ナザーリオは1996年のアトランタオリンピックのブラジル代表で出場し、銅メダル獲得に貢献しました。この年、彼はバルセロナからインテル・ミラノに移籍し、移籍金は当時の世界記録となる2700万ドルでしました。リーグ戦では25試合に出場して25得点を記録し、得点王のタイトルを獲得しています。、FIFA年間最優秀選手賞の前身のあるFIFAワールドプレイヤー・オブ・ザ・イヤーを史上最年少で受賞しました。
PB31095E,ロアール・アムンセン,20.0,探検・冒険,なし,0.0,あなたと同じ20歳のとき、ロアール・アムンセンは北極探検への夢を胸に、ノルウェーの造船所の木工職人で働いていました。厳しい寒さの中、凍える手で木材を削りながら、氷の閉ざされた極地で進む船の設計図を密か...,あなたと同じ20歳のとき、ロアール・アムンセンは北極探検への夢を胸に、ノルウェーの造船所の木工職人で働いていました。厳しい寒さの中、凍える手で木材を削りながら、氷の閉ざされた極地で進む船の設計図を密かにスケッチし続けました。給料の大半を探検で必要な装備の研究書や地図の購入に費やし、夜のは先輩探検家たちの航海記を貪るように読み込んでした。同僚たちが彼の夢を笑う中でも、極地のの生存技術を独学で磨き、休日には近郊の山々で耐寒訓練を重ねました。
P107FFD3,レーナ,40.0,スポーツ,なし,0.0,あなたと同じ40歳のとき、レーナは女子格闘家として大きなブレークスルーを達成しました。それまでの努力と経験が実を結び、スポーツ分野で画期的な成果を上げました。この成功は単なる幸運ではなく、長年の準備と...,あなたと同じ40歳のとき、レーナは女子格闘家として大きなブレークスルーを達成しました。それまでの努力と経験が実を結び、スポーツ分野で画期的な成果を上げました。この成功は単なる幸運ではなく、長年の準備と周到な戦略、そして諦めない姿勢の結果でした。業界での地位を確立し、次のステージへと駒を進めました。多くの人々がその成果に注目しました。多くの人々がその成果に注目し、高い評価を受けました。この成功により新たな道が開けました。
P8844AC5,レディー・ガガ,25.0,ビジネス,なし,0.0,あなたと同じ25歳のとき、レディー・ガガは歌手としてキャリアの重要な転機を迎えました。この時期、独自の視点と情熱を持って新しい挑戦に取り組み、その後の成功の基盤となる貴重な経験を積みました。周囲からの...,あなたと同じ25歳のとき、レディー・ガガは歌手としてキャリアの重要な転機を迎えました。この時期、独自の視点と情熱を持って新しい挑戦に取り組み、その後の成功の基盤となる貴重な経験を積みました。周囲からの期待と自身の目標との間で葛藤しながらも、決断力と行動力で道を切り開いていきました。人生の転機となる重要な選択でした。この転機により、新たな可能性が開かれることになりました。人生の重要な転機となった出来事でした。この経験が視野を大きく広げた。
P15737FA,ルメール,39.0,スポーツ,なし,0.0,あなたと同じ39歳のとき、クリストフ・ルメールはJRA年間最多勝記録を更新した。2018年、215勝を達成。アーモンドアイなど数々のG1馬に騎乗し、日本競馬界に欠かせない存在となった。,あなたと同じ39歳のとき、クリストフ・ルメールはJRA年間最多勝記録を更新した。2018年、215勝を達成。アーモンドアイなど数々のG1馬に騎乗し、日本競馬界に欠かせない存在となった。
PBFB86A5,ルパン三世,,アニメ・漫画・ゲーム,なし,0.0,ルパン三世は怪盗アルセーヌ・ルパンの孫を自称する大泥棒として、次元大介、石川五ェ門と共に世界中の秘宝を狙っています。カリオストロ公国では、偽札工場が隠された古城に潜入し、クラリス姫を悪党カリオストロ伯...,ルパン三世は怪盗アルセーヌ・ルパンの孫を自称する大泥棒として、次元大介、石川五ェ門と共に世界中の秘宝を狙っています。カリオストロ公国では、偽札工場が隠された古城に潜入し、クラリス姫を悪党カリオストロ伯爵から救出しました。銭形警部に追われながらも、ワルサーP38を駆使して華麗に逃走し、「また会おうぜ、銭形のとっつぁん」と言い残します。峰不二子の裏切りにも遭いながら、その魅力に惹かれ続けています。モンキー・パンチが創造したこのキャラクターは、大野雄二の名曲「ルパン三世のテーマ」と共に、1971年の放送開始以来、洗練されたスタイルで愛され続けています。
PC67194F,ルカ・モドリッチ,25.0,ビジネス,なし,0.0,あなたと同じ25歳のとき、ルカ・モドリッチはサッカー選手としてキャリアの重要な転機を迎えました。この時期、独自の視点と情熱を持って新しい挑戦に取り組み、その後の成功の基盤となる貴重な経験を積みました。...,あなたと同じ25歳のとき、ルカ・モドリッチはサッカー選手としてキャリアの重要な転機を迎えました。この時期、独自の視点と情熱を持って新しい挑戦に取り組み、その後の成功の基盤となる貴重な経験を積みました。周囲からの期待と自身の目標との間で葛藤しながらも、決断力と行動力で道を切り開いていきました。新たな道への第一歩を踏み出したのです。重要な選択を迫られた時、将来を見据えた判断を下しました。転機となる重大な選択でした。この選択が新たな道を切り開いた。
P1B0144C,ルイ・パスツール,25.0,科学・技術,なし,0.0,あなたと同じ25歳のとき、ルイ・パスツールは科学者としてキャリアの重要な転機を迎えました。この時期、独自の視点と情熱を持って新しい挑戦に取り組み、その後の成功の基盤となる貴重な経験を積みました。周囲か...,あなたと同じ25歳のとき、ルイ・パスツールは科学者としてキャリアの重要な転機を迎えました。この時期、独自の視点と情熱を持って新しい挑戦に取り組み、その後の成功の基盤となる貴重な経験を積みました。周囲からの期待と自身の目標との間で葛藤しながらも、決断力と行動力で道を切り開いていきました。人生の転機となる重要な選択でした。従来の方法から脱却し、革新的なアプローチを採用しました。運命が動き始めた瞬間でした。この転換が次のステージへの扉を開いた。
P85E311A,リーナス・トーバルズ,20.0,科学・技術,なし,0.0,あなたと同じ20歳のとき、リーナス・トーバルズはヘルシンキ大学のコンピュータサイエンスを学んでいました。1990年、彼は自分用のパソコンを購入し、そこの搭載されていたMS-DOSの満足できずにいました...,あなたと同じ20歳のとき、リーナス・トーバルズはヘルシンキ大学のコンピュータサイエンスを学んでいました。1990年、彼は自分用のパソコンを購入し、そこの搭載されていたMS-DOSの満足できずにいました。UNIXシステムに興味を持った彼は、MINIXオペレーティングシステムを使い始めましたが、その制限に不満を感じていました。この経験は後で世界を変えることになるLinuxの開発へとつながっていきます。当時の彼は、自分は作り出すものが将来インターネットやスマートフォンを支える基盤技術になるとは想像し、いませんでしました。
PA92337E,リリー・フランキー,26.0,政治・社会,なし,0.0,あなたと同じ26歳のとき、リリー・フランキーは社会活動に挑戦することを決意しました。彼は自らの経験をもとに、特に若者たちが抱えるメンタルヘルスの問題に対する啓発活動を行うようになりました。初めは周囲か...,あなたと同じ26歳のとき、リリー・フランキーは社会活動に挑戦することを決意しました。彼は自らの経験をもとに、特に若者たちが抱えるメンタルヘルスの問題に対する啓発活動を行うようになりました。初めは周囲からの理解を得られず、批判もありましたが、彼は諦めることなく、講演会やワークショップを開催しました。多くの人々との対話を通じて、自身の活動が少しずつ広がっていくのを実感し、社会の一員としての責任を果たす喜びを感じるようになりました。リリーは様々な困難を乗り越え、社会貢献の重要性を多くの人に伝えることができたのです。
P346B0E9,リオネル・メッシ,20.0,スポーツ,なし,0.0,あなたと同じ20歳のとき、リオネル・メッシはFCバルセロナでレギュラーポジションを確立し、チャンピオンズリーグ準決勝でリバプールと対戦していました。この年、リーグ戦では17得点を記録し、バルセロナの攻...,あなたと同じ20歳のとき、リオネル・メッシはFCバルセロナでレギュラーポジションを確立し、チャンピオンズリーグ準決勝でリバプールと対戦していました。この年、リーグ戦では17得点を記録し、バルセロナの攻撃の中心選手とし、活躍しました。アルゼンチン代表としてもコパ・アメリカに出場し、準優勝に貢献しています。身長169センチという小柄な体格ながら、卓越したドリブル技術とスピードで世界中のサッカーファンを魅了していました。当時既に「次世代のマラドーナ」と呼ばれ、将来のバロンドール受賞が期待される存在でしました。
PA85AF93,リアーナ,25.0,ビジネス,なし,0.0,あなたと同じ25歳のとき、リアーナは歌手としてキャリアの重要な転機を迎えました。この時期、独自の視点と情熱を持って新しい挑戦に取り組み、その後の成功の基盤となる貴重な経験を積みました。周囲からの期待と...,あなたと同じ25歳のとき、リアーナは歌手としてキャリアの重要な転機を迎えました。この時期、独自の視点と情熱を持って新しい挑戦に取り組み、その後の成功の基盤となる貴重な経験を積みました。周囲からの期待と自身の目標との間で葛藤しながらも、決断力と行動力で道を切り開いていきました。若くして示したこの行動は、後のキャリアの基盤となる重要な経験でした。その実績は広く認められました。新たな道を切り開く契機となりました。この変化が大きな飛躍のきっかけとなった。
PEF28016,ラリー・ペイジ,25.0,科学・技術,なし,0.0,あなたと同じ25歳のとき、ラリー・ペイジはセルゲイ・ブリンと共にGoogleを創業しました。初期投資10万ドルを記録し、1日検索数1万件を記録し、これにより、インターネット検索の革命を起こし、情報アク...,あなたと同じ25歳のとき、ラリー・ペイジはセルゲイ・ブリンと共にGoogleを創業しました。初期投資10万ドルを記録し、1日検索数1万件を記録し、これにより、インターネット検索の革命を起こし、情報アクセスの民主化を実現したという大きな影響を与えました。若くして示したこの行動は、後のキャリアの基盤となる重要な経験でした。その実績は広く認められました。組織の基本理念を明確に確立しました。この立ち上げが大きな飛躍への第一歩となった。
P9D8E8FD,ラリー・バード,20.0,スポーツ,なし,0.0,あなたと同じ20歳のとき、ラリー・バードはインディアナ州立大学のバスケットボール選手で活動していました。彼はこの年にチームの中心選手となり、平均30.3得点、13.3リバウンド圧倒的な成績を記録しまし...,あなたと同じ20歳のとき、ラリー・バードはインディアナ州立大学のバスケットボール選手で活動していました。彼はこの年にチームの中心選手となり、平均30.3得点、13.3リバウンド圧倒的な成績を記録しました。バードの活躍で、インディアナ州立大学は33勝1敗驚異的な戦績を残し、NCAAトーナメントのは決勝まで進出しました。決勝戦ではマジック・ジョンソン率いるミシガン州立大学に敗れましたが、バードはカレッジ・プレイヤー・オブ・ザ・イヤーに選ばれ、全米の注目を集める存在となりました。
P3A577E2,ラリー・ウォール,20.0,科学・技術,なし,0.0,あなたと同じ20歳のとき、ラリー・ウォールはシアトルパシフィック大学の化学と音楽を学んでいました。この時期、彼は言語学への関心を深めており、後のプログラミング言語Perlの設計思想の大きく影響すること...,あなたと同じ20歳のとき、ラリー・ウォールはシアトルパシフィック大学の化学と音楽を学んでいました。この時期、彼は言語学への関心を深めており、後のプログラミング言語Perlの設計思想の大きく影響することでなる「人間の言語と同様に、プログラミング言語にも多様な表現方法があるべきだ」考えを形成していました。大学では合唱団に参加し、音楽活動のも積極的に取り組んでいました。、この頃からコンピュータに触れ始め、プログラミングの基礎を学んでいました。
PEC0B30B,ライアン・レイノルズ,25.0,ビジネス,なし,0.0,あなたと同じ25歳のとき、ライアン・レイノルズは俳優としてキャリアの重要な転機を迎えました。この時期、独自の視点と情熱を持って新しい挑戦に取り組み、その後の成功の基盤となる貴重な経験を積みました。周囲...,あなたと同じ25歳のとき、ライアン・レイノルズは俳優としてキャリアの重要な転機を迎えました。この時期、独自の視点と情熱を持って新しい挑戦に取り組み、その後の成功の基盤となる貴重な経験を積みました。周囲からの期待と自身の目標との間で葛藤しながらも、決断力と行動力で道を切り開いていきました。この決断が後の人生を大きく変えることとなりました。人生の岐路に立たされた際、自分の信念を貫く道を選びました。人生の方向性が定まる瞬間でした。この転換が次のステージへの扉を開いた。
P898E9C1,ヨシュア・ベンジオ,20.0,科学・技術,なし,0.0,あなたと同じ20歳のとき、ヨシュア・ベンジオはマギル大学でコンピューターサイエンスの学士号を取得していました。彼は学部生で機械学習とニューラルネットワークの基礎理論を学び、特で統計学習理論に深い関心を...,あなたと同じ20歳のとき、ヨシュア・ベンジオはマギル大学でコンピューターサイエンスの学士号を取得していました。彼は学部生で機械学習とニューラルネットワークの基礎理論を学び、特で統計学習理論に深い関心を示していました。この時期の彼は人工知能の可能性で真剣に考え始め、後で深層学習の父と呼ばれることになる研究の土台を築いていました。同級生たちと共で数学的モデリングのプロジェクトに取り組み、プログラミング技術を磨きながら、コンピューターが人間のように学習する仕組みで探求を続けていました。
P501960B,ユーリ・ミルナー,40.0,科学・技術,なし,0.0,あなたと同じ40歳のとき、ユーリ・ミルナーはBreakthrough Initiatives創設者として大きなブレークスルーを達成しました。それまでの努力と経験が実を結び、テクノロジー分野で画期的な成...,あなたと同じ40歳のとき、ユーリ・ミルナーはBreakthrough Initiatives創設者として大きなブレークスルーを達成しました。それまでの努力と経験が実を結び、テクノロジー分野で画期的な成果を上げました。この成功は単なる幸運ではなく、長年の準備と周到な戦略、そして諦めない姿勢の結果でした。業界での地位を確立し、次のステージへと駒を進めました。確固たる地位を業界内で築き上げることができました。
PF23B1DA,ベーブ・ルース,20.0,その他,なし,0.0,あなたと同じ20歳のとき、ベーブ・ルースはボストン・レッドソックスの投手で活躍していました。1915年シーズンには18勝8敗成績を残し、防御率2.44を記録しています。この年、彼はワールドシリーズにも...,あなたと同じ20歳のとき、ベーブ・ルースはボストン・レッドソックスの投手で活躍していました。1915年シーズンには18勝8敗成績を残し、防御率2.44を記録しています。この年、彼はワールドシリーズにも出場し、フィラデルフィア・フィリーズ戦で完投勝利を挙げました。投手での才能を開花させた彼は、左腕から繰り出される速球とカーブボールで打者を圧倒していました。まだ後に「ホームラン王」の名を馳せる打者転向前の出来事でしました。
P4B5A98B,ロベルト・レヴァンドフスキ,40.0,ビジネス,なし,0.0,あなたと同じ40歳のとき、ロベルト・レヴァンドフスキはサッカー選手として大きなブレークスルーを達成しました。それまでの努力と経験が実を結び、ビジネス分野で画期的な成果を上げました。この成功は単なる幸運...,あなたと同じ40歳のとき、ロベルト・レヴァンドフスキはサッカー選手として大きなブレークスルーを達成しました。それまでの努力と経験が実を結び、ビジネス分野で画期的な成果を上げました。この成功は単なる幸運ではなく、長年の準備と周到な戦略、そして諦めない姿勢の結果でした。業界での地位を確立し、次のステージへと駒を進めました。この実績は後の活動の重要な基盤となりました。この実績が後の発展の礎となりました。
PA9D3B79,ヘンリク・グレツキ,25.0,エンターテイメント,なし,0.0,あなたと同じ25歳のとき、ヘンリク・グレツキは作曲家としてキャリアの重要な転機を迎えました。この時期、独自の視点と情熱を持って新しい挑戦に取り組み、その後の成功の基盤となる貴重な経験を積みました。周囲...,あなたと同じ25歳のとき、ヘンリク・グレツキは作曲家としてキャリアの重要な転機を迎えました。この時期、独自の視点と情熱を持って新しい挑戦に取り組み、その後の成功の基盤となる貴重な経験を積みました。周囲からの期待と自身の目標との間で葛藤しながらも、決断力と行動力で道を切り開いていきました。新たな道への第一歩を踏み出したのです。人生の岐路に立たされた際、自分の信念を貫く道を選びました。人生の方向性が定まる瞬間でした。この決断が人生の分岐点となった。
P12FA00F,ヘレン・ケラー,7.0,政治・社会,なし,0.0,あなたと同じ7歳のとき、ヘレン・ケラーは井戸水に触れながら「water」を理解し、言語獲得の突破口を開いました。その日だけで30の単語を習得し、教師アン・サリバンと信頼関係を築いました。生後19ヶ月で...,あなたと同じ7歳のとき、ヘレン・ケラーは井戸水に触れながら「water」を理解し、言語獲得の突破口を開いました。その日だけで30の単語を習得し、教師アン・サリバンと信頼関係を築いました。生後19ヶ月で視覚・聴覚を失った彼女が、指文字による触覚学習法で言葉という扉を開けた瞬間だっました。この日の出来事は後に「奇跡の人」とし、戯曲・映画化され、障害者教育の可能性を示しました。歴史に名を刻む重要な成果でした。
P5E0BE62,ハンク・アーロン,20.0,スポーツ,なし,0.0,あなたと同じ20歳のとき、ハンク・アーロンはメジャーリーグのミルウォーキー・ブレーブスでプロ野球選手としてのキャリアを本格的にスタートさせていました。1954年、彼は外野手とし、レギュラーポジションを...,あなたと同じ20歳のとき、ハンク・アーロンはメジャーリーグのミルウォーキー・ブレーブスでプロ野球選手としてのキャリアを本格的にスタートさせていました。1954年、彼は外野手とし、レギュラーポジションを獲得し、打率.280、13本塁打、69打点という成績を記録しました。この年は彼にとって初めてのフルシーズンとなり、後にホームラン王とし、歴史の名に刻む第一歩を踏み出した重要な時期でしました。アーロンは黒人選手として厳しい環境の中でも実力を発揮し、チームの主力選手へと成長していきました。
PE327B33,ノーラン・ライアン,20.0,スポーツ,なし,0.0,あなたと同じ20歳のとき、ノーラン・ライアンはメジャーリーグのニューヨーク・メッツのプロ野球選手ののキャリアを歩んでいました。1967年のこの年、彼は投手で78回を投げ、防御率3.09成績を記録してい...,あなたと同じ20歳のとき、ノーラン・ライアンはメジャーリーグのニューヨーク・メッツのプロ野球選手ののキャリアを歩んでいました。1967年のこの年、彼は投手で78回を投げ、防御率3.09成績を記録しています。当時のライアンは、後で「ライアン・エクスプレス」と呼ばれることになる剛速球の片鱗を見せており、奪三振率は9回あたり9.4個高い数値を残していました。まだ制球に課題を抱えながらも、その圧倒的な球速の打者に圧倒する投球スタイルの基礎を築いていた時期です。
P623A101,ノーバート・ウィーナー,25.0,科学・技術,なし,0.0,あなたと同じ25歳のとき、ノーバート・ウィーナーはマサチューセッツ工科大学の数学の助教授で教鞭を取っていました。この頃、彼はブラウン運動の数学的解析の重要な研究を進めており、確率論と微分方程式に結びつ...,あなたと同じ25歳のとき、ノーバート・ウィーナーはマサチューセッツ工科大学の数学の助教授で教鞭を取っていました。この頃、彼はブラウン運動の数学的解析の重要な研究を進めており、確率論と微分方程式に結びつける画期的な理論の基礎を築いていました。、第一次世界大戦の影響で軍事研究にも携わり、弾道学の計算問題で数学的手法に応用する研究を行っていました。これらの経験は後のサイバネティクス理論の発展につながる重要な土台となった。
P4F2C63F,ヌートバー,25.0,スポーツ,なし,0.0,あなたと同じ25歳のとき、ヌートバーは野球選手としてキャリアの重要な転機を迎えました。この時期、独自の視点と情熱を持って新しい挑戦に取り組み、その後の成功の基盤となる貴重な経験を積みました。周囲からの...,あなたと同じ25歳のとき、ヌートバーは野球選手としてキャリアの重要な転機を迎えました。この時期、独自の視点と情熱を持って新しい挑戦に取り組み、その後の成功の基盤となる貴重な経験を積みました。周囲からの期待と自身の目標との間で葛藤しながらも、決断力と行動力で道を切り開いていきました。人生の転機となる重要な選択でした。状況の変化を好機と捉え、積極的に行動しました。人生の重要な転機となった出来事でした。この変化が大きな飛躍のきっかけとなった。
P37122AD,ニールス・ボーア,20.0,科学・技術,オリンピック,0.0,あなたと同じ20歳のとき、ニールス・ボーアはコペンハーゲン大学の物理学を学んでいました。この年、彼は水の表面張力の実験的研究を行い、その成果が後に王立デンマーク科学文学アカデミーから金メダルを授与され...,あなたと同じ20歳のとき、ニールス・ボーアはコペンハーゲン大学の物理学を学んでいました。この年、彼は水の表面張力の実験的研究を行い、その成果が後に王立デンマーク科学文学アカデミーから金メダルを授与される論文へと発展しました。ボーアは精密な実験装置を自ら設計し、水滴の振動を詳細に観察することで、従来の理論のは説明できなかった現象を発見しました。研究は彼の科学者での基礎を築く重要な経験となり、後の原子構造理論の発展でつながる実験技術と理論的思考力を身につける契機となった。
PA1D865F,ニック・ボストロム,25.0,科学・技術,なし,0.0,あなたと同じ25歳のとき、ニック・ボストロムは哲学者・AI倫理としてキャリアの重要な転機を迎えました。この時期、独自の視点と情熱を持って新しい挑戦に取り組み、その後の成功の基盤となる貴重な経験を積みま...,あなたと同じ25歳のとき、ニック・ボストロムは哲学者・AI倫理としてキャリアの重要な転機を迎えました。この時期、独自の視点と情熱を持って新しい挑戦に取り組み、その後の成功の基盤となる貴重な経験を積みました。周囲からの期待と自身の目標との間で葛藤しながらも、決断力と行動力で道を切り開いていきました。この決断が後の人生を大きく変えることとなりました。運命が動き始めた決定的な瞬間でした。この出来事が人生の転機となった。この挑戦が新しい可能性を示した。
P08240F4,ニコ・ロビン,28.0,アニメ・漫画・ゲーム,なし,0.0,28歳の時、ニコ・ロビンは新たなポニャグリフを手に入れるために、危険な遺跡への探検に挑む。そこで、かつての仲間との友情を再確認し、自らの過去や未来に対する使命感がさらに深まる。,28歳の時、ニコ・ロビンは新たなポニャグリフを手に入れるために、危険な遺跡への探検に挑む。そこで、かつての仲間との友情を再確認し、自らの過去や未来に対する使命感がさらに深まる。
PF699845,ニコラ・ヨキッチ,40.0,ビジネス,なし,0.0,あなたと同じ40歳のとき、ニコラ・ヨキッチはバスケットボール選手として大きなブレークスルーを達成しました。それまでの努力と経験が実を結び、ビジネス分野で画期的な成果を上げました。この成功は単なる幸運で...,あなたと同じ40歳のとき、ニコラ・ヨキッチはバスケットボール選手として大きなブレークスルーを達成しました。それまでの努力と経験が実を結び、ビジネス分野で画期的な成果を上げました。この成功は単なる幸運ではなく、長年の準備と周到な戦略、そして諦めない姿勢の結果でした。業界での地位を確立し、次のステージへと駒を進めました。試行錯誤を重ねた結果、最適な方法を見出すことができました。多くの人々に勇気を与える結果となりました。
PB1AB0FF,バリー・ボンズ,20.0,スポーツ,なし,0.0,あなたと同じ20歳のとき、バリー・ボンズはメジャーリーグでの2年目のシーズンを迎えていました。ピッツバーグ・パイレーツの外野手とし、、この年は144試合に出場し、打率.261、25本塁打、59打点を記...,あなたと同じ20歳のとき、バリー・ボンズはメジャーリーグでの2年目のシーズンを迎えていました。ピッツバーグ・パイレーツの外野手とし、、この年は144試合に出場し、打率.261、25本塁打、59打点を記録しました。父親のボビー・ボンズもメジャーリーガーという野球一家に生まれた彼は、既にその才能を開花させ始めていました。守備面でも外野手として安定したプレーを見せ、チームの主力選手の地位を確立していました。後でメジャーリーグ史上最多の762本塁打を放つことになる彼の基礎が、この時期に築かれていたのです。
P91FC66A,ナミ,10.0,アニメ・漫画・ゲーム,なし,0.0,10歳の時、ナミは村の子供たちと一緒に海岸で貝殻を集めていた。突然、大きな波が押し寄せ、子供たちが海に流されてしまう危機に。ナミは恐怖を抱えながらも、自分の強さを信じて一人ずつ子供たちを助け出した。そ...,10歳の時、ナミは村の子供たちと一緒に海岸で貝殻を集めていた。突然、大きな波が押し寄せ、子供たちが海に流されてしまう危機に。ナミは恐怖を抱えながらも、自分の強さを信じて一人ずつ子供たちを助け出した。その経験を通じて、ナミは仲間や大切な人を守る強さを知ることとなった。
PE255F82,ドラえもん,,アニメ・漫画・ゲーム,なし,0.0,ドラえもんは22世紀からタイムマシンで訪れ、のび太の成績が「0点」ばかりだった小学5年生の時期を支え続けました。四次元ポケットから取り出す「どこでもドア」で世界中を瞬時に移動し、「タケコプター」で空を...,ドラえもんは22世紀からタイムマシンで訪れ、のび太の成績が「0点」ばかりだった小学5年生の時期を支え続けました。四次元ポケットから取り出す「どこでもドア」で世界中を瞬時に移動し、「タケコプター」で空を飛び、困難な状況でのび太を助けました。映画「のび太の恐竜」では、ピー助という恐竜の赤ちゃんを1億年前の白亜紀に送り届けるため、タイムマシンで時代を超えた冒険を経験しました。藤子・F・不二雄が創造したこのキャラクターは、未来の道具を通じて友情と努力の大切さを伝え続けています。
PC47C3AE,トム・ホランド,25.0,ビジネス,なし,0.0,あなたと同じ25歳のとき、トム・ホランドは俳優としてキャリアの重要な転機を迎えました。この時期、独自の視点と情熱を持って新しい挑戦に取り組み、その後の成功の基盤となる貴重な経験を積みました。周囲からの...,あなたと同じ25歳のとき、トム・ホランドは俳優としてキャリアの重要な転機を迎えました。この時期、独自の視点と情熱を持って新しい挑戦に取り組み、その後の成功の基盤となる貴重な経験を積みました。周囲からの期待と自身の目標との間で葛藤しながらも、決断力と行動力で道を切り開いていきました。人生の転機となる重要な選択でした。環境の変化に適応しながら、新しい挑戦を始めました。これが運命を変える岐路となりました。この転換が次のステージへの扉を開いた。
P3C79CC1,トニートニー・チョッパー,0.0,アニメ・漫画・ゲーム,なし,0.0,0歳の時、トニートニー・チョッパーは鼻をくんくんと嗅ぎながら、森の中をひとりで冒険していた。突然、お腹が空いたと感じたチョッパーは、不思議な実を見つけ、思わず食べてしまった。すると、その実の力でチョッ...,0歳の時、トニートニー・チョッパーは鼻をくんくんと嗅ぎながら、森の中をひとりで冒険していた。突然、お腹が空いたと感じたチョッパーは、不思議な実を見つけ、思わず食べてしまった。すると、その実の力でチョッパーは言葉を話すことができるようになり、新たな世界が広がった。
P0D09FD0,デレク・ジーター,20.0,スポーツ,なし,0.0,あなたと同じ20歳のとき、デレク・ジーターはニューヨーク・ヤンキースのマイナーリーグでプレーしていました。1994年シーズン、彼はAA級コロンバス・クリッパーズで打率.329、5本塁打、68打点の成績...,あなたと同じ20歳のとき、デレク・ジーターはニューヨーク・ヤンキースのマイナーリーグでプレーしていました。1994年シーズン、彼はAA級コロンバス・クリッパーズで打率.329、5本塁打、68打点の成績を残し、チームの中心選手で活躍しました。この年の後半ではAAA級に昇格し、メジャーリーグ昇格への階段を着実に上っていました。同年、ジーターはマイナーリーグ年間最優秀選手に選出され、将来のスター選手での片鱗を見せました。彼の守備力も向上し、遊撃手での技術を磨き続けていました。
P2C2924B,デュア・リパ,40.0,ビジネス,なし,0.0,あなたと同じ40歳のとき、デュア・リパは歌手として大きなブレークスルーを達成しました。それまでの努力と経験が実を結び、ビジネス分野で画期的な成果を上げました。この成功は単なる幸運ではなく、長年の準備と...,あなたと同じ40歳のとき、デュア・リパは歌手として大きなブレークスルーを達成しました。それまでの努力と経験が実を結び、ビジネス分野で画期的な成果を上げました。この成功は単なる幸運ではなく、長年の準備と周到な戦略、そして諦めない姿勢の結果でした。業界での地位を確立し、次のステージへと駒を進めました。この功績により、業界での評価が一層高まりました。この実績が業界全体の発展に寄与しました。この成功体験が今後の活動の基盤となった。
P5A00303,デムーロ,35.0,スポーツ,なし,0.0,あなたと同じ35歳のとき、ミルコ・デムーロはダービーを制覇した。2017年、外国人騎手として初のダービー勝利。「神騎乗」と称される天才的な騎乗技術で日本競馬ファンを魅了。,あなたと同じ35歳のとき、ミルコ・デムーロはダービーを制覇した。2017年、外国人騎手として初のダービー勝利。「神騎乗」と称される天才的な騎乗技術で日本競馬ファンを魅了。
P2A1817A,デミス・ハサビス,40.0,科学・技術,なし,0.0,あなたと同じ40歳のとき、デミス・ハサビスはDeepMind CEOとして大きなブレークスルーを達成しました。それまでの努力と経験が実を結び、テクノロジー分野で画期的な成果を上げました。この成功は単な...,あなたと同じ40歳のとき、デミス・ハサビスはDeepMind CEOとして大きなブレークスルーを達成しました。それまでの努力と経験が実を結び、テクノロジー分野で画期的な成果を上げました。この成功は単なる幸運ではなく、長年の準備と周到な戦略、そして諦めない姿勢の結果でした。業界での地位を確立し、次のステージへと駒を進めました。綿密な計画と実行により、確実に成果を積み上げていきました。その後の活動の重要な基盤となりました。
PD57371B,デニス・リッチー,20.0,科学・技術,なし,0.0,あなたと同じ20歳のとき、デニス・リッチーはハーバード大学の物理学と応用数学を学んでいました。この時期、彼はコンピュータサイエンスへの関心を深め、後の世界中のプログラマーの影響で与えることになるC言語...,あなたと同じ20歳のとき、デニス・リッチーはハーバード大学の物理学と応用数学を学んでいました。この時期、彼はコンピュータサイエンスへの関心を深め、後の世界中のプログラマーの影響で与えることになるC言語の基礎となる考え方を形成していました。大学では数学の理論的な学習に加えて、初期のコンピュータシステムに触れる機会を得て、プログラミングの世界に足を踏み入れました。彼の学問的な探究心と論理的思考力は、後でUNIXオペレーティングシステムの開発やC言語の創造につながる重要な土台となりました。
P8B7CFB2,ナインティナイン,24.0,エンターテイメント,なし,0.0,あなたと同じ24歳のとき、ナインティナインは『めちゃ×2イケてるッ!』が開始した。1996年、岡村隆史と矢部浩之のコンビで若者から絶大な支持を獲得。『ぐるナイ』など長寿番組を多数持つ。,あなたと同じ24歳のとき、ナインティナインは『めちゃ×2イケてるッ!』が開始した。1996年、岡村隆史と矢部浩之のコンビで若者から絶大な支持を獲得。『ぐるナイ』など長寿番組を多数持つ。
PCF3A751,パウロ・フレイレ,42.0,教育,なし,0.0,あなたと同じ42歳のとき、パウロ・フレイレは「被抑圧者の教育学」を出版し、批判的教育学を確立しました。20カ国語以上に翻訳を記録し、識字率向上プログラム開発を記録し、この発明により、対話型教育を提唱し...,あなたと同じ42歳のとき、パウロ・フレイレは「被抑圧者の教育学」を出版し、批判的教育学を確立しました。20カ国語以上に翻訳を記録し、識字率向上プログラム開発を記録し、この発明により、対話型教育を提唱し、発展途上国の教育改革と社会変革を促進したという大きな影響を与えました。この時期の経験が、さらなる飛躍への転換点となりました。その実績は広く認められました。先駆的な功績を残すことができました。この発想が新たな流れを生み出した。
P102A39F,パオロ・マルディーニ,20.0,スポーツ,なし,0.0,あなたと同じ20歳のとき、パオロ・マルディーニはACミランの絶対的レギュラーで活躍していました。1988年のはセリエAで31試合に出場し、チームの中心選手で認められるようになります。この年、ミランはオ...,あなたと同じ20歳のとき、パオロ・マルディーニはACミランの絶対的レギュラーで活躍していました。1988年のはセリエAで31試合に出場し、チームの中心選手で認められるようになります。この年、ミランはオランダ代表のルート・フリット、マルコ・ファン・バステン、ルート・フーリット3人のスター選手を擁する強力なチームでしました。マルディーニは左サイドバックのポジションで、攻撃と守備の両面で高いパフォーマンスを発揮し、後でミランの黄金時代に支える礎を築いていました。
PB68C27F,パク・ソジュン,29.0,エンターテイメント,なし,0.0,あなたと同じ29歳のとき、パク・ソジュンは『梨泰院クラス』で世界的人気を獲得した。2020年、Netflixで配信され日本でも大ヒット。韓流スターとしてマーベル映画『ザ・マーベルズ』にも出演。,あなたと同じ29歳のとき、パク・ソジュンは『梨泰院クラス』で世界的人気を獲得した。2020年、Netflixで配信され日本でも大ヒット。韓流スターとしてマーベル映画『ザ・マーベルズ』にも出演。
P837A0C7,ブレンダン・アイク,25.0,科学・技術,なし,0.0,あなたと同じ25歳のとき、ブレンダン・アイクはNetscape Communications社でJavaScriptプログラミング言語を開発しました。1995年、彼はわずか10日間短期間でこの言語の最...,あなたと同じ25歳のとき、ブレンダン・アイクはNetscape Communications社でJavaScriptプログラミング言語を開発しました。1995年、彼はわずか10日間短期間でこの言語の最初のプロトタイプを完成させ、当初は「Mocha」と呼ばれていました。この言語はWebブラウザ上で動的なコンテンツを実現するために設計され、後でWebページにインタラクティブな機能を追加する標準的な手段となりました。JavaScriptの誕生で、静的なHTMLページから動的なWebアプリケーションへの転換が可能にな...
P87D73CC,ブラッド・ガーリングハウス,40.0,科学・技術,なし,0.0,あなたと同じ40歳のとき、ブラッド・ガーリングハウスはRipple CEOとして大きなブレークスルーを達成しました。それまでの努力と経験が実を結び、テクノロジー分野で画期的な成果を上げました。この成功...,あなたと同じ40歳のとき、ブラッド・ガーリングハウスはRipple CEOとして大きなブレークスルーを達成しました。それまでの努力と経験が実を結び、テクノロジー分野で画期的な成果を上げました。この成功は単なる幸運ではなく、長年の準備と周到な戦略、そして諦めない姿勢の結果でした。業界での地位を確立し、次のステージへと駒を進めました。この実績は後の活動の重要な基盤となりました。その後の活動の重要な基盤となりました。
PC50E786,フローレンス・ナイチンゲール,34.0,医学・健康,なし,0.0,あなたと同じ34歳のとき、フローレンス・ナイチンゲールはクリミア戦争で近代看護の基礎を確立しました。死亡率を42%から2%に低減を記録し、衛生環境の改善を実施を記録し、この発明により、統計学を用いた衛...,あなたと同じ34歳のとき、フローレンス・ナイチンゲールはクリミア戦争で近代看護の基礎を確立しました。死亡率を42%から2%に低減を記録し、衛生環境の改善を実施を記録し、この発明により、統計学を用いた衛生改革で看護学を確立し、現代医療の基盤を作ったという大きな影響を与えました。この時期の経験が、さらなる飛躍への転換点となりました。その実績は広く認められました。新しい時代を切り開きました。この創造が時代を先取りしていた。
P09D3693,フリードリヒ・エンゲルス,20.0,学術・研究,なし,0.0,あなたと同じ20歳のとき、フリードリヒ・エンゲルスは故郷のバルメンを離れ、ブレーメンの商会で商業実務の修業を始めました。実業家の息子で生まれた彼は、この時期で労働者の厳しい現実を目の当たりにし、社会問...,あなたと同じ20歳のとき、フリードリヒ・エンゲルスは故郷のバルメンを離れ、ブレーメンの商会で商業実務の修業を始めました。実業家の息子で生まれた彼は、この時期で労働者の厳しい現実を目の当たりにし、社会問題への関心を深めていきます。同時で文筆活動にも力を注ぎ、「ブレーメン通信」匿名の記事を新聞に投稿し、ドイツの社会情勢や文学で鋭い批評を展開しました。商業の実務経験を積みながらも、哲学や政治経済学の研究に没頭し、後にカール・マルクスと協力関係の基礎となる思想的土台を築いていた時期です。
P0DFB8D6,フランシス・フォード・コッポラ,40.0,ビジネス,なし,0.0,あなたと同じ40歳のとき、フランシス・フォード・コッポラは映画監督として大きなブレークスルーを達成しました。それまでの努力と経験が実を結び、ビジネス分野で画期的な成果を上げました。この成功は単なる幸運...,あなたと同じ40歳のとき、フランシス・フォード・コッポラは映画監督として大きなブレークスルーを達成しました。それまでの努力と経験が実を結び、ビジネス分野で画期的な成果を上げました。この成功は単なる幸運ではなく、長年の準備と周到な戦略、そして諦めない姿勢の結果でした。業界での地位を確立し、次のステージへと駒を進めました。周囲からの信頼も厚くなり、影響力が増していきました。多くの人々に勇気を与える結果となりました。
PAC3E10B,フグ田サザエ,23.0,アニメ・漫画・ゲーム,なし,0.0,23歳の時、サザエは地域の子どもたちのためにボランティア活動を始めることになる。子どもたちと一緒に遊びながら、笑顔と元気を届けることで地域の絆を深めていく。,23歳の時、サザエは地域の子どもたちのためにボランティア活動を始めることになる。子どもたちと一緒に遊びながら、笑顔と元気を届けることで地域の絆を深めていく。
PFA83F02,フェレンツ・クラウス,25.0,科学・技術,なし,0.0,あなたと同じ25歳のとき、フェレンツ・クラウスは研究者としてキャリアの重要な転機を迎えました。この時期、独自の視点と情熱を持って新しい挑戦に取り組み、その後の成功の基盤となる貴重な経験を積みました。周...,あなたと同じ25歳のとき、フェレンツ・クラウスは研究者としてキャリアの重要な転機を迎えました。この時期、独自の視点と情熱を持って新しい挑戦に取り組み、その後の成功の基盤となる貴重な経験を積みました。周囲からの期待と自身の目標との間で葛藤しながらも、決断力と行動力で道を切り開いていきました。新たな道への第一歩を踏み出したのです。この変化が、後の成功への重要な一歩となりました。人生の方向性が定まる瞬間でした。この挑戦が新しい可能性を示した。
P528D388,フィッシャーズ・シルクロード,24.0,エンターテイメント,なし,0.0,あなたと同じ24歳のとき、フィッシャーズ・シルクロードはYouTubeチャンネル登録者数100万人突破という偉業を達成しました。中学時代の同級生7人で結成したグループの動画編集を一手に引き受け、1日平...,あなたと同じ24歳のとき、フィッシャーズ・シルクロードはYouTubeチャンネル登録者数100万人突破という偉業を達成しました。中学時代の同級生7人で結成したグループの動画編集を一手に引き受け、1日平均12時間の編集作業を続けていました。特に話題となった「青鬼ごっこ」シリーズは再生回数500万回を記録し、彼の緻密な編集技術が光りました。実は美術大学出身の映像制作を学んでいた彼は、友人たちの無茶な企画を魅力的なコンテンツに変える影の立役者でしました。
P09DCFB0,ピーター・バラカン,16.0,芸術・文化,なし,0.0,あなたと同じ16歳のとき、ピーター・バラカンは母国のアメリカから単身日本へ留学しました。言葉や文化の壁に苦労しながらも、日本語の勉強に励み、日本の音楽シーンに興味を持つようになりました。当時はまだ無名...,あなたと同じ16歳のとき、ピーター・バラカンは母国のアメリカから単身日本へ留学しました。言葉や文化の壁に苦労しながらも、日本語の勉強に励み、日本の音楽シーンに興味を持つようになりました。当時はまだ無名でしたが、日本の音楽を海外に紹介したいという夢を抱き、ラジオDJを目指し始めました。その後の努力が実を結び、後にJ-WAVEで日本を代表するDJとなりました。
P023077B,ピョートル大帝,20.0,科学・技術,なし,0.0,あなたと同じ20歳のとき、ピョートル大帝はロシア史上初となる西欧への大使節団「大使節団」を組織し、自らも変名でこれに参加しました。1692年、彼は造船技術や軍事技術を学ぶため、オランダやイングランドを...,あなたと同じ20歳のとき、ピョートル大帝はロシア史上初となる西欧への大使節団「大使節団」を組織し、自らも変名でこれに参加しました。1692年、彼は造船技術や軍事技術を学ぶため、オランダやイングランドを訪問し、実際に造船所で働きながら船舶建造の技術を習得しました。この西欧視察で、ロシアの近代化に必要な知識と人材を獲得し、後の軍制改革や行政改革の基盤を築きました。帰国後は西欧の技術者や職人を多数ロシアに招聘し、軍事力の強化と国家の西欧化を推進しました。この経験が後にロシアをヨーロッパの大国へと押し上げる原動力となった。
P59F8D5D,ピカチュウ,,アニメ・漫画・ゲーム,なし,0.0,ピカチュウはサトシが10歳で旅を始めた最初の日、マサラタウンのオーキド博士から受け取ったパートナーでした。当初はサトシに懐かず電撃で攻撃していましたが、トキワの森でオニスズメの群れに襲われた際、サトシ...,ピカチュウはサトシが10歳で旅を始めた最初の日、マサラタウンのオーキド博士から受け取ったパートナーでした。当初はサトシに懐かず電撃で攻撃していましたが、トキワの森でオニスズメの群れに襲われた際、サトシが身を挺して守ったことで信頼関係が生まれました。ニビジムでタケシのイワークに「10まんボルト」で挑み、ハナダジムではカスミのスターミーと戦いました。ポケモンリーグでは強敵を次々と倒し、サトシの最高のパートナーとして活躍しています。任天堂とゲームフリークが生み出したこのキャラクターは、モンスターボールに入ることを拒否し、サトシの肩に乗って冒険を続けています。
PCDA711E,ピエール・アゴスティーニ,25.0,科学・技術,なし,0.0,あなたと同じ25歳のとき、ピエール・アゴスティーニは研究者としてキャリアの重要な転機を迎えました。この時期、独自の視点と情熱を持って新しい挑戦に取り組み、その後の成功の基盤となる貴重な経験を積みました...,あなたと同じ25歳のとき、ピエール・アゴスティーニは研究者としてキャリアの重要な転機を迎えました。この時期、独自の視点と情熱を持って新しい挑戦に取り組み、その後の成功の基盤となる貴重な経験を積みました。周囲からの期待と自身の目標との間で葛藤しながらも、決断力と行動力で道を切り開いていきました。この決断が後の人生を大きく変えることとなりました。新たな道を切り開く重要な転換点となりました。この決断が人生の方向性を決定づけた。この出会いが運命を変えることになった。
PE508A26,ビートたけし,50.0,エンターテイメント,国際映画祭,0.0,あなたと同じ50歳のとき、ビートたけしは『HANA-BI』でヴェネツィア国際映画祭金獅子賞を受賞した。1997年、漫才師から映画監督へ転身し世界的評価を獲得。『その男、凶暴につき』以来の独自の映像美学...,あなたと同じ50歳のとき、ビートたけしは『HANA-BI』でヴェネツィア国際映画祭金獅子賞を受賞した。1997年、漫才師から映画監督へ転身し世界的評価を獲得。『その男、凶暴につき』以来の独自の映像美学が認められた瞬間だった。
PDBDC093,ビル・ネルソン,25.0,科学・技術,なし,0.0,あなたと同じ25歳のとき、ビル・ネルソンはNASA長官としてキャリアの重要な転機を迎えました。この時期、独自の視点と情熱を持って新しい挑戦に取り組み、その後の成功の基盤となる貴重な経験を積みました。周...,あなたと同じ25歳のとき、ビル・ネルソンはNASA長官としてキャリアの重要な転機を迎えました。この時期、独自の視点と情熱を持って新しい挑戦に取り組み、その後の成功の基盤となる貴重な経験を積みました。周囲からの期待と自身の目標との間で葛藤しながらも、決断力と行動力で道を切り開いていきました。人生の転機となる重要な選択でした。状況の変化を好機と捉え、積極的に行動しました。これが運命を変える岐路となりました。この転機が新たな物語の始まりとなった。
PC6B9A38,ビル・ゲイツ,40.0,科学・技術,なし,0.0,あなたと同じ40歳のとき、ビル・ゲイツはWindows95を世界同時発売し、4日間で100万本が販売されました。また同製品にはInternet Explorerが標準搭載されていました。世界のPC普及...,あなたと同じ40歳のとき、ビル・ゲイツはWindows95を世界同時発売し、4日間で100万本が販売されました。また同製品にはInternet Explorerが標準搭載されていました。世界のPC普及率はの5%からの50%となりました。ビル・ゲイツの個人資産は400億ドルに達しました。その後、ビル&メリンダ・ゲイツ財団を設立し、医療と教育分野への資金提供を開始しました。多くの人々に勇気を与える結果となりました。
P0A107F5,ビャーネ・ストロヴストルップ,40.0,科学・技術,なし,0.0,あなたと同じ40歳のとき、ビャーネ・ストロヴストルップは計算機科学者として大きなブレークスルーを達成しました。それまでの努力と経験が実を結び、科学分野で画期的な成果を上げました。この成功は単なる幸運で...,あなたと同じ40歳のとき、ビャーネ・ストロヴストルップは計算機科学者として大きなブレークスルーを達成しました。それまでの努力と経験が実を結び、科学分野で画期的な成果を上げました。この成功は単なる幸運ではなく、長年の準備と周到な戦略、そして諦めない姿勢の結果でした。業界での地位を確立し、次のステージへと駒を進めました。この功績により、業界全体に新たな基準が確立されました。多くの人々に勇気を与える結果となりました。
P916A62A,ヒカル,26.0,その他,なし,0.0,あなたと同じ26歳のとき、ヒカルはYouTubeチャンネル登録者数400万人を突破した。2018年、祭りくじの闇を暴く動画で注目を集め、ビジネス系YouTuberとして確立。実業家としても複数の事業を...,あなたと同じ26歳のとき、ヒカルはYouTubeチャンネル登録者数400万人を突破した。2018年、祭りくじの闇を暴く動画で注目を集め、ビジネス系YouTuberとして確立。実業家としても複数の事業を展開している。
P4D20583,ヒカキン,24.0,エンターテイメント,なし,0.0,あなたと同じ24歳のとき、ヒカキンはYouTubeチャンネル登録者数100万人を突破し、日本のYouTuber界の先駆者となりました。当時まだ珍しかった商品紹介動画で月間再生回数2000万回を記録し、...,あなたと同じ24歳のとき、ヒカキンはYouTubeチャンネル登録者数100万人を突破し、日本のYouTuber界の先駆者となりました。当時まだ珍しかった商品紹介動画で月間再生回数2000万回を記録し、広告収入だけで月収300万円を達成しました。実は彼は深夜のスーパーでアルバイトにしながら動画制作を続けており、仕事終わりの午前2時から朝まで編集作業に没頭していました。周囲からは「YouTubeなんて趣味でしょ」と言われ続けましたが、持前の明るさと独特のリアクションで子どもたちの心を掴み、エンターテイメントの新しい形を創造しました。
P2866051,パパイヤ鈴木,35.0,その他,なし,0.0,あなたと同じ35歳のとき、パパイヤ鈴木は振付師として数々のヒット曲を手掛けた。2001年、モーニング娘。「LOVEマシーン」など、J-POPの振付を多数担当。おやじダンサーズでも人気を博した。,あなたと同じ35歳のとき、パパイヤ鈴木は振付師として数々のヒット曲を手掛けた。2001年、モーニング娘。「LOVEマシーン」など、J-POPの振付を多数担当。おやじダンサーズでも人気を博した。
P1C7139A,ヘレン・ケラー,22.0,教育,なし,0.0,あなたと同じ22歳のとき、ヘレン・ケラーはラドクリフ大学を優等で卒業し、障害者教育の可能性を証明しました。三重苦を克服を記録し、4カ国語を習得を記録し、この功績により、視覚・聴覚・言語の三重障害を克服...,あなたと同じ22歳のとき、ヘレン・ケラーはラドクリフ大学を優等で卒業し、障害者教育の可能性を証明しました。三重苦を克服を記録し、4カ国語を習得を記録し、この功績により、視覚・聴覚・言語の三重障害を克服し、障害者教育と権利擁護の象徴となったという大きな影響を与えました。若くして示したこの行動は、後のキャリアの基盤となる重要な経験でした。その実績は広く認められました。周囲からの評価が一層高まりました。
PC0B3CC6,ロロノア・ゾロ,19.0,アニメ・漫画・ゲーム,なし,0.0,19歳の時、ロロノア・ゾロは新たな剣術の修行を始めるため、伝説の剣士・鷹の目のミホークのもとを訪れた。ミホークは強敵との戦いで真の力を見せるよう命じ、厳しい修行が始まった。日々の厳しい稽古の中で、ゾロ...,19歳の時、ロロノア・ゾロは新たな剣術の修行を始めるため、伝説の剣士・鷹の目のミホークのもとを訪れた。ミホークは強敵との戦いで真の力を見せるよう命じ、厳しい修行が始まった。日々の厳しい稽古の中で、ゾロは自分自身と向き合い、成長し続ける姿が描かれた。
P708C931,ローラ,21.0,エンターテイメント,なし,0.0,あなたと同じ21歳のとき、ローラは『笑っていいとも!』のレギュラーとなりブレイクした。2011年、タメ口キャラで人気を獲得。モデル、女優、実業家として活躍し、ハリウッド映画にも出演。,あなたと同じ21歳のとき、ローラは『笑っていいとも!』のレギュラーとなりブレイクした。2011年、タメ口キャラで人気を獲得。モデル、女優、実業家として活躍し、ハリウッド映画にも出演。
PD1276D6,ヴィクトリア女王,30.0,政治・社会,なし,0.0,あなたと同じ30歳のとき、ヴィクトリア女王は大英帝国の最盛期を築き上げていました。1849年、女王は既に12年間の統治を重ね、産業革命で急速に発展する国家を率いていました。この年、パンジャブ戦争が終結...,あなたと同じ30歳のとき、ヴィクトリア女王は大英帝国の最盛期を築き上げていました。1849年、女王は既に12年間の統治を重ね、産業革命で急速に発展する国家を率いていました。この年、パンジャブ戦争が終結し、インドの英国の支配が確立されました。、アイルランドで発生した大飢饉への対応を通じて、帝国全体の統治システムを強化しました。女王は夫アルバート公と共に9人の子どもを育てながら、政治的判断力を発揮し続けました。彼女の治世下の英国は「世界の工場」と呼ばれるまでに成長し、鉄道網の拡張や自由貿易政策の推進で、経済的繁栄...
PD8F50E1,中野たむ,25.0,スポーツ,なし,0.0,あなたと同じ25歳のとき、中野たむは女子プロレスラーとしてキャリアの重要な転機を迎えました。この時期、独自の視点と情熱を持って新しい挑戦に取り組み、その後の成功の基盤となる貴重な経験を積みました。周囲...,あなたと同じ25歳のとき、中野たむは女子プロレスラーとしてキャリアの重要な転機を迎えました。この時期、独自の視点と情熱を持って新しい挑戦に取り組み、その後の成功の基盤となる貴重な経験を積みました。周囲からの期待と自身の目標との間で葛藤しながらも、決断力と行動力で道を切り開いていきました。新たな道への第一歩を踏み出したのです。大胆な方向転換により、新たな道が開けていきました。人生の重要な転機となった出来事でした。この挑戦が新しい可能性を示した。
P106412B,中西学,70.0,スポーツ,オリンピック,0.0,あなたと同じ70歳のとき、中西学は日本人として初めてパラリンピック水泳で金メダルを獲得しました。10代の時に事故で両足を失いましたが、諦めずに水泳に打ち込み続けました。70歳を迎えた年のパラリンピック...,あなたと同じ70歳のとき、中西学は日本人として初めてパラリンピック水泳で金メダルを獲得しました。10代の時に事故で両足を失いましたが、諦めずに水泳に打ち込み続けました。70歳を迎えた年のパラリンピックでは、若い選手に負けじと練習に励み、見事に金メダルを獲得。その姿は多くの人に感動を与え、障がい者スポーツの発展にも大きく貢献しました。年齢を重ねても夢を追い続ける中西選手の姿勢は、老いも若きも多くの人に希望を与えています。
P54B7277,中田英寿,21.0,スポーツ,ワールドカップ,0.0,あなたと同じ21歳のとき、中田英寿はフランスW杯で日本代表の10番を背負い、アルゼンチン戦で衝撃的なゴールを決めました。実は試合前日、彼は39度の高熱の寝込んでおり、チームドクターは出場を反対していま...,あなたと同じ21歳のとき、中田英寿はフランスW杯で日本代表の10番を背負い、アルゼンチン戦で衝撃的なゴールを決めました。実は試合前日、彼は39度の高熱の寝込んでおり、チームドクターは出場を反対していました。しかし中田は「人生で一度のチャンス」と強行出場を決断し、後半32分に右足で放った20メートルのミドルシュートがゴールネットを揺らしました。この1得点の日本は1対0で勝利し、W杯初勝利を達成しました。試合後、彼は「熱があったおかげの余計なことを考えずにプレーできました」と語り、その純粋さが多くの人の心を打ちました。
PB3108A6,中田敦彦,35.0,エンターテイメント,なし,0.0,あなたと同じ35歳のとき、中田敦彦はYouTubeチャンネル「中田敦彦のYouTube大学」を開設し、教育系YouTuberとして新たな挑戦を始めました。芸人とし、の活動に限界を感じていた彼は、1日1...,あなたと同じ35歳のとき、中田敦彦はYouTubeチャンネル「中田敦彦のYouTube大学」を開設し、教育系YouTuberとして新たな挑戦を始めました。芸人とし、の活動に限界を感じていた彼は、1日12時間の猛勉強で歴史や経済学を学び直し、わずか3ヶ月で登録者数10万人を突破しました。初回動画の再生回数は24時間で5万回を記録し、妻からは「芸人を辞めるの？」と心配されながらも、教育への情熱を貫きました。後に登録者数400万人を超える人気チャンネルとなり、芸人から教育者への華麗な転身を果たしました。
P4D6DA4E,中田ヤスタカ,26.0,音楽,なし,0.0,あなたと同じ26歳のとき、中田ヤスタカはPerfume『ポリリズム』をプロデュースした。2007年、CAPSULE主宰として独自のエレクトロサウンドを確立。きゃりーぱみゅぱみゅも手掛けた。,あなたと同じ26歳のとき、中田ヤスタカはPerfume『ポリリズム』をプロデュースした。2007年、CAPSULE主宰として独自のエレクトロサウンドを確立。きゃりーぱみゅぱみゅも手掛けた。
P75851DF,中森明菜,17.0,音楽,なし,0.0,あなたと同じ17歳のとき、中森明菜は『スローモーション』でデビューした。1982年、「少女A」で大ブレイク。「ミ・アモーレ」「DESIRE」など数々のヒットを飛ばし、80年代を代表する歌姫となった。,あなたと同じ17歳のとき、中森明菜は『スローモーション』でデビューした。1982年、「少女A」で大ブレイク。「ミ・アモーレ」「DESIRE」など数々のヒットを飛ばし、80年代を代表する歌姫となった。
P86575E2,中村雅俊,71.0,芸術・文化,なし,0.0,あなたと同じ71歳のとき、中村雅俊は長年の夢だった朗読会を開催しました。俳優としての経験を活かし、古今東西の名作を自身の解釈で朗読するという挑戦でした。台本選びから練習まで入念に準備し、当日は会場が満...,あなたと同じ71歳のとき、中村雅俊は長年の夢だった朗読会を開催しました。俳優としての経験を活かし、古今東西の名作を自身の解釈で朗読するという挑戦でした。台本選びから練習まで入念に準備し、当日は会場が満員になるほどの盛況ぶりでした。朗読を通して文学の魅力を伝えることができ、俳優人生の集大成となりました。歳を重ねても新たな挑戦を続ける姿は、多くの人に感動を与えました。
PFC18BEE,中村美紀,62.0,政治・社会,なし,0.0,あなたと同じ62歳のとき、中村美紀は地域の高齢者支援に取り組むことを決意しました。彼女の母が認知症を患った経験がきっかけとなり、高齢者の孤独感を解消するための活動を始めたのです。しかし、資金不足や人手...,あなたと同じ62歳のとき、中村美紀は地域の高齢者支援に取り組むことを決意しました。彼女の母が認知症を患った経験がきっかけとなり、高齢者の孤独感を解消するための活動を始めたのです。しかし、資金不足や人手不足という困難に直面しました。それでも彼女は地域のボランティアを募り、定期的な交流会を開催することになりました。初めは参加者が少なかったものの、徐々に口コミで広がり、地域の人々が集まる場となりました。彼女の努力によって、数多くの高齢者が笑顔を取り戻し、心の支えを得ることができたのです。
PF07E828,中野貴志,52.0,学術・研究,なし,0.0,あなたと同じ52歳のとき、中野貴志は新たな細胞機能の発見に成功しました。彼は細胞内の特定のタンパク質が細胞の成長に与える影響を研究しており、その成果は細胞生物学の分野で大きな注目を集めています。この研...,あなたと同じ52歳のとき、中野貴志は新たな細胞機能の発見に成功しました。彼は細胞内の特定のタンパク質が細胞の成長に与える影響を研究しており、その成果は細胞生物学の分野で大きな注目を集めています。この研究は、がん治療や再生医療における新しいアプローチを提供する可能性があり、多くの学術誌に掲載されました。また、国際会議での発表も行い、多くの専門家から高い評価を受けることとなりました。中野の努力と情熱は、科学界における重要な進展に繋がったのです。
PEE3A15F,中村美月,25.0,芸術・文化,なし,0.0,あなたと同じ25歳のとき、中村美月はモデルとしてキャリアの重要な転機を迎えました。この時期、独自の視点と情熱を持って新しい挑戦に取り組み、その後の成功の基盤となる貴重な経験を積みました。周囲からの期待...,あなたと同じ25歳のとき、中村美月はモデルとしてキャリアの重要な転機を迎えました。この時期、独自の視点と情熱を持って新しい挑戦に取り組み、その後の成功の基盤となる貴重な経験を積みました。周囲からの期待と自身の目標との間で葛藤しながらも、決断力と行動力で道を切り開いていきました。若くして示したこの行動は、後のキャリアの基盤となる重要な経験でした。その実績は広く認められました。新たな道を切り開く契機となりました。この決断が人生の分岐点となった。
P2154B34,中村獅童,33.0,芸術・文化,なし,0.0,あなたと同じ33歳のとき、中村獅童は『三月花形歌舞伎』の『寿曽我対面』で、曽我五郎時宗役を務めました。この公演は、獅童にとって初めての三月花形歌舞伎への出演となりました。幼少期から歌舞伎に親しみ、伝統...,あなたと同じ33歳のとき、中村獅童は『三月花形歌舞伎』の『寿曽我対面』で、曽我五郎時宗役を務めました。この公演は、獅童にとって初めての三月花形歌舞伎への出演となりました。幼少期から歌舞伎に親しみ、伝統芸能の道を歩んできた獅童は、この大役を見事に演じ切り、観客から高い評価を得ました。獅童の熱演は、歌舞伎界の次世代を担う若手スターとしての存在感を示すものとなりました。
P2154B34,中村獅童,63.0,スポーツ,なし,0.0,あなたと同じ63歳のとき、中村獅童は歌舞伎界の重鎮として、後進の育成に力を注ぎました。特に、歌舞伎の伝統技法である「見得」の指導に情熱を傾け、若手俳優たちに熱心に伝授しました。その成果もあり、門下生た...,あなたと同じ63歳のとき、中村獅童は歌舞伎界の重鎮として、後進の育成に力を注ぎました。特に、歌舞伎の伝統技法である「見得」の指導に情熱を傾け、若手俳優たちに熱心に伝授しました。その成果もあり、門下生たちが次々と歌舞伎界で頭角を現すようになりました。獅童自身も舞台で円熟した演技を披露し、観客を魅了し続けました。歌舞伎界の未来を担う人材の育成と、自らの技芸の研鑽に励む姿は、多くの人々に感銘を与えました。
P9CBB34F,中村明彦,60.0,芸術・文化,なし,0.0,あなたと同じ60歳のとき、中村明彦は人生の大きな転機を迎えました。長年にわたり陶芸を続けてきた彼は、自身の作品をより多くの人々に知ってもらうため、個展を開催することを決意しました。これまでの作品は地域...,あなたと同じ60歳のとき、中村明彦は人生の大きな転機を迎えました。長年にわたり陶芸を続けてきた彼は、自身の作品をより多くの人々に知ってもらうため、個展を開催することを決意しました。これまでの作品は地域の展示会を中心に発表していましたが、今回は東京のギャラリーを選びました。初めての大規模な個展は不安もありましたが、彼の情熱が伝わり、多くの来場者が訪れました。おかげで、彼の作品が雑誌に取り上げられることになり、陶芸家としての地位が確立されました。この経験がきっかけで、今では全国的に知られる陶芸家となりました。
PD82AB6D,中村天風,58.0,学術・研究,なし,0.0,あなたと同じ58歳のとき、中村天風は「天風会」という教育団体を設立しました。それまで個人的に行っていた青少年への指導を組織化し、より多くの若者に「生きる力」を伝えるための活動を本格化させたのです。天風...,あなたと同じ58歳のとき、中村天風は「天風会」という教育団体を設立しました。それまで個人的に行っていた青少年への指導を組織化し、より多くの若者に「生きる力」を伝えるための活動を本格化させたのです。天風会では、自然の中での体験学習や、座禅・作務などの修行を通して、心身ともに逞しい人間を育てることを目指しました。中村天風の教育哲学は多くの共感を呼び、天風会は全国的な広がりを見せることとなりました。
P6F169CA,中村哲,31.0,芸術・文化,なし,0.0,あなたと同じ31歳のとき、中村哲は、アフガニスタンの厳しい状況に心を痛め、現地の人々を助けるために医療活動を始めました。武装勢力に脅かされながらも、命がけで診療所を開設し、井戸を掘るなどの支援活動を続...,あなたと同じ31歳のとき、中村哲は、アフガニスタンの厳しい状況に心を痛め、現地の人々を助けるために医療活動を始めました。武装勢力に脅かされながらも、命がけで診療所を開設し、井戸を掘るなどの支援活動を続けました。「一人でも多くの命を救いたい」という強い信念のもと、過酷な環境に立ち向かう決意をしたのが、人生の大きな転機となりました。
P6F169CA,中村哲,36.0,政治・社会,なし,0.0,あなたと同じ36歳のとき、中村哲は、アフガニスタンの厳しい環境の中で、灌漑用水路の建設に取り組みました。現地の人々から反発を受けることもありましたが、粘り強く対話を重ね、理解を得ていきました。水路完成...,あなたと同じ36歳のとき、中村哲は、アフガニスタンの厳しい環境の中で、灌漑用水路の建設に取り組みました。現地の人々から反発を受けることもありましたが、粘り強く対話を重ね、理解を得ていきました。水路完成後、農業が発展し、人々の生活が大きく改善されたことで、中村医師への信頼が深まりました。以来、中村医師は現地の人々から「カカ・ムラド」（最愛なる医師）と呼ばれるようになりました。
P08247B1,中村勘九郎,32.0,芸術・文化,なし,0.0,あなたと同じ32歳のとき、中村勘九郎は歌舞伎界の重鎮である十代目中村勘三郎の長男として、歌舞伎役者としての地位を確立しつつありました。その年、彼は伝統芸能の振興と普及に尽力し、歌舞伎公演の企画・製作に...,あなたと同じ32歳のとき、中村勘九郎は歌舞伎界の重鎮である十代目中村勘三郎の長男として、歌舞伎役者としての地位を確立しつつありました。その年、彼は伝統芸能の振興と普及に尽力し、歌舞伎公演の企画・製作にも積極的に関わるようになりました。また、現代演劇とのコラボレーションにも挑戦し、歌舞伎の可能性を広げる新たな試みを行いました。中村勘九郎は、伝統を守りつつも革新的な活動を続け、歌舞伎界の未来を担う存在となりました。
PD045347,中村勘三郎,72.0,芸術・文化,なし,0.0,あなたと同じ72歳のとき、中村勘三郎は長年の夢だった歌舞伎の海外公演を実現させました。ニューヨークのリンカーンセンターで行われた公演は大成功を収め、歌舞伎の魅力を世界に発信することができました。この経...,あなたと同じ72歳のとき、中村勘三郎は長年の夢だった歌舞伎の海外公演を実現させました。ニューヨークのリンカーンセンターで行われた公演は大成功を収め、歌舞伎の魅力を世界に発信することができました。この経験を通じて、伝統芸能の継承と革新の重要性を再認識し、後進の指導により一層力を注ぐようになりました。
P4A8A813,中村紘子,20.0,音楽,なし,0.0,あなたと同じ20歳のとき、中村紘子はショパン国際ピアノコンクールで日本人初の入賞を果たした。1965年、第7回大会で第4位。戦後の日本クラシック界に希望を与え、以後50年以上にわたり日本を代表するピア...,あなたと同じ20歳のとき、中村紘子はショパン国際ピアノコンクールで日本人初の入賞を果たした。1965年、第7回大会で第4位。戦後の日本クラシック界に希望を与え、以後50年以上にわたり日本を代表するピアニストとして活躍。著書『チャイコフスキー・コンクール』はベストセラーとなった。
P8A3C2B6,丹下健三,74.0,建築・デザイン,プリツカー賞,0.0,あなたと同じ74歳のとき、丹下健三はプリツカー賞を日本人初受賞した。1987年、「世界のタンゲ」と呼ばれた建築界の巨匠。代々木競技場、東京都庁など戦後日本を象徴する建築を設計。弟子に磯崎新、黒川紀章ら...,あなたと同じ74歳のとき、丹下健三はプリツカー賞を日本人初受賞した。1987年、「世界のタンゲ」と呼ばれた建築界の巨匠。代々木競技場、東京都庁など戦後日本を象徴する建築を設計。弟子に磯崎新、黒川紀章らを輩出した。
P808C38F,乃木坂46,20.0,音楽,なし,0.0,あなたと同じ20歳のとき、乃木坂46の白石麻衣らは『インフルエンサー』でレコード大賞を受賞した。2017年、AKB48の公式ライバルとして結成され、清楚なイメージで国民的アイドルグループに成長。,あなたと同じ20歳のとき、乃木坂46の白石麻衣らは『インフルエンサー』でレコード大賞を受賞した。2017年、AKB48の公式ライバルとして結成され、清楚なイメージで国民的アイドルグループに成長。
PB6D68AB,久保建英,20.0,スポーツ,ワールドカップ,0.0,あなたと同じ20歳のとき、久保建英は2021-22シーズンのレアル・ソシエダでリーガ・エスパニョーラ32試合に出場し、4ゴール5アシストを記録しました。8月29日のレバンテ戦でリーガ初ゴールを決め、1...,あなたと同じ20歳のとき、久保建英は2021-22シーズンのレアル・ソシエダでリーガ・エスパニョーラ32試合に出場し、4ゴール5アシストを記録しました。8月29日のレバンテ戦でリーガ初ゴールを決め、10月3日のマジョルカ戦では決勝ゴールをマークしました。コパ・デル・レイでは6これ、準決勝バレンシア戦で決勝点を挙げて決勝進出に貢献しました。は日本代表とし、カタールW杯最終予選に出場し、オーストラリア戦で代表通算3ゴール目を記録しました。
PE9E0FCA,井手直行,47.0,ビジネス,なし,0.0,あなたと同じ47歳のとき、井手直行はヤッホーブルーイング社長として「よなよなエール」を大ヒットさせた。2008年、クラフトビール市場を開拓。「ビールに味を！人生に幸せを！」を掲げる。,あなたと同じ47歳のとき、井手直行はヤッホーブルーイング社長として「よなよなエール」を大ヒットさせた。2008年、クラフトビール市場を開拓。「ビールに味を！人生に幸せを！」を掲げる。
P96CAB07,井岡一翔,25.0,ビジネス,なし,0.0,あなたと同じ25歳のとき、井岡一翔はボクシング選手としてキャリアの重要な転機を迎えました。この時期、独自の視点と情熱を持って新しい挑戦に取り組み、その後の成功の基盤となる貴重な経験を積みました。周囲か...,あなたと同じ25歳のとき、井岡一翔はボクシング選手としてキャリアの重要な転機を迎えました。この時期、独自の視点と情熱を持って新しい挑戦に取り組み、その後の成功の基盤となる貴重な経験を積みました。周囲からの期待と自身の目標との間で葛藤しながらも、決断力と行動力で道を切り開いていきました。新たな道への第一歩を踏み出したのです。重要な選択を迫られた時、将来を見据えた判断を下しました。この決断が将来を大きく変えました。この選択が新たな道を切り開いた。
P28E18C9,井山裕太,15.0,スポーツ,なし,0.0,あなたと同じ15歳のとき、井山裕太は囲碁のプロ棋士としてデビューしました。その年の新人王戦では、歴代最年少記録となる14歳7ヶ月でのタイトル獲得を果たします。さらに、その後も数々の大会で優勝を重ね、囲...,あなたと同じ15歳のとき、井山裕太は囲碁のプロ棋士としてデビューしました。その年の新人王戦では、歴代最年少記録となる14歳7ヶ月でのタイトル獲得を果たします。さらに、その後も数々の大会で優勝を重ね、囲碁界の新星として一躍脚光を浴びることとなりました。井山少年の驚異的な成長と活躍は、多くの若者に夢と希望を与えたのです。
PD503025,井口資仁,19.0,スポーツ,なし,0.0,あなたと同じ19歳のとき、井口資仁は甲子園を目指し、猛練習に励んでいました。しかし、夏の大会で悔しい敗退を経験します。この挫折を糧に、井口さんはさらに練習に打ち込みました。その後、プロ野球のドラフト会...,あなたと同じ19歳のとき、井口資仁は甲子園を目指し、猛練習に励んでいました。しかし、夏の大会で悔しい敗退を経験します。この挫折を糧に、井口さんはさらに練習に打ち込みました。その後、プロ野球のドラフト会議で指名を受け、プロ野球選手への第一歩を踏み出すことになりました。厳しい競争の中で掴んだプロ入りは、井口さんの野球人生の大きな転機となりました。
P52FA1F0,井上雄彦,23.0,アニメ・漫画・ゲーム,なし,0.0,あなたと同じ23歳のとき、井上雄彦は『SLAM DUNK』の連載を開始した。1990年、バスケットボール漫画の金字塔となり累計発行部数1億7000万部。『バガボンド』『リアル』など作品ごとに新境地を開...,あなたと同じ23歳のとき、井上雄彦は『SLAM DUNK』の連載を開始した。1990年、バスケットボール漫画の金字塔となり累計発行部数1億7000万部。『バガボンド』『リアル』など作品ごとに新境地を開拓。
P1CC5D1D,井上真央,22.0,政治・社会,なし,0.0,あなたと同じ22歳のとき、井上真央は女優としての活動の傍ら、ユニセフ親善大使に任命されました。世界中の子どもたちの現状を目の当たりにし、教育支援や衛生環境の改善に尽力します。多忙な女優業との両立は容易...,あなたと同じ22歳のとき、井上真央は女優としての活動の傍ら、ユニセフ親善大使に任命されました。世界中の子どもたちの現状を目の当たりにし、教育支援や衛生環境の改善に尽力します。多忙な女優業との両立は容易ではありませんでしたが、現地の子どもたちの笑顔に励まされ、社会貢献活動に情熱を注ぎ続けました。井上の献身的な活動は、多くの人々に希望と勇気を与えるものとなりました。
PB024AF1,井上真央,25.0,ビジネス,なし,0.0,あなたと同じ25歳のとき、井上真央は女優としてキャリアの重要な転機を迎えました。この時期、独自の視点と情熱を持って新しい挑戦に取り組み、その後の成功の基盤となる貴重な経験を積みました。周囲からの期待と...,あなたと同じ25歳のとき、井上真央は女優としてキャリアの重要な転機を迎えました。この時期、独自の視点と情熱を持って新しい挑戦に取り組み、その後の成功の基盤となる貴重な経験を積みました。周囲からの期待と自身の目標との間で葛藤しながらも、決断力と行動力で道を切り開いていきました。若くして示したこの行動は、後のキャリアの基盤となる重要な経験でした。その実績は広く認められました。運命が動き始めた瞬間でした。この変化が大きな飛躍のきっかけとなった。
PE44DA09,井上洋介,61.0,芸術・文化,なし,0.0,あなたと同じ61歳のとき、井上洋介は自身の芸術スタイルを大きく変える転機を迎えました。これまでのリアリズムに基づく作品から、抽象表現へと移行することになったのです。この変化は、彼が訪れた海外の美術館で...,あなたと同じ61歳のとき、井上洋介は自身の芸術スタイルを大きく変える転機を迎えました。これまでのリアリズムに基づく作品から、抽象表現へと移行することになったのです。この変化は、彼が訪れた海外の美術館での体験がきっかけでした。多様なアートに触れることで、表現の幅が広がり、より自由な創作ができるようになりました。彼の作品は徐々に注目を集めるようになり、個展も成功を収める結果となりました。この転機があったからこそ、井上は新たな芸術の道を歩むことになったのです。
P38ECA1C,井上朋子,68.0,芸術・文化,なし,0.0,あなたと同じ68歳のとき、井上朋子は新たな陶芸の技術に挑戦することになりました。これまでの伝統的な技法から一歩踏み出し、現代アートとの融合を試みることにしたのです。初めは、自分のスタイルを壊すことに不...,あなたと同じ68歳のとき、井上朋子は新たな陶芸の技術に挑戦することになりました。これまでの伝統的な技法から一歩踏み出し、現代アートとの融合を試みることにしたのです。初めは、自分のスタイルを壊すことに不安を感じましたが、若いアーティストたちとの交流を通じて新たな視点を得ることができました。様々な素材や色を取り入れた作品に取り組むうちに、彼女の陶芸は一躍注目を集めるようになり、展示会では多くの来場者が彼女の作品に魅了される結果となりました。この挑戦が、井上にとって新しい人生の扉を開くきっかけとなったのです。
PF9987D8,井上康生,52.0,スポーツ,オリンピック,0.0,あなたと同じ52歳のとき、井上康生は全日本柔道連盟の強化委員長に就任しました。オリンピック金メダリストとしての豊富な経験を活かし、次世代の選手育成に尽力します。特に、若手選手の強化合宿では、自ら先頭に...,あなたと同じ52歳のとき、井上康生は全日本柔道連盟の強化委員長に就任しました。オリンピック金メダリストとしての豊富な経験を活かし、次世代の選手育成に尽力します。特に、若手選手の強化合宿では、自ら先頭に立って指導に当たりました。井上の情熱的な指導は選手たちに大きな刺激を与え、日本柔道界の更なる発展に貢献しています。
PDD7A67A,井上尚弥,44.0,スポーツ,なし,0.0,あなたと同じ44歳のとき、井上尚弥は世界ボクシング協会（WBA）スーパーバンタム級の王座を獲得しました。彼はその試合で圧倒的なパフォーマンスを見せ、相手選手を3ラウンドでノックアウトしました。この勝利...,あなたと同じ44歳のとき、井上尚弥は世界ボクシング協会（WBA）スーパーバンタム級の王座を獲得しました。彼はその試合で圧倒的なパフォーマンスを見せ、相手選手を3ラウンドでノックアウトしました。この勝利によって、井上は日本人ボクサーとして初めてWBAのスーパーチャンピオンに認定されることとなり、彼の名は世界中に広まりました。試合後のインタビューでは、彼は「これからも挑戦を続けていきたい」と語り、さらなる高みを目指す姿勢を見せました。その後も彼は多くの試合で勝利を重ね、ボクシング界のスター選手となりました。
P1187FD4,井上京子,25.0,スポーツ,なし,0.0,あなたと同じ25歳のとき、井上京子は女子プロレスラーとしてキャリアの重要な転機を迎えました。この時期、独自の視点と情熱を持って新しい挑戦に取り組み、その後の成功の基盤となる貴重な経験を積みました。周囲...,あなたと同じ25歳のとき、井上京子は女子プロレスラーとしてキャリアの重要な転機を迎えました。この時期、独自の視点と情熱を持って新しい挑戦に取り組み、その後の成功の基盤となる貴重な経験を積みました。周囲からの期待と自身の目標との間で葛藤しながらも、決断力と行動力で道を切り開いていきました。人生の転機となる重要な選択でした。状況の変化を好機と捉え、積極的に行動しました。大きな変革をもたらす転機でした。この決断が人生の分岐点となった。
P5D2DC55,井上ひさし,44.0,学術・研究,なし,0.0,あなたと同じ44歳のとき、井上ひさしは自身の代表作となる戯曲「吉里吉里人」を発表しました。この作品は、架空の村を舞台に、言葉と文化をめぐる人間ドラマを描いた意欲作です。発表当初から高い評価を受け、井上...,あなたと同じ44歳のとき、井上ひさしは自身の代表作となる戯曲「吉里吉里人」を発表しました。この作品は、架空の村を舞台に、言葉と文化をめぐる人間ドラマを描いた意欲作です。発表当初から高い評価を受け、井上さんの劇作家としての地位を不動のものにしました。以降、井上さんは「吉里吉里人」シリーズを続編として執筆し、日本の現代演劇に大きな影響を与える作家となりました。
PD52F7EE,五郎丸歩,31.0,スポーツ,ワールドカップ,0.0,あなたと同じ31歳のとき、五郎丸歩はイングランドで開催されたラグビーワールドカップ2015で日本代表として活躍しました。南アフリカ戦での劇的な逆転トライをきっかけに、日本中にラグビー熱が巻き起こりまし...,あなたと同じ31歳のとき、五郎丸歩はイングランドで開催されたラグビーワールドカップ2015で日本代表として活躍しました。南アフリカ戦での劇的な逆転トライをきっかけに、日本中にラグビー熱が巻き起こりました。五郎丸のルーティンである「ポーズ」は社会現象となり、ラグビーの認知度向上に大きく貢献しました。この大会での経験が、その後の五郎丸の人生に大きな影響を与えることになりました。
P243D6B5,五木寛之,45.0,芸術・文化,なし,0.0,あなたと同じ45歳のとき、五木寛之は創作スランプに陥り、3年間小説を書けない時期を経験しました。執筆ゼロ期間3年を記録し、担当編集者との確執を記録し、この挫折により、作家としての枯渇感と向き合い、人生...,あなたと同じ45歳のとき、五木寛之は創作スランプに陥り、3年間小説を書けない時期を経験しました。執筆ゼロ期間3年を記録し、担当編集者との確執を記録し、この挫折により、作家としての枯渇感と向き合い、人生観を見つめ直すきっかけとなったという大きな影響を与えました。長年の経験を活かした取り組みとして、大きな意味を持ちました。その実績は広く認められました。貴重な学びと気づきを得ることができました。この失敗が次への大きな一歩となった。この試練が後の飛躍の原動力となった。
P4BB8D0B,久石譲,33.0,音楽,なし,0.0,あなたと同じ33歳のとき、久石譲（33歳）は1984年、映画音楽の世界の新境地を切り開こうでいました。当時、日本の映画音楽界のは西洋クラシックの模倣が主流で、シンセサイザーを使った現代的なアプローチは...,あなたと同じ33歳のとき、久石譲（33歳）は1984年、映画音楽の世界の新境地を切り開こうでいました。当時、日本の映画音楽界のは西洋クラシックの模倣が主流で、シンセサイザーを使った現代的なアプローチは60社以上の制作会社から「映画に不適切」で断られ続けました。しかし宮崎駿監督と出会いが転機となり、『風の谷のナウシカ』で従来の枠を破る電子楽器とオーケストラの融合に挑戦。幼少期のバッハに聴いて感じた「音楽で心の風景を描く」原体験が創作の源となりました。この作品は興行収入7.4億円を記録し、以降30年間で宮崎作品1...
P0869345,久石譲,72.0,芸術・文化,なし,0.0,あなたと同じ72歳のとき、久石譲は芸術・文化の分野で重要な成果を達成しました。この年齢で既に専門性を深め、後の活躍につながる基礎を築いていました。当時の経験が、その後の輝かしいキャリアの礎となったので...,あなたと同じ72歳のとき、久石譲は芸術・文化の分野で重要な成果を達成しました。この年齢で既に専門性を深め、後の活躍につながる基礎を築いていました。当時の経験が、その後の輝かしいキャリアの礎となったのです。
PC4E9A04,久保裕也,29.0,スポーツ,なし,0.0,あなたと同じ29歳のとき、久保裕也はベルギー1部リーグのヘントに移籍し、海外でのキャリアを再スタートさせました。移籍1年目から持ち前のスピードとテクニックを生かしてレギュラーに定着し、チームの中心選手...,あなたと同じ29歳のとき、久保裕也はベルギー1部リーグのヘントに移籍し、海外でのキャリアを再スタートさせました。移籍1年目から持ち前のスピードとテクニックを生かしてレギュラーに定着し、チームの中心選手として活躍。シーズン終了後には、ベルギーサッカー界の名門クラブであるアンデルレヒトから獲得オファーを受け、さらなる飛躍の機会を手にしました。久保は新天地での挑戦を決意し、アンデルレヒトへの移籍が決まりました。
PB0C17DE,久保田利伸,15.0,芸術・文化,なし,0.0,あなたと同じ15歳のとき、久保田利伸はデビューのチャンスを掴むため、東京でのオーディションに挑戦しました。しかし、緊張のあまり満足な歌唱ができず、結果は不合格。夢を諦めかけましたが、諦めずに練習を重ね...,あなたと同じ15歳のとき、久保田利伸はデビューのチャンスを掴むため、東京でのオーディションに挑戦しました。しかし、緊張のあまり満足な歌唱ができず、結果は不合格。夢を諦めかけましたが、諦めずに練習を重ね、再びオーディションに臨みました。2度目の挑戦で見事合格を勝ち取り、シンガーソングライターとしての第一歩を踏み出すことになりました。
PA718FB5,中村勘三郎,64.0,その他,なし,0.0,あなたと同じ64歳のとき、中村勘三郎は重要な決断をしました。それは、長男の中村勘九郎に家督を譲ることでした。勘三郎は、歌舞伎界の伝統である「襲名」を行い、自らは「中村勘三郎」から「中村勘九郎」を名乗る...,あなたと同じ64歳のとき、中村勘三郎は重要な決断をしました。それは、長男の中村勘九郎に家督を譲ることでした。勘三郎は、歌舞伎界の伝統である「襲名」を行い、自らは「中村勘三郎」から「中村勘九郎」を名乗る「勘三郎改め六代目勘九郎」となりました。一方、勘九郎は「中村勘九郎」から「七代目中村勘三郎」を襲名しました。親子二代での襲名は歌舞伎界では珍しく、注目を集めました。勘三郎は、歌舞伎の世界に生きる者の宿命と責任を果たしつつ、新たな時代の幕開けを息子に託したのです。
PCD75D80,中村優花,25.0,芸術・文化,なし,0.0,あなたと同じ25歳のとき、中村優花は建築家としてキャリアの重要な転機を迎えました。この時期、独自の視点と情熱を持って新しい挑戦に取り組み、その後の成功の基盤となる貴重な経験を積みました。周囲からの期待...,あなたと同じ25歳のとき、中村優花は建築家としてキャリアの重要な転機を迎えました。この時期、独自の視点と情熱を持って新しい挑戦に取り組み、その後の成功の基盤となる貴重な経験を積みました。周囲からの期待と自身の目標との間で葛藤しながらも、決断力と行動力で道を切り開いていきました。若くして示したこの行動は、後のキャリアの基盤となる重要な経験でした。その実績は広く認められました。重要な分岐点となった出来事でした。この転機が新たな物語の始まりとなった。
P9B381C1,中村倫也,25.0,ビジネス,なし,0.0,あなたと同じ25歳のとき、中村倫也は俳優としてキャリアの重要な転機を迎えました。この時期、独自の視点と情熱を持って新しい挑戦に取り組み、その後の成功の基盤となる貴重な経験を積みました。周囲からの期待と...,あなたと同じ25歳のとき、中村倫也は俳優としてキャリアの重要な転機を迎えました。この時期、独自の視点と情熱を持って新しい挑戦に取り組み、その後の成功の基盤となる貴重な経験を積みました。周囲からの期待と自身の目標との間で葛藤しながらも、決断力と行動力で道を切り開いていきました。若くして示したこの行動は、後のキャリアの基盤となる重要な経験でした。その実績は広く認められました。新たな道を切り開く契機となりました。この出会いが運命を変えることになった。
PD266F5A,中村修平,51.0,科学・技術,なし,0.0,あなたと同じ51歳のとき、中村修平は大きな転機を迎えました。彼は、長年の研究成果をもとに新しい再生医療技術を発表することになりました。この技術は、細胞の再生を促進することができる画期的なもので、多くの...,あなたと同じ51歳のとき、中村修平は大きな転機を迎えました。彼は、長年の研究成果をもとに新しい再生医療技術を発表することになりました。この技術は、細胞の再生を促進することができる画期的なもので、多くの患者に希望を与えるものでした。彼の研究は、学術界だけでなく、医療現場でも注目され、数多くのメディアに取り上げられることになりました。中村は、自身の研究が人々の健康に寄与することを実感し、さらなる研究への意欲を新たにしました。この瞬間は、彼のキャリアにおいて重要な分岐点となったのです。
PFFCF992,上橋菜穂子,52.0,文学,なし,0.0,あなたと同じ52歳のとき、上橋菜穂子は国際アンデルセン賞作家賞を受賞した。2014年、日本人2人目。『精霊の守り人』シリーズは累計700万部を超え、NHKでドラマ化。文化人類学者としての知見を活かした...,あなたと同じ52歳のとき、上橋菜穂子は国際アンデルセン賞作家賞を受賞した。2014年、日本人2人目。『精霊の守り人』シリーズは累計700万部を超え、NHKでドラマ化。文化人類学者としての知見を活かした重厚なファンタジーが評価された。
P264AF28,上村愛子,15.0,芸術・文化,なし,0.0,あなたと同じ15歳のとき、上村愛子はフリースタイルスキーの全日本選手権で優勝しました。当時の日本人選手としては最年少記録での優勝となりました。これを機に、上村選手は世界的にも注目を集める存在になりまし...,あなたと同じ15歳のとき、上村愛子はフリースタイルスキーの全日本選手権で優勝しました。当時の日本人選手としては最年少記録での優勝となりました。これを機に、上村選手は世界的にも注目を集める存在になりました。15歳という若さで全国大会を制覇した快挙は、多くの人々に希望と勇気を与えました。上村選手の才能と努力が結実した瞬間となりました。
P3576CBB,上村愛子,25.0,スポーツ,オリンピック,0.0,あなたと同じ25歳のとき、上村愛子はトリノ五輪で5位入賞を果たし、日本女子モーグル界の新たな扉を開きました。この大会で彼女は20.95点という高得点をマークし、メダルまであと0.32点という僅差に迫り...,あなたと同じ25歳のとき、上村愛子はトリノ五輪で5位入賞を果たし、日本女子モーグル界の新たな扉を開きました。この大会で彼女は20.95点という高得点をマークし、メダルまであと0.32点という僅差に迫りました。実は競技直前、彼女は左膝の古傷が再発し、痛み止めを服用しながらの出場でしました。しかし「4年間の集大成を見せたい」という強い意志で、3回のエアで完璧な演技を披露しました。この結果でより彼女は日本スキー連盟から特別強化指定選手に認定され、翌年から年間2000万円の強化費支援を受けることになりました。
P3CC4238,上原浩治,25.0,ビジネス,なし,0.0,あなたと同じ25歳のとき、上原浩治は元野球選手としてキャリアの重要な転機を迎えました。この時期、独自の視点と情熱を持って新しい挑戦に取り組み、その後の成功の基盤となる貴重な経験を積みました。周囲からの...,あなたと同じ25歳のとき、上原浩治は元野球選手としてキャリアの重要な転機を迎えました。この時期、独自の視点と情熱を持って新しい挑戦に取り組み、その後の成功の基盤となる貴重な経験を積みました。周囲からの期待と自身の目標との間で葛藤しながらも、決断力と行動力で道を切り開いていきました。この決断が後の人生を大きく変えることとなりました。重要な選択を迫られた時、将来を見据えた判断を下しました。運命が動き始めた瞬間でした。この挑戦が新しい可能性を示した。
P3ED1F57,上原彩子,22.0,音楽,なし,0.0,あなたと同じ22歳のとき、上原彩子はチャイコフスキー国際コンクール・ピアノ部門で日本人初の優勝を果たした。2002年、女性としても初の快挙。力強くも繊細な演奏で審査員を魅了し、ロシア音楽の真髄を体現す...,あなたと同じ22歳のとき、上原彩子はチャイコフスキー国際コンクール・ピアノ部門で日本人初の優勝を果たした。2002年、女性としても初の快挙。力強くも繊細な演奏で審査員を魅了し、ロシア音楽の真髄を体現するピアニストと称された。
PB8FDF6A,上原ひろみ,32.0,音楽,グラミー賞,0.0,あなたと同じ32歳のとき、上原ひろみはグラミー賞最優秀コンテンポラリー・ジャズ・アルバム賞を受賞した。2011年、スタンリー・クラークとの共作で。バークリー音楽大学で学び、超絶技巧と即興性を兼ね備えた...,あなたと同じ32歳のとき、上原ひろみはグラミー賞最優秀コンテンポラリー・ジャズ・アルバム賞を受賞した。2011年、スタンリー・クラークとの共作で。バークリー音楽大学で学び、超絶技巧と即興性を兼ね備えた演奏で世界を魅了している。
P8559C46,三遊亭円楽,33.0,芸術・文化,なし,0.0,あなたと同じ33歳のとき、三遊亭円楽（6代目）は真打に昇進した。1981年、『笑点』で「腹黒キャラ」として人気を博した。2022年に死去するまで落語界の重鎮として活躍。,あなたと同じ33歳のとき、三遊亭円楽（6代目）は真打に昇進した。1981年、『笑点』で「腹黒キャラ」として人気を博した。2022年に死去するまで落語界の重鎮として活躍。
PCCFCFBB,三谷幸喜,56.0,芸術・文化,なし,0.0,あなたと同じ56歳のとき、三谷幸喜は大河ドラマ「真田丸」の脚本を担当し、歴史上の人物を現代的な視点で描くことに挑戦しました。三谷独特の機知に富んだ台詞回しと、登場人物の心理描写の巧みさが話題となり、平...,あなたと同じ56歳のとき、三谷幸喜は大河ドラマ「真田丸」の脚本を担当し、歴史上の人物を現代的な視点で描くことに挑戦しました。三谷独特の機知に富んだ台詞回しと、登場人物の心理描写の巧みさが話題となり、平均視聴率は16.6%を記録。大河ドラマ史上屈指の名作と評され、三谷は脚本家としての地位を不動のものにしました。
PCCFCFBB,三谷幸喜,47.0,ビジネス,なし,0.0,あなたと同じ47歳のとき、三谷幸喜は大河ドラマ「新選組!」の脚本を執筆していました。幕末の激動の時代を描くという大きな挑戦に直面し、史実と創作のバランスに悩む日々が続きました。しかし、新選組局長・近藤...,あなたと同じ47歳のとき、三谷幸喜は大河ドラマ「新選組!」の脚本を執筆していました。幕末の激動の時代を描くという大きな挑戦に直面し、史実と創作のバランスに悩む日々が続きました。しかし、新選組局長・近藤勇の人間性に焦点を当てるという独自の視点で、魅力的なストーリーを紡ぎ上げることに成功しました。放送後は高い評価を得て、大河ドラマ脚本家としての地位を確立するきっかけとなりました。
P4561FEA,三谷幸喜,52.0,エンターテイメント,なし,0.0,あなたと同じ52歳のとき、三谷幸喜は「記憶にございません!」で映画興行ランキング1位を獲得しました。興行収入30億円を記録し、観客動員200万人を記録し、この復活により、映画監督としての失敗を乗り越え...,あなたと同じ52歳のとき、三谷幸喜は「記憶にございません!」で映画興行ランキング1位を獲得しました。興行収入30億円を記録し、観客動員200万人を記録し、この復活により、映画監督としての失敗を乗り越え、ヒット作を連発する映画監督として復活したという大きな影響を与えました。長年の経験を活かした取り組みとして、大きな意味を持ちました。その実績は広く認められました。逆境から這い上がることができました。この復活劇は多くの人に感動を与えた。この復帰が周囲に勇気を与えた。
PB6F63CA,三田佳子,25.0,ビジネス,なし,0.0,あなたと同じ25歳のとき、三田佳子は女優としてキャリアの重要な転機を迎えました。この時期、独自の視点と情熱を持って新しい挑戦に取り組み、その後の成功の基盤となる貴重な経験を積みました。周囲からの期待と...,あなたと同じ25歳のとき、三田佳子は女優としてキャリアの重要な転機を迎えました。この時期、独自の視点と情熱を持って新しい挑戦に取り組み、その後の成功の基盤となる貴重な経験を積みました。周囲からの期待と自身の目標との間で葛藤しながらも、決断力と行動力で道を切り開いていきました。若くして示したこの行動は、後のキャリアの基盤となる重要な経験でした。その実績は広く認められました。人生の重要な転機となった出来事でした。この選択が新たな道を切り開いた。
P0885D17,三浦雄一郎,73.0,スポーツ,なし,0.0,あなたと同じ73歳のとき、三浦雄一郎はエベレスト登頂に再挑戦しました。過酷な環境の中、年齢を感じさせない強靭な精神力と肉体で8000m峰の頂を目指します。何度も挫折を味わいながらも諦めずに登り続け、見...,あなたと同じ73歳のとき、三浦雄一郎はエベレスト登頂に再挑戦しました。過酷な環境の中、年齢を感じさせない強靭な精神力と肉体で8000m峰の頂を目指します。何度も挫折を味わいながらも諦めずに登り続け、見事に登頂を果たしました。73歳での世界最高齢記録を更新し、生涯現役の冒険家としての意志を示しました。
PF809621,三浦知良,26.0,スポーツ,なし,0.0,あなたと同じ26歳のとき、三浦知良はJリーグ元年で15得点を挙げ、ヴェルディ川崎の初代得点王に輝きました。ブラジルから帰国した彼は、日本サッカー界の変革期に中心選手として活躍し、年俸3000万円という...,あなたと同じ26歳のとき、三浦知良はJリーグ元年で15得点を挙げ、ヴェルディ川崎の初代得点王に輝きました。ブラジルから帰国した彼は、日本サッカー界の変革期に中心選手として活躍し、年俸3000万円という当時の日本人選手は破格の契約を結びました。しかし意外にも、開幕前は「ブラジル帰りの選手は日本で通用するのか」と疑問視する声が多く、プレッシャーに悩まされていました。それのも持ち前のテクニックと闘志で観客動員数を2倍に押し上げ、Jリーグブームの火付け役となりました。
P1D55ABB,三木谷良一,59.0,ビジネス,なし,0.0,あなたと同じ59歳のとき、三木谷良一はダイエー会長兼CEOとして、経営再建に取り組みました。債務超過に陥っていた同社の再生計画を主導し、店舗の統廃合やコスト削減を断行。さらに、イオンとの資本提携を実現...,あなたと同じ59歳のとき、三木谷良一はダイエー会長兼CEOとして、経営再建に取り組みました。債務超過に陥っていた同社の再生計画を主導し、店舗の統廃合やコスト削減を断行。さらに、イオンとの資本提携を実現させるなど、積極的な経営判断で業績回復の道筋をつけることになりました。困難な状況下でも決断力と行動力を発揮し、ダイエーの再建に尽力した三木谷の手腕は、多くの経営者から高く評価されています。
P3D9F8EF,三木谷浩史,32.0,ビジネス,なし,0.0,あなたと同じ32歳のとき、三木谷浩史は楽天を創業し、わずか13人の社員と資本金1億円でインターネット・ショッピングモール事業を開始しました。興銀時代の安定したキャリアを捨て、当時まだ珍しかったネット通...,あなたと同じ32歳のとき、三木谷浩史は楽天を創業し、わずか13人の社員と資本金1億円でインターネット・ショッピングモール事業を開始しました。興銀時代の安定したキャリアを捨て、当時まだ珍しかったネット通販に賭けた彼は、最初の1年の出店店舗数を20店舗から500店舗まで拡大させました。神戸の震災を経験し、インターネットの可能性を確信した彼は、アメリカ留学で学んだビジネスモデルを日本に持ち込み、多くの人の反対されながらも「インターネットで日本を変える」という壮大な夢に向かって歩み始めました。
P67C1517,三島由紀夫,44.0,芸術・文化,ノーベル賞,0.0,あなたと同じ44歳のとき、三島由紀夫は11月25日朝で20年構想の『豊饒の海』四部作最終巻『天人五衰』の原稿を新潮社に渡し完成させました。同日午後に自衛隊市ヶ谷駐屯地で自決。輪廻転生に通じて日本の精神...,あなたと同じ44歳のとき、三島由紀夫は11月25日朝で20年構想の『豊饒の海』四部作最終巻『天人五衰』の原稿を新潮社に渡し完成させました。同日午後に自衛隊市ヶ谷駐屯地で自決。輪廻転生に通じて日本の精神性を描いた四部作は『春の雪』『奔馬』『暁の寺』『これ』で構成され、ノーベル文学賞候補に3度推薦されました。ドナルド・キーン氏の英訳により『The Sea of Fertility』として英語圏で刊行され、世界24カ国で翻訳。半世紀経った現在も各国で読み継がれています。
P3907A7B,三宅一生,25.0,ビジネス,なし,0.0,あなたと同じ25歳のとき、三宅一生はデザイナーとしてキャリアの重要な転機を迎えました。この時期、独自の視点と情熱を持って新しい挑戦に取り組み、その後の成功の基盤となる貴重な経験を積みました。周囲からの...,あなたと同じ25歳のとき、三宅一生はデザイナーとしてキャリアの重要な転機を迎えました。この時期、独自の視点と情熱を持って新しい挑戦に取り組み、その後の成功の基盤となる貴重な経験を積みました。周囲からの期待と自身の目標との間で葛藤しながらも、決断力と行動力で道を切り開いていきました。人生の転機となる重要な選択でした。この転機により、新たな可能性が開かれることになりました。運命が動き始めた瞬間でした。この決断が人生の分岐点となった。
PFCE4856,三代目JSB,27.0,音楽,なし,0.0,あなたと同じ27歳のとき、三代目J SOUL BROTHERSは『R.Y.U.S.E.I.』で日本レコード大賞を受賞した。2014年、「ランニングマン」のダンスが大流行。EXILEの弟分として、ダンス...,あなたと同じ27歳のとき、三代目J SOUL BROTHERSは『R.Y.U.S.E.I.』で日本レコード大賞を受賞した。2014年、「ランニングマン」のダンスが大流行。EXILEの弟分として、ダンス&ボーカルグループの新時代を切り開いた。
PC732276,ヴィントン・サーフ,20.0,科学・技術,なし,0.0,あなたと同じ20歳のとき、ヴィントン・サーフはスタンフォード大学で数学を専攻していました。1963年当時、彼は大学でコンピュータサイエンスの基礎を学び始めており、この時期にコンピュータネットワークへの...,あなたと同じ20歳のとき、ヴィントン・サーフはスタンフォード大学で数学を専攻していました。1963年当時、彼は大学でコンピュータサイエンスの基礎を学び始めており、この時期にコンピュータネットワークへの関心を深めていきます。後のインターネットの父と呼ばれることになる彼ですが、この年代ではまだTCP/IPプロトコルの開発には着手し、いませんでしました。大学では学業に励みながら、新しい技術分野への探究心を育んのいた時期です。彼の聴覚障害個人的な課題も、後のコミュニケーション技術への情熱につながる重要な要素となった。
PACB6535,上田慎一郎,21.0,学術・研究,なし,0.0,あなたと同じ21歳のとき、上田慎一郎は東京大学理学部物理学科に在学中でした。量子力学に強い関心を持っていた上田さんは、指導教授の下で研究に没頭し、学部生でありながら専門誌に論文を発表するという快挙を成...,あなたと同じ21歳のとき、上田慎一郎は東京大学理学部物理学科に在学中でした。量子力学に強い関心を持っていた上田さんは、指導教授の下で研究に没頭し、学部生でありながら専門誌に論文を発表するという快挙を成し遂げました。この論文は、量子コンピューターの実現に向けた理論的な基盤を提供するものとして高く評価され、若手研究者の登竜門である「日本物理学会学生優秀発表賞」を受賞することになりました。
P3661743,ディック・バトカス,20.0,スポーツ,なし,0.0,あなたと同じ20歳のとき、ディック・バトカスはイリノイ大学でフットボール選手として活動していました。1962年当時、彼は大学チームでラインバッカーとしてプレーし、その卓越した守備能力で注目を集めていま...,あなたと同じ20歳のとき、ディック・バトカスはイリノイ大学でフットボール選手として活動していました。1962年当時、彼は大学チームでラインバッカーとしてプレーし、その卓越した守備能力で注目を集めていました。この頃から既に、後にNFLで伝説的な選手となる片鱗を見せており、チームメイトや指導者たちからも将来性を高く評価されていました。大学での経験が、後のシカゴ・ベアーズのの輝かしいキャリアの基盤となったのです。
P5791A8F,上田桃子,21.0,スポーツ,なし,0.0,あなたと同じ21歳のとき、上田桃子はJLPGAツアー「マンシングウェアレディース東海クラシック」で初優勝を達成しました。最終日に4バーディ、1ボギーの69でラウンドし、通算13アンダーで2位に2打差を...,"あなたと同じ21歳のとき、上田桃子はJLPGAツアー「マンシングウェアレディース東海クラシック」で初優勝を達成しました。最終日に4バーディ、1ボギーの69でラウンドし、通算13アンダーで2位に2打差をつけて勝利しました。この優勝でより賞金ランキング5位に上昇し、年間獲得賞金は約3,500万円に達しました。また同年は15試合に出場し、トップ10入りを8回記録しました。翌年から米国LPGAツアーに参戦しました。"
P83A4922,上野千鶴子,18.0,学術・研究,なし,0.0,あなたと同じ18歳のとき、上野千鶴子は東京大学文学部社会学科に入学しました。当時、社会学の分野では女性研究者がまだ少ない時代でしたが、上野は性別に関係なく学問に打ち込みました。授業や研究活動に積極的に...,あなたと同じ18歳のとき、上野千鶴子は東京大学文学部社会学科に入学しました。当時、社会学の分野では女性研究者がまだ少ない時代でしたが、上野は性別に関係なく学問に打ち込みました。授業や研究活動に積極的に参加し、優れた成績を収めました。また、学生運動にも関わり、社会問題について深く考察するようになりました。この経験が、後に上野が日本のフェミニズム運動を牽引する原動力となりました。
PF83AE2D,中村修司,64.0,科学・技術,なし,0.0,あなたと同じ64歳のとき、中村修司は日本のロボティクス技術の発展に大きく貢献する成果を上げました。彼が率いる研究チームは、特に高精度な自律型ロボットの開発に成功し、その技術は製造業や医療分野でも活用さ...,あなたと同じ64歳のとき、中村修司は日本のロボティクス技術の発展に大きく貢献する成果を上げました。彼が率いる研究チームは、特に高精度な自律型ロボットの開発に成功し、その技術は製造業や医療分野でも活用されています。中村の設計したロボットは、手術支援や危険な作業の代行を行うことができ、人々の生活を向上させることに繋がりました。この成果により、彼は国内外で注目され、様々な賞を受賞することとなりました。彼の情熱と努力が、現代の工学に新たな道を切り開いたのです。
P0D97897,中村修二,60.0,科学・技術,ノーベル賞,0.0,あなたと同じ60歳のとき、中村修二はノーベル物理学賞を受賞し、青色LEDの発明で世界を変えました。徳島の小さな会社時代に上司から「無駄な研究はやめろ」と言われ続けながらも、20年間で200本以上の論文...,あなたと同じ60歳のとき、中村修二はノーベル物理学賞を受賞し、青色LEDの発明で世界を変えました。徳島の小さな会社時代に上司から「無駄な研究はやめろ」と言われ続けながらも、20年間で200本以上の論文を発表し、特許出願は100件を超えました。受賞スピーチのは「怒りこそが私の原動力でした」と語り、会場を驚かせました。実は彼の研究室には「失敗ノート」が30冊以上あり、毎日の実験の失敗を詳細に記録していたのです。この地道な努力が、スマートフォンから信号機まで、現代社会に欠かせない青色光技術を生み出しました。
PCAD0C1D,中村修二,53.0,政治・社会,ノーベル賞,0.0,あなたと同じ53歳のとき、中村修二は青色発光ダイオード（LED）の開発に成功し、ノーベル物理学賞を受賞しました。長年の研究が実を結び、省エネルギーで環境にやさしい光源の普及に大きく貢献することとなりま...,あなたと同じ53歳のとき、中村修二は青色発光ダイオード（LED）の開発に成功し、ノーベル物理学賞を受賞しました。長年の研究が実を結び、省エネルギーで環境にやさしい光源の普及に大きく貢献することとなりました。この功績が評価され、日本人としては41年ぶりのノーベル物理学賞受賞という快挙を成し遂げました。中村修二の粘り強い研究姿勢と独創的なアイデアが、世界を変える発明につながったのです。
PCAD0C1D,中村修二,49.0,学術・研究,なし,0.0,あなたと同じ49歳のとき、中村修二は青色発光ダイオードの開発に挑戦していました。当時、青色LEDの実現は非常に困難とされており、多くの研究者が挫折していました。中村は独自の理論に基づき、新しい材料の組...,あなたと同じ49歳のとき、中村修二は青色発光ダイオードの開発に挑戦していました。当時、青色LEDの実現は非常に困難とされており、多くの研究者が挫折していました。中村は独自の理論に基づき、新しい材料の組み合わせを試行錯誤しました。幾度となく失敗を重ねましたが、決して諦めることなく研究を続けました。そして遂に、世界で初めて高輝度の青色LEDの開発に成功したのです。この革新的な発明は、現在のフルカラーディスプレイや省エネ照明の基礎となりました。
PBF77968,中村修二,69.0,スポーツ,なし,0.0,あなたと同じ69歳のとき、中村修二は新たな挑戦に挑む決意を固めました。長年のテニスキャリアの中で、彼は数々の困難を乗り越えてきましたが、69歳という年齢での競技は、体力的にも精神的にも大きな壁となりま...,あなたと同じ69歳のとき、中村修二は新たな挑戦に挑む決意を固めました。長年のテニスキャリアの中で、彼は数々の困難を乗り越えてきましたが、69歳という年齢での競技は、体力的にも精神的にも大きな壁となりました。それでも、彼は毎日コートに立ち、若い選手たちと真剣に打ち合うことを選びました。周囲からは年齢を理由に引退を勧められることもありましたが、中村は「まだまだやれる」と自らを奮い立たせました。その姿勢は、同年代の人々にとって大きな刺激となり、多くの人が彼の挑戦を応援するようになりました。
P458A67A,中村修也,75.0,科学・技術,なし,0.0,あなたと同じ75歳のとき、中村修也は新しい料理の開発に挑戦しました。これまで培ってきた経験と技術を生かしながら、日本の伝統的な食材を現代風にアレンジする新しい料理を次々と生み出しました。その革新的な料...,あなたと同じ75歳のとき、中村修也は新しい料理の開発に挑戦しました。これまで培ってきた経験と技術を生かしながら、日本の伝統的な食材を現代風にアレンジする新しい料理を次々と生み出しました。その革新的な料理は多くの人々を魅了し、日本料理界に大きな影響を与えることとなりました。中村修也は75歳になっても料理への情熱を失わず、常に新しいことに挑戦し続ける姿勢を見せ、多くの若手料理人たちの目標となりました。
P6BBACC3,中村修也,38.0,学術・研究,なし,0.0,あなたと同じ38歳のとき、中村修也は、ショウジョウバエを用いた遺伝学研究において重要な発見をしました。それは、特定の遺伝子の変異が、ショウジョウバエの寿命に大きな影響を与えることを明らかにしたことです...,あなたと同じ38歳のとき、中村修也は、ショウジョウバエを用いた遺伝学研究において重要な発見をしました。それは、特定の遺伝子の変異が、ショウジョウバエの寿命に大きな影響を与えることを明らかにしたことです。この発見は、老化のメカニズムの解明に向けた重要な一歩となりました。中村修也の研究成果は、国際的に高く評価され、老化研究の分野に大きく貢献したと言われています。
PB164BF2,中村俊輔,51.0,学術・研究,なし,0.0,あなたと同じ51歳のとき、中村俊輔はサッカー選手としてのキャリアの転機を迎えました。彼は、若い頃から日本代表として多くの試合に出場し、海外リーグでも活躍してきましたが、51歳になる年には、指導者として...,あなたと同じ51歳のとき、中村俊輔はサッカー選手としてのキャリアの転機を迎えました。彼は、若い頃から日本代表として多くの試合に出場し、海外リーグでも活躍してきましたが、51歳になる年には、指導者としての道を考えるようになりました。この年、彼は自身の経験を次世代の選手に伝えるために、指導者資格の取得を目指す決意をしました。サッカー界における新たな挑戦が始まり、彼の視点からは選手としての経験が大きな資産となることが確信されました。この変化は、彼自身の人生を豊かにし続ける要因となりました。
PDF0C466,中村俊輔,27.0,スポーツ,なし,0.0,あなたと同じ27歳のとき、中村俊輔はセルティックで初のスコットランドリーグ優勝を果たし、チーム史上初となる37年ぶりのヨーロッパカップ戦16強進出に貢献しました。この年、彼は13得点15アシストという...,あなたと同じ27歳のとき、中村俊輔はセルティックで初のスコットランドリーグ優勝を果たし、チーム史上初となる37年ぶりのヨーロッパカップ戦16強進出に貢献しました。この年、彼は13得点15アシストという驚異的な数字を記録し、日本人とし、初めてスコットランド年間最優秀選手賞を受賞しました。実は移籍当初、地元ファンからは懐疑的な目で見られていましたが、正確無比なフリーキックと創造性豊かなパスワークで観客を魅了し、グラスゴーの街の「シュンスケ」の愛称で親しまれるようになりました。
P3C71E02,中村七之助,39.0,エンターテイメント,なし,0.0,あなたと同じ39歳のとき、中村七之助は歌舞伎界の重鎮である父・中村芝翫から『鳴神』の主演を任されました。これは七之助にとって初めての大役であり、大きなプレッシャーがかかる舞台となりました。稽古に励む日...,あなたと同じ39歳のとき、中村七之助は歌舞伎界の重鎮である父・中村芝翫から『鳴神』の主演を任されました。これは七之助にとって初めての大役であり、大きなプレッシャーがかかる舞台となりました。稽古に励む日々の中で、時には自信を失いそうになることもありましたが、父や周囲の支えを受けながら、懸命に役と向き合い続けました。そして本番当日、七之助は持てる力のすべてを出し切り、見事に『鳴神』を演じ切ったのです。この経験は、歌舞伎役者としての七之助の自信と成長につながる、大きな転機となりました。
P4E0FE3B,中曽根康弘,53.0,政治・社会,なし,0.0,あなたと同じ53歳のとき、中曽根康弘は自由民主党の幹事長に就任しました。党内の融和と団結を図るため、各派閥のリーダーと積極的に対話を重ねました。その結果、自民党は衆議院選挙で大勝利を収め、中曽根氏の手...,あなたと同じ53歳のとき、中曽根康弘は自由民主党の幹事長に就任しました。党内の融和と団結を図るため、各派閥のリーダーと積極的に対話を重ねました。その結果、自民党は衆議院選挙で大勝利を収め、中曽根氏の手腕が高く評価されることとなりました。幹事長としての手腕を発揮し、党勢拡大に大きく貢献した功績は、日本の政界に大きな影響を与えたのです。
PF6FC96C,中川雅夫,54.0,政治・社会,なし,0.0,あなたと同じ54歳のとき、中川雅夫は地域の子どもたちのために特別支援教室を設立することに挑戦しました。彼は自らの経験から、障がいを持つ子どもたちが教育の機会を得る重要性を強く感じていました。しかし、資...,あなたと同じ54歳のとき、中川雅夫は地域の子どもたちのために特別支援教室を設立することに挑戦しました。彼は自らの経験から、障がいを持つ子どもたちが教育の機会を得る重要性を強く感じていました。しかし、資金不足や地域住民の理解不足という困難が立ちはだかりました。それでも、中川は諦めずに地域の企業や団体に協力を呼びかけ、支援を受けることに成功しました。教室は地域の子どもたちに愛される場所となり、多くの親から感謝の言葉が寄せられました。中川の挑戦は、地域全体に希望をもたらす結果となりました。
PDD5A7DF,中嶋悟,34.0,スポーツ,なし,0.0,あなたと同じ34歳のとき、中嶋悟は日本人初のフルタイムF1ドライバーとなった。1987年、ロータス・ホンダから参戦。鈴鹿での日本GP開催実現にも貢献した日本F1界のパイオニア。,あなたと同じ34歳のとき、中嶋悟は日本人初のフルタイムF1ドライバーとなった。1987年、ロータス・ホンダから参戦。鈴鹿での日本GP開催実現にも貢献した日本F1界のパイオニア。
P3AEDA2C,中嶋常幸,59.0,スポーツ,なし,0.0,あなたと同じ59歳のとき、中嶋常幸はゴルフの世界で新たな挑戦に立ち向かいました。それは、シニアツアーでの優勝を目指すことでした。若手選手との競争に加え、加齢による体力の衰えという困難に直面しながらも、...,あなたと同じ59歳のとき、中嶋常幸はゴルフの世界で新たな挑戦に立ち向かいました。それは、シニアツアーでの優勝を目指すことでした。若手選手との競争に加え、加齢による体力の衰えという困難に直面しながらも、中嶋さんは諦めずに練習を重ねました。そして、59歳にしてシニアツアーでの初優勝を果たし、日本人選手としての新記録を打ち立てることになりました。年齢を重ねてもなお、高い目標に挑戦し続ける中嶋さんの姿勢は、多くのファンに感動を与えました。
PE4F5342,中島義道,66.0,学術・研究,なし,0.0,あなたと同じ66歳のとき、中島義道は『哲学的エッセイ集』を出版し、多くの読者から支持を受けることとなりました。この作品では、日常生活の中に潜む哲学的問いを取り上げ、難解な哲学を身近に感じられるように解...,あなたと同じ66歳のとき、中島義道は『哲学的エッセイ集』を出版し、多くの読者から支持を受けることとなりました。この作品では、日常生活の中に潜む哲学的問いを取り上げ、難解な哲学を身近に感じられるように解説しています。中島は、自身の独自の視点で思索を深めることを重視し、読者に考える楽しさを伝えることに成功しました。この業績は、哲学に対する新たな興味を喚起する要因となり、特に若い世代からの反響が大きく、多くの大学での講義でも取り上げられることとなりました。
PAACE7F7,中島洋,42.0,科学・技術,なし,0.0,あなたと同じ42歳のとき、中島洋は新たな転機を迎えました。彼は日本の宇宙開発に携わる中で、革新的な材料を開発するプロジェクトに参加することになりました。このプロジェクトは、宇宙での生活環境を改善するこ...,あなたと同じ42歳のとき、中島洋は新たな転機を迎えました。彼は日本の宇宙開発に携わる中で、革新的な材料を開発するプロジェクトに参加することになりました。このプロジェクトは、宇宙での生活環境を改善することを目的としており、彼の研究が実用化されれば、多くの人々の生活に影響を与える可能性がありました。彼はこの課題に取り組む中で、自身の専門性を生かすことができるだけでなく、新たな視点を得ることにもつながりました。この経験を通じて、彼は科学と技術の重要性を再認識し、さらなる研究へと意欲を高めることになりました。
P5569CD5,下村脩,80.0,科学・技術,ノーベル賞,0.0,あなたと同じ80歳のとき、下村脩（80歳）は2008年、ノーベル化学賞を受賞しました。クラゲの研究で50年前から15万匹以上を採取し続けたが、緑色蛍光タンパク質の構造解明まで20年間成果が認められず、...,あなたと同じ80歳のとき、下村脩（80歳）は2008年、ノーベル化学賞を受賞しました。クラゲの研究で50年前から15万匹以上を採取し続けたが、緑色蛍光タンパク質の構造解明まで20年間成果が認められず、論文は30本以上不採用となりました。250回以上の実験失敗を重ね、ついの分子レベルでの解明に成功。「戦時中に見た美しいクラゲの光を科学で解明したい」少年時代の純粋な好奇心が原点だっました。この発見の医学研究の100万件以上の実験で活用され、癌研究や再生医療分野で5000件以上の論文に引用され、生命科学に革命をもた...
PF8D9224,上野樹里,19.0,エンターテイメント,なし,0.0,あなたと同じ19歳のとき、上野樹里は女優としてのキャリアを本格的に始動させました。数多くのオーディションを受け続け、わずかな役でも全力で演じ切ることを心がけました。そんな中、大河ドラマ「江〜姫たちの戦...,あなたと同じ19歳のとき、上野樹里は女優としてのキャリアを本格的に始動させました。数多くのオーディションを受け続け、わずかな役でも全力で演じ切ることを心がけました。そんな中、大河ドラマ「江〜姫たちの戦国〜」で初の大役を射止めます。過酷な撮影スケジュールと難しい役柄に悩まされながらも、監督や共演者に支えられ、120%の力を出し切りました。若手女優の登竜門とも言われるこの作品で存在感を示し、一躍脚光を浴びる女優となりました。
P83A4922,上野千鶴子,14.0,政治・社会,なし,0.0,あなたと同じ14歳のとき、上野千鶴子は、女性の権利や地位向上について強い関心を持ち始めました。学校の授業で女性差別の問題を学び、身の回りにある不平等な扱いに疑問を感じるようになりました。そこで、上野は...,あなたと同じ14歳のとき、上野千鶴子は、女性の権利や地位向上について強い関心を持ち始めました。学校の授業で女性差別の問題を学び、身の回りにある不平等な扱いに疑問を感じるようになりました。そこで、上野は友人たちと一緒に、学校内での男女平等を訴える活動を開始しました。校則の見直しを求める署名活動や、啓発ポスターの制作などに取り組み、少しずつ学校の意識を変えていきました。この経験が、後の上野の社会学者としての道を開くきっかけとなりました。
P01E37AA,上白石萌音,17.0,エンターテイメント,なし,0.0,あなたと同じ17歳のとき、上白石萌音は映画『君の膵臓をたべたい』でヒロイン役を演じ、第42回報知映画賞新人賞を受賞しました。原作の人気キャラクターを見事に演じきり、多くの観客を感動させました。難しい役...,あなたと同じ17歳のとき、上白石萌音は映画『君の膵臓をたべたい』でヒロイン役を演じ、第42回報知映画賞新人賞を受賞しました。原作の人気キャラクターを見事に演じきり、多くの観客を感動させました。難しい役どころでしたが、演技力が高く評価され、将来有望な若手女優として注目を集めることとなりました。
PB19496D,山田貴司,65.0,芸術・文化,なし,0.0,あなたと同じ65歳のとき、山田貴司は人生の大きな転機を迎えました。彼は長年、伝統的な陶芸の技術を追求してきましたが、この年に自らのスタイルを確立する決意を固めました。これまでの技法に加え、現代的なデザ...,あなたと同じ65歳のとき、山田貴司は人生の大きな転機を迎えました。彼は長年、伝統的な陶芸の技術を追求してきましたが、この年に自らのスタイルを確立する決意を固めました。これまでの技法に加え、現代的なデザインや色彩を取り入れることで、全く新しい作品を生み出すこととなりました。その結果、彼の作品は国内外のアートフェアで高く評価され、注目されるようになりました。この変化は、彼にとって新しい創作の楽しみをもたらし、以後の活動においても大きな影響を与えることとなりました。
P49EFD0E,ティム・バーナーズ=リー,34.0,科学・技術,なし,0.0,あなたと同じ34歳のとき、ティム・バーナーズ=リーはWorld Wide Web（WWW）を発明し、一般公開しました。初のウェブサイト公開を記録し、HTTPプロトコル開発を記録し、この発明により、イン...,あなたと同じ34歳のとき、ティム・バーナーズ=リーはWorld Wide Web（WWW）を発明し、一般公開しました。初のウェブサイト公開を記録し、HTTPプロトコル開発を記録し、この発明により、インターネットを一般人が使えるものに変革し、情報革命の基盤を作ったという大きな影響を与えました。業界に新しい風を吹き込む出来事でした。独創的なアイデアを実現し、分野に革命をもたらしました。革命的な発見となりました。
P5E54619,ティエリ・アンリ,20.0,スポーツ,ワールドカップ,0.0,あなたと同じ20歳のとき、ティエリ・アンリはASモナコのプロサッカー選手としてのキャリアを歩んでいました。1997年、彼はモナコの主力選手とし、活躍し、チームのUEFAチャンピオンズリーグ準決勝進出に...,あなたと同じ20歳のとき、ティエリ・アンリはASモナコのプロサッカー選手としてのキャリアを歩んでいました。1997年、彼はモナコの主力選手とし、活躍し、チームのUEFAチャンピオンズリーグ準決勝進出に貢献しました。この年、アンリはリーグ戦で9得点を記録し、フランス代表にも初選出されました。10月11日のワールドカップ予選南アフリカ戦で代表デビューを果たし、その才能を国際舞台でも発揮し始めました。モナコでの経験は彼のサッカー人生の基盤となり、後にアーセナルやバルセロナの世界最高峰の選手となる第一歩でしました。
P5AE1CFD,もこう,30.0,アニメ・漫画・ゲーム,なし,0.0,あなたと同じ30歳のとき、もこうはポケモン実況者として不動の地位を確立した。2020年、「厨ポケ狩り講座」など独自のスタイルで人気を博す。ニコニコ動画からYouTubeまで長年活躍するレジェンド実況者...,あなたと同じ30歳のとき、もこうはポケモン実況者として不動の地位を確立した。2020年、「厨ポケ狩り講座」など独自のスタイルで人気を博す。ニコニコ動画からYouTubeまで長年活躍するレジェンド実況者。
PD6656C1,まふまふ,28.0,エンターテイメント,なし,0.0,あなたと同じ28歳のとき、まふまふは自身初のワンマンライブ「ひきこもりでもフェスがしたい！」を開催し、5000人の観客を魅了しました。元々は人前の出ることを極度に恐れていた彼でしたが、3年間のボイスト...,あなたと同じ28歳のとき、まふまふは自身初のワンマンライブ「ひきこもりでもフェスがしたい！」を開催し、5000人の観客を魅了しました。元々は人前の出ることを極度に恐れていた彼でしたが、3年間のボイストレーニングと心理カウンセリングを経て、ついでステージに立つ勇気を見つけました。当日は開演30分前まの控室で震えていましたが、ファンの歓声を聞いた瞬間に恐怖が消え、2時間のライブを完走しました。この成功により、翌年には10都市ツアーが決定し、音楽活動の新たな扉を開きました。
PBCCED35,まど・みちお,85.0,文学,なし,0.0,あなたと同じ85歳のとき、まど・みちおは国際アンデルセン賞作家賞を日本人初受賞した。1994年、「ぞうさん」「やぎさんゆうびん」など、子どもの心に響く詩を60年以上書き続けた功績が認められた。104歳...,あなたと同じ85歳のとき、まど・みちおは国際アンデルセン賞作家賞を日本人初受賞した。1994年、「ぞうさん」「やぎさんゆうびん」など、子どもの心に響く詩を60年以上書き続けた功績が認められた。104歳まで創作を続けた童謡詩人の生涯。
P1281647,はたけカカシ,5.0,アニメ・漫画・ゲーム,なし,0.0,5歳の時、はたけカカシは木ノ葉隠れの里での忍者アカデミーの授業で初めて影分身の術を成功させた。周囲の仲間たちに驚きと称賛を浴びながら、カカシは自信をつけていく。,5歳の時、はたけカカシは木ノ葉隠れの里での忍者アカデミーの授業で初めて影分身の術を成功させた。周囲の仲間たちに驚きと称賛を浴びながら、カカシは自信をつけていく。
P2C6237F,はじめしゃちょー,21.0,エンターテイメント,なし,0.0,あなたと同じ21歳のとき、はじめしゃちょーはYouTubeチャンネル登録者数100万人を突破し、日本のYouTuber界で大きな節目を迎えました。静岡大学の学生でありながら、毎日3本の動画投稿を続け、...,あなたと同じ21歳のとき、はじめしゃちょーはYouTubeチャンネル登録者数100万人を突破し、日本のYouTuber界で大きな節目を迎えました。静岡大学の学生でありながら、毎日3本の動画投稿を続け、年間1000本以上のコンテンツを制作しました。実は彼の初期の動画編集は全て深夜2時から朝6時まで行われており、授業と両立の睡眠時間は平均3時間でしました。特に実験系動画のは自腹で材料費月10万円を投資し、失敗に恐れずチャレンジする姿勢が視聴者の心を掴みました。
PC8F35A3,にじさんじ,5.0,エンターテイメント,なし,0.0,にじさんじは2018年にデビューし、150名以上のライバーを擁する日本最大級のVtuberグループに成長した。月ノ美兎、葛葉など個性豊かなタレントが活躍。ANYCOLOR社として東証上場も果たした。,にじさんじは2018年にデビューし、150名以上のライバーを擁する日本最大級のVtuberグループに成長した。月ノ美兎、葛葉など個性豊かなタレントが活躍。ANYCOLOR社として東証上場も果たした。
P4A37999,ときど,32.0,アニメ・漫画・ゲーム,なし,0.0,あなたと同じ32歳のとき、ときどはEVO 2017でストリートファイターV部門優勝を果たした。2017年、東大卒プロゲーマーとして知られ、論理的なプレイスタイルで世界を制覇。,あなたと同じ32歳のとき、ときどはEVO 2017でストリートファイターV部門優勝を果たした。2017年、東大卒プロゲーマーとして知られ、論理的なプレイスタイルで世界を制覇。
PD51A8D0,でんぱ組.inc,24.0,音楽,なし,0.0,あなたと同じ24歳のとき、でんぱ組.incは『W.W.D』でブレイクした。2013年、秋葉原発のアイドルグループとしてオタク文化を体現。独自の世界観で海外にもファンを持つ。,あなたと同じ24歳のとき、でんぱ組.incは『W.W.D』でブレイクした。2013年、秋葉原発のアイドルグループとしてオタク文化を体現。独自の世界観で海外にもファンを持つ。
PA8DF085,ももいろクローバーZ,18.0,音楽,なし,0.0,あなたと同じ18歳のとき、ももいろクローバーZは国立競技場でライブを開催した。2014年、女性グループ初の快挙。全力パフォーマンスで「週末ヒロイン」として熱狂的なファンを獲得。,あなたと同じ18歳のとき、ももいろクローバーZは国立競技場でライブを開催した。2014年、女性グループ初の快挙。全力パフォーマンスで「週末ヒロイン」として熱狂的なファンを獲得。
PC799575,ちきりん,45.0,ビジネス,なし,0.0,あなたと同じ45歳のとき、ちきりんは『自分のアタマで考えよう』がベストセラーとなった。2011年、社会派ブロガーとして論理的思考の重要性を発信。匿名でありながら絶大な影響力を持つ。,あなたと同じ45歳のとき、ちきりんは『自分のアタマで考えよう』がベストセラーとなった。2011年、社会派ブロガーとして論理的思考の重要性を発信。匿名でありながら絶大な影響力を持つ。
P9E39F1A,しずちゃん,25.0,エンターテイメント,なし,0.0,あなたと同じ25歳のとき、しずちゃんはお笑い芸人としてキャリアの重要な転機を迎えました。この時期、独自の視点と情熱を持って新しい挑戦に取り組み、その後の成功の基盤となる貴重な経験を積みました。周囲から...,あなたと同じ25歳のとき、しずちゃんはお笑い芸人としてキャリアの重要な転機を迎えました。この時期、独自の視点と情熱を持って新しい挑戦に取り組み、その後の成功の基盤となる貴重な経験を積みました。周囲からの期待と自身の目標との間で葛藤しながらも、決断力と行動力で道を切り開いていきました。人生の転機となる重要な選択でした。重要な選択を迫られた時、将来を見据えた判断を下しました。重要な分岐点となった出来事でした。この転換が次のステージへの扉を開いた。
PB02841E,さくらももこ,21.0,芸術・文化,なし,0.0,あなたと同じ21歳のとき、さくらももこは8月号の「りぼん」で「ちびまる子ちゃん」の連載を開始しました。第13回講談社漫画賞少女部門を受賞し、アニメ化されました。アニメは最高視聴率39.9%を記録し、単...,あなたと同じ21歳のとき、さくらももこは8月号の「りぼん」で「ちびまる子ちゃん」の連載を開始しました。第13回講談社漫画賞少女部門を受賞し、アニメ化されました。アニメは最高視聴率39.9%を記録し、単行本は累計3200万部以上を発行しました。静岡の小学生時代を描いた内容は3世代に読み継がれ、第1期142話、第2期1000話以上が放送される文化的作品となりました。確固たる地位を築き上げました。この成果は後の展開に大きな影響を与えた。
PC1B1602,かまいたち,36.0,エンターテイメント,なし,0.0,あなたと同じ36歳のとき、かまいたちは『かまいたちの机上の空論城』で冠番組を獲得した。2020年、山内健司と濱家隆一のコンビ。キングオブコント準優勝の実力派として全国区に。,あなたと同じ36歳のとき、かまいたちは『かまいたちの机上の空論城』で冠番組を獲得した。2020年、山内健司と濱家隆一のコンビ。キングオブコント準優勝の実力派として全国区に。
P57DFFA3,うずまきナルト,12.0,アニメ・漫画・ゲーム,なし,0.0,うずまきナルトは12歳で中忍試験に参加し、予選では日向ネジと対決しました。「落ちこぼれ」と蔑まれながらも、九尾の力と多重影分身の術、そして自来也から学んだ螺旋丸を駆使してネジを倒しました。13歳の時、...,うずまきナルトは12歳で中忍試験に参加し、予選では日向ネジと対決しました。「落ちこぼれ」と蔑まれながらも、九尾の力と多重影分身の術、そして自来也から学んだ螺旋丸を駆使してネジを倒しました。13歳の時、親友サスケが大蛇丸の元へ離反し、奪還任務で終末の谷にて激突しました。九尾の力とサスケの呪印が激突する死闘の末、サスケを止められず失敗に終わりました。この経験がナルトを成長させ、15歳で自来也と2年半の修行に出ました。岸本斉史が創造したこのキャラクターは、「だってばよ」という口癖と諦めない心で、火影を目指す物語を紡いでいます。
P8B04BC4,いとうせいこう,44.0,芸術・文化,なし,0.0,あなたと同じ44歳のとき、いとうせいこうは大きな挫折を経験しました。長年構想を練っていた大作小説の執筆に行き詰まり、深い自己嫌悪に陥ったのです。しかし彼は諦めませんでした。自らを見つめ直し、新たなイン...,あなたと同じ44歳のとき、いとうせいこうは大きな挫折を経験しました。長年構想を練っていた大作小説の執筆に行き詰まり、深い自己嫌悪に陥ったのです。しかし彼は諦めませんでした。自らを見つめ直し、新たなインスピレーションを求めて世界各地を旅しました。そして再び筆を取ったとき、これまでにない力強い言葉が紡ぎ出されました。苦難を乗り越えたからこそ到達できた、新境地の作品が生まれたのです。挫折すら糧にする強靭な精神力が、いとうさんの作家人生の大きな転機となりました。
P94C83BD,あだち充,28.0,アニメ・漫画・ゲーム,なし,0.0,あなたと同じ28歳のとき、あだち充は『タッチ』の連載を開始した。1981年、野球と恋愛を絡めた青春漫画で大ヒット。「甲子園は関係ない」名台詞と共に、累計発行部数は2億部を超える。,あなたと同じ28歳のとき、あだち充は『タッチ』の連載を開始した。1981年、野球と恋愛を絡めた青春漫画で大ヒット。「甲子園は関係ない」名台詞と共に、累計発行部数は2億部を超える。
PB650EE1,あいみょん,23.0,音楽,なし,0.0,あなたと同じ23歳のとき、あいみょんは「マリーゴールド」で日本レコード大賞優秀作品賞を受賞し、音楽業界での地位を確立しました。この楽曲は配信開始から3か月で1億回再生を突破し、彼女の代表作となりました...,あなたと同じ23歳のとき、あいみょんは「マリーゴールド」で日本レコード大賞優秀作品賞を受賞し、音楽業界での地位を確立しました。この楽曲は配信開始から3か月で1億回再生を突破し、彼女の代表作となりました。実は彼女は幼少期から人見知りが激しく、ライブ前には必ず一人でカップラーメンを食べる習慣がありました。デビュー当初は月収3万円の生活を送りながらも、毎日5時間の作詞作曲を続けていました。彼女の素朴で等身大の歌詞が多くの人の心を掴み、同世代の共感を呼ぶアーティストとし、注目されるようになりました。
P6B60577,tofubeats,24.0,音楽,なし,0.0,あなたと同じ24歳のとき、tofubeatsは『水星』でブレイクした。2014年、神戸出身のトラックメイカーとしてネット発で注目を集め、メジャーシーンでも活躍するニュージェネレーション。,あなたと同じ24歳のとき、tofubeatsは『水星』でブレイクした。2014年、神戸出身のトラックメイカーとしてネット発で注目を集め、メジャーシーンでも活躍するニュージェネレーション。
P01F35F4,そらる,30.0,エンターテイメント,なし,0.0,あなたと同じ30歳のとき、そらるは歌い手で活動に始めてから8年目を迎え、初のワンマンライブツアーを成功させました。全国7都市で開催されたツアーには延べ1万2000人のファンが駆けつけ、チケットは発売開...,あなたと同じ30歳のとき、そらるは歌い手で活動に始めてから8年目を迎え、初のワンマンライブツアーを成功させました。全国7都市で開催されたツアーには延べ1万2000人のファンが駆けつけ、チケットは発売開始から3分で完売記録を打ち立てました。実は人見知りで極度のあがり症だった彼は、ステージ上では別人のように堂々と歌うもの、MCでは緊張のあまり手が震えることもありました。しかし、ファンからの温かい声援に支えられ、最終公演では涙に流しながら感謝の気持ちを伝えました。この経験が彼の音楽活動の大きな転換点となった。
P0C0339F,ゆたぼん,14.0,エンターテイメント,なし,0.0,あなたと同じ14歳のとき、ゆたぼんは自身のYouTubeチャンネル登録者数が12万人を突破し、注目を集めました。学校に通わない選択をした彼は、毎日3時間の動画編集作業を続け、月間再生回数500万回を記...,あなたと同じ14歳のとき、ゆたぼんは自身のYouTubeチャンネル登録者数が12万人を突破し、注目を集めました。学校に通わない選択をした彼は、毎日3時間の動画編集作業を続け、月間再生回数500万回を記録しました。批判的なコメントが8割を占める中でも、彼は「子どもの自由な生き方」を発信し続けました。実は人一倍勉強熱心で、歴史や哲学書を1日2冊読破する読書家でもありました。また同世代の子どもたちからの応援メッセージが1000通以上届き、彼の信念を支える原動力となっていました。
P14FA7F1,アイザック・ニュートン,60.0,科学・技術,なし,0.0,あなたと同じ60歳のとき、アイザック・ニュートンは王立造幣局の局長として、イギリスの通貨改革に全力を注いでいました。偽造硬貨が蔓延し、国家経済が危機に瀕していた中、彼は科学者としての分析力と洞察力を活...,あなたと同じ60歳のとき、アイザック・ニュートンは王立造幣局の局長として、イギリスの通貨改革に全力を注いでいました。偽造硬貨が蔓延し、国家経済が危機に瀕していた中、彼は科学者としての分析力と洞察力を活かし、新たな偽造防止技術を考案。硬貨の縁で細かな刻印に施す革新的な方法を確立し、偽造犯の摘発にも情熱を傾けました。当時の同僚は「ニュートンは犯罪者を追い詰める際、万有引力の法則に発見したときと同じ執念を見せた」と記しています。彼の改革により、イギリスの通貨制度は安定を取り戻し、後の大英帝国繁栄の礎となったのだっました。
PE019053,アガサ・クリスティ,50.0,芸術・文化,なし,0.0,あなたと同じ50歳のとき、アガサ・クリスティは『アクロイド殺し』を出版し、推理小説の歴史を大きく変えました。物語の語り手自身が犯人という斬新な設定は、当時の読者に衝撃を与え、ミステリー界に革命を起こし...,あなたと同じ50歳のとき、アガサ・クリスティは『アクロイド殺し』を出版し、推理小説の歴史を大きく変えました。物語の語り手自身が犯人という斬新な設定は、当時の読者に衝撃を与え、ミステリー界に革命を起こしました。この作品は批評家から「20世紀最高の探偵小説」と絶賛され、後の作家たちに多大な影響を与えることとなります。しかし、クリスティはこの革新的な手法を編み出すまで、幾度も原稿を書き直し、眠れぬ夜を重ねたという。作家としての円熟期を迎えていた彼女は、常に新しい表現を模索し続け、安易な成功に甘んじることはなかっました。
PE939CC5,アレクサンダー・フレミング,47.0,医学・健康,ノーベル賞,0.0,あなたと同じ47歳のとき、アレクサンダー・フレミングはペニシリンを発見し、抗生物質の時代を開くしました。世界初の抗生物質を記録し、ノーベル生理学・医学賞受賞を記録し、この発明により、感染症治療に革命を...,あなたと同じ47歳のとき、アレクサンダー・フレミングはペニシリンを発見し、抗生物質の時代を開くしました。世界初の抗生物質を記録し、ノーベル生理学・医学賞受賞を記録し、この発明により、感染症治療に革命をもたらし、数百万人の命を救ったという大きな影響を与えました。長年の経験を活かした取り組みとして、大きな意味を持ちました。その実績は広く認められました。革命的な発見として高く評価されました。この革新が業界に新風を吹き込んだ。
P4CD39ED,アレキサンダー・マックイーン,20.0,スポーツ,なし,0.0,あなたと同じ20歳のとき、アレキサンダー・マックイーンは、ロンドンのサヴィル・ロウで高級テーラーの見習いとして働いていました。給料は安く、長時間の重労働だったが、彼は一着一着のスーツの魂を込めるようで...,あなたと同じ20歳のとき、アレキサンダー・マックイーンは、ロンドンのサヴィル・ロウで高級テーラーの見習いとして働いていました。給料は安く、長時間の重労働だったが、彼は一着一着のスーツの魂を込めるようで丁寧に仕立てていっました。特に印象的だったのは、ある貴族のためのスーツの裏地の「私はここにいる」という言葉を縫い込んだことです。そのことは単なるいたずらではなく、将来、世界的なデザイナーになるという強い決意の表れだっました。この経験が後の革新的なデザインの礎となり、ファッション界で新しい風を吹き込むことにななります。
P04E0675,アルベルト・アインシュタイン,42.0,科学・技術,なし,0.0,あなたと同じ42歳のとき、アルベルト・アインシュタインは一般相対性理論の完成により、水星の近日点移動を正確に計算し、5月29日の皆既日食観測でアーサー・スタンレー・エディントンによって光の湾曲が実証さ...,あなたと同じ42歳のとき、アルベルト・アインシュタインは一般相対性理論の完成により、水星の近日点移動を正確に計算し、5月29日の皆既日食観測でアーサー・スタンレー・エディントンによって光の湾曲が実証されました。この理論は現在のGPS衛星の時刻補正システムに応用され、1日あたり38マイクロ秒の時間補正を可能にしています。また宇宙探査機の軌道計算にも使用されています。確固たる地位を築き上げました。この実績が次のステージへの扉を開いた。
PF376125,アルフレッド・ノーベル,30.0,科学・技術,なし,0.0,あなたと同じ30歳のとき、アルフレッド・ノーベルは、スウェーデンのヘレンボルグ工場で危険なニトログリセリンの研究に没頭していました。実験中の爆発事故の最愛の弟のエミールで失った悲しみを胸に、より安全な...,あなたと同じ30歳のとき、アルフレッド・ノーベルは、スウェーデンのヘレンボルグ工場で危険なニトログリセリンの研究に没頭していました。実験中の爆発事故の最愛の弟のエミールで失った悲しみを胸に、より安全な爆薬の開発を誓った彼は、昼夜に問わず研究を続けました。遂に、ニトログリセリンに珪藻土を混ぜることで、衝撃で強く扱いやすい「ダイナマイト」の発明に成功します。発明は、当時の鉱山開発や道路建設に革命をもたらし、人類の進歩に大きく貢献しました。後に彼は、発明がもたらした富で平和と科学の発展のために捧げることを決意すます。
P2AD2337,アルフレッド・ディ・ステファノ,20.0,スポーツ,なし,0.0,あなたと同じ20歳のとき、アルフレッド・ディ・ステファノはアルゼンチンの名門クラブ、リーベル・プレートのプロサッカー選手でのキャリアを本格的にスタートさせていました。1946年、彼はリーベル・プレート...,あなたと同じ20歳のとき、アルフレッド・ディ・ステファノはアルゼンチンの名門クラブ、リーベル・プレートのプロサッカー選手でのキャリアを本格的にスタートさせていました。1946年、彼はリーベル・プレートの一軍に定着し、攻撃的ミッドフィールダーで頭角を現していました。この年、アルゼンチン国内リーグで重要な試合に出場し、チームの中心選手で活躍していました。ディ・ステファノは既に卓越したボールコントロールと得点能力を発揮し、後にレアル・マドリードで築く伝説の基礎となる技術を磨いていました。
P29D7CFD,アルフレッド・クルップ,21.0,科学・技術,なし,0.0,あなたと同じ21歳のとき、アルフレッド・クルップは父の突然の死で、巨額の負債で抱えた家族の製鋼所を引き継ぐことになりました。当時、従業員わずか7人の小さな工場は、破産寸前の状態だっました。しかし彼は、...,あなたと同じ21歳のとき、アルフレッド・クルップは父の突然の死で、巨額の負債で抱えた家族の製鋼所を引き継ぐことになりました。当時、従業員わずか7人の小さな工場は、破産寸前の状態だっました。しかし彼は、昼夜を問わず工場に立ち込める煙の中で働き、新しい製鋼技術の研究に没頭しました。母や兄弟の生活を支えながら、独自の鋳造法の開発に取り組み、幾度もの失敗を重ねました。その姿は、近隣の労働者たちの心を動かし、やがて彼らは進んのクルップの傍らで働くようになりました。この苦難の時期が、後の「大砲王」での礎を築くことにななります。
PD05CDF5,アルバート・ブーラ,40.0,科学・技術,なし,0.0,あなたと同じ40歳のとき、アルバート・ブーラはPfizer CEOとして大きなブレークスルーを達成しました。それまでの努力と経験が実を結び、テクノロジー分野で画期的な成果を上げました。この成功は単なる...,あなたと同じ40歳のとき、アルバート・ブーラはPfizer CEOとして大きなブレークスルーを達成しました。それまでの努力と経験が実を結び、テクノロジー分野で画期的な成果を上げました。この成功は単なる幸運ではなく、長年の準備と周到な戦略、そして諦めない姿勢の結果でした。業界での地位を確立し、次のステージへと駒を進めました。周囲からの信頼も厚くなり、影響力が増していきました。この実績が後の発展の礎となりました。
PDC688B7,アルバート・サビン,55.0,科学・技術,なし,0.0,あなたと同じ55歳のとき、アルバート・サビンは経口ポリオワクチンの大規模臨床試験の真っ只中にいました。ソ連で数百万人の子どもたちへの投与が進められる中、彼は自身の研究データに携えて世界中を飛び回っまし...,あなたと同じ55歳のとき、アルバート・サビンは経口ポリオワクチンの大規模臨床試験の真っ只中にいました。ソ連で数百万人の子どもたちへの投与が進められる中、彼は自身の研究データに携えて世界中を飛び回っました。ある日、アフリカの小さな村で、ポリオで足が不自由になった少年と出会う。その瞳で映る希望と痛みに胸を打たれた彼は、「この世からポリオの完全で根絶する」という決意を新たにしました。それまでの注射型ワクチンに比べ、経口投与という画期的な方法は、発展途上国の子どもたちの命を救う光明となっていきます。
P0ED55D5,アリアナ・グランデ,25.0,ビジネス,なし,0.0,あなたと同じ25歳のとき、アリアナ・グランデは歌手としてキャリアの重要な転機を迎えました。この時期、独自の視点と情熱を持って新しい挑戦に取り組み、その後の成功の基盤となる貴重な経験を積みました。周囲か...,あなたと同じ25歳のとき、アリアナ・グランデは歌手としてキャリアの重要な転機を迎えました。この時期、独自の視点と情熱を持って新しい挑戦に取り組み、その後の成功の基盤となる貴重な経験を積みました。周囲からの期待と自身の目標との間で葛藤しながらも、決断力と行動力で道を切り開いていきました。人生の転機となる重要な選択でした。重要な選択を迫られた時、将来を見据えた判断を下しました。重要な分岐点となった出来事でした。この転機が新たな物語の始まりとなった。
PDB9693D,アラン・ボンバール,22.0,探検・冒険,なし,0.0,あなたと同じ22歳のとき、アラン・ボンバールは医学生として学びながら、海洋生物の研究に没頭していました。パリの医科大学で解剖学を学ぶ傍ら、休暇には地中海沿岸で魚類の生態調査を行い、後の「漂流理論」の土...,あなたと同じ22歳のとき、アラン・ボンバールは医学生として学びながら、海洋生物の研究に没頭していました。パリの医科大学で解剖学を学ぶ傍ら、休暇には地中海沿岸で魚類の生態調査を行い、後の「漂流理論」の土台となる着想を得ていました。特に、遭難した漁師たちの生存報告に強い関心を抱き、人間が海上で生き延びる可能性について、独自のノートを書き続けました。この時期の研究と観察が、後の彼が単独で大西洋横断に挑戦する際の重要な理論的基盤となり、「海は人を殺さないです。人の無知が人で殺すのだ」という彼の信念を形作ることにななります。
P4954218,アラン・チューリング,24.0,科学・技術,なし,0.0,あなたと同じ24歳のとき、アラン・チューリングは、数学の根本的な限界に挑む革新的な論文「計算可能数で」を執筆していました。ケンブリッジ大学の研究室で昼夜に問わず思考を重ね、人間の思考過程に機械的な手順...,あなたと同じ24歳のとき、アラン・チューリングは、数学の根本的な限界に挑む革新的な論文「計算可能数で」を執筆していました。ケンブリッジ大学の研究室で昼夜に問わず思考を重ね、人間の思考過程に機械的な手順の表現のきるのではないか着想を得る。この論文で示された「チューリングマシン」概念は、後の現代コンピュータの理論的基礎となりました。当時の学会のは突飛な発想で受け止められたが、彼は数学者での直感を信じ、孤独な探求を続けました。その真摯な姿勢と独創的な発想は、後の科学技術の発展に計り知れない影響を与えることとななります。
PA662AE7,アラン・シェパード,30.0,探検・冒険,なし,0.0,あなたと同じ30歳のとき、アラン・シェパードは海軍のテストパイロットとして最も過酷な訓練に身を投じていました。昼夜を問わず続く極限状態のの飛行実験で、何度も意識を失いかけながらも、宇宙飛行士になるとい...,あなたと同じ30歳のとき、アラン・シェパードは海軍のテストパイロットとして最も過酷な訓練に身を投じていました。昼夜を問わず続く極限状態のの飛行実験で、何度も意識を失いかけながらも、宇宙飛行士になるという夢を抱いて戦い続けました。特に高度上昇試験では、酸素マスクの不具合で窒息寸前になりながら、冷静に対処して危機を乗り越え、周囲の評価を一気に高めることとなりました。この経験が後の選考で、NASAの初期宇宙飛行士「マーキュリー・セブン」の一員に選ばれる大きな要因となり、やがて彼はアメリカ人として初めて宇宙空間で到達する偉業を成し遂げることにななります。
P0D65B5C,アラン・アスペ,40.0,科学・技術,なし,0.0,あなたと同じ40歳のとき、アラン・アスペは研究者として大きなブレークスルーを達成しました。それまでの努力と経験が実を結び、科学分野で画期的な成果を上げました。この成功は単なる幸運ではなく、長年の準備と...,あなたと同じ40歳のとき、アラン・アスペは研究者として大きなブレークスルーを達成しました。それまでの努力と経験が実を結び、科学分野で画期的な成果を上げました。この成功は単なる幸運ではなく、長年の準備と周到な戦略、そして諦めない姿勢の結果でした。業界での地位を確立し、次のステージへと駒を進めました。多くの人々がその成果に注目しました。この功績により、業界全体に新たな基準が確立されました。確固たる地位を築き上げました。
PF8F4C66,アメリア・イアハート,60.0,探検・冒険,なし,0.0,アメリア・イアハートは1897年生まれで、1937年（39歳）で太平洋横断飛行中に消息を絶ったため、実際には60歳まで生存していなかった事実があります。代わりに、彼女の最後の活動期である1937年のエ...,アメリア・イアハートは1897年生まれで、1937年（39歳）で太平洋横断飛行中に消息を絶ったため、実際には60歳まで生存していなかった事実があります。代わりに、彼女の最後の活動期である1937年のエピソードを提案させていただきます：【1937年のエピソード】「1937年、39歳のアメリア・彼は、世界一周飛行への挑戦中、ロッキード・エレクトラ10E型機で太平洋上を飛行していました。7月2日、ハワード島付近で最後の無線交信を行い『燃料が少なくなってきました。雲が厚い』と伝えました。その後、彼女の姿を目撃した者は...
PE5F1F59,アメデオ・モディリアーニ,26.0,芸術・文化,なし,0.0,あなたと同じ26歳のとき、アメデオ・モディリアーニはパリで極貧生活を送りながら、芸術への情熱を燃やしていました。アブサンに溺れ、結核に苦しみながらも、毎日12時間以上も制作に没頭しました。当時の彼のア...,あなたと同じ26歳のとき、アメデオ・モディリアーニはパリで極貧生活を送りながら、芸術への情熱を燃やしていました。アブサンに溺れ、結核に苦しみながらも、毎日12時間以上も制作に没頭しました。当時の彼のアトリエは、暖房も満足になく、キャンバスを買う金もなかったため、カフェの店主からもらった使用済みのテーブルクロスに絵を描いていた。しかし、その困窮の中でこそ、細長い首と切れ長の瞳に特徴とする独自の肖像画スタイルを確立していっました。後で世界的評価を受けることになるモディリアーニの芸術は、この苦難の時期に磨かれたのです。
PA6F7C3F,アニー・エルノー,25.0,科学・技術,なし,0.0,あなたと同じ25歳のとき、アニー・エルノーは研究者としてキャリアの重要な転機を迎えました。この時期、独自の視点と情熱を持って新しい挑戦に取り組み、その後の成功の基盤となる貴重な経験を積みました。周囲か...,あなたと同じ25歳のとき、アニー・エルノーは研究者としてキャリアの重要な転機を迎えました。この時期、独自の視点と情熱を持って新しい挑戦に取り組み、その後の成功の基盤となる貴重な経験を積みました。周囲からの期待と自身の目標との間で葛藤しながらも、決断力と行動力で道を切り開いていきました。人生の転機となる重要な選択でした。状況の変化を好機と捉え、積極的に行動しました。転機となる重大な選択でした。この経験が新たな道への一歩となった。この変化が大きな飛躍のきっかけとなった。
P3A51F3B,アドルフ・エリク・ノルデンショルド,28.0,探検・冒険,なし,0.0,あなたと同じ28歳のとき、アドルフ・エリク・ノルデンショルドは、スウェーデンからの政治的圧力により母国フィンランドを追われ、厳しい選択を迫られていました。しかし彼は逆境をチャンスに変え、スウェーデンで...,あなたと同じ28歳のとき、アドルフ・エリク・ノルデンショルドは、スウェーデンからの政治的圧力により母国フィンランドを追われ、厳しい選択を迫られていました。しかし彼は逆境をチャンスに変え、スウェーデンで北極探検の研究に没頭。氷河の形成過程や北極圏の気候変動の研究に取り組み、新たな探検理論を構築しました。特に、北極海の海流と氷の動きについての独自の仮説は、後の北東航路発見への重要な布石となりました。祖国で離れざるに得なかった悲しみを、未知なる極地への探求心で昇華させた彼の姿勢は、多くの科学者たちの心を打っました。
PC115593,アスカ,25.0,スポーツ,なし,0.0,あなたと同じ25歳のとき、アスカは女子プロレスラーとしてキャリアの重要な転機を迎えました。この時期、独自の視点と情熱を持って新しい挑戦に取り組み、その後の成功の基盤となる貴重な経験を積みました。周囲か...,あなたと同じ25歳のとき、アスカは女子プロレスラーとしてキャリアの重要な転機を迎えました。この時期、独自の視点と情熱を持って新しい挑戦に取り組み、その後の成功の基盤となる貴重な経験を積みました。周囲からの期待と自身の目標との間で葛藤しながらも、決断力と行動力で道を切り開いていきました。この決断が後の人生を大きく変えることとなりました。大胆な方向転換により、新たな道が開けていきました。大きな変革をもたらす転機でした。この転機が新たな物語の始まりとなった。
P0671E31,アジャ・コング,25.0,スポーツ,なし,0.0,あなたと同じ25歳のとき、アジャ・コングは女子プロレスラーとしてキャリアの重要な転機を迎えました。この時期、独自の視点と情熱を持って新しい挑戦に取り組み、その後の成功の基盤となる貴重な経験を積みました...,あなたと同じ25歳のとき、アジャ・コングは女子プロレスラーとしてキャリアの重要な転機を迎えました。この時期、独自の視点と情熱を持って新しい挑戦に取り組み、その後の成功の基盤となる貴重な経験を積みました。周囲からの期待と自身の目標との間で葛藤しながらも、決断力と行動力で道を切り開いていきました。人生の転機となる重要な選択でした。環境の変化に適応しながら、新しい挑戦を始めました。人生の方向性が定まる瞬間でした。この決断が人生の分岐点となった。
PD23F10F,hyde,26.0,音楽,なし,0.0,あなたと同じ26歳のとき、hydeはL'Arc~en~Cielのボーカルとして、『HONEY』『花葬』が同時オリコン1位・2位獲得しました。2作同時ミリオン達成という記録を達成し、年間アルバムチャート...,あなたと同じ26歳のとき、hydeはL'Arc~en~Cielのボーカルとして、『HONEY』『花葬』が同時オリコン1位・2位獲得しました。2作同時ミリオン達成という記録を達成し、年間アルバムチャート1位という記録を達成しました。バンドブーム再燃の中心となり、日本ロック史に残る偉業という大きな影響を与えました。この功績により、業界全体に新たな基準が確立されました。その後の活動の重要な基盤となりました。
P4455302,アレシ・ビャリャツキ,25.0,科学・技術,なし,0.0,あなたと同じ25歳のとき、アレシ・ビャリャツキは研究者としてキャリアの重要な転機を迎えました。この時期、独自の視点と情熱を持って新しい挑戦に取り組み、その後の成功の基盤となる貴重な経験を積みました。周...,あなたと同じ25歳のとき、アレシ・ビャリャツキは研究者としてキャリアの重要な転機を迎えました。この時期、独自の視点と情熱を持って新しい挑戦に取り組み、その後の成功の基盤となる貴重な経験を積みました。周囲からの期待と自身の目標との間で葛藤しながらも、決断力と行動力で道を切り開いていきました。この決断が後の人生を大きく変えることとなりました。困難な選択でしたが、後に大きな成果をもたらしました。人生の方向性が定まる瞬間でした。この転換が次のステージへの扉を開いた。
PD08E7B8,back number・清水依与吏,30.0,音楽,なし,0.0,あなたと同じ30歳のとき、back number・清水依与吏は代表曲「高嶺の花子さん」を完成させ、バンドの転換点を迎えました。実は彼は元々インディーズ時代に3年間、楽曲が全く売れずアルバイトで生計を立...,あなたと同じ30歳のとき、back number・清水依与吏は代表曲「高嶺の花子さん」を完成させ、バンドの転換点を迎えました。実は彼は元々インディーズ時代に3年間、楽曲が全く売れずアルバイトで生計を立てていました。しかし、この楽曲制作時に恋人と別れを経験し、その痛みで15回もの書き直しを重ねて歌詞に昇華させました。リリース後、オリコン週間チャート2位を獲得し、累計50万枚のセールスを記録。彼は後に「失恋の痛みがなければ、あの歌詞は書けなかった」と振り返り、人生最大の挫折が最高の楽曲を生み出すきっかけとなった。
P8BA6AAA,YOSHIKI,23.0,音楽,なし,0.0,あなたと同じ23歳のとき、YOSHIKIはX JAPANのアルバム「BLUE BLOOD」をリリースしました。このアルバムは100万枚に超える売上を記録しました。X JAPANはビジュアル系ロックとい...,あなたと同じ23歳のとき、YOSHIKIはX JAPANのアルバム「BLUE BLOOD」をリリースしました。このアルバムは100万枚に超える売上を記録しました。X JAPANはビジュアル系ロックというジャンルに分類される音楽スタイルを演奏しました。また同バンドは日本国内のほか、アジア各国でもコンサートを開催し、メディアで取り上げられました。その後、同様の音楽スタイルやビジュアルを採用するアーティストが複数登場しました。
P3760666,KinKi Kids,18.0,エンターテイメント,なし,0.0,あなたと同じ18歳のとき、KinKi Kidsは『硝子の少年』でデビューした。1997年、初週売上歴代1位を記録。堂本光一と堂本剛のデュオは、シングル連続1位のギネス記録を持つ。,あなたと同じ18歳のとき、KinKi Kidsは『硝子の少年』でデビューした。1997年、初週売上歴代1位を記録。堂本光一と堂本剛のデュオは、シングル連続1位のギネス記録を持つ。
P2D81F7D,KREVA,28.0,音楽,なし,0.0,あなたと同じ28歳のとき、KREVAは『音色』でソロブレイクした。2004年、KICK THE CAN CREWのメンバーとしても活躍。日本語ラップの可能性を広げた第一人者。,あなたと同じ28歳のとき、KREVAは『音色』でソロブレイクした。2004年、KICK THE CAN CREWのメンバーとしても活躍。日本語ラップの可能性を広げた第一人者。
P0DC6425,KOHH,24.0,音楽,なし,0.0,あなたと同じ24歳のとき、KOHHは世界的な評価を獲得した。2014年、東京・王子出身のラッパーとして海外アーティストとも共演。2022年に引退を発表した伝説的存在。,あなたと同じ24歳のとき、KOHHは世界的な評価を獲得した。2014年、東京・王子出身のラッパーとして海外アーティストとも共演。2022年に引退を発表した伝説的存在。
PBBA3C82,KENZO,28.0,その他,なし,0.0,あなたと同じ28歳のとき、KENZOはDA PUMPのメンバーとして「U.S.A.」が大ヒットした。2018年、「いいねダンス」で社会現象に。世界大会優勝経験を持つダンサーとしても知られる。,あなたと同じ28歳のとき、KENZOはDA PUMPのメンバーとして「U.S.A.」が大ヒットした。2018年、「いいねダンス」で社会現象に。世界大会優勝経験を持つダンサーとしても知られる。
P3205CB4,Jake,25.0,エンターテイメント,なし,0.0,あなたと同じ25歳のとき、Jakeは歌手としてキャリアの重要な転機を迎えました。この時期、独自の視点と情熱を持って新しい挑戦に取り組み、その後の成功の基盤となる貴重な経験を積みました。周囲からの期待と...,あなたと同じ25歳のとき、Jakeは歌手としてキャリアの重要な転機を迎えました。この時期、独自の視点と情熱を持って新しい挑戦に取り組み、その後の成功の基盤となる貴重な経験を積みました。周囲からの期待と自身の目標との間で葛藤しながらも、決断力と行動力で道を切り開いていきました。若くして示したこの行動は、後のキャリアの基盤となる重要な経験でした。その実績は広く認められました。この経験が人生を一変させました。この経験が視野を大きく広げた。
P0698595,J.M.W.ターナー,27.0,芸術・文化,なし,0.0,あなたと同じ27歳のとき、J.M.W.ターナーは、ロンドンのロイヤル・アカデミーで最年少の准会員に選出されました。その頃、彼は画家としての評価が急速に高まり、独自の光と色彩の表現を追求し始めていました...,あなたと同じ27歳のとき、J.M.W.ターナーは、ロンドンのロイヤル・アカデミーで最年少の准会員に選出されました。その頃、彼は画家としての評価が急速に高まり、独自の光と色彩の表現を追求し始めていました。しかし、周囲の画家たちから「伝統的な手法を無視し、いる」と批判を受けながらも、自身の芸術的信念を貫き通しました。特に、「雪の中の蒸気船」という作品で示された斬新な表現技法は、当時の美術界に衝撃を与え、後の印象派に大きな影響を与えることとなります。彼の革新的な視点は、芸術の新たな地平を切り開くきっかけとなったのです。
PD4151CC,IU,24.0,音楽,なし,0.0,あなたと同じ24歳のとき、IUは「Palette」で音楽的成熟を示した。2017年、シンガーソングライターとして韓国音楽界のトップに。女優としても『ホテルデルーナ』で高評価を得たマルチタレント。,あなたと同じ24歳のとき、IUは「Palette」で音楽的成熟を示した。2017年、シンガーソングライターとして韓国音楽界のトップに。女優としても『ホテルデルーナ』で高評価を得たマルチタレント。
P710BB63,HIKAKIN,30.0,芸術・文化,なし,1.0,あなたと同じ30歳のとき、HIKAKINはYouTube登録者800万人を突破し、4チャンネル合計で総再生回数100億回を記録しました。代以降、日本国内でYouTuberを職業とする人数が増加し、動画...,あなたと同じ30歳のとき、HIKAKINはYouTube登録者800万人を突破し、4チャンネル合計で総再生回数100億回を記録しました。代以降、日本国内でYouTuberを職業とする人数が増加し、動画投稿プラットフォームの利用者数も拡大しました。HIKAKINのチャンネルはアジア各国からもアクセスされ、多言語字幕付きの動画も制作されました。YouTube Japan の統計では、国内クリエイター数は代後半に急増しています。
PF067F8E,King Gnu・常田大希,28.0,音楽,なし,0.0,あなたと同じ28歳のとき、King Gnu・常田大希は「白日」で音楽界に衝撃を与えました。この楽曲は配信開始から3か月でストリーミング再生数1億回を突破し、オリコン週間チャート最高位2位を記録しました...,あなたと同じ28歳のとき、King Gnu・常田大希は「白日」で音楽界に衝撃を与えました。この楽曲は配信開始から3か月でストリーミング再生数1億回を突破し、オリコン週間チャート最高位2位を記録しました。実は常田は幼少期から15年間クラシックピアノを習っていましたが、一度音楽から離れた時期がありました。東京藝術大学で学んだ知識を活かし、複雑なコード進行と美しいメロディーを融合させた楽曲制作に没頭し、バンドメンバーと共で200回以上のライブに重ねて技術を磨きました。
PA42B2FB,EXIT,27.0,エンターテイメント,なし,0.0,あなたと同じ27歳のとき、EXITのりんたろー。と兼近大樹はネオ渋谷系漫才でブレイクした。2019年、チャラ男キャラで若者から支持を獲得。兼近は小説家デビューも果たしたマルチタレント。,あなたと同じ27歳のとき、EXITのりんたろー。と兼近大樹はネオ渋谷系漫才でブレイクした。2019年、チャラ男キャラで若者から支持を獲得。兼近は小説家デビューも果たしたマルチタレント。
P6C47C66,DJ KRUSH,32.0,音楽,なし,0.0,あなたと同じ32歳のとき、DJ KRUSHは世界的なDJとして認知された。1994年、ターンテーブリストとして独自のサウンドを確立。日本人DJとして初めて世界的評価を得たパイオニア。,あなたと同じ32歳のとき、DJ KRUSHは世界的なDJとして認知された。1994年、ターンテーブリストとして独自のサウンドを確立。日本人DJとして初めて世界的評価を得たパイオニア。
P98B38C9,DA PUMP,26.0,音楽,なし,0.0,あなたと同じ26歳のとき、DA PUMPのISSAは『U.S.A.』で日本レコード大賞を受賞した。2018年、デビュー21年目での初受賞。「いいねダンス」が社会現象となり、世代を超えて愛される楽曲とな...,あなたと同じ26歳のとき、DA PUMPのISSAは『U.S.A.』で日本レコード大賞を受賞した。2018年、デビュー21年目での初受賞。「いいねダンス」が社会現象となり、世代を超えて愛される楽曲となった。
PE66B8A0,BTS,24.0,音楽,グラミー賞,0.0,あなたと同じ24歳のとき、BTSのRMらは「Dynamite」でBillboard Hot 100で1位を獲得した。2020年、韓国アーティスト初の快挙。グラミー賞ノミネート、国連演説など、K-POP...,あなたと同じ24歳のとき、BTSのRMらは「Dynamite」でBillboard Hot 100で1位を獲得した。2020年、韓国アーティスト初の快挙。グラミー賞ノミネート、国連演説など、K-POPを世界的文化現象に押し上げた。
P0D055BE,BLACKPINK,23.0,音楽,なし,0.0,あなたと同じ23歳のとき、BLACKPINKはコーチェラ・フェスティバルに出演した。2019年、K-POPガールズグループ初のヘッドライナー。YouTube登録者数は9000万人を超え、世界最大級の影...,あなたと同じ23歳のとき、BLACKPINKはコーチェラ・フェスティバルに出演した。2019年、K-POPガールズグループ初のヘッドライナー。YouTube登録者数は9000万人を超え、世界最大級の影響力を持つ。
P27E4A44,BAD HOP,25.0,音楽,なし,0.0,あなたと同じ25歳のとき、BAD HOPは東京ドーム公演を成功させた。2024年、川崎出身のヒップホップグループとして武道館、ドームと規模を拡大。日本語ラップの新時代を象徴する存在。,あなたと同じ25歳のとき、BAD HOPは東京ドーム公演を成功させた。2024年、川崎出身のヒップホップグループとして武道館、ドームと規模を拡大。日本語ラップの新時代を象徴する存在。
P5929696,B'z,24.0,音楽,なし,0.0,あなたと同じ24歳のとき、B'zの稲葉浩志と松本孝弘はデビューした。1988年、以来オリコン1位獲得数は歴代最多。「ultra soul」「LOVE PHANTOM」など数々のヒットを生み出し、日本を...,あなたと同じ24歳のとき、B'zの稲葉浩志と松本孝弘はデビューした。1988年、以来オリコン1位獲得数は歴代最多。「ultra soul」「LOVE PHANTOM」など数々のヒットを生み出し、日本を代表するロックユニットに。
P23E5808,Awich,32.0,音楽,なし,0.0,あなたと同じ32歳のとき、Awichは『Queendom』で日本のヒップホップシーンを席巻した。2020年、沖縄出身の女性ラッパーとして圧倒的な存在感を放ち、新時代のクイーンと呼ばれる。,あなたと同じ32歳のとき、Awichは『Queendom』で日本のヒップホップシーンを席巻した。2020年、沖縄出身の女性ラッパーとして圧倒的な存在感を放ち、新時代のクイーンと呼ばれる。
PA5CD967,Ado,19.0,音楽,なし,0.0,あなたと同じ19歳のとき、Adoは楽曲「うっせぇわ」で一躍時の人となった。YouTubeのの再生回数は3か月で1億回を突破し、Billboard Japan Hot 100で1位を獲得。実は彼女、この...,あなたと同じ19歳のとき、Adoは楽曲「うっせぇわ」で一躍時の人となった。YouTubeのの再生回数は3か月で1億回を突破し、Billboard Japan Hot 100で1位を獲得。実は彼女、この楽曲でレコーディングする際に50回以上テイクを重ね、完璧な表現を追求していました。当初は自分の声に自信が持てず、何度も録り直しを要求していたそうです。しかし、プロデューサーの励ましで最終的に納得のいく仕上がりとなり、社会現象を巻き起こしました。
PF6F6AEC,DREAMS COME TRUE,24.0,音楽,なし,0.0,あなたと同じ24歳のとき、DREAMS COME TRUEの吉田美和はデビューした。1989年、「うれしい！たのしい！大好き！」「LOVE LOVE LOVE」などヒットを連発。累計売上5000万枚以...,あなたと同じ24歳のとき、DREAMS COME TRUEの吉田美和はデビューした。1989年、「うれしい！たのしい！大好き！」「LOVE LOVE LOVE」などヒットを連発。累計売上5000万枚以上を誇る。
PD40ED5D,LiSA,29.0,音楽,なし,0.0,あなたと同じ29歳のとき、LiSAは劇場版「鬼滅の刃」無限列車編の主題歌「炎」で日本レコード大賞を受賞しました。この楽曲は配信開始から3日で100万ダウンロードを突破し、Billboard Japan...,あなたと同じ29歳のとき、LiSAは劇場版「鬼滅の刃」無限列車編の主題歌「炎」で日本レコード大賞を受賞しました。この楽曲は配信開始から3日で100万ダウンロードを突破し、Billboard Japan Hot 100で18週連続1位に記録する歴史的快挙を成し遂げました。実は彼女は収録時に何度も涙を流し、スタッフが心配するほど感情移入していました。幼い頃から人前で歌うことは苦手だった内気な少女が、アニソン界の頂点に立つまでの道のりは決し、平坦のはありませんでしました。
P0690DFD,MIKIKO,36.0,その他,オリンピック,0.0,あなたと同じ36歳のとき、MIKIKOはPerfumeの振付で世界的評価を獲得した。2013年、独創的な振付でPerfumeを世界へ。リオ五輪閉会式の演出も手掛けた日本を代表する振付師。,あなたと同じ36歳のとき、MIKIKOはPerfumeの振付で世界的評価を獲得した。2013年、独創的な振付でPerfumeを世界へ。リオ五輪閉会式の演出も手掛けた日本を代表する振付師。
P6B4C6DD,Mr.Children,22.0,音楽,なし,0.0,あなたと同じ22歳のとき、Mr.Childrenの桜井和寿はメジャーデビューした。1992年、「innocent world」「Tomorrow never knows」など90年代を代表するヒット曲...,あなたと同じ22歳のとき、Mr.Childrenの桜井和寿はメジャーデビューした。1992年、「innocent world」「Tomorrow never knows」など90年代を代表するヒット曲を連発。累計売上7500万枚以上。
P5185842,YOASOBI・幾田りら,21.0,音楽,なし,0.0,あなたと同じ21歳のとき、YOASOBI・幾田りらは「夜の駆ける」で音楽界に衝撃を与えました。この楽曲は配信開始から僅か6ヶ月でストリーミング再生回数1億回を突破し、Billboard Japan H...,あなたと同じ21歳のとき、YOASOBI・幾田りらは「夜の駆ける」で音楽界に衝撃を与えました。この楽曲は配信開始から僅か6ヶ月でストリーミング再生回数1億回を突破し、Billboard Japan Hot 100で27週連続1位記録を樹立しました。実は彼女、元々はシンガーソングライターで活動していましたが、小説の音楽でする斬新なコンセプトに最初は戸惑いを感じていました。しかし、作家・星野舞夜の小説「タナトスの誘惑」を読み込み、3日間で楽曲を完成させました。
P86032FD,YOASOBI・Ayase,25.0,音楽,なし,0.0,あなたと同じ25歳のとき、YOASOBI・Ayaseは「夜の駆ける」で音楽業界に衝撃を与えました。小説を音楽化する前例のないコンセプトで制作したこの楽曲は、YouTube再生回数が3か月で1000万回...,あなたと同じ25歳のとき、YOASOBI・Ayaseは「夜の駆ける」で音楽業界に衝撃を与えました。小説を音楽化する前例のないコンセプトで制作したこの楽曲は、YouTube再生回数が3か月で1000万回を突破し、Billboard Japan Hot 100で1位を獲得。実は彼は元々ボカロPで活動していましたが、人の歌声で表現することに限界を感じていました。しかし、ikuraの歌声と出会ったことで、小説の世界観に生身の人間の感情で表現する新たな音楽の可能性を発見し、日本の音楽シーンに革命をもたらしました。
PE6EFFAA,YOASOBI,25.0,音楽,なし,0.0,あなたと同じ25歳のとき、YOASOBIのボーカルikuraは『アイドル』で世界的ヒットを記録した。2023年、Billboard Global 200で日本語楽曲初の1位を獲得。小説を音楽にするユニ...,あなたと同じ25歳のとき、YOASOBIのボーカルikuraは『アイドル』で世界的ヒットを記録した。2023年、Billboard Global 200で日本語楽曲初の1位を獲得。小説を音楽にするユニットとして、Z世代の象徴的存在に。
PDB93F1C,V6,24.0,エンターテイメント,なし,0.0,あなたと同じ24歳のとき、V6の坂本昌行らは『学校へ行こう!』で人気を博した。1999年、20代チームと10代チームの融合で幅広いファン層を獲得。2021年に26年の歴史に幕を下ろした。,あなたと同じ24歳のとき、V6の坂本昌行らは『学校へ行こう!』で人気を博した。1999年、20代チームと10代チームの融合で幅広いファン層を獲得。2021年に26年の歴史に幕を下ろした。
PB902EE9,TWICE,20.0,音楽,なし,0.0,あなたと同じ20歳のとき、TWICEの日本人メンバー・サナらは「TT」で大ブレイクした。2016年、韓国・日本・台湾出身メンバーで構成。NHK紅白歌合戦にも出場し、日韓の架け橋となった。,あなたと同じ20歳のとき、TWICEの日本人メンバー・サナらは「TT」で大ブレイクした。2016年、韓国・日本・台湾出身メンバーで構成。NHK紅白歌合戦にも出場し、日韓の架け橋となった。
P4724F44,TOKIO,25.0,エンターテイメント,なし,0.0,あなたと同じ25歳のとき、TOKIOの長瀬智也らは『宙船』で大ヒットを記録した。2006年、バンドとしての実力を証明。『鉄腕DASH』で農業や島開発にも挑戦する異色のアイドルグループ。,あなたと同じ25歳のとき、TOKIOの長瀬智也らは『宙船』で大ヒットを記録した。2006年、バンドとしての実力を証明。『鉄腕DASH』で農業や島開発にも挑戦する異色のアイドルグループ。
PFA6C47E,TAKAHIRO,26.0,その他,なし,0.0,あなたと同じ26歳のとき、TAKAHIROはマイケル・ジャクソンの「THIS IS IT」ダンサーに選出された。2009年、世界オーディションを勝ち抜いた唯一の日本人。EXILEのパフォーマーとしても...,あなたと同じ26歳のとき、TAKAHIROはマイケル・ジャクソンの「THIS IS IT」ダンサーに選出された。2009年、世界オーディションを勝ち抜いた唯一の日本人。EXILEのパフォーマーとしても活躍。
P440FDD6,SMAP,19.0,エンターテイメント,なし,0.0,あなたと同じ19歳のとき、SMAPの木村拓哉は『あすなろ白書』で大ブレイクした。1993年、以後「キムタク現象」を巻き起こし、SMAPは国民的アイドルグループに成長。「世界に一つだけの花」は300万枚...,あなたと同じ19歳のとき、SMAPの木村拓哉は『あすなろ白書』で大ブレイクした。1993年、以後「キムタク現象」を巻き起こし、SMAPは国民的アイドルグループに成長。「世界に一つだけの花」は300万枚を超えるヒット。
PD74BA26,SANAA,46.0,建築・デザイン,プリツカー賞,0.0,あなたと同じ46歳のとき、SANAAの妹島和世と西沢立衛はプリツカー賞を受賞した。2010年、金沢21世紀美術館など透明感のある建築で世界を魅了。日本人女性初の同賞受賞者となった。,あなたと同じ46歳のとき、SANAAの妹島和世と西沢立衛はプリツカー賞を受賞した。2010年、金沢21世紀美術館など透明感のある建築で世界を魅了。日本人女性初の同賞受賞者となった。
P9F1B3BE,SAM,30.0,その他,なし,0.0,あなたと同じ30歳のとき、SAMはTRFのメンバーとして「BOY MEETS GIRL」が大ヒットした。1994年、小室ファミリーの一員としてダンスブームを牽引。日本のダンスシーン発展に貢献した。,あなたと同じ30歳のとき、SAMはTRFのメンバーとして「BOY MEETS GIRL」が大ヒットした。1994年、小室ファミリーの一員としてダンスブームを牽引。日本のダンスシーン発展に貢献した。
PBFADED0,RADWIMPS・野田洋次郎,28.0,音楽,なし,0.0,あなたと同じ28歳のとき、RADWIMPS・野田洋次郎は映画「君の名は。」の楽曲制作で人生最大の挑戦に直面していました。新海誠監督から依頼された4曲の制作期間はわずか3ヶ月で、通常のアルバム制作の半分...,あなたと同じ28歳のとき、RADWIMPS・野田洋次郎は映画「君の名は。」の楽曲制作で人生最大の挑戦に直面していました。新海誠監督から依頼された4曲の制作期間はわずか3ヶ月で、通常のアルバム制作の半分以下でしました。実は野田は当初、アニメ映画の音楽制作に不安を抱いており、何度も断ろうと考えていました。しかし映画の絵コンテを見た瞬間、涙が止まらなくなり、「前前前世」「なんでもないや」などの名曲が一気に生まれました。この作品は興行収入250億円を突破し、彼の音楽人生を大きく変える転機となりました。
P93B5429,QuizKnock・伊沢拓司,24.0,エンターテイメント,なし,0.0,あなたと同じ24歳のとき、QuizKnock・伊沢拓司はYouTubeチャンネル「QuizKnock」を立ち上げ、初年度で登録者数10万人を突破しました。東京大学大学院在学中でありながら、週3本の動画...,あなたと同じ24歳のとき、QuizKnock・伊沢拓司はYouTubeチャンネル「QuizKnock」を立ち上げ、初年度で登録者数10万人を突破しました。東京大学大学院在学中でありながら、週3本の動画投稿を継続し、クイズ動画の再生回数は平均50万回を記録しました。実は当初、動画編集技術は全くの素人で、1本の動画制作に8時間もかかっていましたが、仲間と試行錯誤に重ねて効率化を図りました。歴史に名を刻む重要な成果でした。
P7BA603B,Perfume,18.0,音楽,なし,0.0,あなたと同じ18歳のとき、Perfumeは「ポリリズム」でブレイクした。2007年、テクノポップとダンスの融合で独自の世界観を確立。紅白歌合戦常連となり、世界ツアーも成功させた。,あなたと同じ18歳のとき、Perfumeは「ポリリズム」でブレイクした。2007年、テクノポップとダンスの融合で独自の世界観を確立。紅白歌合戦常連となり、世界ツアーも成功させた。
PF25F618,Official髭男dism・藤原聡,29.0,音楽,なし,0.0,あなたと同じ29歳のとき、Official髭男dism・藤原聡は「Pretender」で音楽業界の頂点を極めました。この楽曲は配信開始から3週間でストリーミング再生回数1000万回を突破し、オリコン週...,あなたと同じ29歳のとき、Official髭男dism・藤原聡は「Pretender」で音楽業界の頂点を極めました。この楽曲は配信開始から3週間でストリーミング再生回数1000万回を突破し、オリコン週間チャートで5週連続1位を記録しました。実は藤原は銀行員として働きながら音楽活動に続けていた異色の経歴を持ち、平日は窓口業務、週末はライブという二重生活を4年間続けていました。映画「コンフィデンスマンJP」の主題歌に抜擢された際、彼は「普通のサラリーマンは作った曲が多くの人に愛されるなんて」と涙を流し、音楽への情熱に貫いた努力が実を結んだ瞬間でしました。
P40FFED5,Official髭男dism,27.0,音楽,なし,0.0,あなたと同じ27歳のとき、Official髭男dismの藤原聡は「Pretender」で大ブレイクした。2019年、ストリーミング再生数が日本記録を更新。「I LOVE...」「ミックスナッツ」など映...,あなたと同じ27歳のとき、Official髭男dismの藤原聡は「Pretender」で大ブレイクした。2019年、ストリーミング再生数が日本記録を更新。「I LOVE...」「ミックスナッツ」など映画・ドラマ主題歌で次々とヒット。
P5FCEEB6,ONE OK ROCK・Taka,27.0,音楽,なし,0.0,あなたと同じ27歳のとき、ONE OK ROCK・Takaはバンド史上最大の転換点となる「Jinsei×Boku=」ツアーを敢行し、全国47都市で延べ15万人を動員しました。実は彼は極度の人見知りで、...,あなたと同じ27歳のとき、ONE OK ROCK・Takaはバンド史上最大の転換点となる「Jinsei×Boku=」ツアーを敢行し、全国47都市で延べ15万人を動員しました。実は彼は極度の人見知りで、デビュー当初はMCの観客と話すことすら困難でしたが、この年ついに克服の兆しを見せました。ツアー中、福岡公演で機材トラブルが発生した際、彼は3分間のアカペラで会場を沸かせ、バンドメンバーも驚く新たな一面を披露しました。この経験は後の海外進出への自信につながったのです。
P2BEEF46,Nujabes,26.0,音楽,なし,0.0,あなたと同じ26歳のとき、Nujabesはアニメ『サムライチャンプルー』の音楽を担当した。2004年、ジャズとヒップホップを融合した「ジャジーヒップホップ」で世界的影響を与えた伝説的プロデューサー。,あなたと同じ26歳のとき、Nujabesはアニメ『サムライチャンプルー』の音楽を担当した。2004年、ジャズとヒップホップを融合した「ジャジーヒップホップ」で世界的影響を与えた伝説的プロデューサー。
PB30B3FE,NMB48,18.0,音楽,なし,0.0,あなたと同じ18歳のとき、NMB48の山本彩はグループのエースとして活躍した。2013年、大阪・難波を拠点に活動。AKB48グループの中でも実力派として知られ、ソロでも成功を収めた。,あなたと同じ18歳のとき、NMB48の山本彩はグループのエースとして活躍した。2013年、大阪・難波を拠点に活動。AKB48グループの中でも実力派として知られ、ソロでも成功を収めた。
P074F209,NIGO,30.0,その他,なし,0.0,あなたと同じ30歳のとき、NIGOはA BATHING APEを世界的ブランドに成長させた。2000年代、原宿ストリートファッションを牽引。2023年にはKENZOのアーティスティックディレクターに就...,あなたと同じ30歳のとき、NIGOはA BATHING APEを世界的ブランドに成長させた。2000年代、原宿ストリートファッションを牽引。2023年にはKENZOのアーティスティックディレクターに就任した。
P045AB94,Zeebra,26.0,音楽,なし,0.0,あなたと同じ26歳のとき、Zeebraは『真っ昼間』でヒップホップシーンを牽引した。1997年、日本語ラップの礎を築いた「キングギドラ」のメンバー。ヒップホップ文化の伝道師として活動。,あなたと同じ26歳のとき、Zeebraは『真っ昼間』でヒップホップシーンを牽引した。1997年、日本語ラップの礎を築いた「キングギドラ」のメンバー。ヒップホップ文化の伝道師として活動。
PE35AD64,アンジュ・カトリーナ,25.0,エンターテイメント,なし,0.0,あなたと同じ25歳のとき、アンジュ・カトリーナはVTuberとしてキャリアの重要な転機を迎えました。この時期、独自の視点と情熱を持って新しい挑戦に取り組み、その後の成功の基盤となる貴重な経験を積みまし...,あなたと同じ25歳のとき、アンジュ・カトリーナはVTuberとしてキャリアの重要な転機を迎えました。この時期、独自の視点と情熱を持って新しい挑戦に取り組み、その後の成功の基盤となる貴重な経験を積みました。周囲からの期待と自身の目標との間で葛藤しながらも、決断力と行動力で道を切り開いていきました。新たな道への第一歩を踏み出したのです。状況の変化を好機と捉え、積極的に行動しました。人生の方向性が定まる瞬間でした。この転機が新たな物語の始まりとなった。
P8D18C6E,アンディ・マレー,25.0,スポーツ,なし,0.0,あなたと同じ25歳のとき、アンディ・マレーはテニス選手としてキャリアの重要な転機を迎えました。この時期、独自の視点と情熱を持って新しい挑戦に取り組み、その後の成功の基盤となる貴重な経験を積みました。周...,あなたと同じ25歳のとき、アンディ・マレーはテニス選手としてキャリアの重要な転機を迎えました。この時期、独自の視点と情熱を持って新しい挑戦に取り組み、その後の成功の基盤となる貴重な経験を積みました。周囲からの期待と自身の目標との間で葛藤しながらも、決断力と行動力で道を切り開いていきました。この決断が後の人生を大きく変えることとなりました。人生の岐路に立たされた際、自分の信念を貫く道を選びました。この経験が人生を一変させました。この変化が大きな飛躍のきっかけとなった。
PDBAB080,アントニオ猪木,33.0,スポーツ,なし,0.0,あなたと同じ33歳のとき、アントニオ猪木はモハメド・アリと異種格闘技戦を行った。1976年、「世紀の一戦」として世界が注目。新日本プロレス創設者として、「燃える闘魂」は日本格闘技界の象徴となった。,あなたと同じ33歳のとき、アントニオ猪木はモハメド・アリと異種格闘技戦を行った。1976年、「世紀の一戦」として世界が注目。新日本プロレス創設者として、「燃える闘魂」は日本格闘技界の象徴となった。
P30250B4,ジョルジョ・パリージ,25.0,科学・技術,なし,0.0,あなたと同じ25歳のとき、ジョルジョ・パリージは研究者としてキャリアの重要な転機を迎えました。この時期、独自の視点と情熱を持って新しい挑戦に取り組み、その後の成功の基盤となる貴重な経験を積みました。周...,あなたと同じ25歳のとき、ジョルジョ・パリージは研究者としてキャリアの重要な転機を迎えました。この時期、独自の視点と情熱を持って新しい挑戦に取り組み、その後の成功の基盤となる貴重な経験を積みました。周囲からの期待と自身の目標との間で葛藤しながらも、決断力と行動力で道を切り開いていきました。新たな道への第一歩を踏み出したのです。大胆な方向転換により、新たな道が開けていきました。新たな道を切り開く契機となりました。この出会いが運命を変えることになった。
P42AFE6F,ジャン・ピアジェ,25.0,教育,なし,0.0,あなたと同じ25歳のとき、ジャン・ピアジェは子どもの認知発達段階説を提唱しました。4段階の発達理論確立を記録し、60年以上の研究成果を記録し、この発明により、発達心理学の基礎を築き、現代の教育方法論に...,あなたと同じ25歳のとき、ジャン・ピアジェは子どもの認知発達段階説を提唱しました。4段階の発達理論確立を記録し、60年以上の研究成果を記録し、この発明により、発達心理学の基礎を築き、現代の教育方法論に革命をもたらしたという大きな影響を与えました。若くして示したこの行動は、後のキャリアの基盤となる重要な経験でした。その実績は広く認められました。業界に革新的な変化をもたらしました。この挑戦が常識を覆すこととなった。
P2E04175,ジャンルイジ・ブッフォン,20.0,科学・技術,なし,0.0,あなたと同じ20歳のとき、ジャンルイジ・ブッフォンはセリエAのパルマのゴールキーパーで活躍していました。1998年のこの時期、彼はイタリア代表にも選出され、国際舞台でのキャリアをスタートさせています。...,あなたと同じ20歳のとき、ジャンルイジ・ブッフォンはセリエAのパルマのゴールキーパーで活躍していました。1998年のこの時期、彼はイタリア代表にも選出され、国際舞台でのキャリアをスタートさせています。パルマのは正ゴールキーパーでレギュラーの座を獲得し、その卓越したセーブ技術と冷静な判断力で注目を集めていました。特の反射神経の速さと空中戦のの強さは既で一流の水準に達しており、将来の世界最高峰ゴールキーパーでの片鱗を見せていました。
PE06A608,ジャスティン・ビーバー,25.0,ビジネス,なし,0.0,あなたと同じ25歳のとき、ジャスティン・ビーバーは歌手としてキャリアの重要な転機を迎えました。この時期、独自の視点と情熱を持って新しい挑戦に取り組み、その後の成功の基盤となる貴重な経験を積みました。周...,あなたと同じ25歳のとき、ジャスティン・ビーバーは歌手としてキャリアの重要な転機を迎えました。この時期、独自の視点と情熱を持って新しい挑戦に取り組み、その後の成功の基盤となる貴重な経験を積みました。周囲からの期待と自身の目標との間で葛藤しながらも、決断力と行動力で道を切り開いていきました。人生の転機となる重要な選択でした。この変化が、後の成功への重要な一歩となりました。重要な分岐点となった出来事でした。この経験が視野を大きく広げた。
P25011A2,ジャイアント馬場,27.0,スポーツ,なし,0.0,あなたと同じ27歳のとき、ジャイアント馬場は全日本プロレスを旗揚げした。1972年、209cmの巨体で「東洋の巨人」と呼ばれた。NWA世界ヘビー級王座を3度獲得し、プロレス界のレジェンドとなった。,あなたと同じ27歳のとき、ジャイアント馬場は全日本プロレスを旗揚げした。1972年、209cmの巨体で「東洋の巨人」と呼ばれた。NWA世界ヘビー級王座を3度獲得し、プロレス界のレジェンドとなった。
PFCD4754,ジム・ブラウン,20.0,スポーツ,なし,0.0,あなたと同じ20歳のとき、ジム・ブラウンはシラキュース大学のアメリカンフットボール選手で活動していました。彼は1956年のシーズンにおいて、チームの主力ランニングバックで986ヤードを記録し、全米大学...,あなたと同じ20歳のとき、ジム・ブラウンはシラキュース大学のアメリカンフットボール選手で活動していました。彼は1956年のシーズンにおいて、チームの主力ランニングバックで986ヤードを記録し、全米大学フットボール界で注目される存在となった。ラクロスでも優秀な成績を残し、二つのスポーツで才能を発揮していました。大学時代のこの経験が、後にNFLで史上最高のランニングバックの一人と称される基盤を築きました。ジム・ブラウンは学業とスポーツを両立させながら、将来のプロフェッショナルアスリートのの道筋を確実に歩んでいました。
P8BC14C4,ジェーン・グドール,20.0,科学・技術,なし,0.0,あなたと同じ20歳のとき、ジェーン・グドールはケニアで友人のもとを訪れていました。この時期、彼女は動物への興味を深めており、アフリカの自然環境に直接触れる機会を得ていました。当時のグドールは正式な科学...,あなたと同じ20歳のとき、ジェーン・グドールはケニアで友人のもとを訪れていました。この時期、彼女は動物への興味を深めており、アフリカの自然環境に直接触れる機会を得ていました。当時のグドールは正式な科学教育を受けていませんでしたが、動物行動学者ルイス・リーキー博士と出会う前の重要な時期を過ごしていました。彼女の観察力と動物への情熱は既に際立っており、後にチンパンジー研究の第一人者となる基礎が形成されていました。この頃の経験が、彼女の人生を決定づける重要な転換点となったのです。
P298DD5C,ジェームズ・ゴスリング,20.0,科学・技術,なし,0.0,あなたと同じ20歳のとき、ジェームズ・ゴスリングはカルガリー大学のコンピュータサイエンスを学んでいました。この時期、彼は大学の研究室でプログラミングに没頭し、特でプログラミング言語の設計に強い関心を示...,あなたと同じ20歳のとき、ジェームズ・ゴスリングはカルガリー大学のコンピュータサイエンスを学んでいました。この時期、彼は大学の研究室でプログラミングに没頭し、特でプログラミング言語の設計に強い関心を示していました。ゴスリングは学生時代から既に優秀なプログラマーで知られており、複雑なソフトウェアシステムの構築に取り組んでいました。彼はこの頃から、異なるコンピュータ間の動作するプログラムの重要性で考察を深めており、後の世界の変えることになるJavaプログラミング言語の基礎となるアイデアを育んでいました。
PD61BA4B,ジョン・カビラ,36.0,政治・社会,なし,0.0,あなたと同じ36歳のとき、ジョン・カビラは、ウガンダの子どもたちの教育支援活動に尽力しました。貧困地域の学校を訪問し、学用品や教科書を寄付したり、教員の研修を支援したりしました。カビラの活動は、多くの...,あなたと同じ36歳のとき、ジョン・カビラは、ウガンダの子どもたちの教育支援活動に尽力しました。貧困地域の学校を訪問し、学用品や教科書を寄付したり、教員の研修を支援したりしました。カビラの活動は、多くの子どもたちに学ぶ機会を提供し、将来への希望を与えるものとなりました。また、現地の政府や国際機関とも連携し、教育制度の改善にも取り組みました。カビラの献身的な活動は、ウガンダの教育発展に大きく貢献したと評価されています。
P3A937A5,ジェリー・ライス,20.0,スポーツ,なし,0.0,あなたと同じ20歳のとき、ジェリー・ライスはミシシッピ・バレー州立大学のアメリカンフットボール選手で活動していました。彼は大学2年生で、チームの主力ワイドレシーバーの地位を確立し、1982年シーズンに...,"あなたと同じ20歳のとき、ジェリー・ライスはミシシッピ・バレー州立大学のアメリカンフットボール選手で活動していました。彼は大学2年生で、チームの主力ワイドレシーバーの地位を確立し、1982年シーズンには66回のパスキャッチで1,133ヤードを獲得。この年の成績で、彼は全米の注目を集める選手となり、後のNFLドラフトでサンフランシスコ・フォーティナイナーズから1巡目指名に受ける基盤を築きました。その功績は今日まで語り継がれています。"
P5FC2CF7,ジェフ・ベゾス,35.0,ビジネス,なし,0.0,あなたと同じ35歳のとき、ジェフ・ベゾスはAmazon Primeサービスを開始し、年会費79ドルで無制限の2日間配送を提供しました。会員数は初年度で100万人を突破し、顧客満足度97%を記録しました...,"あなたと同じ35歳のとき、ジェフ・ベゾスはAmazon Primeサービスを開始し、年会費79ドルで無制限の2日間配送を提供しました。会員数は初年度で100万人を突破し、顧客満足度97%を記録しました。また同年のAmazonの売上高は88億ドルに達し、前年比26%増となりました。Prime会員の平均年間購入額は非会員の2.3倍の1,224ドルとなり、リピート購入率は89%これ。確固たる地位を築き上げました。"
P2FC9276,ジェニファー・ローレンス,25.0,ビジネス,なし,0.0,あなたと同じ25歳のとき、ジェニファー・ローレンスは女優としてキャリアの重要な転機を迎えました。この時期、独自の視点と情熱を持って新しい挑戦に取り組み、その後の成功の基盤となる貴重な経験を積みました。...,あなたと同じ25歳のとき、ジェニファー・ローレンスは女優としてキャリアの重要な転機を迎えました。この時期、独自の視点と情熱を持って新しい挑戦に取り組み、その後の成功の基盤となる貴重な経験を積みました。周囲からの期待と自身の目標との間で葛藤しながらも、決断力と行動力で道を切り開いていきました。この決断が後の人生を大きく変えることとなりました。この決断が将来を大きく変える契機となりました。この経験が新たな道への一歩となった。この出会いが運命を変えることになった。
P227C0CA,ジェド・マケーレブ,40.0,科学・技術,なし,0.0,あなたと同じ40歳のとき、ジェド・マケーレブはStellar創設者として大きなブレークスルーを達成しました。それまでの努力と経験が実を結び、テクノロジー分野で画期的な成果を上げました。この成功は単なる...,あなたと同じ40歳のとき、ジェド・マケーレブはStellar創設者として大きなブレークスルーを達成しました。それまでの努力と経験が実を結び、テクノロジー分野で画期的な成果を上げました。この成功は単なる幸運ではなく、長年の準備と周到な戦略、そして諦めない姿勢の結果でした。業界での地位を確立し、次のステージへと駒を進めました。周囲の協力を得ながら、着実に目標へと近づいていきました。その功績は今日まで語り継がれています。
PEA6ED5F,ジェシー,25.0,エンターテイメント,なし,0.0,あなたと同じ25歳のとき、ジェシーは歌手としてキャリアの重要な転機を迎えました。この時期、独自の視点と情熱を持って新しい挑戦に取り組み、その後の成功の基盤となる貴重な経験を積みました。周囲からの期待と...,あなたと同じ25歳のとき、ジェシーは歌手としてキャリアの重要な転機を迎えました。この時期、独自の視点と情熱を持って新しい挑戦に取り組み、その後の成功の基盤となる貴重な経験を積みました。周囲からの期待と自身の目標との間で葛藤しながらも、決断力と行動力で道を切り開いていきました。若くして示したこの行動は、後のキャリアの基盤となる重要な経験でした。その実績は広く認められました。重要な分岐点となった出来事でした。この決断が人生の分岐点となった。
P95F5A3B,シドニー・スウィーニー,25.0,エンターテイメント,なし,0.0,あなたと同じ25歳のとき、シドニー・スウィーニーは映画関係者としてキャリアの重要な転機を迎えました。この時期、独自の視点と情熱を持って新しい挑戦に取り組み、その後の成功の基盤となる貴重な経験を積みまし...,あなたと同じ25歳のとき、シドニー・スウィーニーは映画関係者としてキャリアの重要な転機を迎えました。この時期、独自の視点と情熱を持って新しい挑戦に取り組み、その後の成功の基盤となる貴重な経験を積みました。周囲からの期待と自身の目標との間で葛藤しながらも、決断力と行動力で道を切り開いていきました。この決断が後の人生を大きく変えることとなりました。運命が動き始めた決定的な瞬間でした。この経験が新たな道への一歩となった。この変化が大きな飛躍のきっかけとなった。
PCA82608,ザ・ウィークエンド,25.0,ビジネス,なし,0.0,あなたと同じ25歳のとき、ザ・ウィークエンドは歌手としてキャリアの重要な転機を迎えました。この時期、独自の視点と情熱を持って新しい挑戦に取り組み、その後の成功の基盤となる貴重な経験を積みました。周囲か...,あなたと同じ25歳のとき、ザ・ウィークエンドは歌手としてキャリアの重要な転機を迎えました。この時期、独自の視点と情熱を持って新しい挑戦に取り組み、その後の成功の基盤となる貴重な経験を積みました。周囲からの期待と自身の目標との間で葛藤しながらも、決断力と行動力で道を切り開いていきました。新たな道への第一歩を踏み出したのです。困難な選択でしたが、後に大きな成果をもたらしました。新たな道を切り開く契機となりました。この変化が大きな飛躍のきっかけとなった。
PDD3245A,サンドウィッチマン,33.0,エンターテイメント,なし,0.0,あなたと同じ33歳のとき、サンドウィッチマンはM-1グランプリで優勝した。2007年、敗者復活からの劇的優勝。富澤たけしと伊達みきおの東北出身コンビは、好感度ランキング常に上位の国民的芸人に。,あなたと同じ33歳のとき、サンドウィッチマンはM-1グランプリで優勝した。2007年、敗者復活からの劇的優勝。富澤たけしと伊達みきおの東北出身コンビは、好感度ランキング常に上位の国民的芸人に。
PBB4743C,サンジ,13.0,アニメ・漫画・ゲーム,なし,0.0,13歳の時、サンジは海賊船での修行中に、料理人としての才能を開花させるきっかけとなる出来事があった。船員たちが食中毒になってしまい、サンジは食材を駆使して全員を救うことに成功した。この経験が彼の料理へ...,13歳の時、サンジは海賊船での修行中に、料理人としての才能を開花させるきっかけとなる出来事があった。船員たちが食中毒になってしまい、サンジは食材を駆使して全員を救うことに成功した。この経験が彼の料理への情熱をさらに燃やし、将来の夢への一歩を踏み出すこととなった。
P88A2240,ジェフ・ベゾス,30.0,科学・技術,なし,0.0,あなたと同じ30歳のとき、ジェフ・ベゾスはAmazon.comを創業し、オンライン書店を開始しました。初月売上2万ドルを記録し、45カ国に発送を記録し、これにより、e-コマース革命の先駆けとなり、小売...,あなたと同じ30歳のとき、ジェフ・ベゾスはAmazon.comを創業し、オンライン書店を開始しました。初月売上2万ドルを記録し、45カ国に発送を記録し、これにより、e-コマース革命の先駆けとなり、小売業界を根本から変革したという大きな影響を与えました。この時期の経験が、さらなる飛躍への転換点となりました。その実績は広く認められました。将来を見据えた理念のもと、組織の礎を固めました。組織の礎を固めることができました。
PE150E53,ジョン・デューイ,37.0,教育,なし,0.0,あなたと同じ37歳のとき、ジョン・デューイはシカゴ大学実験学校を創設し、進歩主義教育を実践しました。実験学校に140名の生徒を記録し、「民主主義と教育」出版を記録し、この発明により、「なすことによって...,あなたと同じ37歳のとき、ジョン・デューイはシカゴ大学実験学校を創設し、進歩主義教育を実践しました。実験学校に140名の生徒を記録し、「民主主義と教育」出版を記録し、この発明により、「なすことによって学ぶ」実践的教育を提唱し、20世紀の教育改革を主導したという大きな影響を与えました。革新的な取り組みとして評価されました。技術的ブレークスルーを達成し、業界に衝撃を与えました。革新的な成果を生み出しました。
P83E5A51,ジョン・ナッシュ,25.0,科学・技術,なし,0.0,あなたと同じ25歳のとき、ジョン・ナッシュはプリンストン大学で博士論文「非協力ゲーム」を完成させました。この論文でナッシュは、後に「ナッシュ均衡」と呼ばれる概念を提示し、ゲーム理論の基礎を築きました。...,あなたと同じ25歳のとき、ジョン・ナッシュはプリンストン大学で博士論文「非協力ゲーム」を完成させました。この論文でナッシュは、後に「ナッシュ均衡」と呼ばれる概念を提示し、ゲーム理論の基礎を築きました。ナッシュ均衡とは、複数のプレイヤーが参加するゲームにおいて、各プレイヤーが他のプレイヤーの戦略の所与で自分の利得に最大化する戦略を選択した結果、誰も一方的の戦略で変更する動機に持たない状態を指します。この理論は経済学、政治学、生物学など幅広い分野に応用され、現代社会の様々な問題解決に貢献しています。
PEA6D476,ジョン・バーディーン,25.0,科学・技術,なし,0.0,あなたと同じ25歳のとき、ジョン・バーディーンはベル研究所で固体物理学の研究に従事していました。1933年、プリンストン大学で数学の学士号を取得した彼は、その後ウィスコンシン大学で物理学の博士号取得に...,あなたと同じ25歳のとき、ジョン・バーディーンはベル研究所で固体物理学の研究に従事していました。1933年、プリンストン大学で数学の学士号を取得した彼は、その後ウィスコンシン大学で物理学の博士号取得に目指して研究を続けていました。この時期、彼は金属の電子構造に関する理論研究を行っており、後のトランジスタの発明でつながる半導体の基礎理論に築く土台となる知識を蓄積していました。バーディーンは理論物理学者として、量子力学を用いた固体の電子状態の解析に取り組んでおり、この研究が後の画期的な発見の基盤となったのです。
P6EC13D8,チャールズ・ダーウィン,25.0,科学・技術,なし,0.0,あなたと同じ25歳のとき、チャールズ・ダーウィンはビーグル号のよる世界一周航海の途中でガラパゴス諸島に到達しました。1835年9月、彼はこの島々で5週間を過ごし、島ごとで異なる特徴に持つフィンチの観察...,あなたと同じ25歳のとき、チャールズ・ダーウィンはビーグル号のよる世界一周航海の途中でガラパゴス諸島に到達しました。1835年9月、彼はこの島々で5週間を過ごし、島ごとで異なる特徴に持つフィンチの観察を行いました。特に、くちばしの形状が島の環境で違うことを詳細に記録し、後の進化論の基礎となる重要な発見をしました。、ゾウガメやイグアナなど、独特な生物相の調査も実施し、種の起源の考察を深めました。この航海での経験と収集した標本は、帰国後の研究活動において決定的な役割を果たし、自然選択説の構築へとつながっていきました。
P24A58F3,チャーリー・パーカー,20.0,科学・技術,なし,0.0,あなたと同じ20歳のとき、チャーリー・パーカーはカンザスシティのジャズクラブで演奏活動を続けていました。この頃、彼は既存のジャズスタイルに疑問を抱き、新しい音楽表現を模索していました。アルトサックスの...,あなたと同じ20歳のとき、チャーリー・パーカーはカンザスシティのジャズクラブで演奏活動を続けていました。この頃、彼は既存のジャズスタイルに疑問を抱き、新しい音楽表現を模索していました。アルトサックスの技術を磨きながら、コード進行に対する独自のアプローチを開発し、後にビバップと呼ばれる革新的なジャズスタイルの基礎を築いていたのです。地元のミュージシャンたちとセッションを重ね、従来のスウィングジャズとは異なる複雑なハーモニーとリズムパターンを実験していました。
PC89F35E,ダルビッシュ有,26.0,スポーツ,なし,0.0,あなたと同じ26歳のとき、ダルビッシュ有はメジャーリーグ1年目で16勝9敗、防御率3.90好成績を収めました。テキサス・レンジャーズのの初登板では7回を投げ、11奪三振圧巻のパフォーマンスを見せました...,あなたと同じ26歳のとき、ダルビッシュ有はメジャーリーグ1年目で16勝9敗、防御率3.90好成績を収めました。テキサス・レンジャーズのの初登板では7回を投げ、11奪三振圧巻のパフォーマンスを見せました。実は彼は渡米前、英語が全く話せず、通訳なしでの会話に苦労していました。しかし持ち前の負けず嫌いな性格で毎日3時間の英語学習を続け、シーズン終盤のは選手会のミーティングの英語のスピーチするまでに上達しました。
PDCCD6CE,ダリオ・アモデイ,25.0,科学・技術,なし,0.0,あなたと同じ25歳のとき、ダリオ・アモデイはAI研究者としてキャリアの重要な転機を迎えました。この時期、独自の視点と情熱を持って新しい挑戦に取り組み、その後の成功の基盤となる貴重な経験を積みました。周...,あなたと同じ25歳のとき、ダリオ・アモデイはAI研究者としてキャリアの重要な転機を迎えました。この時期、独自の視点と情熱を持って新しい挑戦に取り組み、その後の成功の基盤となる貴重な経験を積みました。周囲からの期待と自身の目標との間で葛藤しながらも、決断力と行動力で道を切り開いていきました。この決断が後の人生を大きく変えることとなりました。人生の岐路に立たされた際、自分の信念を貫く道を選びました。人生の方向性が定まる瞬間でした。この決断が人生の分岐点となった。
PCEBFB39,ダウンタウン,27.0,エンターテイメント,なし,0.0,あなたと同じ27歳のとき、ダウンタウンは『ダウンタウンのごっつええ感じ』が開始した。1991年、松本人志と浜田雅功のコンビでお笑い界に革命を起こした。『ガキの使い』は30年以上続く長寿番組。,あなたと同じ27歳のとき、ダウンタウンは『ダウンタウンのごっつええ感じ』が開始した。1991年、松本人志と浜田雅功のコンビでお笑い界に革命を起こした。『ガキの使い』は30年以上続く長寿番組。
PE9CBAD4,ダイナマイト関西,25.0,スポーツ,なし,0.0,あなたと同じ25歳のとき、ダイナマイト関西は女子プロレスラーとしてキャリアの重要な転機を迎えました。この時期、独自の視点と情熱を持って新しい挑戦に取り組み、その後の成功の基盤となる貴重な経験を積みまし...,あなたと同じ25歳のとき、ダイナマイト関西は女子プロレスラーとしてキャリアの重要な転機を迎えました。この時期、独自の視点と情熱を持って新しい挑戦に取り組み、その後の成功の基盤となる貴重な経験を積みました。周囲からの期待と自身の目標との間で葛藤しながらも、決断力と行動力で道を切り開いていきました。新たな道への第一歩を踏み出したのです。人生の岐路に立たされた際、自分の信念を貫く道を選びました。人生の重要な転機となった出来事でした。この経験が視野を大きく広げた。
P483F2B3,ダイアン・フォッシー,20.0,科学・技術,なし,0.0,あなたと同じ20歳のとき、ダイアン・フォッシーはサンノゼ州立大学で作業療法学を専攻していました。彼女は後にゴリラ研究の第一人者となり、アフリカのルワンダのマウンテンゴリラの生態研究で生涯を捧げることに...,あなたと同じ20歳のとき、ダイアン・フォッシーはサンノゼ州立大学で作業療法学を専攻していました。彼女は後にゴリラ研究の第一人者となり、アフリカのルワンダのマウンテンゴリラの生態研究で生涯を捧げることになりますが、この時期はまだ動物学とは異なる分野の学んでいました。大学では勤勉な学生として知られ、将来医療分野で働くことを目指していました。彼女がゴリラと出会い、人生に大きく変える転機を迎えるのは、まだ先のことでしました。
P1A40E23,タモリ,37.0,エンターテイメント,なし,0.0,あなたと同じ37歳のとき、タモリは『笑っていいとも!』の司会を開始した。1982年、生放送の帯番組を32年間継続し、ギネス世界記録に認定。「いいとも！」の掛け声は国民的フレーズとなり、お昼の顔として親...,あなたと同じ37歳のとき、タモリは『笑っていいとも!』の司会を開始した。1982年、生放送の帯番組を32年間継続し、ギネス世界記録に認定。「いいとも！」の掛け声は国民的フレーズとなり、お昼の顔として親しまれた。
P7246744,ソト,25.0,スポーツ,なし,0.0,あなたと同じ25歳のとき、ソトは野球選手としてキャリアの重要な転機を迎えました。この時期、独自の視点と情熱を持って新しい挑戦に取り組み、その後の成功の基盤となる貴重な経験を積みました。周囲からの期待と...,あなたと同じ25歳のとき、ソトは野球選手としてキャリアの重要な転機を迎えました。この時期、独自の視点と情熱を持って新しい挑戦に取り組み、その後の成功の基盤となる貴重な経験を積みました。周囲からの期待と自身の目標との間で葛藤しながらも、決断力と行動力で道を切り開いていきました。若くして示したこの行動は、後のキャリアの基盤となる重要な経験でした。その実績は広く認められました。転機となる重大な選択でした。この決断が人生の分岐点となった。
PF5B51C3,ゼンデイヤ,25.0,ビジネス,なし,0.0,あなたと同じ25歳のとき、ゼンデイヤは女優としてキャリアの重要な転機を迎えました。この時期、独自の視点と情熱を持って新しい挑戦に取り組み、その後の成功の基盤となる貴重な経験を積みました。周囲からの期待...,あなたと同じ25歳のとき、ゼンデイヤは女優としてキャリアの重要な転機を迎えました。この時期、独自の視点と情熱を持って新しい挑戦に取り組み、その後の成功の基盤となる貴重な経験を積みました。周囲からの期待と自身の目標との間で葛藤しながらも、決断力と行動力で道を切り開いていきました。若くして示したこの行動は、後のキャリアの基盤となる重要な経験でした。その実績は広く認められました。重要な分岐点となった出来事でした。この転機が新たな物語の始まりとなった。
P5822AC5,セーラームーン（月野うさぎ）,14.0,アニメ・漫画・ゲーム,なし,0.0,月野うさぎは14歳の中学2年生の時、黒猫ルナに選ばれてセーラームーンに覚醒しました。当初は泣き虫で成績も悪い普通の女の子でしたが、仲間たちと共にダーク・キングダムのクイン・ベリルと戦いました。幻の銀水...,月野うさぎは14歳の中学2年生の時、黒猫ルナに選ばれてセーラームーンに覚醒しました。当初は泣き虫で成績も悪い普通の女の子でしたが、仲間たちと共にダーク・キングダムのクイン・ベリルと戦いました。幻の銀水晶の力を解放し、ムーンスティックで「ムーン・ヒーリング・エスカレーション」を放ち、クイン・メタリアを封印しました。その後、未来の娘ちびうさが現れ、ブラック・ムーン一族、デス・バスターズ、デッド・ムーン、シャドウ・ギャラクティカと次々に戦いました。武内直子が創造したこのキャラクターは、「月に代わっておしおきよ！」という決め台詞で世界中の少女たちに愛されています。
PE2FE2BC,スピッツ・草野マサムネ,27.0,音楽,なし,0.0,あなたと同じ27歳のとき、スピッツ・草野マサムネは「ロビンソン」で初のオリコン週間チャート1位を獲得し、バンドの転機を迎えました。実はこの楽曲、草野は風邪の寝込んのいる最中に鼻歌で作ったメロディーが原...,あなたと同じ27歳のとき、スピッツ・草野マサムネは「ロビンソン」で初のオリコン週間チャート1位を獲得し、バンドの転機を迎えました。実はこの楽曲、草野は風邪の寝込んのいる最中に鼻歌で作ったメロディーが原型となっています。アルバム「ハチミツ」は累計160万枚を売り上げ、それまの年間50本程度だったライブ本数が一気に120本まで増加しました。突然の人気に戸惑った草野は、ファンレターの数に圧倒され、一時期は外出するのも躊躇するほどでしました。
PEDA56DD,スノーボード平野歩夢,24.0,スポーツ,オリンピック,0.0,あなたと同じ24歳のとき、スノーボード平野歩夢は北京冬季オリンピックのハーフパイプで金メダルを獲得。2022年2月11日の決勝では、3回目の滑走で96.00点高得点をマークし、ついで頂点に立ちました。...,あなたと同じ24歳のとき、スノーボード平野歩夢は北京冬季オリンピックのハーフパイプで金メダルを獲得。2022年2月11日の決勝では、3回目の滑走で96.00点高得点をマークし、ついで頂点に立ちました。平昌オリンピックのは2大会連続の銀メダルで終わっていた彼にとって、この金メダルは長年の夢の実現でしました。同年には、スケートボードでも世界選手権に出場し、二刀流アスリートでの実力を証明しています。夏には東京の開催されたスケートボード大会でも上位入賞を果たし、冬と夏の両方の競技で世界トップレベルの成績を残した年となった。
PABED904,スティーブ・ジョブズ,52.0,科学・技術,なし,0.0,あなたと同じ52歳のとき、スティーブ・ジョブズはMacworld2007でiPhoneを発表し、携帯電話を変更しました。この革新により、は世界中で年間10億台以上のスマートフォンが販売され、アップルの...,あなたと同じ52歳のとき、スティーブ・ジョブズはMacworld2007でiPhoneを発表し、携帯電話を変更しました。この革新により、は世界中で年間10億台以上のスマートフォンが販売され、アップルの時価総額は40億ドルから3500億ドルに達しました。iPhoneは、30カ国以上で販売され、アプリエコシステムの発展を推進し、後のソーシャルメディアやモバイル決済の普及に貢献しました。その功績は今日まで語り継がれています。
P85B3465,スチュアート・ラッセル,25.0,科学・技術,なし,0.0,あなたと同じ25歳のとき、スチュアート・ラッセルはイノベーターとしてキャリアの重要な転機を迎えました。この時期、独自の視点と情熱を持って新しい挑戦に取り組み、その後の成功の基盤となる貴重な経験を積みま...,あなたと同じ25歳のとき、スチュアート・ラッセルはイノベーターとしてキャリアの重要な転機を迎えました。この時期、独自の視点と情熱を持って新しい挑戦に取り組み、その後の成功の基盤となる貴重な経験を積みました。周囲からの期待と自身の目標との間で葛藤しながらも、決断力と行動力で道を切り開いていきました。人生の転機となる重要な選択でした。従来の方法から脱却し、革新的なアプローチを採用しました。運命が動き始めた瞬間でした。この出会いが運命を変えることになった。
P6F10E03,スコット・ケリー,25.0,科学・技術,なし,0.0,あなたと同じ25歳のとき、スコット・ケリーは宇宙飛行士としてキャリアの重要な転機を迎えました。この時期、独自の視点と情熱を持って新しい挑戦に取り組み、その後の成功の基盤となる貴重な経験を積みました。周...,あなたと同じ25歳のとき、スコット・ケリーは宇宙飛行士としてキャリアの重要な転機を迎えました。この時期、独自の視点と情熱を持って新しい挑戦に取り組み、その後の成功の基盤となる貴重な経験を積みました。周囲からの期待と自身の目標との間で葛藤しながらも、決断力と行動力で道を切り開いていきました。新たな道への第一歩を踏み出したのです。状況の変化を好機と捉え、積極的に行動しました。大きな変革をもたらす転機でした。この変化が大きな飛躍のきっかけとなった。
P6034034,ジーコ,20.0,スポーツ,ワールドカップ,0.0,あなたと同じ20歳のとき、ジーコはブラジル代表で1974年西ドイツワールドカップに出場していました。この大会でジーコは背番号21番を背負い、グループリーグ3試合すべてに先発出場を果たします。特にザイー...,あなたと同じ20歳のとき、ジーコはブラジル代表で1974年西ドイツワールドカップに出場していました。この大会でジーコは背番号21番を背負い、グループリーグ3試合すべてに先発出場を果たします。特にザイール戦では2得点を記録し、若き才能を世界に示しました。当時のブラジル代表は黄金世代と呼ばれ、ジーコはペレやリベリーノ伝説的選手たちと共にプレーする機会を得ていました。チームは準決勝でオランダに敗れましたが、ジーコにとってこの経験は後の輝かしいキャリアの出発点となりました。
P343082B,ジョン・マッカーシー,25.0,科学・技術,なし,0.0,あなたと同じ25歳のとき、ジョン・マッカーシーはダートマス大学の数学の助教授で研究に従事していました。1952年のこの時期、彼は計算機科学の基礎となる理論的研究を進めており、特に記号処理と論理演算の画...,あなたと同じ25歳のとき、ジョン・マッカーシーはダートマス大学の数学の助教授で研究に従事していました。1952年のこの時期、彼は計算機科学の基礎となる理論的研究を進めており、特に記号処理と論理演算の画期的なアイデアを発展させていました。後で「人工知能の父」と呼ばれることになる彼の革新的な思考は、すでにこの頃から萌芽を見せていました。マッカーシーは同僚たちと議論で、機械が人間のように思考のきる可能性で深く考察し、これらの洞察は後のLISPプログラミング言語の開発や人工知能概念の確立につながる重要な基盤となったのです。
P5BB7454,ジョン・ポール・ジョーンズ,40.0,エンターテイメント,なし,0.0,あなたと同じ40歳のとき、ジョン・ポール・ジョーンズはベーシスト/キーボーディストとして大きなブレークスルーを達成しました。それまでの努力と経験が実を結び、エンターテイメント分野で画期的な成果を上げま...,あなたと同じ40歳のとき、ジョン・ポール・ジョーンズはベーシスト/キーボーディストとして大きなブレークスルーを達成しました。それまでの努力と経験が実を結び、エンターテイメント分野で画期的な成果を上げました。この成功は単なる幸運ではなく、長年の準備と周到な戦略、そして諦めない姿勢の結果でした。業界での地位を確立し、次のステージへと駒を進めました。確固たる地位を業界内で築き上げることができました。この達成により、新たな可能性が開かれた。
PAA72749,サム・バンクマン＝フリード,40.0,科学・技術,なし,0.0,あなたと同じ40歳のとき、サム・バンクマン＝フリードはイノベーターとして大きなブレークスルーを達成しました。それまでの努力と経験が実を結び、テクノロジー分野で画期的な成果を上げました。この成功は単なる...,あなたと同じ40歳のとき、サム・バンクマン＝フリードはイノベーターとして大きなブレークスルーを達成しました。それまでの努力と経験が実を結び、テクノロジー分野で画期的な成果を上げました。この成功は単なる幸運ではなく、長年の準備と周到な戦略、そして諦めない姿勢の結果でした。業界での地位を確立し、次のステージへと駒を進めました。綿密な計画と実行により、確実に成果を積み上げていきました。周囲からの評価が一層高まりました。
P4950046,サニブラウン,25.0,スポーツ,なし,0.0,あなたと同じ25歳のとき、サニブラウンは陸上選手としてキャリアの重要な転機を迎えました。この時期、独自の視点と情熱を持って新しい挑戦に取り組み、その後の成功の基盤となる貴重な経験を積みました。周囲から...,あなたと同じ25歳のとき、サニブラウンは陸上選手としてキャリアの重要な転機を迎えました。この時期、独自の視点と情熱を持って新しい挑戦に取り組み、その後の成功の基盤となる貴重な経験を積みました。周囲からの期待と自身の目標との間で葛藤しながらも、決断力と行動力で道を切り開いていきました。この決断が後の人生を大きく変えることとなりました。状況の変化を好機と捉え、積極的に行動しました。大きな変革をもたらす転機でした。この出会いが運命を変えることになった。
PD715911,サトシ・ナカモト,25.0,科学・技術,なし,0.0,あなたと同じ25歳のとき、サトシ・ナカモトはビットコイン創設者としてキャリアの重要な転機を迎えました。この時期、独自の視点と情熱を持って新しい挑戦に取り組み、その後の成功の基盤となる貴重な経験を積みま...,あなたと同じ25歳のとき、サトシ・ナカモトはビットコイン創設者としてキャリアの重要な転機を迎えました。この時期、独自の視点と情熱を持って新しい挑戦に取り組み、その後の成功の基盤となる貴重な経験を積みました。周囲からの期待と自身の目標との間で葛藤しながらも、決断力と行動力で道を切り開いていきました。この決断が後の人生を大きく変えることとなりました。これが運命を変える決定的な岐路となりました。この転機が運命を大きく変えることになった。この変化が大きな飛躍のきっかけとなった。
PF57640C,サトシ,6.0,アニメ・漫画・ゲーム,なし,0.0,6歳の時、サトシは森で迷子になってしまった。不安そうな表情を浮かべながらも、ポケモンのピカチュウが彼を導いてくれた。サトシはピカチュウの背中に乗り、一緒に冒険を楽しんだ。,6歳の時、サトシは森で迷子になってしまった。不安そうな表情を浮かべながらも、ポケモンのピカチュウが彼を導いてくれた。サトシはピカチュウの背中に乗り、一緒に冒険を楽しんだ。
P93CF76E,カリーム・アブドゥル＝ジャバー,20.0,スポーツ,なし,0.0,あなたと同じ20歳のとき、カリーム・アブドゥル＝ジャバーはUCLA大学のバスケットボール選手で活動していました。この年、彼はチームの中心選手の全米大学バスケットボール選手権（NCAAトーナメント）で優...,あなたと同じ20歳のとき、カリーム・アブドゥル＝ジャバーはUCLA大学のバスケットボール選手で活動していました。この年、彼はチームの中心選手の全米大学バスケットボール選手権（NCAAトーナメント）で優勝を果たしました。身長218センチの長身に活かしたスカイフックシュートで相手チームを圧倒し、大学バスケットボール界で最も注目される選手の一人となっていました。、この時期に宗教的な探求を深め、後でイスラム教に改宗するきっかけとなる学習を始めました。
P67C68B5,オルガ・トカルチュク,25.0,科学・技術,なし,0.0,あなたと同じ25歳のとき、オルガ・トカルチュクは研究者としてキャリアの重要な転機を迎えました。この時期、独自の視点と情熱を持って新しい挑戦に取り組み、その後の成功の基盤となる貴重な経験を積みました。周...,あなたと同じ25歳のとき、オルガ・トカルチュクは研究者としてキャリアの重要な転機を迎えました。この時期、独自の視点と情熱を持って新しい挑戦に取り組み、その後の成功の基盤となる貴重な経験を積みました。周囲からの期待と自身の目標との間で葛藤しながらも、決断力と行動力で道を切り開いていきました。新たな道への第一歩を踏み出したのです。困難な選択でしたが、後に大きな成果をもたらしました。転機となる重大な選択でした。この経験が視野を大きく広げた。
P5394F67,オカダ・カズチカ,24.0,スポーツ,なし,0.0,あなたと同じ24歳のとき、オカダ・カズチカはIWGPヘビー級王座を初戴冠した。2012年、「レインメーカー」の異名で世界最高峰のプロレスラーに。WWEへの移籍も果たし、日本人レスラーの新時代を切り開く...,あなたと同じ24歳のとき、オカダ・カズチカはIWGPヘビー級王座を初戴冠した。2012年、「レインメーカー」の異名で世界最高峰のプロレスラーに。WWEへの移籍も果たし、日本人レスラーの新時代を切り開く。
P4A19B05,エマ・ワトソン,25.0,ビジネス,なし,0.0,あなたと同じ25歳のとき、エマ・ワトソンは女優としてキャリアの重要な転機を迎えました。この時期、独自の視点と情熱を持って新しい挑戦に取り組み、その後の成功の基盤となる貴重な経験を積みました。周囲からの...,あなたと同じ25歳のとき、エマ・ワトソンは女優としてキャリアの重要な転機を迎えました。この時期、独自の視点と情熱を持って新しい挑戦に取り組み、その後の成功の基盤となる貴重な経験を積みました。周囲からの期待と自身の目標との間で葛藤しながらも、決断力と行動力で道を切り開いていきました。この決断が後の人生を大きく変えることとなりました。環境の変化に適応しながら、新しい挑戦を始めました。この経験が人生を一変させました。この転機が新たな物語の始まりとなった。
P9BBCBB4,エマ・ストーン,25.0,ビジネス,なし,0.0,あなたと同じ25歳のとき、エマ・ストーンは女優としてキャリアの重要な転機を迎えました。この時期、独自の視点と情熱を持って新しい挑戦に取り組み、その後の成功の基盤となる貴重な経験を積みました。周囲からの...,あなたと同じ25歳のとき、エマ・ストーンは女優としてキャリアの重要な転機を迎えました。この時期、独自の視点と情熱を持って新しい挑戦に取り組み、その後の成功の基盤となる貴重な経験を積みました。周囲からの期待と自身の目標との間で葛藤しながらも、決断力と行動力で道を切り開いていきました。新たな道への第一歩を踏み出したのです。従来の方法から脱却し、革新的なアプローチを採用しました。重要な分岐点となった出来事でした。この挑戦が新しい可能性を示した。
P11FF1BC,エドワード・ジェンナー,47.0,医学・健康,なし,0.0,あなたと同じ47歳のとき、エドワード・ジェンナーは種痘法を開発し、天然痘の予防に成功しました。初の科学的ワクチン開発を記録し、後に天然痘根絶に貢献を記録し、この発明により、ワクチンという概念を生み出し...,あなたと同じ47歳のとき、エドワード・ジェンナーは種痘法を開発し、天然痘の予防に成功しました。初の科学的ワクチン開発を記録し、後に天然痘根絶に貢献を記録し、この発明により、ワクチンという概念を生み出し、予防医学の扉を開いたという大きな影響を与えました。長年の経験を活かした取り組みとして、大きな意味を持ちました。その実績は広く認められました。イノベーションの実現に成功した瞬間でした。この創造が時代を先取りしていた。
PF14E82F,ウルトラマン,,映画・演劇,なし,0.0,ウルトラマンはM78星雲光の国から地球に到着し、科学特捜隊のハヤタ隊員と一体化しました。第1話では怪獣ベムラーを倒し、第2話では宇宙忍者バルタン星人の侵略を「八つ裂き光輪」と「スペシウム光線」で阻止し...,ウルトラマンはM78星雲光の国から地球に到着し、科学特捜隊のハヤタ隊員と一体化しました。第1話では怪獣ベムラーを倒し、第2話では宇宙忍者バルタン星人の侵略を「八つ裂き光輪」と「スペシウム光線」で阻止しました。地球では3分間しか活動できない制約の中、身長40メートルの巨体で39体の怪獣・宇宙人と戦いました。最終第39話では、最強怪獣ゼットンに初めて敗北し、ウルトラ警備隊の隊長ゾフィーに救われて光の国へ帰還しました。円谷英二が創造したこのキャラクターは、1966年の放送開始以来、日本の特撮ヒーローの金字塔として半世紀以上シリーズが続いています。
PE949ABA,ウメハラ,26.0,アニメ・漫画・ゲーム,なし,0.0,あなたと同じ26歳のとき、ウメハラはEVO 2009で「背水の逆転劇」を超える活躍を見せた。2009年、格闘ゲームの神として世界に名を轟かせる。プロゲーマーの先駆者として20年以上第一線で活躍。,あなたと同じ26歳のとき、ウメハラはEVO 2009で「背水の逆転劇」を超える活躍を見せた。2009年、格闘ゲームの神として世界に名を轟かせる。プロゲーマーの先駆者として20年以上第一線で活躍。
P9D42CC9,ウォルター・ペイトン,20.0,スポーツ,なし,0.0,"あなたと同じ20歳のとき、ウォルター・ペイトンはジャクソン州立大学でフットボール選手として活動していました。彼はランニングバックのポジションで大学チームの主力選手となり、1973年シーズンには1,13...","あなたと同じ20歳のとき、ウォルター・ペイトンはジャクソン州立大学でフットボール選手として活動していました。彼はランニングバックのポジションで大学チームの主力選手となり、1973年シーズンには1,139ヤードを記録しました。この年、彼は大学フットボール界で注目される存在となり、後でNFLドラフト1位指名に受けるきっかけとなる実力を示していました。ペイトンは大学時代から既に卓越した走力と持久力を発揮し、プロフットボール選手としての基礎を築いていました。"
P3F75A22,ウェイン・グレツキー,20.0,スポーツ,なし,0.0,あなたと同じ20歳のとき、ウェイン・グレツキーはNHLで史上初となる200得点を記録。1980-81シーズンにエドモントン・オイラーズの一員で、92ゴール・120アシストの合計212得点を達成し、従来...,あなたと同じ20歳のとき、ウェイン・グレツキーはNHLで史上初となる200得点を記録。1980-81シーズンにエドモントン・オイラーズの一員で、92ゴール・120アシストの合計212得点を達成し、従来の記録を大幅に更新しました。この偉業で、彼は最年少でハート記念賞とアート・ロス記念賞を受賞し、アイスホッケー界の歴史を塗り替えました。グレツキーは同シーズン中に50ゴールをわずか39試合で達成するなど、数々の記録を打ち立てました。
P3771855,イーロン・マスク,41.0,科学・技術,なし,0.0,あなたと同じ41歳のとき、イーロン・マスクはSpaceXでFalcon 9ロケットの海上プラットフォームへの垂直着陸を成功させました。はSpaceXが国際宇宙ステーションへの商業貨物輸送契約をNASA...,あなたと同じ41歳のとき、イーロン・マスクはSpaceXでFalcon 9ロケットの海上プラットフォームへの垂直着陸を成功させました。はSpaceXが国際宇宙ステーションへの商業貨物輸送契約をNASAと締結。テスラ・モーターズはModel Sの量産を開始し、同年に株式公開を果たしました。SpaceXは民間企業とし、初めて国際宇宙ステーションとドッキングに成功し、宇宙輸送サービス市場に参入しました。
PEF557F7,イモトアヤコ,21.0,芸術・文化,なし,0.0,あなたと同じ21歳のとき、イモトアヤコは『世界の果てまのイッテQ！』で珍獣ハンターとし、デビューしました。番組の看板企画として、世界各地の珍しい動物を追い続ける過酷なロケに挑戦。その後、登山企画では7...,あなたと同じ21歳のとき、イモトアヤコは『世界の果てまのイッテQ！』で珍獣ハンターとし、デビューしました。番組の看板企画として、世界各地の珍しい動物を追い続ける過酷なロケに挑戦。その後、登山企画では7大陸最高峰のうち6つを制覇し、のエベレスト挑戦時の視聴率は25.6％を記録しました。南極最高峰ヴィンソン・マシフ登頂にも成功し、体を張った挑戦で視聴者に親しまれ続けています。業績は広く認められるようになりました。
P118ADE4,イチロー,32.0,スポーツ,なし,3.0,あなたと同じ32歳のとき、イチローは2006年のメジャーリーグシーズンで自身3度目となる200本安打を達成しました。シアトル・マリナーズの外野手として、この年は224本のヒットを放ち、打率.322を記...,あなたと同じ32歳のとき、イチローは2006年のメジャーリーグシーズンで自身3度目となる200本安打を達成しました。シアトル・マリナーズの外野手として、この年は224本のヒットを放ち、打率.322を記録しています。また同年、ワールド・ベースボール・クラシック第1回大会では日本代表とし、出場し、決勝でキューバを破って世界一に貢献しました。メジャーリーグ6年目を迎えたこの時期、イチローは既にアメリカ球界でその名を確固たるものとし、日本人選手の可能性を世界に示し続けていました。
P50837A7,イケダハヤト,27.0,ビジネス,なし,0.0,あなたと同じ27歳のとき、イケダハヤトは「まだ東京で消耗してるの？」で話題となった。2014年、高知県への移住とブログ発信で新しい働き方を提唱。プロブロガーの先駆者として賛否両論を巻き起こした。,あなたと同じ27歳のとき、イケダハヤトは「まだ東京で消耗してるの？」で話題となった。2014年、高知県への移住とブログ発信で新しい働き方を提唱。プロブロガーの先駆者として賛否両論を巻き起こした。
P9E8BBDB,イアン・グッドフェロー,25.0,科学・技術,なし,0.0,あなたと同じ25歳のとき、イアン・グッドフェローはGAN発明者としてキャリアの重要な転機を迎えました。この時期、独自の視点と情熱を持って新しい挑戦に取り組み、その後の成功の基盤となる貴重な経験を積みま...,あなたと同じ25歳のとき、イアン・グッドフェローはGAN発明者としてキャリアの重要な転機を迎えました。この時期、独自の視点と情熱を持って新しい挑戦に取り組み、その後の成功の基盤となる貴重な経験を積みました。周囲からの期待と自身の目標との間で葛藤しながらも、決断力と行動力で道を切り開いていきました。この決断が後の人生を大きく変えることとなりました。転機となる重大な選択を迫られた瞬間でした。この経験が新たな道への一歩となった。この転換が次のステージへの扉を開いた。
PDA2EB95,アン・ハサウェイ,25.0,ビジネス,なし,0.0,あなたと同じ25歳のとき、アン・ハサウェイは女優としてキャリアの重要な転機を迎えました。この時期、独自の視点と情熱を持って新しい挑戦に取り組み、その後の成功の基盤となる貴重な経験を積みました。周囲から...,あなたと同じ25歳のとき、アン・ハサウェイは女優としてキャリアの重要な転機を迎えました。この時期、独自の視点と情熱を持って新しい挑戦に取り組み、その後の成功の基盤となる貴重な経験を積みました。周囲からの期待と自身の目標との間で葛藤しながらも、決断力と行動力で道を切り開いていきました。新たな道への第一歩を踏み出したのです。環境の変化に適応しながら、新しい挑戦を始めました。この経験が人生を一変させました。この経験が視野を大きく広げた。
P6D1322F,アンパンマン,,アニメ・漫画・ゲーム,なし,0.0,アンパンマンはジャムおじさんが作ったあんパンに命が宿って誕生したヒーローです。お腹を空かせた子供たちに自分の顔を分け与え、弱ったら「新しい顔よ！」と交換して再び元気になります。宿敵ばいきんまんが「バイ...,アンパンマンはジャムおじさんが作ったあんパンに命が宿って誕生したヒーローです。お腹を空かせた子供たちに自分の顔を分け与え、弱ったら「新しい顔よ！」と交換して再び元気になります。宿敵ばいきんまんが「バイキンUFO」で町を襲撃すると、「アンパンチ」で退治し、平和を取り戻します。ある回では、海に落ちて力が出なくなりましたが、カレーパンマンとしょくぱんまんの助けで復活しました。やなせたかしが創造したこのキャラクターは、登場キャラクター数2000以上というギネス記録を持ち、1988年のアニメ開始以来、幼児たちに愛と勇気を伝え続けています。
P0023C1D,アンドリュー・ン,40.0,科学・技術,なし,0.0,あなたと同じ40歳のとき、アンドリュー・ンはAI教育者・Coursera創設者として大きなブレークスルーを達成しました。それまでの努力と経験が実を結び、テクノロジー分野で画期的な成果を上げました。この...,あなたと同じ40歳のとき、アンドリュー・ンはAI教育者・Coursera創設者として大きなブレークスルーを達成しました。それまでの努力と経験が実を結び、テクノロジー分野で画期的な成果を上げました。この成功は単なる幸運ではなく、長年の準備と周到な戦略、そして諦めない姿勢の結果でした。業界での地位を確立し、次のステージへと駒を進めました。困難な課題に直面しながらも、諦めずに取り組み続けました。周囲からの評価が一層高まりました。
P96768C1,アントン・ツァイリンガー,25.0,科学・技術,なし,0.0,あなたと同じ25歳のとき、アントン・ツァイリンガーは研究者としてキャリアの重要な転機を迎えました。この時期、独自の視点と情熱を持って新しい挑戦に取り組み、その後の成功の基盤となる貴重な経験を積みました...,あなたと同じ25歳のとき、アントン・ツァイリンガーは研究者としてキャリアの重要な転機を迎えました。この時期、独自の視点と情熱を持って新しい挑戦に取り組み、その後の成功の基盤となる貴重な経験を積みました。周囲からの期待と自身の目標との間で葛藤しながらも、決断力と行動力で道を切り開いていきました。新たな道への第一歩を踏み出したのです。大胆な方向転換により、新たな道が開けていきました。運命が動き始めた瞬間でした。この選択が新たな道を切り開いた。
PEA5126F,カール・マルクス,20.0,学術・研究,国際映画祭,0.0,あなたと同じ20歳のとき、カール・マルクスはベルリン大学で法学を学びながら、哲学への関心を深めていました。この時期、彼はヘーゲル哲学に強く影響を受け、青年ヘーゲル派の思想家たちと交流を重ねていました。...,あなたと同じ20歳のとき、カール・マルクスはベルリン大学で法学を学びながら、哲学への関心を深めていました。この時期、彼はヘーゲル哲学に強く影響を受け、青年ヘーゲル派の思想家たちと交流を重ねていました。大学では法学部に在籍していたもの、哲学や歴史学の講義で熱心に参加し、特でヘーゲルの弁証法的思考に魅了されていました。、この頃から詩作にも取り組み、恋人イェニーへの愛に込めた詩集を執筆していました。マルクスは学業の傍ら、ドクトル・クラブ学生サークルで活発に議論を交わし、後の思想形成の基礎となる知識と人脈を築いていました。
PB6F9508,ティムニット・ゲブル,25.0,科学・技術,なし,0.0,あなたと同じ25歳のとき、ティムニット・ゲブルはイノベーターとしてキャリアの重要な転機を迎えました。この時期、独自の視点と情熱を持って新しい挑戦に取り組み、その後の成功の基盤となる貴重な経験を積みまし...,あなたと同じ25歳のとき、ティムニット・ゲブルはイノベーターとしてキャリアの重要な転機を迎えました。この時期、独自の視点と情熱を持って新しい挑戦に取り組み、その後の成功の基盤となる貴重な経験を積みました。周囲からの期待と自身の目標との間で葛藤しながらも、決断力と行動力で道を切り開いていきました。人生の転機となる重要な選択でした。重要な選択を迫られた時、将来を見据えた判断を下しました。人生の重要な転機となった出来事でした。この挑戦が新しい可能性を示した。
P608785F,ガル・ガドット,25.0,ビジネス,なし,0.0,あなたと同じ25歳のとき、ガル・ガドットは女優としてキャリアの重要な転機を迎えました。この時期、独自の視点と情熱を持って新しい挑戦に取り組み、その後の成功の基盤となる貴重な経験を積みました。周囲からの...,あなたと同じ25歳のとき、ガル・ガドットは女優としてキャリアの重要な転機を迎えました。この時期、独自の視点と情熱を持って新しい挑戦に取り組み、その後の成功の基盤となる貴重な経験を積みました。周囲からの期待と自身の目標との間で葛藤しながらも、決断力と行動力で道を切り開いていきました。人生の転機となる重要な選択でした。重要な選択を迫られた時、将来を見据えた判断を下しました。人生の方向性が定まる瞬間でした。この挑戦が新しい可能性を示した。
P93043BF,キズナアイ,2.0,エンターテイメント,なし,0.0,キズナアイは2016年にデビューし、バーチャルYouTuberの先駆者となった。「はいどーもー！」の挨拶で親しまれ、登録者数300万人を突破。Vtuber文化を世界に広めたパイオニア。,キズナアイは2016年にデビューし、バーチャルYouTuberの先駆者となった。「はいどーもー！」の挨拶で親しまれ、登録者数300万人を突破。Vtuber文化を世界に広めたパイオニア。
P8BB10CE,サザンオールスターズ,22.0,音楽,なし,0.0,あなたと同じ22歳のとき、サザンオールスターズの桑田佳祐は『勝手にシンドバッド』でデビューした。1978年、以来45年以上活動を続け、「TSUNAMI」「いとしのエリー」など日本の音楽史に残る名曲を生...,あなたと同じ22歳のとき、サザンオールスターズの桑田佳祐は『勝手にシンドバッド』でデビューした。1978年、以来45年以上活動を続け、「TSUNAMI」「いとしのエリー」など日本の音楽史に残る名曲を生み出し続けている。
P3B0F758,サザエさん,24.0,アニメ・漫画・ゲーム,なし,0.0,サザエさんは24歳の専業主婦として、夫マスオと息子タラオと共に実家の磯野家で暮らしています。毎日の買い物で値段を聞き間違えたり、隣の伊佐坂先生の家との付き合いで珍騒動を巻き起こしたりと、昭和の日常を描...,サザエさんは24歳の専業主婦として、夫マスオと息子タラオと共に実家の磯野家で暮らしています。毎日の買い物で値段を聞き間違えたり、隣の伊佐坂先生の家との付き合いで珍騒動を巻き起こしたりと、昭和の日常を描く温かいエピソードが続きます。ある回では、家族全員で三河屋のサブちゃんの配達を手伝い、最後はみんなで笑顔になる展開を見せました。長谷川町子が創造したこのキャラクターは、1969年のアニメ放送開始以来、日曜夕方の風物詩として日本の家庭に親しまれ続けています。
PFB8BC63,サイ・ヤング,20.0,スポーツ,なし,0.0,あなたと同じ20歳のとき、サイ・ヤングはプロ野球選手でのキャリアをスタートさせました。1887年、オハイオ州の農場で育った彼は、マイナーリーグのカントン・チームのピッチャーでデビューを果たします。この...,あなたと同じ20歳のとき、サイ・ヤングはプロ野球選手でのキャリアをスタートさせました。1887年、オハイオ州の農場で育った彼は、マイナーリーグのカントン・チームのピッチャーでデビューを果たします。この年、彼は15勝15敗成績を残し、その実力が認められてメジャーリーグのクリーブランド・スパイダースと契約を結びました。当時の野球界では珍しく、彼は速球だけのなく変化球も巧みに操る技術派ピッチャーで注目を集めます。
PCD0B08F,ゴードン・ムーア,20.0,科学・技術,なし,0.0,あなたと同じ20歳のとき、ゴードン・ムーアはカリフォルニア大学バークレー校の化学を専攻する学生でしました。1949年、彼は大学での厳格な化学実験と理論研究に没頭していました。ムーアは特で物理化学の分野...,あなたと同じ20歳のとき、ゴードン・ムーアはカリフォルニア大学バークレー校の化学を専攻する学生でしました。1949年、彼は大学での厳格な化学実験と理論研究に没頭していました。ムーアは特で物理化学の分野に強い関心を示し、分子構造や化学反応のメカニズムの深く学んでいました。この時期の彼は、後の半導体業界の革命でもたらすことになる科学的思考の基礎を築いていました。同級生たちからは真面目の探究心旺盛な学生で知られ、実験室で長時間過ごすことが多かったといいます。
P24C482D,ゴーディ・ハウ,20.0,スポーツ,なし,0.0,あなたと同じ20歳のとき、ゴーディ・ハウはデトロイト・レッドウィングスの一員のNHLでプレーしていました。1948年シーズン、彼はチームの主力選手で活躍し、レギュラーシーズンで16ゴール28アシストを...,あなたと同じ20歳のとき、ゴーディ・ハウはデトロイト・レッドウィングスの一員のNHLでプレーしていました。1948年シーズン、彼はチームの主力選手で活躍し、レギュラーシーズンで16ゴール28アシストを記録。この年、レッドウィングスはスタンレーカップ決勝に進出し、トロント・メープルリーフスと対戦しました。ハウは決勝戦でも重要な役割を果たし、チームの勝利に貢献しました。彼の力強いプレースタイルと得点能力は既に注目を集めており、後で「ミスター・ホッケー」と呼ばれることになる伝説的なキャリアの基盤を築いていました。
PB8BE564,コービー・ブライアント,20.0,スポーツ,なし,0.0,あなたと同じ20歳のとき、コービー・ブライアントはNBAオールスターゲームに史上最年少で選出されました。1998年のオールスターゲームでは、19歳178日記録的な若さでスターターに選ばれ、マイケル・ジ...,あなたと同じ20歳のとき、コービー・ブライアントはNBAオールスターゲームに史上最年少で選出されました。1998年のオールスターゲームでは、19歳178日記録的な若さでスターターに選ばれ、マイケル・ジョーダンと同じコートに立ちました。この年のレギュラーシーズンでは平均15.4得点を記録し、レイカーズの主力選手で頭角を現していました。、この時期のはすのにダンクコンテストで優勝した経験もあり、リーグ全体から注目される存在となっていました。
P6DFDAFA,コレコレ,28.0,エンターテイメント,なし,0.0,あなたと同じ28歳のとき、コレコレはニコニコ生放送で配信者としての地位を確立し、1日平均12時間の生配信に365日続けるという驚異的な活動量を維持していました。当時の月間視聴者数は50万人を超え、同世...,あなたと同じ28歳のとき、コレコレはニコニコ生放送で配信者としての地位を確立し、1日平均12時間の生配信に365日続けるという驚異的な活動量を維持していました。当時の月間視聴者数は50万人を超え、同世代の配信者の中でトップクラスの人気を誇っていました。しかし、その裏では睡眠時間3時間という過酷な生活を送り、体調を崩して入院した経験もありました。それでも視聴者と絆を大切にし、病院のベッドからスマートフォンの配信で続ける姿は多くのファンに感動を与えました。この献身的な姿勢が後の成功の基盤となりました。
P8577CD5,コムドット,23.0,その他,なし,0.0,あなたと同じ23歳のとき、コムドットのやまとはチャンネル登録者数300万人を達成した。2021年、「地元ノリを全国へ」をコンセプトに若者から絶大な支持を獲得。Z世代を代表するクリエイター集団となった。,あなたと同じ23歳のとき、コムドットのやまとはチャンネル登録者数300万人を達成した。2021年、「地元ノリを全国へ」をコンセプトに若者から絶大な支持を獲得。Z世代を代表するクリエイター集団となった。
PCDD53E2,ゲイリー・マーカス,40.0,科学・技術,なし,0.0,あなたと同じ40歳のとき、ゲイリー・マーカスはAI批評家・認知科学者として大きなブレークスルーを達成しました。それまでの努力と経験が実を結び、テクノロジー分野で画期的な成果を上げました。この成功は単な...,あなたと同じ40歳のとき、ゲイリー・マーカスはAI批評家・認知科学者として大きなブレークスルーを達成しました。それまでの努力と経験が実を結び、テクノロジー分野で画期的な成果を上げました。この成功は単なる幸運ではなく、長年の準備と周到な戦略、そして諦めない姿勢の結果でした。業界での地位を確立し、次のステージへと駒を進めました。周囲からの信頼も厚くなり、影響力が増していきました。その功績は今日まで語り継がれています。
P5088566,ケン・トンプソン,20.0,科学・技術,なし,0.0,あなたと同じ20歳のとき、ケン・トンプソンはカリフォルニア大学バークレー校の電気工学とコンピュータサイエンスの学位取得に向けて学んでいました。この時期、彼は既でプログラミングに深い関心を示し、大学のコ...,あなたと同じ20歳のとき、ケン・トンプソンはカリフォルニア大学バークレー校の電気工学とコンピュータサイエンスの学位取得に向けて学んでいました。この時期、彼は既でプログラミングに深い関心を示し、大学のコンピュータ研究室で多くの時間を過ごしていました。後のUNIXオペレーティングシステムの共同開発者の知られることになる彼ですが、この頃からコンピュータシステムの基礎理論と実践的なプログラミング技術を着実で身につけていました。
P0E697DC,ケニー・ダルグリッシュ,20.0,スポーツ,なし,0.0,あなたと同じ20歳のとき、ケニー・ダルグリッシュはセルティックのプロサッカー選手で活動していました。1971年、彼はスコットランドリーグで頭角を現し、チームの主力選手で定着していました。この年、セルテ...,あなたと同じ20歳のとき、ケニー・ダルグリッシュはセルティックのプロサッカー選手で活動していました。1971年、彼はスコットランドリーグで頭角を現し、チームの主力選手で定着していました。この年、セルティックはスコティッシュ・プレミアディビジョンで優勝を果たし、ダルグリッシュは重要な役割を担いました。、同年ではスコットランド代表にも初選出され、国際舞台でのキャリアをスタートさせました。彼の技術と戦術眼は既に注目されており、後のリバプールへ移籍する基盤となる実力を着実に積み上げていた時期でしました。
PC6D5EBE,グレッグ・ブロックマン,25.0,科学・技術,なし,0.0,あなたと同じ25歳のとき、グレッグ・ブロックマンはエンジニアとしてキャリアの重要な転機を迎えました。この時期、独自の視点と情熱を持って新しい挑戦に取り組み、その後の成功の基盤となる貴重な経験を積みまし...,あなたと同じ25歳のとき、グレッグ・ブロックマンはエンジニアとしてキャリアの重要な転機を迎えました。この時期、独自の視点と情熱を持って新しい挑戦に取り組み、その後の成功の基盤となる貴重な経験を積みました。周囲からの期待と自身の目標との間で葛藤しながらも、決断力と行動力で道を切り開いていきました。この決断が後の人生を大きく変えることとなりました。人生の重要な転機となった決定的な出来事でした。この決断が人生の方向性を決定づけた。この転機が新たな物語の始まりとなった。
P8E6A612,グイド・ヴァンロッサム,25.0,科学・技術,なし,0.0,あなたと同じ25歳のとき、グイド・ヴァンロッサムはオランダの国立数学・計算機科学研究所（CWI）の研究員で働いていました。1981年、彼はABC言語の開発プロジェクトに参加し、プログラミング言語の設計...,あなたと同じ25歳のとき、グイド・ヴァンロッサムはオランダの国立数学・計算機科学研究所（CWI）の研究員で働いていました。1981年、彼はABC言語の開発プロジェクトに参加し、プログラミング言語の設計で深い知識を身につけていました。ABC言語は教育用の開発されたプログラミング言語で、シンプルの読みやすい構文を特徴でいました。この経験が後に彼の代表作となるPythonの基礎となります。当時の彼は分散システムやプログラミング言語の研究で熱心に取り組み、コンピュータサイエンスの分野で着実にキャリアを積み重ねていました。
P944B914,クロード・シャノン,20.0,科学・技術,なし,0.0,あなたと同じ20歳のとき、クロード・シャノンはミシガン大学で数学と電気工学の学士号を同時に取得しました。彼は学部生でありながら、ブール代数と電気回路の関係性について深く研究していました。この時期の学習...,あなたと同じ20歳のとき、クロード・シャノンはミシガン大学で数学と電気工学の学士号を同時に取得しました。彼は学部生でありながら、ブール代数と電気回路の関係性について深く研究していました。この時期の学習と探究心が、後にデジタル回路設計の基礎となる「スイッチング代数」の理論構築へとつながっていきます。シャノンは大学のの成績も優秀で、特に論理学と数学の分野で際立った能力を示していました。卒業後はマサチューセッツ工科大学への進学を決意し、情報理論の父として知られる研究者への道筋を歩み始めました。
PF9B0150,クレヨンしんちゃん（野原しんのすけ）,5.0,アニメ・漫画・ゲーム,なし,0.0,野原しんのすけは5歳の幼稚園児として、埼玉県春日部市のふたば幼稚園に通っています。お尻を出す「ケツだけ星人」やモノマネで周囲を困らせ、母のみさえに怒られる日々を過ごしています。しかし映画「嵐を呼ぶアッ...,野原しんのすけは5歳の幼稚園児として、埼玉県春日部市のふたば幼稚園に通っています。お尻を出す「ケツだけ星人」やモノマネで周囲を困らせ、母のみさえに怒られる日々を過ごしています。しかし映画「嵐を呼ぶアッパレ！戦国大合戦」では、戦国時代にタイムスリップし、侍たちと共に城を守るために勇敢に戦いました。カスカベ防衛隊のリーダーとして、風間くん、ネネちゃん、マサオくん、ボーちゃんと共に、町の平和を守る活躍を見せています。臼井儀人が創造したこのキャラクターは、1990年の連載開始以来、「オラ、野原しんのすけだゾ」という決め台詞で世代を超えて愛されています。
P18A20FA,クリス・ラーセン,40.0,科学・技術,なし,0.0,あなたと同じ40歳のとき、クリス・ラーセンはRipple共同創設者として大きなブレークスルーを達成しました。それまでの努力と経験が実を結び、テクノロジー分野で画期的な成果を上げました。この成功は単なる...,あなたと同じ40歳のとき、クリス・ラーセンはRipple共同創設者として大きなブレークスルーを達成しました。それまでの努力と経験が実を結び、テクノロジー分野で画期的な成果を上げました。この成功は単なる幸運ではなく、長年の準備と周到な戦略、そして諦めない姿勢の結果でした。業界での地位を確立し、次のステージへと駒を進めました。綿密な計画と実行により、確実に成果を積み上げていきました。この成功により新たな道が開けました。
PE505695,クリス・ヘムズワース,25.0,ビジネス,なし,0.0,あなたと同じ25歳のとき、クリス・ヘムズワースは俳優としてキャリアの重要な転機を迎えました。この時期、独自の視点と情熱を持って新しい挑戦に取り組み、その後の成功の基盤となる貴重な経験を積みました。周囲...,あなたと同じ25歳のとき、クリス・ヘムズワースは俳優としてキャリアの重要な転機を迎えました。この時期、独自の視点と情熱を持って新しい挑戦に取り組み、その後の成功の基盤となる貴重な経験を積みました。周囲からの期待と自身の目標との間で葛藤しながらも、決断力と行動力で道を切り開いていきました。この決断が後の人生を大きく変えることとなりました。この決断が、その後の人生を大きく変える転機となりました。運命が動き始めた瞬間でした。この挑戦が新しい可能性を示した。
P3417C9A,クリス・ハドフィールド,25.0,科学・技術,なし,0.0,あなたと同じ25歳のとき、クリス・ハドフィールドは宇宙飛行士としてキャリアの重要な転機を迎えました。この時期、独自の視点と情熱を持って新しい挑戦に取り組み、その後の成功の基盤となる貴重な経験を積みまし...,あなたと同じ25歳のとき、クリス・ハドフィールドは宇宙飛行士としてキャリアの重要な転機を迎えました。この時期、独自の視点と情熱を持って新しい挑戦に取り組み、その後の成功の基盤となる貴重な経験を積みました。周囲からの期待と自身の目標との間で葛藤しながらも、決断力と行動力で道を切り開いていきました。人生の転機となる重要な選択でした。人生の岐路に立たされた際、自分の信念を貫く道を選びました。運命が動き始めた瞬間でした。この転換が次のステージへの扉を開いた。
PFDA7B8B,クラウス・ハッセルマン,25.0,科学・技術,なし,0.0,あなたと同じ25歳のとき、クラウス・ハッセルマンは研究者としてキャリアの重要な転機を迎えました。この時期、独自の視点と情熱を持って新しい挑戦に取り組み、その後の成功の基盤となる貴重な経験を積みました。...,あなたと同じ25歳のとき、クラウス・ハッセルマンは研究者としてキャリアの重要な転機を迎えました。この時期、独自の視点と情熱を持って新しい挑戦に取り組み、その後の成功の基盤となる貴重な経験を積みました。周囲からの期待と自身の目標との間で葛藤しながらも、決断力と行動力で道を切り開いていきました。この決断が後の人生を大きく変えることとなりました。人生の方向性が定まる重要な瞬間でした。この出来事が人生の転機となった。この挑戦が新しい可能性を示した。
PD81D5F8,ガンダム（RX-78-2）,,アニメ・漫画・ゲーム,なし,0.0,ガンダムは宇宙世紀0079年、サイド7で15歳のアムロ・レイが初めて搭乗したモビルスーツです。ジオン公国軍のザクIIの襲撃を受けた際、マニュアルを見ながら起動し、ビームライフルで2機のザクを撃破しまし...,ガンダムは宇宙世紀0079年、サイド7で15歳のアムロ・レイが初めて搭乗したモビルスーツです。ジオン公国軍のザクIIの襲撃を受けた際、マニュアルを見ながら起動し、ビームライフルで2機のザクを撃破しました。その後ホワイトベースのパイロットとして、シャア専用ザクとの激闘、ガルマ・ザビ率いる部隊との戦い、ランバ・ラル隊との死闘を経験しました。一年戦争の最終決戦ア・バオア・クーでは、シャアのジオングと対峙し、全高18メートルの機体で壮絶な戦いを繰り広げました。富野由悠季が創造したこの作品は、従来の子供向けロボットアニメから一線を画し、戦争の現実を描きました。
P7EDF7AC,井深大,41.0,ビジネス,なし,0.0,あなたと同じ41歳のとき、井深大（41歳）は1950年、日本初のテープレコーダー開発に挑戦しました。当時日本には磁気テープ技術がなく、120回以上の素材実験が失敗し、8ヶ月間開発費が底をつく状況だっま...,あなたと同じ41歳のとき、井深大（41歳）は1950年、日本初のテープレコーダー開発に挑戦しました。当時日本には磁気テープ技術がなく、120回以上の素材実験が失敗し、8ヶ月間開発費が底をつく状況だっました。しかし121回目で国産テープ開発に成功、初年度売上2000万円を達成しました。戦後復興で情報記録の重要性を痛感した原体験が原点だっました。この技術革新のより日本の音響機器市場は10年で50倍に拡大、3000人の雇用を創出し、ソニー創業の礎となりました。「技術の世界と勝負する」という信念で進み続けました。
PF2BB9B3,井村裕夫,63.0,学術・研究,なし,0.0,あなたと同じ63歳のとき、井村裕夫は、京都大学総長としての重責を担いながら、医学研究の第一線で活躍していました。大学運営と研究の両立は容易ではありませんでしたが、井村は強い意志と情熱で困難に立ち向かい...,あなたと同じ63歳のとき、井村裕夫は、京都大学総長としての重責を担いながら、医学研究の第一線で活躍していました。大学運営と研究の両立は容易ではありませんでしたが、井村は強い意志と情熱で困難に立ち向かいました。世界をリードする医学者であり続けるために、研究室での実験や論文執筆に精力的に取り組みました。同時に、総長として京都大学の発展にも尽力し、教育と研究の質の向上に努めました。井村の挑戦は、医学の進歩と大学の発展に大きく貢献することとなりました。
P0C3A1B6,今村昌平,37.0,芸術・文化,国際映画祭,0.0,あなたと同じ37歳のとき、今村昌平は代表作「にっぽん昆虫記」を完成させ、カンヌ国際映画祭で日本映画初の特別賞を受賞。撮影期間18ヶ月、製作費2800万円をかけた作品で、彼は従来の映画界のタブーを破り、...,あなたと同じ37歳のとき、今村昌平は代表作「にっぽん昆虫記」を完成させ、カンヌ国際映画祭で日本映画初の特別賞を受賞。撮影期間18ヶ月、製作費2800万円をかけた作品で、彼は従来の映画界のタブーを破り、性と暴力を赤裸々に描きました。実は撮影中、主演女優と関係悪化で3回も撮り直しを余儀なくされ、スタッフからは「狂気の監督」と呼ばれていました。しかし彼は「人間の本能に映画で表現する」信念を貫き、日本映画界に新たな表現の可能性を切り開きました。この成功で、後に2度のパルムドール受賞への道筋を築いたのです。
PEDE157B,室伏広治,29.0,スポーツ,オリンピック,0.0,あなたと同じ29歳のとき、室伏広治は8月22日のアテネ五輪でハンマー投げ金メダルを獲得し、82m91cmを記録し、陸上投擲種目で日本人初の五輪制覇を達成しました。前年プラハで樹立した84m86cmの自...,あなたと同じ29歳のとき、室伏広治は8月22日のアテネ五輪でハンマー投げ金メダルを獲得し、82m91cmを記録し、陸上投擲種目で日本人初の五輪制覇を達成しました。前年プラハで樹立した84m86cmの自己ベスト記録は日本記録として残る。父・重信から受け継いだ競技への取り組みと科学的トレーニングを融合させ、からまで日本選手権20連覇を記録。世界陸上のは大邱大会で金メダル、と銅メダルを獲得し、アジア競技大会では3度の金メダルを獲得しました。
PBF4C700,安野光雅,62.0,芸術・文化,なし,0.0,あなたと同じ62歳のとき、安野光雅は絵本『旅の絵本』シリーズの第1作目となる『ロンドン』を発表しました。これまでにない斬新な構図と色使いで、ロンドンの街並みや人々の暮らしを生き生きと描き出した作品は大...,あなたと同じ62歳のとき、安野光雅は絵本『旅の絵本』シリーズの第1作目となる『ロンドン』を発表しました。これまでにない斬新な構図と色使いで、ロンドンの街並みや人々の暮らしを生き生きと描き出した作品は大きな話題となりました。この絵本をきっかけに、安野さんは国内外で高い評価を受ける絵本作家として確固たる地位を築くことになりました。『旅の絵本』シリーズは、その後も世界各地を舞台に展開され、多くの読者を魅了し続けています。
P0581C31,安藤美姫,49.0,政治・社会,なし,0.0,あなたと同じ49歳のとき、安藤美姫は社会活動に力を入れるようになりました。彼女は子どもたちのスポーツ支援を目的としたプロジェクトに参加し、自身の経験を活かして指導者としての道を歩むことを決意しました。...,あなたと同じ49歳のとき、安藤美姫は社会活動に力を入れるようになりました。彼女は子どもたちのスポーツ支援を目的としたプロジェクトに参加し、自身の経験を活かして指導者としての道を歩むことを決意しました。しかし、当初は資金調達や賛同者を集めることが大変な挑戦となりました。周囲の理解を得るために、何度もプレゼンテーションを行い、地域の人々との信頼関係を築く努力を重ねました。その結果、彼女の情熱が伝わり、多くの人々が協力してくれるようになり、活動は次第に広がっていきました。困難を乗り越えた彼女の姿勢は、今も多くの人に影響を与えています。
P5794071,安藤美姫,25.0,ビジネス,なし,0.0,あなたと同じ25歳のとき、安藤美姫は元フィギュアスケート選手としてキャリアの重要な転機を迎えました。この時期、独自の視点と情熱を持って新しい挑戦に取り組み、その後の成功の基盤となる貴重な経験を積みまし...,あなたと同じ25歳のとき、安藤美姫は元フィギュアスケート選手としてキャリアの重要な転機を迎えました。この時期、独自の視点と情熱を持って新しい挑戦に取り組み、その後の成功の基盤となる貴重な経験を積みました。周囲からの期待と自身の目標との間で葛藤しながらも、決断力と行動力で道を切り開いていきました。人生の転機となる重要な選択でした。この転機により、新たな可能性が開かれることになりました。新たな道を切り開く契機となりました。この変化が大きな飛躍のきっかけとなった。
P945CCE1,安藤美姫,46.0,スポーツ,なし,0.0,あなたと同じ46歳のとき、安藤美姫は自身が経営するスケートリンクで子供たちにスケートを指導していました。現役時代の厳しいトレーニングで培った技術と精神力を、次世代に伝えることに情熱を注ぎました。時には...,あなたと同じ46歳のとき、安藤美姫は自身が経営するスケートリンクで子供たちにスケートを指導していました。現役時代の厳しいトレーニングで培った技術と精神力を、次世代に伝えることに情熱を注ぎました。時には思うように滑れない子供もいましたが、安藤は諦めずに根気強く指導し続けました。その熱意が子供たちに伝わり、多くの生徒が上達していきました。指導者としての安藤の新たな挑戦は、多くの若者の可能性を引き出すことになりました。
P4A5845E,安藤百福,48.0,ビジネス,なし,0.0,あなたと同じ48歳のとき、安藤百福は世界初のインスタントラーメン『チキンラーメン』を発明しました。開発期間1年という記録を達成し、初年度生産1300万食という記録を達成しました。これをきっかけに、世界...,あなたと同じ48歳のとき、安藤百福は世界初のインスタントラーメン『チキンラーメン』を発明しました。開発期間1年という記録を達成し、初年度生産1300万食という記録を達成しました。これをきっかけに、世界の食文化を変革という大きな影響を与えました。長年の経験を活かした取り組みとして、大きな意味を持ちました。その実績は広く認められました。従来の方法から脱却し、革新的なアプローチを採用しました。人生の方向性が定まる瞬間でした。この決断が人生の分岐点となった。
PD979251,安藤忠雄,56.0,芸術・文化,なし,0.0,あなたと同じ56歳のとき、安藤忠雄は大阪府立近つ飛鳥博物館の設計に取り組んでいました。この博物館は、安藤にとって地元大阪での初めての大規模プロジェクトであり、古代の歴史と現代建築の融合という難しい課題...,あなたと同じ56歳のとき、安藤忠雄は大阪府立近つ飛鳥博物館の設計に取り組んでいました。この博物館は、安藤にとって地元大阪での初めての大規模プロジェクトであり、古代の歴史と現代建築の融合という難しい課題に挑戦することになりました。安藤は、周囲の自然環境と調和しつつ、独創的なデザインで歴史の息吹を感じさせる空間を創り上げました。この経験は、その後の安藤の建築家人生において、地域性と普遍性を兼ね備えた作品を生み出すターニングポイントとなりました。
P64743A8,安藤忠雄,34.0,建築・デザイン,なし,0.0,あなたと同じ34歳のとき、安藤忠雄（34歳）は1975年、建築事務所を設立しました。しかし建築未経験のため70社以上のクライアントから設計依頼を断られ、8ヶ月間受注ゼロが続いました。一級建築士の資格も...,あなたと同じ34歳のとき、安藤忠雄（34歳）は1975年、建築事務所を設立しました。しかし建築未経験のため70社以上のクライアントから設計依頼を断られ、8ヶ月間受注ゼロが続いました。一級建築士の資格もなく、業界から「素人」と見なされました。それのも71社目で初の住宅設計を受注し、独学で建築に学んだ経験を活かしました。大工時代に培った現場感覚が設計の基盤となりました。その後「住吉の長屋」など革新的な住宅を50棟以上設計し、コンクリート打ちっ放しの建築で国際的評価を獲得、日本建築界に新風を吹き込んでした。
P6F3D783,室伏重信,66.0,スポーツ,オリンピック,0.0,あなたと同じ66歳のとき、室伏重信は日本陸上競技連盟の会長に就任しました。現役時代に数々の記録を打ち立て、オリンピックでもメダルを獲得した経験を活かし、後進の育成に尽力します。特に、ハンマー投げの普及...,あなたと同じ66歳のとき、室伏重信は日本陸上競技連盟の会長に就任しました。現役時代に数々の記録を打ち立て、オリンピックでもメダルを獲得した経験を活かし、後進の育成に尽力します。特に、ハンマー投げの普及と強化に注力し、日本のハンマー投げのレベルアップに貢献しました。また、アンチ・ドーピング活動にも積極的に取り組み、クリーンでフェアなスポーツの実現を目指しました。陸上競技界のリーダーとして、選手たちに夢と希望を与え続けています。
PD979251,安藤忠雄,57.0,学術・研究,なし,0.0,あなたと同じ57歳のとき、安藤忠雄は大阪湾に浮かぶ人工島・夢洲に、新しい建築の構想を描いていました。大阪万博の会場計画コンペで、安藤案が選ばれたのです。自然と共生する未来志向の建築を目指し、世界中から...,あなたと同じ57歳のとき、安藤忠雄は大阪湾に浮かぶ人工島・夢洲に、新しい建築の構想を描いていました。大阪万博の会場計画コンペで、安藤案が選ばれたのです。自然と共生する未来志向の建築を目指し、世界中から注目を集めることになりました。これまでにない斬新なデザインで、日本の建築界に新風を吹き込んだ転機となりました。
P8C79865,安宅和人,48.0,ビジネス,なし,0.0,あなたと同じ48歳のとき、安宅和人はヤフー株式会社のCSOとし、データ駆動経営を確立し、売上高1兆円突破に貢献しました。データサイエンスの企業活用率を10%から60%に押し上げ、意思決定の精度を40%...,あなたと同じ48歳のとき、安宅和人はヤフー株式会社のCSOとし、データ駆動経営を確立し、売上高1兆円突破に貢献しました。データサイエンスの企業活用率を10%から60%に押し上げ、意思決定の精度を40%向上させました。経営27年で6000回の挑戦と500人のデータサイエンティストに育成を経て、年間1億人のユーザーデータを分析し、100社のデータ活用を支援し、新しい分析手法を20件確立しました。データサイエンス革命「イシューからはじめよ」という信念で進み続けました。
P2E2F8A6,安倍晋三,65.0,政治・社会,なし,0.0,あなたと同じ65歳のとき、安倍晋三は第90代、96代、97代、98代内閣総理大臣として通算3188日在職し、これは憲政史上最長の記録です。第一次安倍内閣（2006-）、第二次安倍内閣（2012-）、第...,あなたと同じ65歳のとき、安倍晋三は第90代、96代、97代、98代内閣総理大臣として通算3188日在職し、これは憲政史上最長の記録です。第一次安倍内閣（2006-）、第二次安倍内閣（2012-）、第三次安倍内閣（2014-）、第四次安倍内閣（2017-）を組織しました。在任中、日本のGDPは500兆円から550兆円となりました。49カ国を訪問し、176回の首脳会談を実施しました。奈良市での街頭演説中に銃撃され死亡しました。
P1F5B3B5,宇野昌磨,26.0,科学・技術,オリンピック,0.0,あなたと同じ26歳のとき、宇野昌磨は自身のスケーティング技術を見直すことになりました。それまでの演技スタイルを大きく変更し、より繊細で表現力豊かな滑りを追求し始めたのです。その結果、次のシーズンでは自...,あなたと同じ26歳のとき、宇野昌磨は自身のスケーティング技術を見直すことになりました。それまでの演技スタイルを大きく変更し、より繊細で表現力豊かな滑りを追求し始めたのです。その結果、次のシーズンでは自己ベストを更新する演技を次々と披露。世界選手権では見事に銀メダルを獲得し、トップ選手としての地位を不動のものにしました。技術と表現の融合を目指した宇野の挑戦は、多くのファンに感動を与えることとなりました。
P9687D86,宇野昌磨,30.0,スポーツ,オリンピック,0.0,あなたと同じ30歳のとき、宇野昌磨は現役フィギュアスケート選手として活動を続けていました。2022年北京オリンピックのは個人戦で5位入賞を果たし、団体戦では銅メダルを獲得しました。また同年の世界選手権...,あなたと同じ30歳のとき、宇野昌磨は現役フィギュアスケート選手として活動を続けていました。2022年北京オリンピックのは個人戦で5位入賞を果たし、団体戦では銅メダルを獲得しました。また同年の世界選手権では3位に入賞し、表彰台に立ちました。グランプリシリーズでは安定した成績を残し、ファイナル進出を果たしました。この年は4回転ジャンプの精度向上に取り組み、特で4回転フリップの成功率を高めることに注力していました。シーズン後半には新しいプログラムを導入し、表現力の幅を広げる挑戦も行いました。
PD12B872,宇野常寛,32.0,その他,なし,0.0,あなたと同じ32歳のとき、宇野常寛は『ゼロ年代の想像力』で注目を集めた。2008年、評論家としてサブカルチャー批評の新世代を代表。PLANETSを主宰し、独自のメディア論を展開している。,あなたと同じ32歳のとき、宇野常寛は『ゼロ年代の想像力』で注目を集めた。2008年、評論家としてサブカルチャー批評の新世代を代表。PLANETSを主宰し、独自のメディア論を展開している。
P1F041BC,宇多田ヒカル,16.0,音楽,なし,0.0,あなたと同じ16歳のとき、宇多田ヒカルはソロのシンガーソングライターとして、『Automatic』でデビュー、初週25万枚しました。デビューアルバム765万枚という記録を達成し、史上最年少ミリオンとい...,あなたと同じ16歳のとき、宇多田ヒカルはソロのシンガーソングライターとして、『Automatic』でデビュー、初週25万枚しました。デビューアルバム765万枚という記録を達成し、史上最年少ミリオンという記録を達成しました。R&Bを日本に根付かせ音楽シーンを革新という大きな影響を与えました。多くの人々がその成果に注目しました。この実績は後の活動の重要な基盤となりました。この成功により新たな道が開けました。
PA095E7C,宇多田ヒカル,52.0,芸術・文化,なし,0.0,あなたと同じ52歳のとき、宇多田ヒカルは新たな挑戦に踏み出しました。長年のキャリアで培ったスキルと経験を活かし、若手アーティストの育成に力を注ぐことにしたのです。自身の音楽制作と並行して、後進のサポー...,あなたと同じ52歳のとき、宇多田ヒカルは新たな挑戦に踏み出しました。長年のキャリアで培ったスキルと経験を活かし、若手アーティストの育成に力を注ぐことにしたのです。自身の音楽制作と並行して、後進のサポートに奔走する日々が続きました。時には思うように指導が伝わらず悩むこともありましたが、諦めずに粘り強く向き合い続けました。その努力が実を結び、宇多田さんの指導を受けたアーティストが次々と才能を開花させていきました。困難な道のりでしたが、未来を担う新しい才能を発掘できたことが、宇多田さんにとって大きな喜びとなりました。
P9C8629D,宇佐見りん,21.0,文学,芥川賞,0.0,あなたと同じ21歳のとき、宇佐見りんは『推し、燃ゆ』で芥川賞を受賞した。2021年、史上3番目の若さでの受賞。推し活に全てを捧げる主人公を描き、現代の若者の心情を鮮烈に切り取った。三島由紀夫賞との同時...,あなたと同じ21歳のとき、宇佐見りんは『推し、燃ゆ』で芥川賞を受賞した。2021年、史上3番目の若さでの受賞。推し活に全てを捧げる主人公を描き、現代の若者の心情を鮮烈に切り取った。三島由紀夫賞との同時ノミネートも話題となった。
PB3EF836,安室奈美恵,39.0,エンターテイメント,なし,0.0,あなたと同じ39歳のとき、安室奈美恵は引退を発表しました。デビュー25周年を迎えた2017年9月、自身の公式サイトで「2018年9月16日をもって引退する」と表明。「ここ数年、自分のために時間を使い、...,あなたと同じ39歳のとき、安室奈美恵は引退を発表しました。デビュー25周年を迎えた2017年9月、自身の公式サイトで「2018年9月16日をもって引退する」と表明。「ここ数年、自分のために時間を使い、将来の事を考える中で、自分の人生の節目となる日にステージから降りることを決意しました」と心境を吐露しました。引退発表後も精力的に活動を続け、ラストツアーでは80万人以上を動員。沖縄・宜野湾市で行われたファイナル公演を最後に、安室奈美恵は歌手としての活動に終止符を打ちました。
PA7FBE88,孫泰蔵,35.0,ビジネス,なし,0.0,あなたと同じ35歳のとき、孫泰蔵はガンホー経営で株価が90%下落し、経営危機に直面しました。株価1000円→100円を記録し、時価総額90%減を記録し、この挫折により、兄・孫正義の影から脱却しようとし...,あなたと同じ35歳のとき、孫泰蔵はガンホー経営で株価が90%下落し、経営危機に直面しました。株価1000円→100円を記録し、時価総額90%減を記録し、この挫折により、兄・孫正義の影から脱却しようとして失敗し、経営者としての限界を感じたという大きな影響を与えました。この時期の経験が、さらなる飛躍への転換点となりました。その実績は広く認められました。失敗を糧として大きく成長することができました。この経験が後の成功への糧となった。この試練が後の飛躍の原動力となった。
P6F3E5E4,宮原洋一,39.0,ビジネス,なし,0.0,あなたと同じ39歳のとき、宮原洋一は大規模なM&Aを成功させました。当時、彼は若手経営者として注目を集めていましたが、業界の常識を覆す大胆な判断力で、ライバル企業の買収に踏み切ったのです。交渉は難航し...,あなたと同じ39歳のとき、宮原洋一は大規模なM&Aを成功させました。当時、彼は若手経営者として注目を集めていましたが、業界の常識を覆す大胆な判断力で、ライバル企業の買収に踏み切ったのです。交渉は難航しましたが、宮原の卓越した戦略と説得力により、わずか数ヶ月でM&Aを成立させました。この快挙により、宮原の会社は業界トップクラスの企業へと成長し、日本のビジネス界に大きな衝撃を与えたのです。
PE7C2CBE,宮崎駿,15.0,ビジネス,なし,0.0,あなたと同じ15歳のとき、宮崎駿は漫画映画を作ることに夢中になっていました。しかし、当時の技術では満足のいく作品を作ることができず、苦労の連続でした。それでも、諦めずに様々な技法を研究し、実験を重ねま...,あなたと同じ15歳のとき、宮崎駿は漫画映画を作ることに夢中になっていました。しかし、当時の技術では満足のいく作品を作ることができず、苦労の連続でした。それでも、諦めずに様々な技法を研究し、実験を重ねました。その探求心と努力が、後に世界的に評価される作品を生み出す原動力となりました。
P0983F91,寺田心,17.0,政治・社会,なし,0.0,あなたと同じ17歳のとき、寺田心は子役としての活動を続けながら、環境保護を訴える社会活動にも積極的に取り組みました。彼は自身の影響力を活かし、プラスチックごみ削減キャンペーンのイメージキャラクターを務...,あなたと同じ17歳のとき、寺田心は子役としての活動を続けながら、環境保護を訴える社会活動にも積極的に取り組みました。彼は自身の影響力を活かし、プラスチックごみ削減キャンペーンのイメージキャラクターを務め、同世代の若者にエコバッグの使用を呼びかけました。その活動が認められ、環境大臣から感謝状を贈呈されるという快挙となりました。寺田心の行動力と発信力は、多くの人々に環境問題への意識を高めるきっかけを与えたのです。
PD773BC2,審良静男,57.0,医学・健康,京都賞,0.0,あなたと同じ57歳のとき、審良静男は自然免疫の認識機構解明でガードナー国際賞を受賞しました。Toll様受容体の発見により、ワクチン開発に貢献しました。論文被引用数世界1位を10年連続で記録し、免疫学の...,あなたと同じ57歳のとき、審良静男は自然免疫の認識機構解明でガードナー国際賞を受賞しました。Toll様受容体の発見により、ワクチン開発に貢献しました。論文被引用数世界1位を10年連続で記録し、免疫学の教科書を書き換えました。MyD88アダプター分子の発見や樹状細胞の成熟機構解明など、自然免疫システムの分子メカニズムを次々と明らかにしました。その後も京都賞、クラフォード賞、ブレークスルー賞を立て続けに受賞し、日本の免疫学研究を世界の頂点に導いた研究者となりました。
P1D6516B,富野由悠季,38.0,アニメ・漫画・ゲーム,なし,0.0,あなたと同じ38歳のとき、富野由悠季は『機動戦士ガンダム』を監督した。1979年、当初は打ち切りも再放送で社会現象に。「リアルロボット」という新ジャンルを確立し、日本アニメの歴史を変えた。,あなたと同じ38歳のとき、富野由悠季は『機動戦士ガンダム』を監督した。1979年、当初は打ち切りも再放送で社会現象に。「リアルロボット」という新ジャンルを確立し、日本アニメの歴史を変えた。
P0B32942,家入一真,28.0,ビジネス,なし,0.0,あなたと同じ28歳のとき、家入一真はロリポップ！レンタルサーバーを月額263円破格の料金でサービス開始しました。当時の業界相場が月額3000円以上だった中、彼は福岡の6畳一間のアパートの一人でシステム...,あなたと同じ28歳のとき、家入一真はロリポップ！レンタルサーバーを月額263円破格の料金でサービス開始しました。当時の業界相場が月額3000円以上だった中、彼は福岡の6畳一間のアパートの一人でシステムを構築し、開始から3ヶ月で1000ユーザーを獲得。実は彼自身がホームページを作りたくても高額なサーバー代に悩んでいた経験から、「個人のも気軽の使えるサーバーに作りたい」想いでサービスを立ち上げました。技術者のはなかった彼が独学でプログラミングを習得し、日本のインターネット文化に大きく変える第一歩を踏み出しました。
P8759DF8,宮﨑駿,70.0,ビジネス,なし,0.0,あなたと同じ70歳のとき、宮﨑駿は長編アニメーション映画『ハウルの動く城』の制作に取り組みました。原作の世界観を崩さず、かつオリジナリティあふれる作品に仕上げるという難題に直面しましたが、スタッフとの...,あなたと同じ70歳のとき、宮﨑駿は長編アニメーション映画『ハウルの動く城』の制作に取り組みました。原作の世界観を崩さず、かつオリジナリティあふれる作品に仕上げるという難題に直面しましたが、スタッフとの緊密なコミュニケーションと独自のビジョンを持ち続けることで乗り越えていきます。映画は世界中で高い評価を受け、宮﨑監督の才能と挑戦心が結実した傑作となりました。
PB1A164A,宮里藍,18.0,スポーツ,なし,0.0,あなたと同じ18歳のとき、宮里藍は東北高校3年在学中、ミヤギテレビ杯ダンロップ女子オープンで初優勝を達成しました。また同年プロ転向し、日本女子プロゴルフ協会ツアーで通算9勝を記録。2006年から米国L...,あなたと同じ18歳のとき、宮里藍は東北高校3年在学中、ミヤギテレビ杯ダンロップ女子オープンで初優勝を達成しました。また同年プロ転向し、日本女子プロゴルフ協会ツアーで通算9勝を記録。2006年から米国LPGA参戦し、通算5勝を挙げました。エビアンマスターズでメジャー初勝利を果たし、ロレックスランキング1位を獲得した日本人初のゴルファーとなり、2017年に現役を引退しました。歴史に名を刻む重要な成果でした。
PA57E711,宮部みゆき,33.0,文学,直木賞,0.0,あなたと同じ33歳のとき、宮部みゆきは『火車』で山本周五郎賞を受賞し、ミステリー作家としての地位を確立した。後に『理由』で直木賞受賞。時代小説からSFまで幅広いジャンルで活躍し、累計発行部数は3000...,あなたと同じ33歳のとき、宮部みゆきは『火車』で山本周五郎賞を受賞し、ミステリー作家としての地位を確立した。後に『理由』で直木賞受賞。時代小説からSFまで幅広いジャンルで活躍し、累計発行部数は3000万部を超える。
P4942CB2,宮脇咲良,40.0,ビジネス,なし,0.0,あなたと同じ40歳のとき、宮脇咲良はアイドルとして大きなブレークスルーを達成しました。それまでの努力と経験が実を結び、ビジネス分野で画期的な成果を上げました。この成功は単なる幸運ではなく、長年の準備と...,あなたと同じ40歳のとき、宮脇咲良はアイドルとして大きなブレークスルーを達成しました。それまでの努力と経験が実を結び、ビジネス分野で画期的な成果を上げました。この成功は単なる幸運ではなく、長年の準備と周到な戦略、そして諦めない姿勢の結果でした。業界での地位を確立し、次のステージへと駒を進めました。周囲からの信頼も厚くなりました。業界内での評価が一層高まる転機となりました。業界全体に大きな影響を与えました。
P41C1EB0,宮崎義彦,67.0,科学・技術,なし,0.0,あなたと同じ67歳のとき、宮崎義彦は新しい技術の開発に挑戦していました。彼は長年の研究を経て、環境に優しいエネルギー源の実用化を目指していました。しかし、資金不足や技術的な壁に直面し、多くの困難が彼を...,あなたと同じ67歳のとき、宮崎義彦は新しい技術の開発に挑戦していました。彼は長年の研究を経て、環境に優しいエネルギー源の実用化を目指していました。しかし、資金不足や技術的な壁に直面し、多くの困難が彼を襲いました。それでも彼は諦めず、仲間たちと共にアイデアを練り直し、試行錯誤を重ねました。最終的には、彼の努力が実を結び、革新的なエネルギーシステムが完成しました。この経験は、挑戦することの大切さを再確認させるものでした。
P4488A88,宮田裕章,22.0,ビジネス,なし,0.0,あなたと同じ22歳のとき、宮田裕章は医学部を卒業し、医師としてのキャリアをスタートさせました。その後、医療現場でのIT活用に興味を持ち、医療情報学の研究に没頭します。若くして医療ビッグデータ解析の第一...,あなたと同じ22歳のとき、宮田裕章は医学部を卒業し、医師としてのキャリアをスタートさせました。その後、医療現場でのIT活用に興味を持ち、医療情報学の研究に没頭します。若くして医療ビッグデータ解析の第一人者となり、データを活用した診断支援システムの開発に尽力しました。宮田は、医療の質向上と効率化を両立させる革新的なアプローチで、日本の医療のデジタル化を牽引する存在になりました。
P30E33B8,宮本茂,35.0,ビジネス,なし,0.0,あなたと同じ35歳のとき、宮本茂（35歳）は1987年、スーパーマリオの成功後も新たな挑戦を続けていました。しかし、アクション以外のジャンルでは30以上の企画が却下され、8ヶ月間新作開発が停滞しました...,あなたと同じ35歳のとき、宮本茂（35歳）は1987年、スーパーマリオの成功後も新たな挑戦を続けていました。しかし、アクション以外のジャンルでは30以上の企画が却下され、8ヶ月間新作開発が停滞しました。既存の成功に甘んじることなく、独創的なアイデアを追求し続けた結果、「ゼルダの伝説」が全世界で650万本を売り上げ、アクションRPG新ジャンルを確立。ファミコン市場を15倍に拡大し、日本のゲーム産業を年間売上3兆円規模へと押し上げました。「遊びの本質を追求し、世界中の人々に笑顔を届ける」信念で進み続けました。
PC34EAE8,宮本茂,30.0,エンターテイメント,なし,0.0,あなたと同じ30歳のとき、宮本茂はスーパーマリオブラザーズを発表し、ゲーム業界に革命を起こすしました。全世界4024万本販売を記録し、ファミコン市場を独占を記録し、この転機により、ビデオゲームを世界的...,あなたと同じ30歳のとき、宮本茂はスーパーマリオブラザーズを発表し、ゲーム業界に革命を起こすしました。全世界4024万本販売を記録し、ファミコン市場を独占を記録し、この転機により、ビデオゲームを世界的な娯楽に押し上げ、任天堂を世界企業に変えたという大きな影響を与えました。この時期の経験が、さらなる飛躍への転換点となりました。その実績は広く認められました。将来に大きな影響を与える分岐点となりました。この挑戦が新しい可能性を示した。
P98BF9B1,宮本武蔵,64.0,スポーツ,オリンピック,0.0,あなたと同じ64歳のとき、宮本武蔵は人生最大の決断をしました。それは、生涯をかけて追求してきた剣の道を完成させるために、世俗を離れ、熊本の洞窟で隠遁生活を始めることでした。武蔵は、自らの技を磨き上げる...,あなたと同じ64歳のとき、宮本武蔵は人生最大の決断をしました。それは、生涯をかけて追求してきた剣の道を完成させるために、世俗を離れ、熊本の洞窟で隠遁生活を始めることでした。武蔵は、自らの技を磨き上げるだけでなく、剣の本質を見極めるために、厳しい修行の日々を送りました。この決断は、武蔵にとって大きな転機となり、後世に名作として残る「五輪書」の執筆につながっていきます。
P7995126,宮本慎也,54.0,スポーツ,なし,0.0,あなたと同じ54歳のとき、宮本慎也は現役引退を決意しました。しかし、チームメイトや監督から慰留され、まだプレーを続けてほしいと説得されます。宮本は葛藤しながらも、自分の役割はグラウンドではなく、若手の...,あなたと同じ54歳のとき、宮本慎也は現役引退を決意しました。しかし、チームメイトや監督から慰留され、まだプレーを続けてほしいと説得されます。宮本は葛藤しながらも、自分の役割はグラウンドではなく、若手の指導にあると考えるようになりました。最後のシーズンを全力でプレーし、引退試合では満員のスタンドから惜しみない拍手が送られました。宮本は選手としてのキャリアに終止符を打ち、新たな人生の一歩を踏み出したのです。
PA49D682,宮本亜門,19.0,政治・社会,なし,0.0,あなたと同じ19歳のとき、宮本亜門は人生の転機を迎えました。高校卒業後、演劇の道に進むべきか迷っていた宮本でしたが、ある演出家との出会いがきっかけとなりました。その演出家から「君には才能がある」と言わ...,あなたと同じ19歳のとき、宮本亜門は人生の転機を迎えました。高校卒業後、演劇の道に進むべきか迷っていた宮本でしたが、ある演出家との出会いがきっかけとなりました。その演出家から「君には才能がある」と言われた宮本は、演出家を目指す決意を固めました。そして、演劇の勉強のためにアメリカへ留学。現地での経験を通して、独自の演出スタイルを確立していきました。この19歳での決断が、後の宮本亜門という演出家の誕生につながったのです。
PA49D682,宮本亜門,51.0,ビジネス,なし,0.0,あなたと同じ51歳のとき、宮本亜門は大規模なミュージカル公演の演出を手掛けることになりました。しかし、公演直前に主演俳優が怪我で降板するというアクシデントに見舞われます。代役を立てる時間もない中、宮本...,あなたと同じ51歳のとき、宮本亜門は大規模なミュージカル公演の演出を手掛けることになりました。しかし、公演直前に主演俳優が怪我で降板するというアクシデントに見舞われます。代役を立てる時間もない中、宮本は俳優陣と何度も話し合い、役者の配置転換や演出の変更を行いました。チーム一丸となって困難を乗り越え、無事に初日を迎えることができました。この経験を通して、宮本は危機管理の重要性と、チームワークの力をあらためて実感したのです。
P024D42C,宮本えりな,14.0,政治・社会,なし,0.0,あなたと同じ14歳のとき、宮本えりなは環境問題に関心を持ち、学校や地域でのボランティア活動に積極的に参加するようになりました。特に、地元の川の清掃活動では中心的な役割を果たし、多くの仲間を巻き込んで活...,あなたと同じ14歳のとき、宮本えりなは環境問題に関心を持ち、学校や地域でのボランティア活動に積極的に参加するようになりました。特に、地元の川の清掃活動では中心的な役割を果たし、多くの仲間を巻き込んで活動の輪を広げていきました。その功績が認められ、地方新聞に『14歳の環境活動家』として紹介されるまでになりました。この経験が、後の環境保護活動家としての道を切り開くきっかけとなりました。
P4EC1F34,宮崎駿,43.0,芸術・文化,なし,0.0,あなたと同じ43歳のとき、宮崎駿（43歳）は1984年、『風の谷のナウシカ』の映画化で独立を決意しました。しかし映画製作委員会から15回以上企画を却下され、8ヶ月間資金調達ができずにいました。80社以...,あなたと同じ43歳のとき、宮崎駿（43歳）は1984年、『風の谷のナウシカ』の映画化で独立を決意しました。しかし映画製作委員会から15回以上企画を却下され、8ヶ月間資金調達ができずにいました。80社以上のスポンサーから支援を断られ、自己資金が底をついました。それのも16回目の提案で徳間書店が2億円の出資を決定し、映画は興行収入7.4億円の大ヒットとなりました。幼少期の戦争で故郷に追われた体験から「自然と共生する物語を描きたい」想いが原点だっました。この成功で日本アニメ業界に新風を吹き込み、後に設立するスタジオ...
P6F8AED0,宮本茂,41.0,科学・技術,なし,0.0,あなたと同じ41歳のとき、宮本茂は新たなゲーム開発に挑戦することになりました。それまでの「マリオ」シリーズとは全く異なるジャンルの3Dアクションゲーム「スーパーマリオ64」の開発に着手したのです。当時...,あなたと同じ41歳のとき、宮本茂は新たなゲーム開発に挑戦することになりました。それまでの「マリオ」シリーズとは全く異なるジャンルの3Dアクションゲーム「スーパーマリオ64」の開発に着手したのです。当時の技術的制約の中で、革新的な3Dゲームを作り上げるのは容易ではありませんでしたが、宮本は独自のアイデアとチームの力を結集し、ゲーム史に残る傑作を生み出しました。「スーパーマリオ64」は発売後、全世界で空前の大ヒットとなり、3Dゲームのスタンダードを確立するきっかけになりました。
P8CA9DC8,孫正義,44.0,ビジネス,なし,0.0,あなたと同じ44歳のとき、孫正義はソフトバンクを通信業界の革命者に変え、年商1兆円を突破しました。通信業界の料金体系を40%削減し、インターネット普及率を25%から70%に押し上げました。経営27年で...,あなたと同じ44歳のとき、孫正義はソフトバンクを通信業界の革命者に変え、年商1兆円を突破しました。通信業界の料金体系を40%削減し、インターネット普及率を25%から70%に押し上げました。経営27年で6000回の挑戦と500人の起業家に育成を経て、年間3000万人の顧客を獲得し、世界50カ国でサービスを提供し、10万人の雇用を創出しました。通信革命「情報革命の人々を幸せにする」という信念で進み続けました。
P7E0F1FE,孫悟飯,4.0,アニメ・漫画・ゲーム,なし,0.0,4歳の時、悟飯は偶然森で迷子になってしまった。しかし、彼は怯えずに勇敢に挑戦し、自分の声を聞いてくれる父親の声を探し出すことに成功した。,4歳の時、悟飯は偶然森で迷子になってしまった。しかし、彼は怯えずに勇敢に挑戦し、自分の声を聞いてくれる父親の声を探し出すことに成功した。
PDBE9D52,孫悟空,18.0,アニメ・漫画・ゲーム,なし,0.0,孫悟空は18歳の時、地球を支配しようとするピッコロ大魔王と壮絶な戦いを繰り広げました。カリン塔で超神水を飲んで力を得て、天下一武道会の会場で激突し、貫手でピッコロ大魔王を倒して地球を救いました。その後...,孫悟空は18歳の時、地球を支配しようとするピッコロ大魔王と壮絶な戦いを繰り広げました。カリン塔で超神水を飲んで力を得て、天下一武道会の会場で激突し、貫手でピッコロ大魔王を倒して地球を救いました。その後29歳でナメック星に到着し、フリーザとの戦闘で親友クリリンが殺されたことで怒りが爆発し、伝説の超サイヤ人に初めて覚醒しました。金色に輝く髪と圧倒的な戦闘力でフリーザを撃破し、サイヤ人の新たな可能性を示しました。鳥山明が創造したこのキャラクターは、「かめはめ波」という必殺技で知られ、世界中の少年たちに夢を与え続けています。
PC2F678D,大谷亮平,36.0,芸術・文化,なし,0.0,あなたと同じ36歳のとき、大谷亮平は長年の夢だった映画監督デビューを果たしました。脚本から撮影、編集まですべてを手掛けた初監督作品は、国内外の映画祭で高い評価を受けます。俳優としてのキャリアを積み重ね...,あなたと同じ36歳のとき、大谷亮平は長年の夢だった映画監督デビューを果たしました。脚本から撮影、編集まですべてを手掛けた初監督作品は、国内外の映画祭で高い評価を受けます。俳優としてのキャリアを積み重ねる一方で、新たな表現の可能性に挑戦し続ける大谷の姿勢は、多くの人々に勇気と刺激を与えました。この監督デビューが、彼の俳優人生の大きな転機となりました。
PE8A60F8,大西卓哉,61.0,科学・技術,なし,0.0,あなたと同じ61歳のとき、大西卓哉は宇宙での挑戦に直面していました。彼は宇宙ステーションでの長期滞在中、さまざまな科学実験を行うことになりました。しかし、実験中に予想外の機器トラブルが発生し、計画が大...,あなたと同じ61歳のとき、大西卓哉は宇宙での挑戦に直面していました。彼は宇宙ステーションでの長期滞在中、さまざまな科学実験を行うことになりました。しかし、実験中に予想外の機器トラブルが発生し、計画が大幅に変更されることとなりました。大西は冷静に状況を分析し、チームと協力して問題解決に取り組みました。彼は、トラブルを乗り越えることで新たな知見が得られることを信じ、果敢に挑戦を続けました。この経験は彼にとって大きな成長となり、宇宙科学の発展に寄与することになりました。
P4154964,大西卓司,59.0,科学・技術,なし,0.0,あなたと同じ59歳のとき、大西卓司は新たな転機を迎えました。彼は、長年取り組んできた高温超伝導体の研究において、重要な発見をしました。この発見は、エネルギー効率の良い電力伝送システムの実現に向けた一歩...,あなたと同じ59歳のとき、大西卓司は新たな転機を迎えました。彼は、長年取り組んできた高温超伝導体の研究において、重要な発見をしました。この発見は、エネルギー効率の良い電力伝送システムの実現に向けた一歩となり、多くの技術者や研究者から注目を集めることになりました。彼の研究室は、次世代のエネルギー技術に貢献するプラットフォームとなり、若手研究者たちの集まる場となりました。大西は、この瞬間を通じて、自身の研究が社会に与える影響を再認識し、さらなる探求心を燃やすこととなりました。
PAA66154,大竹省二,63.0,芸術・文化,なし,0.0,あなたと同じ63歳のとき、大竹省二は新しい芸術スタイルに挑戦し、困難を乗り越えました。彼はこれまでのアートの枠を超え、環境問題をテーマにしたインスタレーション作品を制作することを決意しました。しかし、...,あなたと同じ63歳のとき、大竹省二は新しい芸術スタイルに挑戦し、困難を乗り越えました。彼はこれまでのアートの枠を超え、環境問題をテーマにしたインスタレーション作品を制作することを決意しました。しかし、資金調達や展示場所の確保が思うように進まず、苦労を重ねることになりました。それでも彼は作品の意義を信じ、地域の人々と協力しながら、展示会を実現させることができました。この経験を通じて、アートの力を再認識し、多くの人々とつながることができたのです。
PB30A258,大竹しのぶ,72.0,芸術・文化,なし,0.0,あなたと同じ72歳のとき、大竹しのぶは舞台「放浪記」に挑戦しました。50年以上の女優人生で培ってきた経験を生かし、年齢を感じさせない熱演を披露しました。しかし、長時間の公演は体力的にも厳しく、稽古中は...,あなたと同じ72歳のとき、大竹しのぶは舞台「放浪記」に挑戦しました。50年以上の女優人生で培ってきた経験を生かし、年齢を感じさせない熱演を披露しました。しかし、長時間の公演は体力的にも厳しく、稽古中は何度も休憩を取らなければなりませんでした。それでも、役への思いと観客への感謝の気持ちを胸に、最後まで演じ切ることができました。舞台は大成功を収め、大竹しのぶの女優魂を示す記念碑的な作品となりました。
PE910F7D,大江健三郎,59.0,芸術・文化,ノーベル賞,0.0,あなたと同じ59歳のとき、大江健三郎はノーベル文学賞を受賞し、日本人として川端康成以来26年ぶり2人目の快挙を成し遂げました。スウェーデン・アカデミーは「詩的な力にもって現実と神話が混在する世界を創造...,あなたと同じ59歳のとき、大江健三郎はノーベル文学賞を受賞し、日本人として川端康成以来26年ぶり2人目の快挙を成し遂げました。スウェーデン・アカデミーは「詩的な力にもって現実と神話が混在する世界を創造し、現代人の苦悩を描いた」と評価しました。しかし受賞発表の翌日、彼は意外でも「文学に国境はない」と述べ、授賞式では障害のある息子への愛に込めた3分間のスピーチを行いました。賞金の900万円は全額、障害者支援団体に寄付し、「文学は社会的責任に伴う」という信念を貫きました。
PD8CEB52,大江健三郎,65.0,政治・社会,ノーベル賞,0.0,あなたと同じ65歳のとき、大江健三郎は1980年のノーベル文学賞候補として名前が挙がりました。これまでの文学活動が高く評価され、日本人初のノーベル文学賞受賞の可能性が注目されました。結果的には受賞は逃...,あなたと同じ65歳のとき、大江健三郎は1980年のノーベル文学賞候補として名前が挙がりました。これまでの文学活動が高く評価され、日本人初のノーベル文学賞受賞の可能性が注目されました。結果的には受賞は逃しましたが、世界的作家としての地位を不動のものにする転機となりました。以降も精力的に執筆活動を続け、1994年にはノーベル文学賞を受賞。日本の文学界を代表する作家の一人となりました。
PD8CEB52,大江健三郎,28.0,学術・研究,なし,0.0,あなたと同じ28歳のとき、大江健三郎は処女長編小説『飼育』を発表しました。この作品は、戦後の日本社会における人間関係の複雑さと閉塞感を鋭く描き出し、文壇から高い評価を受けました。『飼育』の成功により、...,あなたと同じ28歳のとき、大江健三郎は処女長編小説『飼育』を発表しました。この作品は、戦後の日本社会における人間関係の複雑さと閉塞感を鋭く描き出し、文壇から高い評価を受けました。『飼育』の成功により、大江健三郎は新進気鋭の作家として注目を集めることになりました。
P5B8DB99,大谷翔平,27.0,スポーツ,なし,1.0,あなたと同じ27歳のとき、大谷翔平（27歳）は2021年、二刀流での米国挑戦4年目を迎えていました。前年まで故障に苦しみ、投手で11試合、打者の.190の成績で「失敗作」と酷評された。しかし高校時代の...,あなたと同じ27歳のとき、大谷翔平（27歳）は2021年、二刀流での米国挑戦4年目を迎えていました。前年まで故障に苦しみ、投手で11試合、打者の.190の成績で「失敗作」と酷評された。しかし高校時代の恩師から言われた「人はやらないことで価値がある」言葉を胸に、1日12時間の猛練習を継続しました。これ9勝2敗・防御率3.18、これ46本塁打・100打点を記録し、ベーブ・ルース以来103年ぶりの偉業を達成。全米3000万人が注目し、MVPを満票獲得しました。二刀流新たな野球の可能性を示す信念で進み続けました。
P8112383,大森一樹,52.0,科学・技術,なし,0.0,あなたと同じ52歳のとき、大森一樹は国際宇宙ステーションでの長期滞在ミッションに挑戦しました。厳しい訓練と準備の末、ソユーズ宇宙船で打ち上げに成功。宇宙での生活は想像以上に過酷でしたが、地球を遠くに見...,あなたと同じ52歳のとき、大森一樹は国際宇宙ステーションでの長期滞在ミッションに挑戦しました。厳しい訓練と準備の末、ソユーズ宇宙船で打ち上げに成功。宇宙での生活は想像以上に過酷でしたが、地球を遠くに見ながら人類の可能性について深く思いを馳せました。ミッション中には数々のトラブルにも見舞われましたが、冷静に対処し乗り越えていきました。地上の管制センターとの緊密な連携のもと、多くの科学実験を成功させ、宇宙開発に大きく貢献する成果となりました。5か月間の滞在を終え、無事に地球に帰還した瞬間の安堵と感動は、生涯忘れられない出来事となりました。
PB58C243,大村智,53.0,学術・研究,なし,0.0,あなたと同じ53歳のとき、大村智は新たな抗生物質の開発に挑戦していました。長年の研究の末、画期的な新薬の発見に成功しましたが、その過程で数え切れないほどの失敗と困難に直面しました。それでも諦めずに努力...,あなたと同じ53歳のとき、大村智は新たな抗生物質の開発に挑戦していました。長年の研究の末、画期的な新薬の発見に成功しましたが、その過程で数え切れないほどの失敗と困難に直面しました。それでも諦めずに努力を重ね、粘り強く研究を続けた結果、多くの人命を救う医療革命を起こすことができました。大村智の不屈の精神と情熱は、私たちに希望と勇気を与えてくれます。
P36DCB8F,大村智,50.0,医学・健康,ノーベル賞,0.0,あなたと同じ50歳のとき、大村智は抗寄生虫薬イベルメクチンを開発しました。世界で年間3億人以上が使用を記録し、アフリカや中南米で失明を予防を記録し、この発明により、熱帯病に苦しむ数億人を救い、ノーベル...,あなたと同じ50歳のとき、大村智は抗寄生虫薬イベルメクチンを開発しました。世界で年間3億人以上が使用を記録し、アフリカや中南米で失明を予防を記録し、この発明により、熱帯病に苦しむ数億人を救い、ノーベル生理学・医学賞を受賞したという大きな影響を与えました。長年の経験を活かした取り組みとして、大きな意味を持ちました。その実績は広く認められました。イノベーションの実現に成功した瞬間でした。この挑戦が常識を覆すこととなった。
P4209640,大崎弘,59.0,スポーツ,なし,0.0,あなたと同じ59歳のとき、大崎弘は東京マラソンで見事に完走を果たしました。彼は長年、ジョギングを楽しんできましたが、フルマラソンに挑戦するのは初めてのことでした。挑戦することを決意したのは、友人の影響...,あなたと同じ59歳のとき、大崎弘は東京マラソンで見事に完走を果たしました。彼は長年、ジョギングを楽しんできましたが、フルマラソンに挑戦するのは初めてのことでした。挑戦することを決意したのは、友人の影響でした。数ヶ月間、毎日練習を重ね、体力をつけていきました。当日は緊張と興奮が入り交じる中、スタートラインに立ちました。レース中は辛さもありましたが、沿道の応援に励まされ、最後まで走り切ることができました。完走後の達成感は格別で、彼にとって人生の新たなステージの始まりとなりました。この経験は、挑戦することの大切さを教えてくれたのです。
P56282CB,大島渚,28.0,芸術・文化,国際映画祭,0.0,あなたと同じ28歳のとき、大島渚は映画『青春残酷物語』を監督し、日本映画界に衝撃を与えました。松竹在籍わずか3年目で、製作費800万円という低予算ながら興行収入1億2000万円を記録し、ヌーヴェルヴァ...,あなたと同じ28歳のとき、大島渚は映画『青春残酷物語』を監督し、日本映画界に衝撃を与えました。松竹在籍わずか3年目で、製作費800万円という低予算ながら興行収入1億2000万円を記録し、ヌーヴェルヴァーグの旗手として注目されました。実は撮影中、主演俳優は突然降板するトラブルに見舞われましたが、急遽キャスティングした津川雅彦の起用が功を奏し、作品の完成度を高めました。従来の日本映画の常識を覆す斬新な映像表現と社会批判的なテーマで、カンヌ国際映画祭への出品も果たし、世界に日本の新しい映画の可能性を示しました。
PA5A8FCC,大島優子,25.0,ビジネス,なし,0.0,あなたと同じ25歳のとき、大島優子は元アイドルとしてキャリアの重要な転機を迎えました。この時期、独自の視点と情熱を持って新しい挑戦に取り組み、その後の成功の基盤となる貴重な経験を積みました。周囲からの...,あなたと同じ25歳のとき、大島優子は元アイドルとしてキャリアの重要な転機を迎えました。この時期、独自の視点と情熱を持って新しい挑戦に取り組み、その後の成功の基盤となる貴重な経験を積みました。周囲からの期待と自身の目標との間で葛藤しながらも、決断力と行動力で道を切り開いていきました。この決断が後の人生を大きく変えることとなりました。環境の変化に適応しながら、新しい挑戦を始めました。運命が動き始めた瞬間でした。この選択が新たな道を切り開いた。
P4B14B67,大宅壮一,57.0,政治・社会,なし,0.0,あなたと同じ57歳のとき、大宅壮一は「月刊大宅壮一」を創刊しました。これまでの週刊誌とは一線を画す、著名人へのロングインタビューを中心とした月刊誌の発行は、大宅にとって新たな挑戦となりました。政治家や...,あなたと同じ57歳のとき、大宅壮一は「月刊大宅壮一」を創刊しました。これまでの週刊誌とは一線を画す、著名人へのロングインタビューを中心とした月刊誌の発行は、大宅にとって新たな挑戦となりました。政治家や文化人など各界の重要人物の本音に迫る独自のインタビュー手法は高く評価され、雑誌ジャーナリズムに新風を吹き込むことになりました。以降、「月刊大宅壮一」は長きにわたり発行を続け、大宅の代表作となりました。
PED908BB,大塚愛,18.0,ビジネス,なし,0.0,あなたと同じ18歳のとき、大塚愛は音楽の道を本格的に目指すことになりました。高校生活の中で、友人と一緒に作った曲を地元のコンテストに応募したところ、思いがけず優勝を果たしました。この経験が彼女にとって...,あなたと同じ18歳のとき、大塚愛は音楽の道を本格的に目指すことになりました。高校生活の中で、友人と一緒に作った曲を地元のコンテストに応募したところ、思いがけず優勝を果たしました。この経験が彼女にとって大きな転機となり、音楽に対する情熱がさらに強まりました。その後、彼女はメジャーデビューを果たし、ヒット曲を次々と生み出すことになりました。彼女の成功は、若い世代に対する勇気と希望の象徴となっています。音楽を通じて自分の感情を表現することの大切さを、彼女は多くの人々に伝えているのです。
P80BF0E3,井深大,75.0,科学・技術,なし,0.0,あなたと同じ75歳のとき、井深大は、ソニーの名誉会長として、新しい技術への投資を惜しまない姿勢を貫いていました。若手エンジニアたちを積極的に支援し、失敗を恐れずチャレンジすることの大切さを説いています...,あなたと同じ75歳のとき、井深大は、ソニーの名誉会長として、新しい技術への投資を惜しまない姿勢を貫いていました。若手エンジニアたちを積極的に支援し、失敗を恐れずチャレンジすることの大切さを説いています。そのビジョンと情熱は、ソニーの技術革新の原動力となりました。井深は「技術で社会に貢献する」という信念を生涯持ち続け、日本のエレクトロニクス産業の発展に尽力したのです。
PFA97007,大村智,80.0,科学・技術,ノーベル賞,0.0,あなたと同じ80歳のとき、大村智はノーベル生理学・医学賞を受賞し、アフリカで年間約3億人が感染するオンコセルカ症の治療薬イベルメクチンの発見者として世界的な注目を集めました。静岡県の土壌から採取した微...,あなたと同じ80歳のとき、大村智はノーベル生理学・医学賞を受賞し、アフリカで年間約3億人が感染するオンコセルカ症の治療薬イベルメクチンの発見者として世界的な注目を集めました。静岡県の土壌から採取した微生物から開発されたこの薬は、20億回以上無償配布され、失明の危機にあった数百万人を救いました。実は彼は研究の合間にゴルフ場の設計も手がけており、科学者とし、の厳密さと芸術的センスを併せ持つ異色の人物でしました。
P2DD4075,大谷翔平,32.0,学術・研究,なし,1.0,あなたと同じ32歳のとき、大谷翔平はメジャーリーグで二刀流選手として大活躍をしました。投手としては15勝を挙げ、打者としては34本塁打を放つなど、両面で驚異的な成績を残しました。シーズン終了後には、ア...,あなたと同じ32歳のとき、大谷翔平はメジャーリーグで二刀流選手として大活躍をしました。投手としては15勝を挙げ、打者としては34本塁打を放つなど、両面で驚異的な成績を残しました。シーズン終了後には、ア・リーグMVPとサイ・ヤング賞の両方を受賞。日本人選手としては初の快挙となりました。大谷の活躍は、野球界の常識を覆し、多くのファンに夢と感動を与えました。
PC647CDD,大谷翔平,63.0,政治・社会,なし,1.0,あなたと同じ63歳のとき、大谷翔平は、メジャーリーグで通算600本塁打を達成しました。日本人選手初の快挙です。ピッチャーとしても通算300勝を達成し、二刀流の歴史を塗り替えました。現役生活30年以上に...,あなたと同じ63歳のとき、大谷翔平は、メジャーリーグで通算600本塁打を達成しました。日本人選手初の快挙です。ピッチャーとしても通算300勝を達成し、二刀流の歴史を塗り替えました。現役生活30年以上に渡り、常に世界最高峰の舞台で活躍し続けた大谷選手。その姿勢は、野球少年だけでなく、多くの人々に夢と希望を与え続けています。63歳になっても衰えることのないプレーは、「野球の神様」と称えられるようになりました。
P320BAE6,大迫傑,15.0,スポーツ,なし,0.0,あなたと同じ15歳のとき、大迫傑は全国中学校体育大会の3000m競走で優勝しました。しかし、レース後に倒れ込み、救急車で病院に運ばれるという出来事がありました。この経験から、大迫は自分の体調管理の重要...,あなたと同じ15歳のとき、大迫傑は全国中学校体育大会の3000m競走で優勝しました。しかし、レース後に倒れ込み、救急車で病院に運ばれるという出来事がありました。この経験から、大迫は自分の体調管理の重要性を痛感し、トレーニング方法を見直すことになりました。過酷なレースに耐えうる強靭な肉体と精神力を身につけるため、科学的なアプローチでトレーニングに取り組むようになりました。この15歳での出来事が、その後の大迫の陸上人生における大きな転機となりました。
P6E2E38E,妻夫木聡,25.0,ビジネス,なし,0.0,あなたと同じ25歳のとき、妻夫木聡は俳優としてキャリアの重要な転機を迎えました。この時期、独自の視点と情熱を持って新しい挑戦に取り組み、その後の成功の基盤となる貴重な経験を積みました。周囲からの期待と...,あなたと同じ25歳のとき、妻夫木聡は俳優としてキャリアの重要な転機を迎えました。この時期、独自の視点と情熱を持って新しい挑戦に取り組み、その後の成功の基盤となる貴重な経験を積みました。周囲からの期待と自身の目標との間で葛藤しながらも、決断力と行動力で道を切り開いていきました。若くして示したこの行動は、後のキャリアの基盤となる重要な経験でした。その実績は広く認められました。これが運命を変える岐路となりました。この決断が人生の分岐点となった。
P4B7B157,妹島和世,54.0,建築・デザイン,プリツカー賞,0.0,あなたと同じ54歳のとき、妹島和世はプリツカー建築賞を受賞した日本人女性初のプリツカー建築賞受賞者となりました。金沢21世紀美術館は開館以来、年間250万人が訪れる施設として運営されています。ルーブル...,あなたと同じ54歳のとき、妹島和世はプリツカー建築賞を受賞した日本人女性初のプリツカー建築賞受賞者となりました。金沢21世紀美術館は開館以来、年間250万人が訪れる施設として運営されています。ルーブル美術館ランス別館ではアルミパネルと曲面ガラスに用いた設計を完成させました。SANAAとして西沢立衛と共同で透明性に重視した建築設計を手がけ、国内外で多数のプロジェクトを実現しています。歴史に名を刻む重要な成果でした。
P7AF8CAC,奥田民生,41.0,芸術・文化,なし,0.0,あなたと同じ41歳のとき、奥田民生はソロ活動10周年を迎え、全国47都道府県でライブツアーを敢行しました。各地での公演は大盛況となりましたが、ツアー中盤で声帯の不調に見舞われ、残りの公演が危ぶまれる事...,あなたと同じ41歳のとき、奥田民生はソロ活動10周年を迎え、全国47都道府県でライブツアーを敢行しました。各地での公演は大盛況となりましたが、ツアー中盤で声帯の不調に見舞われ、残りの公演が危ぶまれる事態となりました。それでも奥田さんは治療に専念しながら、ファンのために最後まで歌い続ける決意をします。献身的なリハビリを重ね、見事に全公演を完走。ファンへの感謝の気持ちを胸に、ツアーファイナルのステージで涙を流しながら熱唱したことが話題となりました。
P0B61423,奥村愛,16.0,スポーツ,なし,0.0,あなたと同じ16歳のとき、奥村愛はヴァイオリンの練習に打ち込んでいました。才能はありましたが、世界レベルの演奏家になるには技術的な課題が多くありました。指導者から厳しい指摘を受け、挫折しそうになること...,あなたと同じ16歳のとき、奥村愛はヴァイオリンの練習に打ち込んでいました。才能はありましたが、世界レベルの演奏家になるには技術的な課題が多くありました。指導者から厳しい指摘を受け、挫折しそうになることもありましたが、諦めずに努力を続けました。練習時間を増やし、基礎から丁寧に見直すことで、少しずつ演奏力が向上していきました。16歳という多感な時期に、音楽への情熱を持ち続け、困難に立ち向かう強い意志を持っていたことが、後の活躍につながっていきました。
P19E6FBC,奥山清行,74.0,芸術・文化,なし,0.0,あなたと同じ74歳のとき、奥山清行は長年の研鑽の成果として、代表作の一つである「花の詩」シリーズを完成させました。鮮やかな色彩と独特の構図で描かれた花々は、生命力に満ち溢れ、見る者の心を癒します。この...,あなたと同じ74歳のとき、奥山清行は長年の研鑽の成果として、代表作の一つである「花の詩」シリーズを完成させました。鮮やかな色彩と独特の構図で描かれた花々は、生命力に満ち溢れ、見る者の心を癒します。この作品は、国内外で高い評価を受け、多くの美術館で展示されることとなりました。奥山は、年齢を重ねるごとに芸術家としての境地を深め、人生の集大成とも言える傑作を生み出したのです。
P3257A04,奥山峰石,43.0,芸術・文化,国際映画祭,0.0,あなたと同じ43歳のとき、奥山峰石は初めて単独で海外展覧会を開催しました。ドイツのベルリンで開かれたその展覧会では、奥山独自の技法で制作された大胆かつ繊細な作品群が高い評価を受けました。現地のコレクタ...,あなたと同じ43歳のとき、奥山峰石は初めて単独で海外展覧会を開催しました。ドイツのベルリンで開かれたその展覧会では、奥山独自の技法で制作された大胆かつ繊細な作品群が高い評価を受けました。現地のコレクターから次々と購入のオファーが届き、国際的な陶芸家としての地位を確立するきっかけとなりました。
P14CF9E9,奈良美智,50.0,芸術・文化,なし,0.0,あなたと同じ50歳のとき、奈良美智は青森県立美術館で大規模個展「奈良美智：少し昔の僕のこと」を開催しました。故郷青森のの初の大規模展覧会には3か月間で12万人が来場し、地元の小学生たちが描いた1000...,あなたと同じ50歳のとき、奈良美智は青森県立美術館で大規模個展「奈良美智：少し昔の僕のこと」を開催しました。故郷青森のの初の大規模展覧会には3か月間で12万人が来場し、地元の小学生たちが描いた1000枚の絵画も展示された。実は彼は幼少期から人見知りが激しく、絵に描くことのしか自分を表現のきませんでしたが、この展覧会では来場者と直接対話する時間を設け、20年ぶりに故郷の人々との心の距離を縮めました。
P048D601,太宰治,39.0,芸術・文化,なし,0.0,あなたと同じ39歳のとき、太宰治は『人間失格』を執筆し、文学史に残る傑作を完成させました。この作品は3つの手記から構成され、発表から70日後に玉川上水の入水自殺を遂げる直前の渾身作でしました。実は執筆...,あなたと同じ39歳のとき、太宰治は『人間失格』を執筆し、文学史に残る傑作を完成させました。この作品は3つの手記から構成され、発表から70日後に玉川上水の入水自殺を遂げる直前の渾身作でしました。実は執筆中、彼は1日の原稿用紙20枚以上を書き続ける驚異的なペースで創作に没頭していました。妻の美知子は夫の異常なまでの集中力に驚き、深夜2時まで机に向かう姿を見守っていました。絶望的な内容でありながら、太宰は「これで僕の文学は完成する」と語り、自らの人生と文学への最後の情熱を注ぎ込みました。
PF683189,天野浩,54.0,科学・技術,ノーベル賞,0.0,あなたと同じ54歳のとき、天野浩はノーベル物理学賞を受賞し、青色LED開発の功績が世界に認められました。受賞決定の瞬間、彼は名古屋大学の研究室の学生と実験中でしました。賞金約1億1000万円の使い道を...,あなたと同じ54歳のとき、天野浩はノーベル物理学賞を受賞し、青色LED開発の功績が世界に認められました。受賞決定の瞬間、彼は名古屋大学の研究室の学生と実験中でしました。賞金約1億1000万円の使い道を聞かれると「研究費に使います」と即答し、周囲を驚かせました。実は受賞前の20年間、青色LED実用化は不可能とされ、多くの研究者が諦めていました。天野教授は1日16時間の実験を続け、失敗回数は3万回を超えました。
P79B8C50,天野浩,31.0,学術・研究,なし,0.0,あなたと同じ31歳のとき、天野浩は青色発光ダイオード（LED）の研究に没頭していました。当時、青色LEDの実現は難しいとされていましたが、天野は独自の視点から研究を進めました。実験を重ねる中で、窒化ガ...,あなたと同じ31歳のとき、天野浩は青色発光ダイオード（LED）の研究に没頭していました。当時、青色LEDの実現は難しいとされていましたが、天野は独自の視点から研究を進めました。実験を重ねる中で、窒化ガリウムという材料に着目し、その結晶成長技術の開発に取り組みました。幾多の困難に直面しながらも、天野は諦めずに研究を続け、ついに青色LEDの発明に成功したのです。この発明は、照明や液晶ディスプレイなど幅広い分野に革新をもたらし、天野の人生を大きく変えることになりました。
P3352117,大黒摩季,25.0,音楽,なし,0.0,あなたと同じ25歳のとき、大黒摩季はソロのシンガーソングライターとして、『あなただけ見つめてる』が200万枚突破しました。オリコン1位という記録を達成し、ダブルミリオン達成という記録を達成しました。9...,あなたと同じ25歳のとき、大黒摩季はソロのシンガーソングライターとして、『あなただけ見つめてる』が200万枚突破しました。オリコン1位という記録を達成し、ダブルミリオン達成という記録を達成しました。90年代女性ロックボーカリストの代表格という大きな影響を与えました。若くして示したこの行動は、後のキャリアの基盤となる重要な経験でした。その実績は広く認められました。確固たる地位を築き上げました。この達成により、新たな可能性が開かれた。
PB7D2CE5,大隈重信,62.0,学術・研究,なし,0.0,あなたと同じ62歳のとき、大隈重信は第17代内閣総理大臣に就任しました。日露戦争後の国内改革を推進するため、政友会を結成し、藩閥政治から政党政治への転換を目指しました。しかし、桂太郎や山県有朋らの反対...,あなたと同じ62歳のとき、大隈重信は第17代内閣総理大臣に就任しました。日露戦争後の国内改革を推進するため、政友会を結成し、藩閥政治から政党政治への転換を目指しました。しかし、桂太郎や山県有朋らの反対にあい、わずか4カ月で総辞職に追い込まれました。その後も、早稲田大学の創立や憲政会の結成など、生涯を通じて日本の近代化と民主化に尽力しました。
PEBAC6AF,大隈良嶺,27.0,科学・技術,なし,0.0,あなたと同じ27歳のとき、大隈良嶺は日本の宇宙開発において重要な成果を上げました。彼は、次世代の小型衛星を開発するプロジェクトに参加し、従来の衛星よりも軽量で高性能なデバイスを設計することに成功しまし...,あなたと同じ27歳のとき、大隈良嶺は日本の宇宙開発において重要な成果を上げました。彼は、次世代の小型衛星を開発するプロジェクトに参加し、従来の衛星よりも軽量で高性能なデバイスを設計することに成功しました。この技術革新により、打ち上げコストが大幅に削減され、より多くの研究者が宇宙データを利用できるようになりました。彼の貢献は、国内外の研究機関から高く評価され、宇宙産業の発展に寄与することとなりました。大隈は、若い世代の科学者たちにも刺激を与え、未来への道を切り開く存在となっています。
PD854FC4,大隅良典,71.0,科学・技術,ノーベル賞,0.0,あなたと同じ71歳のとき、大隅良典（71歳）は2016年、オートファジー研究でノーベル生理学・医学賞を単独受賞しました。研究開始から20年間、実験は500回以上失敗し、論文は10本以上リジェクトされま...,あなたと同じ71歳のとき、大隅良典（71歳）は2016年、オートファジー研究でノーベル生理学・医学賞を単独受賞しました。研究開始から20年間、実験は500回以上失敗し、論文は10本以上リジェクトされました。主流の分子生物学から外れた酵母研究は「時代遅れ」と批判され、8年間研究資金の獲得に苦戦しました。転機は基礎研究への信念を貫き、独自の電子顕微鏡観察手法を開発したことだっました。祖父の「好奇心こそが学問の原点」言葉を胸に、現在のは世界50ヶ国で1万人以上の研究者が関連研究に従事し、がん治療など300以上の応用...
PA468789,大隅良典,74.0,学術・研究,ノーベル賞,0.0,あなたと同じ74歳のとき、大隅良典は、オートファジー（細胞内で不要なタンパク質を分解・リサイクルする仕組み）の研究で、ノーベル生理学・医学賞を受賞しました。長年の基礎研究が実を結び、世界的な評価を得る...,あなたと同じ74歳のとき、大隅良典は、オートファジー（細胞内で不要なタンパク質を分解・リサイクルする仕組み）の研究で、ノーベル生理学・医学賞を受賞しました。長年の基礎研究が実を結び、世界的な評価を得ることになりました。受賞後は、若手研究者の育成にも尽力し、次世代への橋渡し役となりました。人生100年時代を見据え、年齢に関係なく研究への情熱を持ち続けることの大切さを伝えています。
P561A076,大野智,41.0,芸術・文化,なし,0.0,あなたと同じ41歳のとき、大野智は自身初のソロアルバム「OHNO SATOSHI」をリリースしました。このアルバムは、大野智自身が作詞・作曲を手がけた楽曲を中心に構成されており、彼の音楽家としての才能...,あなたと同じ41歳のとき、大野智は自身初のソロアルバム「OHNO SATOSHI」をリリースしました。このアルバムは、大野智自身が作詞・作曲を手がけた楽曲を中心に構成されており、彼の音楽家としての才能と表現力が存分に発揮された作品となりました。アルバムは発売初週に10万枚以上を売り上げ、オリコンアルバムチャートで1位を獲得。歌手としても俳優としても活躍する大野智が、ソロアーティストとしても大きな成功を収めた記念すべき年となりました。
PE052366,大野智,57.0,学術・研究,なし,0.0,あなたと同じ57歳のとき、大野智は自身の音楽活動の転機を迎えました。長年にわたりアイドルグループ「嵐」のリーダーとして活躍してきた大野は、グループ活動の傍らソロプロジェクトにも力を注ぎ始めたのです。作...,あなたと同じ57歳のとき、大野智は自身の音楽活動の転機を迎えました。長年にわたりアイドルグループ「嵐」のリーダーとして活躍してきた大野は、グループ活動の傍らソロプロジェクトにも力を注ぎ始めたのです。作詞・作曲はもちろん、ミュージックビデオの演出まで手掛ける大野のソロ作品は、アーティストとしての新たな一面を見せてくれました。年齢を重ねるごとに深みを増す表現力で、多くのファンを魅了し続けています。
P7CA92E5,大野勝彦,68.0,芸術・文化,なし,0.0,あなたと同じ68歳のとき、大野勝彦は新しい書道のスタイルに挑戦することになりました。伝統的な技法を大切にしながらも、現代アートの要素を取り入れることで、書道の可能性を広げたいと考えていたのです。しかし...,あなたと同じ68歳のとき、大野勝彦は新しい書道のスタイルに挑戦することになりました。伝統的な技法を大切にしながらも、現代アートの要素を取り入れることで、書道の可能性を広げたいと考えていたのです。しかし、周囲からは「それは書道ではない」と批判を受けることも多く、苦悩の日々が続きました。それでも、彼は自分のスタイルを信じて、作品を発表し続けました。その結果、徐々に支持者が増え、展覧会での評価も高まりました。そして、彼の新しいアプローチは多くの若い書道家たちに影響を与えることになり、書道の未来を切り開くきっかけとなったのです。
PC8995B9,大野一雄,72.0,芸術・文化,なし,0.0,あなたと同じ72歳のとき、大野一雄は体調不良により公演を休止せざるを得ない状況になりました。しかし、舞踏への情熱を失わず、静かに体力を回復させながら新たな表現方法を模索しました。そして1年後、大野は「...,あなたと同じ72歳のとき、大野一雄は体調不良により公演を休止せざるを得ない状況になりました。しかし、舞踏への情熱を失わず、静かに体力を回復させながら新たな表現方法を模索しました。そして1年後、大野は「睡蓮」という新作を発表し、舞踏界に衝撃を与えました。動きを最小限に抑えながらも、内面から滲み出る強烈な存在感で観客を圧倒したのです。72歳という年齢を超越し、大野一雄は舞踏家としての新境地を開拓したのでした。
P592FF29,小坂菜緒,40.0,ビジネス,なし,0.0,あなたと同じ40歳のとき、小坂菜緒はアイドルとして大きなブレークスルーを達成しました。それまでの努力と経験が実を結び、ビジネス分野で画期的な成果を上げました。この成功は単なる幸運ではなく、長年の準備と...,あなたと同じ40歳のとき、小坂菜緒はアイドルとして大きなブレークスルーを達成しました。それまでの努力と経験が実を結び、ビジネス分野で画期的な成果を上げました。この成功は単なる幸運ではなく、長年の準備と周到な戦略、そして諦めない姿勢の結果でした。業界での地位を確立し、次のステージへと駒を進めました。多くの人々がその成果に注目しました。長期間の準備と努力の結果、目標を達成することができました。その功績は今日まで語り継がれています。
P4D2505E,小室哲哉,49.0,音楽,なし,0.0,あなたと同じ49歳のとき、小室哲哉は著作権詐欺で逮捕され音楽活動停止しました。被害額5億円という記録を達成し、執行猶予判決という記録を達成しました。これという挫折を経験し、再起し音楽プロデューサーに復...,あなたと同じ49歳のとき、小室哲哉は著作権詐欺で逮捕され音楽活動停止しました。被害額5億円という記録を達成し、執行猶予判決という記録を達成しました。これという挫折を経験し、再起し音楽プロデューサーに復帰という大きな影響を与えました。卓越した能力と不断の努力により、分野に大きな貢献をしました。その功績は今日まで高く評価されています。挫折から立ち直り、さらに強い決意で挑戦を続けました。この経験が後に活かされました。この逆境が新たな視点をもたらした。
PD3DC599,小山田圭吾,67.0,スポーツ,なし,0.0,あなたと同じ67歳のとき、小山田圭吾は人生の転機を迎えました。彼は若い頃から陸上競技に打ち込み、長距離走で名を馳せていましたが、67歳を迎えると、自身の健康を見つめ直すこととなりました。そこで、彼は競...,あなたと同じ67歳のとき、小山田圭吾は人生の転機を迎えました。彼は若い頃から陸上競技に打ち込み、長距離走で名を馳せていましたが、67歳を迎えると、自身の健康を見つめ直すこととなりました。そこで、彼は競技から引退し、代わりに地域のジュニア選手を育成するコーチとして活動を始めることになりました。彼の指導のもと、多くの若者たちが陸上の楽しさを知り、成長していく様子を見て、小山田は新たな充実感を感じるようになりました。この変化が彼の人生に新しい意味を与え、スポーツを通じて多くの人々とつながる喜びを再発見するきっかけとなったのです。
P9342FDA,小山田圭吾,47.0,芸術・文化,なし,0.0,あなたと同じ47歳のとき、小山田圭吾はソロアルバム「KEIGO ATOBE」をリリースしました。このアルバムは、小山田自身が作詞・作曲・演奏・プロデュースを手がけた意欲作です。多彩な音楽性と繊細な感性...,あなたと同じ47歳のとき、小山田圭吾はソロアルバム「KEIGO ATOBE」をリリースしました。このアルバムは、小山田自身が作詞・作曲・演奏・プロデュースを手がけた意欲作です。多彩な音楽性と繊細な感性が織り成す楽曲の数々は、リスナーの心を深く揺さぶりました。アルバムは高い評価を得て、小山田の音楽家としての才能を改めて証明する作品となりました。
P45CD941,山崎貞一,65.0,学術・研究,なし,0.0,あなたと同じ65歳のとき、山崎貞一は、東京タワーの設計・建設に尽力し、その功績が認められ、紫綬褒章を受章しました。山崎は、耐震設計の先駆者として、日本の高層建築の発展に大きく貢献しました。東京タワーは...,あなたと同じ65歳のとき、山崎貞一は、東京タワーの設計・建設に尽力し、その功績が認められ、紫綬褒章を受章しました。山崎は、耐震設計の先駆者として、日本の高層建築の発展に大きく貢献しました。東京タワーは、彼の設計によって、関東大震災級の地震にも耐えられる堅牢な構造となりました。山崎の業績は、後世の構造工学者たちに多大な影響を与えています。
P12B3C89,山崎豊子,60.0,芸術・文化,なし,0.0,あなたと同じ60歳のとき、山崎豊子は長編小説「大地の子」の執筆を開始しました。この作品は、北海道の広大な大地を舞台に、開拓者たちの苦難と希望を描いた壮大な物語です。山崎は現地に長期滞在し、開拓者の子孫...,あなたと同じ60歳のとき、山崎豊子は長編小説「大地の子」の執筆を開始しました。この作品は、北海道の広大な大地を舞台に、開拓者たちの苦難と希望を描いた壮大な物語です。山崎は現地に長期滞在し、開拓者の子孫から直接話を聞くなど、徹底的な取材を行いました。その結果、リアリティあふれる登場人物と感動的なストーリーが生み出され、「大地の子」は山崎の代表作の一つとなりました。
P12B3C89,山崎豊子,66.0,学術・研究,なし,0.0,あなたと同じ66歳のとき、山崎豊子は長編小説「大地の子」を完成させました。この作品は、北海道開拓時代を舞台に、様々な困難や試練に立ち向かう開拓者たちの生き様を描いた大河小説です。山崎は綿密な取材と緻密...,あなたと同じ66歳のとき、山崎豊子は長編小説「大地の子」を完成させました。この作品は、北海道開拓時代を舞台に、様々な困難や試練に立ち向かう開拓者たちの生き様を描いた大河小説です。山崎は綿密な取材と緻密な構成力で、北海道の大自然と人々の営みを鮮やかに描き出しました。「大地の子」は発表後、多くの読者から高い評価を受け、山崎豊子の代表作の一つとなりました。
P11AAADB,山寺宏一,30.0,その他,なし,0.0,あなたと同じ30歳のとき、山寺宏一は『それいけ！アンパンマン』のチーズ役でブレイクした。1991年、「七色の声を持つ男」と呼ばれ、洋画吹き替えからアニメまで幅広く活躍。声優界のレジェンド。,あなたと同じ30歳のとき、山寺宏一は『それいけ！アンパンマン』のチーズ役でブレイクした。1991年、「七色の声を持つ男」と呼ばれ、洋画吹き替えからアニメまで幅広く活躍。声優界のレジェンド。
PF059BA3,山口茜,19.0,スポーツ,オリンピック,0.0,あなたと同じ19歳のとき、山口茜はバドミントンの日本代表選手として活躍していました。しかし、ケガによりオリンピック出場が危ぶまれる状況に陥りました。それでも彼女は諦めずに懸命のリハビリに取り組み、見事...,あなたと同じ19歳のとき、山口茜はバドミントンの日本代表選手として活躍していました。しかし、ケガによりオリンピック出場が危ぶまれる状況に陥りました。それでも彼女は諦めずに懸命のリハビリに取り組み、見事に復帰を果たしました。代表の座を勝ち取った山口選手は、世界選手権で銅メダルを獲得するなど、国際大会で素晴らしい成績を収めることになりました。ケガを乗り越えた彼女の姿は、多くの人々に勇気と希望を与えました。
PBE849C0,山口百恵,66.0,科学・技術,なし,0.0,あなたと同じ66歳のとき、山口百恵は自身の生誕70周年を記念したベストアルバム「All My Best」をリリースしました。このアルバムには、デビュー曲から引退前最後のシングルまで、彼女の歌手人生を彩...,あなたと同じ66歳のとき、山口百恵は自身の生誕70周年を記念したベストアルバム「All My Best」をリリースしました。このアルバムには、デビュー曲から引退前最後のシングルまで、彼女の歌手人生を彩った名曲の数々が収録されています。半世紀以上にわたり多くのファンに愛され続けてきた山口百恵の歌声は、今なお色あせることなく輝き続けています。アルバムの発売と同時に行われたインタビューでは、「歌うことは私の人生そのもの。これからも皆さんの心に寄り添える歌を届けていきたい」と語り、歌手としての変わらぬ情熱を見せました。
PBE849C0,山口百恵,32.0,政治・社会,なし,0.0,あなたと同じ32歳のとき、山口百恵は人生の大きな転機を迎えました。1980年10月5日、東京・日本武道館でのコンサートを最後に、歌手活動から引退することを発表したのです。当時、絶大な人気を誇っていた山...,あなたと同じ32歳のとき、山口百恵は人生の大きな転機を迎えました。1980年10月5日、東京・日本武道館でのコンサートを最後に、歌手活動から引退することを発表したのです。当時、絶大な人気を誇っていた山口さんの突然の引退宣言は、多くのファンに衝撃を与えました。しかし、彼女は「新しい人生を歩むため」という決意のもと、歌手としてのキャリアに幕を下ろすことになりました。この選択は、山口さんにとって新たな人生の始まりであり、その後は女優業に専念するなど、新たな道を歩み始めることとなりました。
PBE849C0,山口百恵,67.0,エンターテイメント,なし,0.0,あなたと同じ67歳のとき、山口百恵は自身のルーツを探る旅に出ました。若い頃から歌手として活躍し、数々のヒット曲を生み出してきた彼女ですが、引退後は家庭に入り、表舞台から遠ざかっていました。しかし、還暦...,あなたと同じ67歳のとき、山口百恵は自身のルーツを探る旅に出ました。若い頃から歌手として活躍し、数々のヒット曲を生み出してきた彼女ですが、引退後は家庭に入り、表舞台から遠ざかっていました。しかし、還暦を迎えたことをきっかけに、自分の人生を見つめ直したいと強く感じるようになりました。そこで、両親や祖父母の故郷を訪ね、自分のアイデンティティーの源流を探る旅に出発しました。その旅先で出会った人々との交流や、家族の歴史に触れる経験を通して、改めて音楽の力を信じるようになりました。
P45644FF,山本一郎,43.0,学術・研究,なし,0.0,あなたと同じ43歳のとき、山本一郎は複素力学系の研究において大きな成果を挙げました。特に、ジュリア集合とマンデルブロ集合の間に存在する普遍的な構造を発見し、カオス理論の発展に大きく貢献しました。この発...,あなたと同じ43歳のとき、山本一郎は複素力学系の研究において大きな成果を挙げました。特に、ジュリア集合とマンデルブロ集合の間に存在する普遍的な構造を発見し、カオス理論の発展に大きく貢献しました。この発見は、非線形現象の解明に新たな道筋をつけるものとして国内外から高く評価され、山本さんは数学界の第一人者としての地位を確立することになりました。
PBBF6633,山口智子,63.0,政治・社会,なし,0.0,あなたと同じ63歳のとき、山口智子は地域の環境保護活動に本格的に取り組むことになりました。彼女は地元の自然保護団体と共に、海岸の清掃活動を定期的に行い、地域の住民にも参加を呼びかけることに力を入れまし...,あなたと同じ63歳のとき、山口智子は地域の環境保護活動に本格的に取り組むことになりました。彼女は地元の自然保護団体と共に、海岸の清掃活動を定期的に行い、地域の住民にも参加を呼びかけることに力を入れました。活動を通じて、多くの人々が環境問題に関心を持つようになり、特に子供たちに向けた環境教育プログラムも実施されるようになりました。これにより、地域全体が環境保護に対する意識を高めることとなり、彼女の努力は社会的な成果を上げることとなりました。山口さんの活動は、地域の模範として他の地域へも広がりを見せています。
PE037577,山口周,55.0,科学・技術,なし,0.0,あなたと同じ55歳のとき、山口周は新しい経営理論の確立に挑戦していました。従来の理論では説明できない企業の成功事例を分析し、独自の視点から新たなフレームワークを構築します。膨大なデータと向き合い、試行...,あなたと同じ55歳のとき、山口周は新しい経営理論の確立に挑戦していました。従来の理論では説明できない企業の成功事例を分析し、独自の視点から新たなフレームワークを構築します。膨大なデータと向き合い、試行錯誤を重ねる日々が続きました。周囲から理解を得るのも容易ではありませんでしたが、諦めずに研究を続けた結果、画期的な理論を打ち立てることに成功しました。その理論は経営者たちに大きな影響を与え、日本企業の発展に貢献することとなりました。
P4FF9ECA,山内溥,41.0,ビジネス,なし,0.0,あなたと同じ41歳のとき、山内溥（41歳）は1969年、家族経営の任天堂を玩具会社に転換すると宣言しました。創業当初は大手玩具メーカー5社全てから取引を断られ、新商品は8ヶ月間売上ゼロが続いました。し...,あなたと同じ41歳のとき、山内溥（41歳）は1969年、家族経営の任天堂を玩具会社に転換すると宣言しました。創業当初は大手玩具メーカー5社全てから取引を断られ、新商品は8ヶ月間売上ゼロが続いました。しかし9ヶ月目、独自開発の「ウルトラハンド」が大ヒット。初年度だけで140万個を売り上げ、任天堂の売上高を前年比300%増の12億円に押し上げました。祖父から受け継いだ花札会社の「世界中の子どもたちの夢を与える企業にする」という信念で進み続けました。
PB5C5367,山中教授,19.0,政治・社会,なし,0.0,あなたと同じ19歳のとき、山中教授は大阪大学医学部に入学しました。医学の道を志したきっかけは、幼少期に父親が医師だったことでした。医学部では基礎医学に興味を持ち、特に分子生物学に魅了されました。将来は...,あなたと同じ19歳のとき、山中教授は大阪大学医学部に入学しました。医学の道を志したきっかけは、幼少期に父親が医師だったことでした。医学部では基礎医学に興味を持ち、特に分子生物学に魅了されました。将来は研究者になることを決意し、基礎医学の知識を深めていきました。この時期の学びが、後のiPS細胞研究につながる転機となりました。
P29D0C81,山中教授,75.0,スポーツ,なし,0.0,あなたと同じ75歳のとき、山中教授は全日本柔道選手権大会で最年長優勝を果たしました。これまで数々の大会で活躍してきた山中教授ですが、75歳という高齢でありながら、若手選手に負けじと練習に励み、見事に頂...,あなたと同じ75歳のとき、山中教授は全日本柔道選手権大会で最年長優勝を果たしました。これまで数々の大会で活躍してきた山中教授ですが、75歳という高齢でありながら、若手選手に負けじと練習に励み、見事に頂点に立つことができました。年齢を重ねても、諦めずに努力を続ければ目標を達成できるという希望を多くの人に与えました。
P9C11AA8,山中伸弥,50.0,科学・技術,ノーベル賞,0.0,あなたと同じ50歳のとき、山中伸弥（50歳）は2012年、iPS細胞研究でノーベル生理学・医学賞を受賞。研究開始から6年間、800回以上の実験失敗を重ね、論文リジェクト15回、研究資金調達に苦しんでし...,あなたと同じ50歳のとき、山中伸弥（50歳）は2012年、iPS細胞研究でノーベル生理学・医学賞を受賞。研究開始から6年間、800回以上の実験失敗を重ね、論文リジェクト15回、研究資金調達に苦しんでした。801回目の実験のついで皮膚細胞から万能細胞の作製に成功。父の手術を見た医学生時代、「患者に救う根本治療を開発したい」と誓った原体験が原点だっました。発見で再生医療市場は20兆円規模に拡大、300以上の病気治療に応用可能となり、世界50カ国で臨床研究が開始された。
PA8F6191,山中伸弥,54.0,政治・社会,なし,0.0,あなたと同じ54歳のとき、山中伸弥は再生医療の研究において新たな挑戦を始めました。彼はiPS細胞の研究を進める中で、様々な困難に直面しました。特に、研究資金の確保やチームの運営において、多くの障害があ...,あなたと同じ54歳のとき、山中伸弥は再生医療の研究において新たな挑戦を始めました。彼はiPS細胞の研究を進める中で、様々な困難に直面しました。特に、研究資金の確保やチームの運営において、多くの障害がありました。しかし、彼は諦めずに研究を続け、国内外の多くの研究者と協力しながら成果を上げていきました。山中は、医療の未来を変える可能性を秘めたiPS細胞の活用に情熱を注ぎ、多くの人々に希望を与える存在となりました。
P6084C8F,山中伸弥,34.0,学術・研究,ノーベル賞,0.0,あなたと同じ34歳のとき、山中伸弥は人工多能性幹細胞（iPS細胞）の樹立に成功しました。マウスの皮膚細胞に4つの遺伝子を導入することで、ES細胞に似た多能性を持つ細胞を作製することに世界で初めて成功し...,あなたと同じ34歳のとき、山中伸弥は人工多能性幹細胞（iPS細胞）の樹立に成功しました。マウスの皮膚細胞に4つの遺伝子を導入することで、ES細胞に似た多能性を持つ細胞を作製することに世界で初めて成功したのです。この画期的な発見は、再生医療の実現に向けた大きな一歩となりました。山中教授の研究は世界中から注目を集め、2012年にはノーベル生理学・医学賞を受賞することになりました。
PB4B8DDB,山中伸弥,45.0,医学・健康,ノーベル賞,0.0,あなたと同じ45歳のとき、山中伸弥はiPS細胞の作製に成功し、再生医療に革命をもたらすしました。わずか4つの遺伝子導入を記録し、ノーベル賞受賞を記録し、この発明により、再生医療の可能性を大きく広げ、難...,あなたと同じ45歳のとき、山中伸弥はiPS細胞の作製に成功し、再生医療に革命をもたらすしました。わずか4つの遺伝子導入を記録し、ノーベル賞受賞を記録し、この発明により、再生医療の可能性を大きく広げ、難病治療への希望を与えたという大きな影響を与えました。長年の経験を活かした取り組みとして、大きな意味を持ちました。その実績は広く認められました。新しい時代を切り開く先駆けとなりました。この革新が業界に新風を吹き込んだ。
P0C00CBF,山口智子,36.0,エンターテイメント,なし,0.0,あなたと同じ36歳のとき、山口智子はドラマ「ロングバケーション」で主演を務め、高視聴率を記録しました。山口の繊細な演技と、等身大の女性像を見事に演じきったことで、多くの視聴者の共感を呼びました。このド...,あなたと同じ36歳のとき、山口智子はドラマ「ロングバケーション」で主演を務め、高視聴率を記録しました。山口の繊細な演技と、等身大の女性像を見事に演じきったことで、多くの視聴者の共感を呼びました。このドラマの成功により、山口は日本を代表する女優の一人となり、その後も数々の話題作に出演し続けています。
PFDB2B0C,山本太郎,62.0,芸術・文化,なし,0.0,あなたと同じ62歳のとき、山本太郎は新しいアートプロジェクトを成功させました。彼は地域の文化をテーマにした展覧会を企画し、多くの地元アーティストとのコラボレーションを実現しました。この展覧会は、地域の...,あなたと同じ62歳のとき、山本太郎は新しいアートプロジェクトを成功させました。彼は地域の文化をテーマにした展覧会を企画し、多くの地元アーティストとのコラボレーションを実現しました。この展覧会は、地域の人々にとっての誇りとなり、訪れた人々に感動を与える作品が多数展示されました。特に、彼が手がけた巨大なインスタレーションアートは話題となり、地域のアートシーンの活性化に貢献しました。彼の活動は、芸術の力でコミュニティをつなげることの大切さを再認識させるものとなりました。これにより、山本は地域の文化振興において重要な役割を果たす存在となりました。
P4AA447B,山本寛斎,67.0,科学・技術,なし,0.0,あなたと同じ67歳のとき、山本寛斎は新たな挑戦に踏み出しました。それは、ファッションを通じて世界平和を訴える「ピースプロジェクト」の始動です。寛斎は、国境を越えて人々が手を取り合うことの大切さを訴え、...,あなたと同じ67歳のとき、山本寛斎は新たな挑戦に踏み出しました。それは、ファッションを通じて世界平和を訴える「ピースプロジェクト」の始動です。寛斎は、国境を越えて人々が手を取り合うことの大切さを訴え、ファッションショーやイベントを通じてメッセージを発信しました。長年のキャリアで培ったネットワークを活かし、世界中のアーティストやデザイナーとコラボレーションを実現。平和への思いを込めた作品の数々は、多くの人々の心を動かしました。67歳という年齢に関わらず、新たな使命感に燃える寛斎の姿は、多くの人に勇気と希望を与えることとなりました。
P7F524A2,山本由伸,18.0,スポーツ,なし,0.0,あなたと同じ18歳のとき、山本由伸は高校生としてドラフト1位指名を受けました。プロ入り1年目の2016年、オリックス・バファローズの選手として公式戦デビューを果たします。同年の交流戦では5試合に登板し...,あなたと同じ18歳のとき、山本由伸は高校生としてドラフト1位指名を受けました。プロ入り1年目の2016年、オリックス・バファローズの選手として公式戦デビューを果たします。同年の交流戦では5試合に登板し、防御率1.89の好成績を残しました。18歳の若さでプロの舞台に立ち、将来有望な投手として注目を集めることになりました。
PFFB6181,山田耕作,54.0,芸術・文化,なし,0.0,あなたと同じ54歳のとき、山田耕作は陶芸の道を本格的に歩み始める転機を迎えました。彼はそれまでサラリーマンとして働いていましたが、ある日、古い陶器の展示会に訪れたことがきっかけとなりました。その美しさ...,あなたと同じ54歳のとき、山田耕作は陶芸の道を本格的に歩み始める転機を迎えました。彼はそれまでサラリーマンとして働いていましたが、ある日、古い陶器の展示会に訪れたことがきっかけとなりました。その美しさに心を奪われ、自らも作り手になりたいと強く思うようになりました。退職を決意し、陶芸教室に通い始めた彼は、日々の努力を重ねる中で、地域のクラフトフェアでの展示を成功させました。これを機に、彼の作品は徐々に評価され、陶芸家としての道が開けていきました。彼の人生は、この時期に大きく変わったのです。
P6EAD8F8,山田穣,29.0,科学・技術,なし,0.0,あなたと同じ29歳のとき、山田穣は人工知能の分野で画期的な成果を上げました。彼は深層学習を用いた新しいアルゴリズムを開発し、画像認識の精度を大幅に向上させることに成功しました。この技術は医療分野に応用...,あなたと同じ29歳のとき、山田穣は人工知能の分野で画期的な成果を上げました。彼は深層学習を用いた新しいアルゴリズムを開発し、画像認識の精度を大幅に向上させることに成功しました。この技術は医療分野に応用され、早期診断の精度を高めることにつながりました。彼の研究は多くの学術論文に引用され、国際的な学会でも高く評価されるようになりました。山田の取り組みは、人工知能の発展に大きく寄与するものとなり、彼自身も業界のリーダーとしての地位を確立することになりました。
P1E3749C,山田玲司,41.0,科学・技術,なし,0.0,あなたと同じ41歳のとき、山田玲司は新しい再生可能エネルギー技術の研究に挑戦していました。エネルギー問題が深刻化する中、彼は持続可能な未来を切り開くためのプロジェクトに取り組みました。しかし、初期の実...,あなたと同じ41歳のとき、山田玲司は新しい再生可能エネルギー技術の研究に挑戦していました。エネルギー問題が深刻化する中、彼は持続可能な未来を切り開くためのプロジェクトに取り組みました。しかし、初期の実験は失敗続きで、資金も枯渇し、仲間たちの士気も下がっていく困難な状況となりました。それでも彼は諦めず、データを分析し続け、改善策を見出す努力を続けました。数ヶ月後、ついに彼のチームは画期的な発電システムのプロトタイプを完成させることに成功し、その成果は業界内外で高く評価されました。彼の挑戦は、科学の力で社会を変える可能性を示すものとなりました。
P8239964,山田洋次,60.0,芸術・文化,"アカデミー賞, 日本アカデミー賞",0.0,あなたと同じ60歳のとき、山田洋次は「たそがれ清兵衛」という映画を発表しました。この作品は、高齢になっても人生をあきらめずに生きる主人公の姿を描いた感動作です。第25回日本アカデミー賞で最優秀作品賞と...,あなたと同じ60歳のとき、山田洋次は「たそがれ清兵衛」という映画を発表しました。この作品は、高齢になっても人生をあきらめずに生きる主人公の姿を描いた感動作です。第25回日本アカデミー賞で最優秀作品賞と最優秀監督賞を受賞し、国内外から高い評価を受けることとなりました。山田監督は、人間の尊厳や生きる意味を問いかける作品を通して、多くの人々に希望と勇気を与え続けています。
PCC9BA50,山田昌弘,72.0,科学・技術,なし,0.0,あなたと同じ72歳のとき、山田昌弘は日本の少子高齢化問題に関する研究で大きな成果を上げました。長年にわたる家族や人口動態の分析から、社会構造の変化と出生率低下の関連性を明らかにし、政府の政策立案に大き...,あなたと同じ72歳のとき、山田昌弘は日本の少子高齢化問題に関する研究で大きな成果を上げました。長年にわたる家族や人口動態の分析から、社会構造の変化と出生率低下の関連性を明らかにし、政府の政策立案に大きな影響を与えたのです。山田さんの研究は国内外で高く評価され、国連の人口問題に関する会議でも基調講演を行うなど、世界的な権威として認められることとなりました。
P865070B,山田恵子,56.0,芸術・文化,なし,0.0,あなたと同じ56歳のとき、山田恵子は新たな挑戦を決意しました。彼女は長年の夢であった個展を開催することになりましたが、準備は困難を伴いました。資金集めや作品の制作に追われ、時には挫折感を感じることもあ...,あなたと同じ56歳のとき、山田恵子は新たな挑戦を決意しました。彼女は長年の夢であった個展を開催することになりましたが、準備は困難を伴いました。資金集めや作品の制作に追われ、時には挫折感を感じることもありました。それでも、彼女は自分の信念を貫き、地元のアートコミュニティと協力しながら作品を完成させました。ついに個展が開催され、多くの人々が彼女の作品を見に訪れることになりました。彼女はその成功を通じて、挑戦することの大切さを改めて実感することになりました。
P0D3C801,山田孝之,27.0,芸術・文化,なし,0.0,あなたと同じ27歳のとき、山田孝之は大河ドラマ「武蔵 MUSASHI」で主演を務め、新たな転機を迎えました。これまでの個性的な役柄とは異なる、剣豪・宮本武蔵という重厚な役どころに挑戦しました。長い髪を...,あなたと同じ27歳のとき、山田孝之は大河ドラマ「武蔵 MUSASHI」で主演を務め、新たな転機を迎えました。これまでの個性的な役柄とは異なる、剣豪・宮本武蔵という重厚な役どころに挑戦しました。長い髪を切り、日本刀の扱いや殺陣など、武蔵を演じるために必要な技術を一から習得しました。過酷な撮影にも全身全霊で取り組み、作品は高い評価を得ました。この経験を通して、山田は俳優としての表現の幅を大きく広げ、更なる飛躍のきっかけをつかみました。
P0D3C801,山田孝之,23.0,政治・社会,なし,0.0,あなたと同じ23歳のとき、山田孝之は俳優としてのキャリアにおいて大きな転機を迎えました。彼は映画『電撃ネットワーク』での役柄を通じて、自身の演技力を試す機会を得ました。この作品での経験は、自分の表現の...,あなたと同じ23歳のとき、山田孝之は俳優としてのキャリアにおいて大きな転機を迎えました。彼は映画『電撃ネットワーク』での役柄を通じて、自身の演技力を試す機会を得ました。この作品での経験は、自分の表現の幅を広げるきっかけとなり、より深い役柄に挑戦することができるようになりました。また、彼は同時に社会貢献活動にも参加し、障害を持つ子供たちの支援を行う団体に関わるようになりました。この活動を通じて、俳優としての責任感を感じるようになり、彼の人生の方向性が大きく変わることとなりました。
P4197E5E,山田太郎,28.0,政治・社会,なし,0.0,あなたと同じ28歳のとき、山田太郎は地域の子どもたちの教育支援に取り組む社会企業を立ち上げました。彼は、教育格差を解消するためのプログラムを提供することを目指しましたが、資金集めやボランティアの確保に...,あなたと同じ28歳のとき、山田太郎は地域の子どもたちの教育支援に取り組む社会企業を立ち上げました。彼は、教育格差を解消するためのプログラムを提供することを目指しましたが、資金集めやボランティアの確保には大きな困難が伴いました。特に、初めての試みだったため、地域の理解を得るまでには時間がかかりました。しかし、彼は諦めず、地域のイベントに参加して声をかけ続けました。その結果、多くの人々が彼のビジョンに共感し、支援者が増えていきました。最終的に、彼の努力が実を結び、地域の子どもたちに質の高い教育を提供することができるようになりました。
P0A2152D,山田太一,69.0,エンターテイメント,なし,0.0,あなたと同じ69歳のとき、山田太一は自身のキャリアの転機を迎えました。長年にわたり多くのドラマや映画の脚本を手がけてきた彼は、若手の脚本家たちとのコラボレーションを始めることとなりました。この新しい挑...,あなたと同じ69歳のとき、山田太一は自身のキャリアの転機を迎えました。長年にわたり多くのドラマや映画の脚本を手がけてきた彼は、若手の脚本家たちとのコラボレーションを始めることとなりました。この新しい挑戦は、彼にとって新鮮な刺激となり、若い世代との交流が彼の創作活動に新たな風を吹き込みました。また、彼は自身の経験を次世代に伝えるためのワークショップを開くことを決意し、教育者としての道も歩むことになりました。このように、69歳という年齢は、山田にとって新たな冒険の始まりとなったのです。
P5DE7C7E,山田和男,65.0,ビジネス,なし,0.0,あなたと同じ65歳のとき、山田和男は新たに立ち上げた企業が厳しい経済環境に直面していました。事業計画は順調に見えたものの、急激な市場の変動により、資金繰りが厳しくなりました。この困難な状況を乗り越える...,あなたと同じ65歳のとき、山田和男は新たに立ち上げた企業が厳しい経済環境に直面していました。事業計画は順調に見えたものの、急激な市場の変動により、資金繰りが厳しくなりました。この困難な状況を乗り越えるため、彼は自らのビジネスネットワークを駆使して、資金調達の方法を模索しました。多くの投資家との会議を重ね、信頼を築く努力を続けました。最終的には、彼の粘り強い交渉が実を結び、必要な資金を確保することができました。この経験は、彼にとって大きな学びとなり、将来のビジネスに対する自信を深めることになりました。
PCB30A80,山田優,28.0,政治・社会,なし,0.0,あなたと同じ28歳のとき、山田優は社会活動に力を入れるようになりました。彼女は、子供たちの教育支援を目的としたNPO法人に参加し、地域のイベントで講演を行う機会が増えました。その結果、彼女の影響力を利...,あなたと同じ28歳のとき、山田優は社会活動に力を入れるようになりました。彼女は、子供たちの教育支援を目的としたNPO法人に参加し、地域のイベントで講演を行う機会が増えました。その結果、彼女の影響力を利用して多くの人々に教育の重要性を伝えることができました。また、彼女自身も支援を受けた子供たちと直接触れ合うことで、彼らの成長を見守ることができる喜びを感じるようになりました。この活動を通じて、山田は多くの人々に感動を与え、社会の意識を変える手助けをする存在となりました。
PA4DD9CB,山田信夫,68.0,学術・研究,なし,0.0,あなたと同じ68歳のとき、山田信夫は新たな研究の方向性を見出す転機を迎えました。彼は、量子力学の基礎的な理論に疑問を持ち、独自の仮説を検証することに挑戦しました。この姿勢が周囲の研究者たちの注目を集め...,あなたと同じ68歳のとき、山田信夫は新たな研究の方向性を見出す転機を迎えました。彼は、量子力学の基礎的な理論に疑問を持ち、独自の仮説を検証することに挑戦しました。この姿勢が周囲の研究者たちの注目を集め、共同研究の機会が増えることとなりました。結果として、彼の研究は国際的な学会で発表され、高く評価されることになりました。この経験から、山田は「新しい視点を持つことが科学の進展に不可欠である」と確信し、さらなる研究への意欲が湧きました。68歳でのこの変化は、彼の学術人生において重要な分岐点となったのです。
P668F706,山海嘉之,56.0,科学・技術,なし,0.0,あなたと同じ56歳のとき、山海嘉之はロボットスーツHALの医療機器承認を欧州で初めて取得しました。設立したサイバーダイン社を東証マザーズ上場させ、時価総額約1000億円を記録。は日本でも医療機器承認を...,あなたと同じ56歳のとき、山海嘉之はロボットスーツHALの医療機器承認を欧州で初めて取得しました。設立したサイバーダイン社を東証マザーズ上場させ、時価総額約1000億円を記録。は日本でも医療機器承認を取得し、脊髄性筋萎縮症や筋萎縮性側索硬化症など8疾患の治療に適用されました。重量約3kgのHALは世界500施設以上に導入され、400件以上の特許と200報以上の学術論文を発表しました。周囲からの評価が一層高まりました。
P3AB2FEF,山極寿一,48.0,学術・研究,なし,0.0,あなたと同じ48歳のとき、山極寿一は、ウガンダのブウィンディ原生国立公園でマウンテンゴリラの研究を行いました。そこで、ゴリラたちの社会構造や生態について新たな発見をし、ゴリラ保護の重要性を訴えました。...,あなたと同じ48歳のとき、山極寿一は、ウガンダのブウィンディ原生国立公園でマウンテンゴリラの研究を行いました。そこで、ゴリラたちの社会構造や生態について新たな発見をし、ゴリラ保護の重要性を訴えました。その研究成果は国際的に高く評価され、ゴリラ保護活動に大きく貢献することとなりました。
P8C3676F,山村浩二,55.0,政治・社会,なし,0.0,あなたと同じ55歳のとき、山村浩二は地域の子どもたちを対象にした映像制作ワークショップを開催しました。彼は、子どもたちに自分の物語を映像で表現する力を育てることを目指しました。参加者は、自らのアイデア...,あなたと同じ55歳のとき、山村浩二は地域の子どもたちを対象にした映像制作ワークショップを開催しました。彼は、子どもたちに自分の物語を映像で表現する力を育てることを目指しました。参加者は、自らのアイデアを基に短編アニメーションを制作することとなり、最終的には地域の映画祭で発表する機会も得ました。この活動を通じて、子どもたちの創造力が高まり、地域の文化活動に対する関心も深まりました。結果として、彼のワークショップは毎年恒例のイベントとなり、地域の若い才能を育てる重要な場となっています。
PDF8C60F,山本耀司,25.0,ビジネス,なし,0.0,あなたと同じ25歳のとき、山本耀司はデザイナーとしてキャリアの重要な転機を迎えました。この時期、独自の視点と情熱を持って新しい挑戦に取り組み、その後の成功の基盤となる貴重な経験を積みました。周囲からの...,あなたと同じ25歳のとき、山本耀司はデザイナーとしてキャリアの重要な転機を迎えました。この時期、独自の視点と情熱を持って新しい挑戦に取り組み、その後の成功の基盤となる貴重な経験を積みました。周囲からの期待と自身の目標との間で葛藤しながらも、決断力と行動力で道を切り開いていきました。この決断が後の人生を大きく変えることとなりました。人生の岐路に立たされた際、自分の信念を貫く道を選びました。重要な分岐点となった出来事でした。この転換が次のステージへの扉を開いた。
P63D5504,山本義隆,61.0,学術・研究,なし,0.0,あなたと同じ61歳のとき、山本義隆は、日本の先端科学を代表する研究者としての地位を確立しました。特に、彼は物理学における新しい理論の提唱で知られ、多くの論文を発表しました。また、国際的な学会でも彼の研...,あなたと同じ61歳のとき、山本義隆は、日本の先端科学を代表する研究者としての地位を確立しました。特に、彼は物理学における新しい理論の提唱で知られ、多くの論文を発表しました。また、国際的な学会でも彼の研究が高く評価され、研究成果が世界中の研究者に影響を与えることとなりました。これにより、若手研究者たちにとっての模範となり、物理学の発展に寄与する存在となったのです。彼の業績は、今もなお多くの学生たちに刺激を与え続けています。
PCD124CC,山本義彦,68.0,科学・技術,なし,0.0,あなたと同じ68歳のとき、山本義彦は新しいロボットの開発に挑戦していました。長年の経験を活かし、彼は高齢者支援ロボットの設計に取り組みました。しかし、技術的な課題や資金の不足に直面することが多く、プロ...,あなたと同じ68歳のとき、山本義彦は新しいロボットの開発に挑戦していました。長年の経験を活かし、彼は高齢者支援ロボットの設計に取り組みました。しかし、技術的な課題や資金の不足に直面することが多く、プロジェクトは幾度も頓挫しそうになりました。それでも彼はあきらめず、少しずつチームのメンバーと共に問題を解決していきました。やがて、彼の努力は実を結び、画期的なロボットが完成しました。このロボットは、高齢者の日常生活をサポートする機能を持ち、多くの人々に喜ばれる存在となりました。
P4F2A214,山下達郎,28.0,音楽,なし,0.0,あなたと同じ28歳のとき、山下達郎はソロのシンガーソングライターとして、『RIDE ON TIME』がオリコン1位獲得しました。30万枚突破という記録を達成し、シティポップの代表作という記録を達成しま...,あなたと同じ28歳のとき、山下達郎はソロのシンガーソングライターとして、『RIDE ON TIME』がオリコン1位獲得しました。30万枚突破という記録を達成し、シティポップの代表作という記録を達成しました。日本のシティポップを確立という大きな影響を与えました。若くして示したこの行動は、後のキャリアの基盤となる重要な経験でした。その実績は広く認められました。業績は国内外で広く認められるようになりました。
PFEB0D37,大坂なおみ,20.0,スポーツ,なし,0.0,あなたと同じ20歳のとき、大坂なおみは全米オープンで日本人初のグランドスラム優勝を果たしました。決勝でセリーナ・ウィリアムズを6-2、6-4のストレートで破り、賞金380万ドルを獲得しました。しかし表...,あなたと同じ20歳のとき、大坂なおみは全米オープンで日本人初のグランドスラム優勝を果たしました。決勝でセリーナ・ウィリアムズを6-2、6-4のストレートで破り、賞金380万ドルを獲得しました。しかし表彰式では観客のブーイングに涙を流し、「こんな終わり方でごめんなさい」と謝罪しました。実は試合前日、緊張の一睡もできずにいた彼女を支えたのは、母親が作ったおにぎりでしました。この勝利でより世界ランキング7位に上昇し、日本中は歓喜に沸きましたが、彼女自身は複雑な心境を抱えていました。
P7F16416,山下清,60.0,芸術・文化,なし,0.0,あなたと同じ60歳のとき、山下清は大きな転機を迎えました。彼は絵画に対する情熱を再燃させ、全国各地の風景画を描くことに力を入れるようになりました。特に、彼の代表作となる「富士山」シリーズは、この頃から...,あなたと同じ60歳のとき、山下清は大きな転機を迎えました。彼は絵画に対する情熱を再燃させ、全国各地の風景画を描くことに力を入れるようになりました。特に、彼の代表作となる「富士山」シリーズは、この頃から生まれ、多くの人々に感動を与えました。彼の作品は、単なる風景の再現ではなく、心の内面を表現するものとなり、観る人に深い印象を与えることとなりました。このことは、彼の芸術家としての人生において重要な分岐点となり、以降の活動に大きな影響を及ぼすことになりました。
P9C133CA,山下泰裕,43.0,学術・研究,なし,0.0,あなたと同じ43歳のとき、山下泰裕は全日本柔道連盟の会長に就任しました。現役時代に培った豊富な経験と知識を活かし、日本の柔道界の発展に尽力します。特に、指導者の育成や子供たちへの柔道普及に力を入れ、柔...,あなたと同じ43歳のとき、山下泰裕は全日本柔道連盟の会長に就任しました。現役時代に培った豊富な経験と知識を活かし、日本の柔道界の発展に尽力します。特に、指導者の育成や子供たちへの柔道普及に力を入れ、柔道を通じて心身ともに健全な青少年を育てることを目標に掲げました。また、国際的な交流にも積極的に取り組み、世界の柔道界とのつながりを深めることで、日本の柔道界のさらなる発展を目指しました。
PAEC7415,小林賢太郎,39.0,学術・研究,なし,0.0,あなたと同じ39歳のとき、小林賢太郎は自身のキャリアにおいて大きな転機を迎えました。それまで「ラーメンズ」として知られるユニットで活動していましたが、39歳になった年にソロ活動を本格化させることを決意...,あなたと同じ39歳のとき、小林賢太郎は自身のキャリアにおいて大きな転機を迎えました。それまで「ラーメンズ」として知られるユニットで活動していましたが、39歳になった年にソロ活動を本格化させることを決意したのです。この決断は、彼にとって新たな挑戦となり、幅広いジャンルの作品を手掛けるきっかけとなりました。特に、演劇や映像制作に力を入れるようになり、彼の独創的な世界観が多くの支持を得るようになったのです。この時期の変化が、彼の芸人としての幅を広げることに繋がりました。
P1CA8C9C,小林誠,64.0,科学・技術,ノーベル賞,0.0,あなたと同じ64歳のとき、小林誠はノーベル物理学賞を受賞し、30年以上前に発表した理論が実験で証明される瞬間を迎えました。1973年の益川敏英氏と共で提唱したCP対称性の破れに関する理論は、当初多くの...,あなたと同じ64歳のとき、小林誠はノーベル物理学賞を受賞し、30年以上前に発表した理論が実験で証明される瞬間を迎えました。1973年の益川敏英氏と共で提唱したCP対称性の破れに関する理論は、当初多くの物理学者から懐疑的な目で見られていました。KEKでの実験により6種類のクォークの存在が確認され、宇宙に物質が存在する理由を説明する画期的な発見となりました。受賞発表の際、彼は「英語が苦手の海外での講演を避けていた」と謙遜し、日本語ののノーベル賞講演で希望したエピソードは多くの研究者に勇気を与えました。
PA3D6617,小林誠,42.0,学術・研究,ノーベル賞,0.0,あなたと同じ42歳のとき、小林誠は素粒子物理学の研究において大きな転機を迎えました。それまで長年取り組んでいたCP対称性の破れに関する理論的研究が実を結び、1973年、益川敏英との共同研究によってCP...,あなたと同じ42歳のとき、小林誠は素粒子物理学の研究において大きな転機を迎えました。それまで長年取り組んでいたCP対称性の破れに関する理論的研究が実を結び、1973年、益川敏英との共同研究によってCP対称性の破れを説明する「小林・益川理論」を発表したのです。この理論は、素粒子物理学の標準モデルの確立に大きく貢献し、後に2008年のノーベル物理学賞受賞につながる画期的な業績となりました。
P706C969,小林正明,64.0,ビジネス,なし,0.0,あなたと同じ64歳のとき、小林正明は新たなビジネスモデルを確立し、成功を収めました。彼は、環境問題に配慮したリサイクル事業を立ち上げ、廃棄物の削減と資源の有効利用を目指しました。初めは厳しい状況でした...,あなたと同じ64歳のとき、小林正明は新たなビジネスモデルを確立し、成功を収めました。彼は、環境問題に配慮したリサイクル事業を立ち上げ、廃棄物の削減と資源の有効利用を目指しました。初めは厳しい状況でしたが、地域の協力を得て、次第に顧客が増え、事業が拡大しました。結果として、彼の会社は地域の雇用を生み出し、環境保護の重要性を広める存在となりました。この取り組みは、企業の社会的責任を果たすモデルケースとなり、多くのメディアでも取り上げられました。
PDD1F71D,小林愛実,26.0,音楽,なし,0.0,あなたと同じ26歳のとき、小林愛実はショパン国際ピアノコンクールで第4位を獲得した。2021年大会で反田恭平と共に入賞。7歳でオーケストラと共演した神童は、挫折を乗り越えて世界の舞台に立った。繊細で詩...,あなたと同じ26歳のとき、小林愛実はショパン国際ピアノコンクールで第4位を獲得した。2021年大会で反田恭平と共に入賞。7歳でオーケストラと共演した神童は、挫折を乗り越えて世界の舞台に立った。繊細で詩的な演奏が高く評価されている。
PB144AAC,小林可夢偉,26.0,政治・社会,なし,0.0,あなたと同じ26歳のとき、小林可夢偉はF1の舞台で挑戦を続けていました。若手ドライバーとして、資金不足やチームのサポートの限界という困難に直面しました。しかし、彼はその逆境を乗り越えるために、自らの技...,あなたと同じ26歳のとき、小林可夢偉はF1の舞台で挑戦を続けていました。若手ドライバーとして、資金不足やチームのサポートの限界という困難に直面しました。しかし、彼はその逆境を乗り越えるために、自らの技術を磨き、レースでの成績を向上させる努力を続けました。その結果、2012年には日本人ドライバーとして久々に表彰台に立つことになりました。この成功は、彼の努力と決意の賜物であり、多くの若者たちに夢を追い続ける勇気を与えることになったのです。
PBE874FE,小林光一,69.0,スポーツ,なし,0.0,あなたと同じ69歳のとき、小林光一は将棋界での新たな挑戦に向けた転機を迎えていました。彼はこれまでのキャリアの中で数々のタイトルを獲得し、名棋士として名を馳せていましたが、69歳という年齢は自らのスタ...,あなたと同じ69歳のとき、小林光一は将棋界での新たな挑戦に向けた転機を迎えていました。彼はこれまでのキャリアの中で数々のタイトルを獲得し、名棋士として名を馳せていましたが、69歳という年齢は自らのスタイルを見直す際期ともなりました。新たな世代の棋士たちとの対局を通じて、彼の考え方や戦術も大きく変化しました。特に、若い棋士たちの独自のプレースタイルに触れることで、彼は自らの将棋観を再構築することとなり、さらなる成長を遂げる契機となったのです。この変化によって、小林は将棋の魅力を再発見し、今もなお将棋界での影響力を持ち続けています。
P9EAA615,小林一三,20.0,ビジネス,なし,0.0,あなたと同じ20歳のとき、小林一三は慶應義塾大学理財科を卒業し、三井銀行に入行しました。山梨県韮崎の出身である彼は、この年で人生の大きな転換点を迎えることになります。三井銀行での勤務に通じて金融業務の...,あなたと同じ20歳のとき、小林一三は慶應義塾大学理財科を卒業し、三井銀行に入行しました。山梨県韮崎の出身である彼は、この年で人生の大きな転換点を迎えることになります。三井銀行での勤務に通じて金融業務の基礎を学び、後の阪急電鉄創設や宝塚歌劇団設立につながる経営センスの土台を築いていきました。大学時代には英語力を磨き、西洋の文化や経営手法でついても積極的に学習していたため、銀行業務のおいても語学力を活かした業務に従事できました。この時期の経験が、後に彼が「日本の私鉄王」と呼ばれる礎となったのです。
P718EC9D,小林陵侑,25.0,スポーツ,なし,0.0,あなたと同じ25歳のとき、小林陵侑はウィンタースポーツ選手としてキャリアの重要な転機を迎えました。この時期、独自の視点と情熱を持って新しい挑戦に取り組み、その後の成功の基盤となる貴重な経験を積みました...,あなたと同じ25歳のとき、小林陵侑はウィンタースポーツ選手としてキャリアの重要な転機を迎えました。この時期、独自の視点と情熱を持って新しい挑戦に取り組み、その後の成功の基盤となる貴重な経験を積みました。周囲からの期待と自身の目標との間で葛藤しながらも、決断力と行動力で道を切り開いていきました。人生の転機となる重要な選択でした。この変化が、後の成功への重要な一歩となりました。人生の方向性が定まる瞬間でした。この選択が新たな道を切り開いた。
P67BBCC8,小林カツ代,68.0,学術・研究,なし,0.0,あなたと同じ68歳のとき、小林カツ代は自身の料理スタイルを見直す転機を迎えました。これまでの伝統的な和食を越えて、彼女はフュージョン料理に挑戦することとなりました。特に、家庭料理をベースにした新しいレ...,あなたと同じ68歳のとき、小林カツ代は自身の料理スタイルを見直す転機を迎えました。これまでの伝統的な和食を越えて、彼女はフュージョン料理に挑戦することとなりました。特に、家庭料理をベースにした新しいレシピを開発し、テレビ番組や料理本で紹介することで、多くの人々に新しい食の楽しみ方を伝えました。この挑戦は、彼女自身の料理への情熱を再燃させるきっかけとなり、さらに多くのファンを魅了する結果となりました。68歳という年齢にもかかわらず、彼女の料理に対する探求心は衰えることなく、ますます輝きを増していったのです。
P7CB6465,小松左京,38.0,学術・研究,なし,0.0,あなたと同じ38歳のとき、小松左京は自身の作品に対する新たな挑戦を始めました。彼はSF小説の巨匠として知られていましたが、より深い人間ドラマを描くことに挑戦したいと考えました。新しいテーマを探求する中...,あなたと同じ38歳のとき、小松左京は自身の作品に対する新たな挑戦を始めました。彼はSF小説の巨匠として知られていましたが、より深い人間ドラマを描くことに挑戦したいと考えました。新しいテーマを探求する中で、彼は自身の過去の経験や社会の変化を反映させる必要があると気付きました。しかし、周囲からは「SFの小松」としての期待が強く、変化を受け入れてもらえるか不安になりました。それでも彼は、リスクを取り、新しいスタイルの作品を執筆する決意を固めました。その結果、彼の新作は多くの読者に受け入れられ、作家としての幅を広げることになりました。
PDE536B2,小平奈緒,25.0,スポーツ,オリンピック,0.0,あなたと同じ25歳のとき、小平奈緒は2011年世界距離別スピードスケート選手権大会の1000メートルで銅メダルを獲得。この大会はドイツのインツェルで開催され、彼女にとって世界選手権初のメダルとなった。...,あなたと同じ25歳のとき、小平奈緒は2011年世界距離別スピードスケート選手権大会の1000メートルで銅メダルを獲得。この大会はドイツのインツェルで開催され、彼女にとって世界選手権初のメダルとなった。同年には世界スプリント選手権でも4位入賞を果たし、国際舞台での実力を証明する重要な年となった。、この時期は2014年ソチオリンピックに向けた強化期間でもあり、オランダののトレーニングを本格化させていた時期です。1000メートルでの世界選手権メダル獲得は、後の平昌オリンピック金メダルへと続く飛躍の第一歩となった。
P413820A,小川直樹,59.0,学術・研究,なし,0.0,あなたと同じ59歳のとき、小川直樹は新たな植物の遺伝子解析に成功し、植物の成長に影響を与える遺伝子の特定に至りました。この成果は、農業の効率化や持続可能な開発に寄与することが期待されています。彼の研究...,あなたと同じ59歳のとき、小川直樹は新たな植物の遺伝子解析に成功し、植物の成長に影響を与える遺伝子の特定に至りました。この成果は、農業の効率化や持続可能な開発に寄与することが期待されています。彼の研究は国内外の学術雑誌に掲載され、多くの研究者から注目を集めることになりました。さらに、彼の研究成果を基にした新しい農業技術が実用化され、地域農業の活性化に貢献する道筋が見えてきました。小川の努力は、学術界だけでなく、実際の農業現場でも大きな影響を与えることになりました。
P8329BCA,小川桂子,54.0,芸術・文化,なし,0.0,あなたと同じ54歳のとき、小川桂子さんは自身のアート作品を海外で展示する挑戦を始めました。これまで国内での活動が中心だった彼女は、国際的な舞台での評価を目指すこととなりました。しかし、言葉の壁や文化の...,あなたと同じ54歳のとき、小川桂子さんは自身のアート作品を海外で展示する挑戦を始めました。これまで国内での活動が中心だった彼女は、国際的な舞台での評価を目指すこととなりました。しかし、言葉の壁や文化の違いに直面し、初めは苦労が多かったです。それでも彼女はあきらめず、現地のアーティストとの交流を深め、少しずつ信頼を得ることができました。その結果、彼女の作品が海外のギャラリーで高く評価され、多くの人々に感動を与えることとなりました。小川さんの努力は、アートの力を再認識させる素晴らしいエピソードとなっています。
PDDF26DB,小川信行,56.0,学術・研究,なし,0.0,あなたと同じ56歳のとき、小川信行は新たな研究プロジェクトに挑戦することになりました。これまでの研究とは異なり、彼は海洋生物の遺伝子解析に取り組むことを決意しました。しかし、初めはデータ収集が思うよう...,あなたと同じ56歳のとき、小川信行は新たな研究プロジェクトに挑戦することになりました。これまでの研究とは異なり、彼は海洋生物の遺伝子解析に取り組むことを決意しました。しかし、初めはデータ収集が思うように進まず、失敗が続きました。多くの仲間が諦める中、彼は自ら海に出て実地調査を行うことになりました。厳しい環境の中、何度も困難に直面しましたが、彼はあきらめずに挑戦し続けました。その結果、独自の解析手法を確立し、画期的な成果を上げることができました。彼の努力は、学術界での地位を確立するだけでなく、若い研究者たちへの刺激ともなりました。
P9D6DBBE,小嶋陽菜,25.0,ビジネス,なし,0.0,あなたと同じ25歳のとき、小嶋陽菜は元アイドルとしてキャリアの重要な転機を迎えました。この時期、独自の視点と情熱を持って新しい挑戦に取り組み、その後の成功の基盤となる貴重な経験を積みました。周囲からの...,あなたと同じ25歳のとき、小嶋陽菜は元アイドルとしてキャリアの重要な転機を迎えました。この時期、独自の視点と情熱を持って新しい挑戦に取り組み、その後の成功の基盤となる貴重な経験を積みました。周囲からの期待と自身の目標との間で葛藤しながらも、決断力と行動力で道を切り開いていきました。この決断が後の人生を大きく変えることとなりました。従来の方法から脱却し、革新的なアプローチを採用しました。人生の方向性が定まる瞬間でした。この経験が視野を大きく広げた。
PB8C371B,小島秀夫,21.0,科学・技術,なし,0.0,あなたと同じ21歳のとき、小島秀夫は、コナミに入社してゲームクリエイターとしてのキャリアをスタートさせました。その後、「メタルギア」シリーズの制作に携わり、革新的なゲームデザインと映画的な演出で世界中...,あなたと同じ21歳のとき、小島秀夫は、コナミに入社してゲームクリエイターとしてのキャリアをスタートさせました。その後、「メタルギア」シリーズの制作に携わり、革新的なゲームデザインと映画的な演出で世界中のゲームファンを魅了しました。小島氏の独創的なアイデアと情熱が、ゲーム業界に大きな影響を与える礎となりました。
PB767DEE,小山薫堂,23.0,芸術・文化,なし,0.0,あなたと同じ23歳のとき、小山薫堂は自身の作品がNHKの番組で採用されるという大きな転機を迎えました。その作品は、視聴者から高い評価を得て、一躍脚光を浴びることになりました。この経験が、放送作家として...,あなたと同じ23歳のとき、小山薫堂は自身の作品がNHKの番組で採用されるという大きな転機を迎えました。その作品は、視聴者から高い評価を得て、一躍脚光を浴びることになりました。この経験が、放送作家としての小山の才能を開花させ、その後の活躍につながっていきます。若くして注目を集めた小山は、新しいアイデアと感性で放送界に新風を吹き込みました。
PA7F8131,小松菜奈,26.0,芸術・文化,なし,0.0,あなたと同じ26歳のとき、小松菜奈は映画『糸』で主演を務めました。この作品は中島みゆきの名曲をモチーフにした恋愛映画で、小松は運命に翻弄される女性を熱演。過酷な撮影にも真摯に向き合い、演技の幅を大きく...,あなたと同じ26歳のとき、小松菜奈は映画『糸』で主演を務めました。この作品は中島みゆきの名曲をモチーフにした恋愛映画で、小松は運命に翻弄される女性を熱演。過酷な撮影にも真摯に向き合い、演技の幅を大きく広げる転機となりました。『糸』は小松菜奈の新たな代表作として高く評価され、女優としての地位を確立するきっかけになりました。
P8CCFBBE,小林雅,44.0,ビジネス,なし,0.0,あなたと同じ44歳のとき、小林雅はラクスルを印刷業界のDXプラットフォーマーに成長させ、売上高300億円・取引企業10万社を達成。印刷業界の中小企業3000社をデジタル化し、印刷コストを平均40%削減...,あなたと同じ44歳のとき、小林雅はラクスルを印刷業界のDXプラットフォーマーに成長させ、売上高300億円・取引企業10万社を達成。印刷業界の中小企業3000社をデジタル化し、印刷コストを平均40%削減。シェアリング印刷で業界構造を変革。経営15年で3000回の試行錯誤と150人のDX起業家に育成を経て、年間10万社に印刷サービスを提供し、全国1000の印刷工場と連携しました。印刷DX「仕組みを変えれば、世界はもっと良くなる」という信念で進み続けました。
P32FF357,小林麻央,14.0,政治・社会,なし,0.0,あなたと同じ14歳のとき、小林麻央はバレエを始めました。バレエは厳しい練習の連続で、時には挫折しそうになることもありました。しかし、小林はあきらめずに練習を重ね、徐々に上達していきました。バレエを通し...,あなたと同じ14歳のとき、小林麻央はバレエを始めました。バレエは厳しい練習の連続で、時には挫折しそうになることもありました。しかし、小林はあきらめずに練習を重ね、徐々に上達していきました。バレエを通して、小林は努力の大切さと、困難に立ち向かう強い意志を学びました。この経験が、後の小林の人生に大きな影響を与えることとなりました。
P5354CD1,小柴昌俊,57.0,学術・研究,なし,0.0,あなたと同じ57歳のとき、小柴昌俊は、ニュートリノ観測施設「カムランド」の建設に尽力しました。当時、ニュートリノの研究は非常に困難とされていましたが、小柴は粘り強く研究を続け、カムランドを完成させまし...,あなたと同じ57歳のとき、小柴昌俊は、ニュートリノ観測施設「カムランド」の建設に尽力しました。当時、ニュートリノの研究は非常に困難とされていましたが、小柴は粘り強く研究を続け、カムランドを完成させました。これにより、ニュートリノ振動の存在が確認され、ニュートリノ物理学に大きな進展がもたらされました。小柴の挑戦と努力が、現代の素粒子物理学の発展に大きく貢献することとなりました。
P3A506CC,山下泰裕,25.0,ビジネス,なし,0.0,あなたと同じ25歳のとき、山下泰裕は元柔道選手としてキャリアの重要な転機を迎えました。この時期、独自の視点と情熱を持って新しい挑戦に取り組み、その後の成功の基盤となる貴重な経験を積みました。周囲からの...,あなたと同じ25歳のとき、山下泰裕は元柔道選手としてキャリアの重要な転機を迎えました。この時期、独自の視点と情熱を持って新しい挑戦に取り組み、その後の成功の基盤となる貴重な経験を積みました。周囲からの期待と自身の目標との間で葛藤しながらも、決断力と行動力で道を切り開いていきました。この決断が後の人生を大きく変えることとなりました。この変化が、後の成功への重要な一歩となりました。大きな変革をもたらす転機でした。この変化が大きな飛躍のきっかけとなった。
P9C133CA,山下泰裕,73.0,スポーツ,オリンピック,0.0,あなたと同じ73歳のとき、山下泰裕は全日本柔道連盟会長として、柔道の国際的な普及と発展に尽力しました。特に、東京オリンピックの柔道競技で日本代表選手団を率いて金メダル9個を獲得したことは、日本柔道界の...,あなたと同じ73歳のとき、山下泰裕は全日本柔道連盟会長として、柔道の国際的な普及と発展に尽力しました。特に、東京オリンピックの柔道競技で日本代表選手団を率いて金メダル9個を獲得したことは、日本柔道界の底力を世界に示す大きな転機となりました。山下会長の的確な指導と選手たちの努力が実を結び、日本柔道の強さを証明したのです。
P6E75EB2,尾田栄一郎,36.0,芸術・文化,なし,0.0,あなたと同じ36歳のとき、尾田栄一郎は「ONE PIECE」の連載開始から4年目を迎えました。この年、彼は初めてアニメ化された「ONE PIECE」のオープニング映像に登場するキャラクターのデザインを...,あなたと同じ36歳のとき、尾田栄一郎は「ONE PIECE」の連載開始から4年目を迎えました。この年、彼は初めてアニメ化された「ONE PIECE」のオープニング映像に登場するキャラクターのデザインを手掛け、アニメーションの世界にも一歩を踏み出しました。原作者として、アニメ制作にも積極的に関わることで、原作の世界観を忠実に再現することに尽力しました。この経験が、その後の「ONE PIECE」の長期連載とメディアミックス展開の礎となりました。
P7C941B3,尾上菊五郎,28.0,芸術・文化,なし,0.0,あなたと同じ28歳のとき、尾上菊五郎（7代目）は七代目尾上菊五郎を襲名した。1973年、人間国宝として歌舞伎界の最高峰に。立役から女形まで幅広くこなす当代随一の名優。,あなたと同じ28歳のとき、尾上菊五郎（7代目）は七代目尾上菊五郎を襲名した。1973年、人間国宝として歌舞伎界の最高峰に。立役から女形まで幅広くこなす当代随一の名優。
P77865A4,小野田勇,60.0,スポーツ,なし,0.0,あなたと同じ60歳のとき、小野田勇は東京マラソンに挑戦しました。彼は長年のランニング経験を活かし、完走を目指しましたが、練習中に膝を痛める困難に直面しました。医師からは走ることを控えるように言われまし...,あなたと同じ60歳のとき、小野田勇は東京マラソンに挑戦しました。彼は長年のランニング経験を活かし、完走を目指しましたが、練習中に膝を痛める困難に直面しました。医師からは走ることを控えるように言われましたが、小野田はあきらめず、リハビリとストレッチを続けました。彼は痛みを和らげるために、自分なりのトレーニング法を見つけ出し、徐々に走れるようになりました。そして、迎えた東京マラソン当日、彼は無事に完走を果たし、感動的な涙を流しました。小野田にとって、この挑戦は人生の新たな一歩となりました。
PF7002DB,小田和正,35.0,音楽,なし,0.0,あなたと同じ35歳のとき、小田和正はオフコースのボーカル・リーダーとして、『さよなら』が100万枚突破しました。オリコン1位獲得という記録を達成し、4週連続1位という記録を達成しました。日本のフォーク...,あなたと同じ35歳のとき、小田和正はオフコースのボーカル・リーダーとして、『さよなら』が100万枚突破しました。オリコン1位獲得という記録を達成し、4週連続1位という記録を達成しました。日本のフォーク・ニューミュージック界を代表する存在という大きな影響を与えました。この時期の経験が、さらなる飛躍への転換点となりました。その実績は広く認められました。この成果が後進の目標となっていきました。この成功体験が今後の活動の基盤となった。
P93357A0,小田原淳,52.0,その他,なし,0.0,あなたと同じ52歳のとき、小田原淳は新たな挑戦に挑むことになりました。彼は地域の困難を持つ若者たちを支援するため、NPOを立ち上げました。しかし、資金集めやボランティアの確保は容易ではなく、何度も壁に...,あなたと同じ52歳のとき、小田原淳は新たな挑戦に挑むことになりました。彼は地域の困難を持つ若者たちを支援するため、NPOを立ち上げました。しかし、資金集めやボランティアの確保は容易ではなく、何度も壁にぶつかることになりました。それでも彼はあきらめず、地域の企業や住民との連携を深める努力を続けました。数ヶ月後、彼の活動は徐々に認知され、支援の輪が広がることとなりました。困難を乗り越え、彼は地域の希望となる存在になりました。
P8122983,小田切正明,68.0,スポーツ,なし,0.0,あなたと同じ68歳のとき、小田切正明は自らの限界を超える挑戦を続けていました。彼は長年の努力の結果、2021年に開催された東京マラソンで68歳以上の部門で優勝を果たしました。その時、彼は自身の記録を大...,あなたと同じ68歳のとき、小田切正明は自らの限界を超える挑戦を続けていました。彼は長年の努力の結果、2021年に開催された東京マラソンで68歳以上の部門で優勝を果たしました。その時、彼は自身の記録を大幅に更新し、完走タイムは3時間45分となりました。小田切はマラソンを通じて、健康と体力を維持するだけでなく、同年代の方々に勇気を与える存在となりました。彼は「年齢を重ねても、挑戦することに意味がある」と語り、周りの人々にインスピレーションを与えています。
PB811A0C,小澤征爾,55.0,芸術・文化,なし,0.0,あなたと同じ55歳のとき、小澤征爾はボストン交響楽団の音楽監督に就任しました。世界的に著名なオーケストラを率いる立場となり、その卓越した指揮技術と音楽性で楽団を新たな高みへと導きました。就任初年度から...,あなたと同じ55歳のとき、小澤征爾はボストン交響楽団の音楽監督に就任しました。世界的に著名なオーケストラを率いる立場となり、その卓越した指揮技術と音楽性で楽団を新たな高みへと導きました。就任初年度から意欲的な演奏会を行い、聴衆を魅了する感動的な舞台を次々と生み出しました。小澤征爾の情熱と才能が結実した、指揮者人生の大きな転機となりました。
P2CC31E0,小津安二郎,49.0,芸術・文化,なし,0.0,あなたと同じ49歳のとき、小津安二郎は代表作『東京物語』を完成させ、映画史で残る傑作を世に送り出しました。この作品の撮影には134日を要し、脚本執筆から完成まで2年の歳月をかけました。興行的には当初振...,あなたと同じ49歳のとき、小津安二郎は代表作『東京物語』を完成させ、映画史で残る傑作を世に送り出しました。この作品の撮影には134日を要し、脚本執筆から完成まで2年の歳月をかけました。興行的には当初振るわず、初回上映では観客はわずか30人という日もありましたが、小津は「これが自分の最高傑作」と確信していました。撮影現場では毎朝6時から準備を始め、俳優たちと何度も細かな演技指導を重ねました。完璧主義者とし、知られた小津でしたが、実は撮影中に体調を崩し、医師から休養に勧められても作品への情熱を貫き通しました。
P48A8548,小泉進次郎,36.0,ビジネス,なし,0.0,あなたと同じ36歳のとき、小泉進次郎は環境大臣として、気候変動対策に取り組みました。日本の温室効果ガス排出量を2050年までに実質ゼロにする「2050年カーボンニュートラル宣言」を発表し、脱炭素社会の...,あなたと同じ36歳のとき、小泉進次郎は環境大臣として、気候変動対策に取り組みました。日本の温室効果ガス排出量を2050年までに実質ゼロにする「2050年カーボンニュートラル宣言」を発表し、脱炭素社会の実現に向けた挑戦となりました。石炭火力発電への依存度が高い日本において、再生可能エネルギーへの移行を推進するのは容易ではありませんでしたが、小泉氏は強いリーダーシップを発揮し、省庁間の調整や国際交渉に尽力しました。若手政治家としての手腕が注目される転機になりました。
P44D7887,小泉純一郎,59.0,政治・社会,なし,0.0,あなたと同じ59歳のとき、小泉純一郎は郵政民営化関連法案を成立させ、戦後最大規模の構造改革を実行しました。この改革により、約26万人の郵政公社職員が民間企業職員となり、全国約2万4千の郵便局が段階的に...,"あなたと同じ59歳のとき、小泉純一郎は郵政民営化関連法案を成立させ、戦後最大規模の構造改革を実行しました。この改革により、約26万人の郵政公社職員が民間企業職員となり、全国約2万4千の郵便局が段階的に民営化されました。9月11日の郵政選挙では自民党が296議席を獲得し、投票率は前回選挙の59.86%から67.51%へ7.65ポイント上昇しました。在任期間1,980日は戦後3番目の長期政権となりました。"
P32177CA,小泉純一郎,52.0,学術・研究,なし,0.0,あなたと同じ52歳のとき、小泉純一郎は自由民主党総裁選挙に立候補し、見事に総裁に選出されました。小泉は「自民党をぶっ壊す」という強烈なメッセージを掲げ、既得権益に縛られない新しい政治スタイルを打ち出し...,あなたと同じ52歳のとき、小泉純一郎は自由民主党総裁選挙に立候補し、見事に総裁に選出されました。小泉は「自民党をぶっ壊す」という強烈なメッセージを掲げ、既得権益に縛られない新しい政治スタイルを打ち出しました。この選挙での勝利が、その後の小泉改革と呼ばれる大胆な構造改革へとつながっていきます。小泉は従来の政治の常識に囚われず、自らの信念に基づいて行動する姿勢を示しました。
P32177CA,小泉純一郎,61.0,ビジネス,なし,0.0,あなたと同じ61歳のとき、小泉純一郎は第87代内閣総理大臣に就任しました。就任後、「聖域なき構造改革」を掲げ、郵政民営化や道路公団民営化などの大胆な改革に着手します。しかし、自民党内には改革に反対する...,あなたと同じ61歳のとき、小泉純一郎は第87代内閣総理大臣に就任しました。就任後、「聖域なき構造改革」を掲げ、郵政民営化や道路公団民営化などの大胆な改革に着手します。しかし、自民党内には改革に反対する勢力も根強く、小泉は強い政治的圧力に直面しました。それでも信念を貫き、国民の支持を得ながら改革を推し進めた小泉の姿勢は、日本の政治に大きな変革をもたらしたのです。
P00A1A2D,小泉文明,42.0,ビジネス,なし,0.0,あなたと同じ42歳のとき、小泉文明はメルカリを日本最大のフリマアプリに成長させ、月間利用者数2000万人を達成しました。二次流通市場を5000億円から2兆円に拡大し、循環型経済の認知度を20%から80...,あなたと同じ42歳のとき、小泉文明はメルカリを日本最大のフリマアプリに成長させ、月間利用者数2000万人を達成しました。二次流通市場を5000億円から2兆円に拡大し、循環型経済の認知度を20%から80%に押し上げました。事業展開27年で6000回の挑戦と300人のスタートアップ経営者に支援を経て、年間2000万人のユーザーを獲得し、世界3カ国で展開し、2000人の雇用を創出しました。循環型経済革命「新たな価値に生みだす世界的なマーケットプレイスを創る」という信念で進み続けました。
P70575F6,小池百合子,64.0,政治・社会,なし,0.0,あなたと同じ64歳のとき、小池百合子は東京都知事選挙で圧勝し女性初の都知事にしました。得票数291万票という記録を達成し、史上最多得票という記録を達成しました。これをきっかけに、女性政治家の新時代を象...,あなたと同じ64歳のとき、小池百合子は東京都知事選挙で圧勝し女性初の都知事にしました。得票数291万票という記録を達成し、史上最多得票という記録を達成しました。これをきっかけに、女性政治家の新時代を象徴という大きな影響を与えました。卓越した能力と不断の努力により、分野に大きな貢献をしました。その功績は今日まで高く評価されています。人生の岐路に立たされた際、自分の信念を貫く道を選びました。重要な分岐点となった出来事でした。この転機が新たな物語の始まりとなった。
P65BA7E9,小橋賢児,40.0,ビジネス,なし,0.0,あなたと同じ40歳のとき、小橋賢児はULTRA JAPANを10万人規模の音楽フェスに成長させ、日本最大級のEDMフェスを確立。経済効果100億円を創出。EDM市場を50億円から500億円に拡大し、フ...,あなたと同じ40歳のとき、小橋賢児はULTRA JAPANを10万人規模の音楽フェスに成長させ、日本最大級のEDMフェスを確立。経済効果100億円を創出。EDM市場を50億円から500億円に拡大し、フェス産業の雇用を5000人創出。世界3大EDMフェスの一つに成長。事業展開15年で2000回の試行錯誤と100人のイベントプロデューサーに育成を経て、年間30万人に音楽体験を届け、世界60カ国からアーティストを招聘しました。
P3019E3E,小栗旬,24.0,エンターテイメント,なし,0.0,あなたと同じ24歳のとき、小栗旬は『花より男子』で花沢類役を演じブレイクした。2007年、以後『クローズZERO』など話題作に主演。ハリウッド映画『ゴジラvsコング』にも出演した国際派俳優。,あなたと同じ24歳のとき、小栗旬は『花より男子』で花沢類役を演じブレイクした。2007年、以後『クローズZERO』など話題作に主演。ハリウッド映画『ゴジラvsコング』にも出演した国際派俳優。
P810F688,小柴昌俊,76.0,科学・技術,ノーベル賞,0.0,あなたと同じ76歳のとき、小柴昌俊（76歳）は2002年、ノーベル物理学賞を受賞しました。カミオカンデ建設時は70億円の予算獲得で200回以上の説明を重ね、実験開始後も5年間ニュートリノ検出ゼロが続い...,あなたと同じ76歳のとき、小柴昌俊（76歳）は2002年、ノーベル物理学賞を受賞しました。カミオカンデ建設時は70億円の予算獲得で200回以上の説明を重ね、実験開始後も5年間ニュートリノ検出ゼロが続いました。1987年の超新星爆発観測で11個のニュートリノを世界初検出、宇宙物理学の新分野を開拓しました。戦時中の恩師の言葉「好奇心こそが研究の原動力」を胸に、基礎研究が人類の知的財産の築き未来世代に希望を与えるという信念で進み続けました。
PD1F7F98,山下洋輔,69.0,芸術・文化,なし,0.0,あなたと同じ69歳のとき、山下洋輔は自身が主宰するジャズクラブ「ピットイン」の50周年を迎えました。これを記念して、世界中から著名なジャズミュージシャンを招いた一週間にわたる特別ライブを開催しました。...,あなたと同じ69歳のとき、山下洋輔は自身が主宰するジャズクラブ「ピットイン」の50周年を迎えました。これを記念して、世界中から著名なジャズミュージシャンを招いた一週間にわたる特別ライブを開催しました。山下自身も毎晩ステージに立ち、自らのピアノ演奏で観客を魅了しました。50年間ジャズシーンの最前線で活躍し続けてきた山下の姿は、ジャズに人生を捧げた情熱と誇りの証となりました。
P1052085,大原健士,58.0,ビジネス,なし,0.0,あなたと同じ58歳のとき、大原健士は中小企業の経営を見事に立て直しました。彼の会社は、長年赤字が続いていましたが、彼は新たなビジネスモデルを導入することを決意しました。市場のニーズを徹底的に分析し、製...,あなたと同じ58歳のとき、大原健士は中小企業の経営を見事に立て直しました。彼の会社は、長年赤字が続いていましたが、彼は新たなビジネスモデルを導入することを決意しました。市場のニーズを徹底的に分析し、製品ラインを見直すことで、顧客満足度を向上させることに成功しました。その結果、売上は前年の1.5倍となり、会社の雇用も増加しました。大原は社員の意見を尊重し、共に成長する企業文化を築くことができました。彼の取り組みは、地域経済にも好影響を与え、地元の活性化にも寄与しました。
PDB7C452,大塚久美子,48.0,政治・社会,なし,0.0,あなたと同じ48歳のとき、大塚久美子は地域の貧困問題に取り組むことを決意しました。彼女は、教育や職業訓練を提供するNPOを設立し、多くの子どもたちに希望を与える活動を始めました。しかし、資金調達やボラ...,あなたと同じ48歳のとき、大塚久美子は地域の貧困問題に取り組むことを決意しました。彼女は、教育や職業訓練を提供するNPOを設立し、多くの子どもたちに希望を与える活動を始めました。しかし、資金調達やボランティアの確保に苦労する日々が続きました。特に初年度は思うような成果が得られず、挫折感を味わうことも多かったです。それでも彼女は諦めず、多くの人々と対話を重ね、地域のニーズを理解するよう努めました。その結果、少しずつ支援者が集まり、活動は成長を遂げることになりました。困難を乗り越えることで、地域に根ざした信頼関係を築くことができたのです。
P2EAF7FB,大前研一,58.0,ビジネス,なし,0.0,あなたと同じ58歳のとき、大前研一は自身の経営コンサルティング会社「ビジネス・ブレークスルー」を設立しました。これまでの経験と知見を生かし、日本企業の革新的な経営戦略を支援する新たな一歩を踏み出しまし...,あなたと同じ58歳のとき、大前研一は自身の経営コンサルティング会社「ビジネス・ブレークスルー」を設立しました。これまでの経験と知見を生かし、日本企業の革新的な経営戦略を支援する新たな一歩を踏み出しました。MBAプログラムの開発にも着手し、次世代のビジネスリーダー育成にも尽力。「ビジネス・ブレークスルー大学」の設立へとつながる転機となりました。
P3B85A1D,出口治明,32.0,ビジネス,なし,0.0,あなたと同じ32歳のとき、出口治明は生命保険会社の住友生命で全国トップの営業成績を達成しました。保険の知識を深めるだけでなく、お客様の人生に寄り添うことを大切にし、一人一人のニーズに合わせたきめ細やか...,あなたと同じ32歳のとき、出口治明は生命保険会社の住友生命で全国トップの営業成績を達成しました。保険の知識を深めるだけでなく、お客様の人生に寄り添うことを大切にし、一人一人のニーズに合わせたきめ細やかな提案を行いました。その姿勢が多くの人々の信頼を獲得し、若くして営業のエースとなりました。この経験が、後の経営者としての基礎を築くこととなりました。
P3B85A1D,出口治明,14.0,スポーツ,なし,0.0,あなたと同じ14歳のとき、出口治明は父親の経営する工場で働き始めました。当時は貧しい家庭の出身で、高校進学も難しい状況でした。しかし、働きながら定時制高校に通い、勉学に励みました。厳しい環境の中で、将...,あなたと同じ14歳のとき、出口治明は父親の経営する工場で働き始めました。当時は貧しい家庭の出身で、高校進学も難しい状況でした。しかし、働きながら定時制高校に通い、勉学に励みました。厳しい環境の中で、将来への希望を失わず、努力を続けました。この14歳の経験が、後の経営者としての原点になったと出口さんは振り返っています。
P894184D,出井伸之,46.0,ビジネス,なし,0.0,あなたと同じ46歳のとき、出井伸之（46歳）は1995年、ソニー社長就任直後で深刻な危機に直面していました。デジタル化の波で家電事業が低迷し、売上は3年連続減少、株価も半値まで下落していました。伝統的...,あなたと同じ46歳のとき、出井伸之（46歳）は1995年、ソニー社長就任直後で深刻な危機に直面していました。デジタル化の波で家電事業が低迷し、売上は3年連続減少、株価も半値まで下落していました。伝統的なハードウェア中心の経営陣から「素人の暴挙」と120回以上の反対を受けながらも、デジタル・ネットワーク戦略への大転換を断行しました。学生時代のアメリカで目の当たりにしたIT革命への危機感が原点だっました。PlayStation事業の軸に売上を5兆円まで押し上げ、世界のゲーム市場で40％のシェアを獲得し、20万人の...
P8BB1138,凪良ゆう,47.0,文学,なし,0.0,あなたと同じ47歳のとき、凪良ゆうは『流浪の月』で本屋大賞を受賞した。2020年、BL作家から一般文芸に進出し大ブレイク。翌年『汝、星のごとく』でも本屋大賞を受賞し、史上初の2年連続受賞を達成。,あなたと同じ47歳のとき、凪良ゆうは『流浪の月』で本屋大賞を受賞した。2020年、BL作家から一般文芸に進出し大ブレイク。翌年『汝、星のごとく』でも本屋大賞を受賞し、史上初の2年連続受賞を達成。
P2B5E0FE,内藤大助,33.0,スポーツ,なし,0.0,あなたと同じ33歳のとき、内藤大助はWBC世界ライトフライ級王座の防衛戦に臨みました。強敵相手に苦戦を強いられ、試合中には右目の眼窩底骨折という重傷を負ってしまいます。しかし、内藤は痛みに耐えながら最...,あなたと同じ33歳のとき、内藤大助はWBC世界ライトフライ級王座の防衛戦に臨みました。強敵相手に苦戦を強いられ、試合中には右目の眼窩底骨折という重傷を負ってしまいます。しかし、内藤は痛みに耐えながら最後まで諦めずに戦い抜き、判定3-0で勝利を収めました。王座防衛と同時に、極限の状況下で見せた不屈の闘志は多くのファンに感動を与えることとなりました。
PB8D4F4C,内藤哲也,32.0,スポーツ,なし,0.0,あなたと同じ32歳のとき、内藤哲也はIWGPヘビー級とインターコンチネンタル王座の二冠を達成した。2017年、ロス・インゴベルナブレス・デ・ハポンを率いて新日本プロレスの顔となった。,あなたと同じ32歳のとき、内藤哲也はIWGPヘビー級とインターコンチネンタル王座の二冠を達成した。2017年、ロス・インゴベルナブレス・デ・ハポンを率いて新日本プロレスの顔となった。
PABBF631,内村航平,23.0,スポーツ,オリンピック,0.0,あなたと同じ23歳のとき、内村航平（23歳）は2012年、ロンドン五輪のの個人総合金メダル獲得に挑んでした。2008年北京五輪では銀メダルに終わり、世界選手権3連覇を果たしても五輪金メダルだけは手に入...,あなたと同じ23歳のとき、内村航平（23歳）は2012年、ロンドン五輪のの個人総合金メダル獲得に挑んでした。2008年北京五輪では銀メダルに終わり、世界選手権3連覇を果たしても五輪金メダルだけは手に入らなかっました。練習では1日8時間、年間2900時間を体操に捧げ、完璧な演技を追求しました。幼少期に母から「最後まで諦めない心は一番大切」と教えられたことが原点だっました。ロンドンのは6種目合計92.690点で悲願の金メダルを獲得、日本体操界に28年ぶりの個人総合王者をもたらし、その後の体操人気復活の起爆剤となっ...
P80C2681,八村塁,25.0,ビジネス,なし,0.0,あなたと同じ25歳のとき、八村塁はバスケットボール選手としてキャリアの重要な転機を迎えました。この時期、独自の視点と情熱を持って新しい挑戦に取り組み、その後の成功の基盤となる貴重な経験を積みました。周...,あなたと同じ25歳のとき、八村塁はバスケットボール選手としてキャリアの重要な転機を迎えました。この時期、独自の視点と情熱を持って新しい挑戦に取り組み、その後の成功の基盤となる貴重な経験を積みました。周囲からの期待と自身の目標との間で葛藤しながらも、決断力と行動力で道を切り開いていきました。人生の転機となる重要な選択でした。重要な選択を迫られた時、将来を見据えた判断を下しました。運命が動き始めた瞬間でした。この出会いが運命を変えることになった。
P6CF416F,出川哲朗,34.0,エンターテイメント,なし,0.0,あなたと同じ34歳のとき、出川哲朗は『ビートたけしのお笑いウルトラクイズ』でリアクション芸人として定着した。1998年、「抱かれたくない男」から好感度を逆転させ、『充電させてもらえませんか?』で国民的...,あなたと同じ34歳のとき、出川哲朗は『ビートたけしのお笑いウルトラクイズ』でリアクション芸人として定着した。1998年、「抱かれたくない男」から好感度を逆転させ、『充電させてもらえませんか?』で国民的人気者に。
P6A0A35A,八村塁,21.0,スポーツ,なし,0.0,あなたと同じ21歳のとき、八村塁はNBAドラフト1巡目9位でワシントン・ウィザーズに指名され、日本人初のNBA1巡目指名選手となった。ゴンザガ大学時代には平均19.7得点、6.5リバウンドを記録し、チ...,あなたと同じ21歳のとき、八村塁はNBAドラフト1巡目9位でワシントン・ウィザーズに指名され、日本人初のNBA1巡目指名選手となった。ゴンザガ大学時代には平均19.7得点、6.5リバウンドを記録し、チームをNCAAトーナメント32強まで導きました。実は彼の母親は日本人、父親はベナン人で、幼少期は3つの言語を話せませんでしたが、バスケットボールで自分のアイデンティティを確立していきました。この実績が後の発展の礎となりました。
P4AEF6C2,兄者弟者・兄者,35.0,エンターテイメント,なし,0.0,あなたと同じ35歳のとき、兄者弟者・兄者はYouTubeチャンネル「2BRO.」の登録者数100万人突破を達成。実況動画投稿を始めて7年目、毎日平均12時間のゲームプレイと編集作業を続けていた彼は、声...,あなたと同じ35歳のとき、兄者弟者・兄者はYouTubeチャンネル「2BRO.」の登録者数100万人突破を達成。実況動画投稿を始めて7年目、毎日平均12時間のゲームプレイと編集作業を続けていた彼は、声帯ポリープの診断に受けて一時休養を余儀なくされた。医師から「声を出さない期間が必要」と告げられた際、弟者と2人で無言のゲーム実況前代未聞の企画を考案し、字幕とボディランゲージだけで3週間配信を継続しました。
P4E407FF,佐野稔,61.0,スポーツ,なし,0.0,あなたと同じ61歳のとき、佐野稔はフィギュアスケートの世界で新たな挑戦を始めました。彼は現役引退後、コーチとして若手選手を育成する道を選びましたが、指導には多くの困難が伴いました。選手たちの個性を理解...,あなたと同じ61歳のとき、佐野稔はフィギュアスケートの世界で新たな挑戦を始めました。彼は現役引退後、コーチとして若手選手を育成する道を選びましたが、指導には多くの困難が伴いました。選手たちの個性を理解しながら、技術や精神面を支えるのは容易ではありませんでした。特に、選手のモチベーションを引き出すことに苦労し、何度も壁にぶつかりました。しかし、彼は諦めず、選手たちと一緒に練習を重ねることで信頼関係を築き、成長を促すことができるようになりました。結果として、彼の指導を受けた選手たちは次々と大会での成果を上げ、佐野自身も再びフィギュアスケートの魅力を再認識することとなりました。
PAFBED6B,佐藤雅彦,63.0,ビジネス,なし,0.0,あなたと同じ63歳のとき、佐藤雅彦は大きな転機を迎えました。彼は長年経営していた中小企業の経営が厳しくなり、存続の危機に直面しました。そこで、彼は新たなビジネスモデルを模索することに決めました。これま...,あなたと同じ63歳のとき、佐藤雅彦は大きな転機を迎えました。彼は長年経営していた中小企業の経営が厳しくなり、存続の危機に直面しました。そこで、彼は新たなビジネスモデルを模索することに決めました。これまでの製品中心の営業から、顧客のニーズに寄り添ったサービス提供へとシフトしました。その結果、顧客からの信頼を得ることに成功し、業績が回復することとなりました。この経験を通じて、佐藤は柔軟な発想の重要性を再認識し、経営者としての成長を実感しました。彼の挑戦は、同じような境遇にいる経営者たちに勇気を与えることとなっています。
PDEE045B,佐藤輝明,49.0,科学・技術,なし,0.0,あなたと同じ49歳のとき、佐藤輝明は新しい再生医療の研究に挑戦していました。彼は幹細胞を用いた治療法の開発を目指していましたが、研究は思うように進まず、多くの困難に直面しました。特に、細胞の分化過程を...,あなたと同じ49歳のとき、佐藤輝明は新しい再生医療の研究に挑戦していました。彼は幹細胞を用いた治療法の開発を目指していましたが、研究は思うように進まず、多くの困難に直面しました。特に、細胞の分化過程をコントロールすることが難しく、何度も失敗を重ねました。しかし、彼はあきらめずに実験を続け、最終的には理想的な結果を得ることができました。この経験を通じて、彼は研究の重要性と挑戦の意味を再確認し、医療の未来を切り開く一歩を踏み出すこととなりました。
PF3B3441,佐藤裕介,32.0,ビジネス,なし,0.0,あなたと同じ32歳のとき、佐藤裕介はfreee株式会社を設立した。2012年、クラウド会計ソフトで中小企業のDXを推進。東証マザーズ上場を果たし、日本のSaaS業界を牽引する起業家となった。,あなたと同じ32歳のとき、佐藤裕介はfreee株式会社を設立した。2012年、クラウド会計ソフトで中小企業のDXを推進。東証マザーズ上場を果たし、日本のSaaS業界を牽引する起業家となった。
P064957E,佐藤葵,40.0,スポーツ,なし,0.0,あなたと同じ40歳のとき、佐藤葵はフィギュアスケート選手（男子シングル）として大きなブレークスルーを達成しました。それまでの努力と経験が実を結び、スポーツ分野で画期的な成果を上げました。この成功は単な...,あなたと同じ40歳のとき、佐藤葵はフィギュアスケート選手（男子シングル）として大きなブレークスルーを達成しました。それまでの努力と経験が実を結び、スポーツ分野で画期的な成果を上げました。この成功は単なる幸運ではなく、長年の準備と周到な戦略、そして諦めない姿勢の結果でした。業界での地位を確立し、次のステージへと駒を進めました。綿密な計画と実行により、確実に成果を積み上げていきました。確固たる地位を築き上げました。
P22FB026,佐藤英樹,62.0,ビジネス,なし,0.0,あなたと同じ62歳のとき、佐藤英樹は大きな転機を迎えました。彼は長年にわたり家族経営の製造業を支えてきましたが、業界の厳しい競争が影を落としていました。そこで、彼は新たな挑戦として、IT技術を取り入れ...,あなたと同じ62歳のとき、佐藤英樹は大きな転機を迎えました。彼は長年にわたり家族経営の製造業を支えてきましたが、業界の厳しい競争が影を落としていました。そこで、彼は新たな挑戦として、IT技術を取り入れることを決意しました。若い世代との協力を促進し、デジタル化を進めることで、業務効率を大幅に改善することができました。結果として、会社の利益は飛躍的に向上し、業界内での地位も強化されました。この転機は、単なる経営戦略の変更ではなく、彼自身の考え方をも変えるきっかけとなりました。
P6A570D0,佐藤翼,25.0,芸術・文化,なし,0.0,あなたと同じ25歳のとき、佐藤翼はモデルとしてキャリアの重要な転機を迎えました。この時期、独自の視点と情熱を持って新しい挑戦に取り組み、その後の成功の基盤となる貴重な経験を積みました。周囲からの期待と...,あなたと同じ25歳のとき、佐藤翼はモデルとしてキャリアの重要な転機を迎えました。この時期、独自の視点と情熱を持って新しい挑戦に取り組み、その後の成功の基盤となる貴重な経験を積みました。周囲からの期待と自身の目標との間で葛藤しながらも、決断力と行動力で道を切り開いていきました。若くして示したこの行動は、後のキャリアの基盤となる重要な経験でした。その実績は広く認められました。人生の方向性が定まる瞬間でした。この経験が視野を大きく広げた。
PFF437F9,入江陽,29.0,科学・技術,なし,0.0,あなたと同じ29歳のとき、入江陽は自身の写真集「BLUE」を出版しました。この写真集は、世界中の美しい海や空、水中の光景を捉えた作品で、入江の繊細な感性と高い技術力が評価されました。「BLUE」は国内...,あなたと同じ29歳のとき、入江陽は自身の写真集「BLUE」を出版しました。この写真集は、世界中の美しい海や空、水中の光景を捉えた作品で、入江の繊細な感性と高い技術力が評価されました。「BLUE」は国内外で高い評価を得て、写真集としては異例のベストセラーとなりました。この成功により、入江は若くして世界的に認められる写真家の一人となりました。
P3C2F9CE,佐藤美月,25.0,芸術・文化,なし,0.0,あなたと同じ25歳のとき、佐藤美月は写真家としてキャリアの重要な転機を迎えました。この時期、独自の視点と情熱を持って新しい挑戦に取り組み、その後の成功の基盤となる貴重な経験を積みました。周囲からの期待...,あなたと同じ25歳のとき、佐藤美月は写真家としてキャリアの重要な転機を迎えました。この時期、独自の視点と情熱を持って新しい挑戦に取り組み、その後の成功の基盤となる貴重な経験を積みました。周囲からの期待と自身の目標との間で葛藤しながらも、決断力と行動力で道を切り開いていきました。若くして示したこの行動は、後のキャリアの基盤となる重要な経験でした。その実績は広く認められました。この決断が将来を大きく変えました。この転換が次のステージへの扉を開いた。
P78CA636,出澤剛,43.0,ビジネス,なし,0.0,あなたと同じ43歳のとき、出澤剛はLINEを日本最大のメッセージングアプリに成長させ、ユーザー数8400万人を達成しました。メッセージングアプリ普及率を10%から90%に押し上げ、通信費用を年間500...,あなたと同じ43歳のとき、出澤剛はLINEを日本最大のメッセージングアプリに成長させ、ユーザー数8400万人を達成しました。メッセージングアプリ普及率を10%から90%に押し上げ、通信費用を年間5000億円削減しました。事業展開27年で6000回の挑戦と500人のアプリ開発者に育成を経て、年間8400万人のユーザーを獲得し、世界230カ国で展開し、2000人の雇用を創出しました。多くの人々に勇気を与える結果となりました。
PFEB630F,利根川進,67.0,学術・研究,ノーベル賞,0.0,あなたと同じ67歳のとき、利根川進は、長年の研究成果が認められ、ノーベル生理学・医学賞を受賞しました。記憶に関する遺伝子の発見と、記憶メカニズムの解明に大きく貢献したことが評価されました。授賞式での講...,あなたと同じ67歳のとき、利根川進は、長年の研究成果が認められ、ノーベル生理学・医学賞を受賞しました。記憶に関する遺伝子の発見と、記憶メカニズムの解明に大きく貢献したことが評価されました。授賞式での講演では、基礎研究の重要性を訴え、若い研究者たちにエールを送りました。利根川の功績は、脳科学の発展に大きな影響を与えることとなりました。
P9188AD2,北島三郎,69.0,スポーツ,なし,0.0,あなたと同じ69歳のとき、北島三郎は第54回NHK紅白歌合戦に出場し、「まつり」を熱唱しました。この年の紅白出場は通算35回目となり、歌手としての長い歴史と変わらぬ人気を証明しました。圧巻のステージパ...,あなたと同じ69歳のとき、北島三郎は第54回NHK紅白歌合戦に出場し、「まつり」を熱唱しました。この年の紅白出場は通算35回目となり、歌手としての長い歴史と変わらぬ人気を証明しました。圧巻のステージパフォーマンスで会場を盛り上げ、日本の音楽シーンに多大な影響を与え続けています。
P2EAF7FB,大前研一,57.0,政治・社会,なし,0.0,あなたと同じ57歳のとき、大前研一は日本の経済界に大きな影響を与える著書『新・国富論』を発表しました。当時、日本経済は長期的な停滞に苦しんでいましたが、大前はこの困難な状況下で日本の未来を切り開く斬新...,あなたと同じ57歳のとき、大前研一は日本の経済界に大きな影響を与える著書『新・国富論』を発表しました。当時、日本経済は長期的な停滞に苦しんでいましたが、大前はこの困難な状況下で日本の未来を切り開く斬新な経済戦略を提唱しました。彼の提言は多くの反響を呼び、日本再生への道筋を示す指針となりました。停滞期にあっても新たな可能性を追求し続ける大前の姿勢は、多くのビジネスパーソンに勇気と希望を与えました。
P4761910,北原義昭,62.0,芸術・文化,なし,0.0,あなたと同じ62歳のとき、北原義昭は自身の写真展「LIFE」を開催しました。この展覧会では、北原が50年以上にわたって撮り続けてきた日本の風景や人々の暮らしが展示されました。会場には北原の代表作である...,あなたと同じ62歳のとき、北原義昭は自身の写真展「LIFE」を開催しました。この展覧会では、北原が50年以上にわたって撮り続けてきた日本の風景や人々の暮らしが展示されました。会場には北原の代表作である「雪の中の子どもたち」や「漁村の朝」などが並び、来場者は日本の美しさと力強さを感じることができました。北原は写真を通して、日本の魅力を世界に発信し続けています。
P9FC9B21,加藤順彦,32.0,ビジネス,なし,0.0,あなたと同じ32歳のとき、加藤順彦は従業員わずか3名の小さなIT企業を立ち上げました。前職の大手商社で培った営業力を活かし、初年度売上目標を1500万円に設定しましたが、実際は予想で大幅に上回る320...,あなたと同じ32歳のとき、加藤順彦は従業員わずか3名の小さなIT企業を立ち上げました。前職の大手商社で培った営業力を活かし、初年度売上目標を1500万円に設定しましたが、実際は予想で大幅に上回る3200万円を達成しました。創業資金300万円のうち200万円は妻の貯金を借用し、残りは退職金で賄いました。オフィスは自宅マンションの一室で、深夜2時まで働く日々は続きましたが、彼は毎朝6時に起床してジョギングを欠かさず、体調管理を徹底していました。この習慣が後の事業拡大における持続的な集中力の源となりました。
P90F36A2,加藤純一,32.0,エンターテイメント,なし,0.0,あなたと同じ32歳のとき、加藤純一はニコニコ生放送の配信者で本格的な活動を開始し、同時接続者数3000人に超える人気を獲得。それまの会社員で働いていた彼は、配信収入が月収20万円を安定し、超えるように...,あなたと同じ32歳のとき、加藤純一はニコニコ生放送の配信者で本格的な活動を開始し、同時接続者数3000人に超える人気を獲得。それまの会社員で働いていた彼は、配信収入が月収20万円を安定し、超えるようになったことで、専業配信者への転身を決意しました。特に印象的だったのは、24時間耐久配信を5回連続で成功させ、視聴者から「うんこちゃん」愛称の親しまれるようになったことです。当初は人見知りの内向的だった性格でしたが、配信の自分らしさに表現できる場所を見つけ、多くのファンに支えられながら新しい人生の道筋を築き上げました。
P895C960,加藤真央,25.0,芸術・文化,なし,0.0,あなたと同じ25歳のとき、加藤真央は建築家としてキャリアの重要な転機を迎えました。この時期、独自の視点と情熱を持って新しい挑戦に取り組み、その後の成功の基盤となる貴重な経験を積みました。周囲からの期待...,あなたと同じ25歳のとき、加藤真央は建築家としてキャリアの重要な転機を迎えました。この時期、独自の視点と情熱を持って新しい挑戦に取り組み、その後の成功の基盤となる貴重な経験を積みました。周囲からの期待と自身の目標との間で葛藤しながらも、決断力と行動力で道を切り開いていきました。若くして示したこの行動は、後のキャリアの基盤となる重要な経験でした。その実績は広く認められました。人生の方向性が定まる瞬間でした。この選択が新たな道を切り開いた。
P69EE850,加藤登紀子,71.0,政治・社会,なし,0.0,あなたと同じ71歳のとき、加藤登紀子は、被災地支援のためのチャリティーコンサートを全国各地で開催しました。東日本大震災から10年が経過した2021年、加藤は自身の音楽活動を通じて、被災地の復興と人々の...,あなたと同じ71歳のとき、加藤登紀子は、被災地支援のためのチャリティーコンサートを全国各地で開催しました。東日本大震災から10年が経過した2021年、加藤は自身の音楽活動を通じて、被災地の復興と人々の心の癒やしに貢献したいと考えたのです。コンサートの収益は全額、被災地の支援団体に寄付されました。加藤の歌声は、聴衆の心に希望と勇気を与え、復興への思いを新たにする機会となりました。
P55C67A5,加藤沢男,30.0,スポーツ,オリンピック,0.0,あなたと同じ30歳のとき、加藤沢男は1976年モントリオール五輪で体操競技において個人総合、つり輪、平行棒の3種目で金メダルを獲得しました。この大会で彼は通算5個目の五輪金メダルを手にし、日本体操界の...,あなたと同じ30歳のとき、加藤沢男は1976年モントリオール五輪で体操競技において個人総合、つり輪、平行棒の3種目で金メダルを獲得しました。この大会で彼は通算5個目の五輪金メダルを手にし、日本体操界の黄金時代を支える中心選手とし、の地位を確固たるものにしました。加藤は1968年メキシコ五輪から3大会連続で五輪に出場し、モントリオール大会のは団体総合でも金メダルを獲得、計4個の金メダルに獲得する活躍を見せました。彼の技術力と安定感は世界トップレベルで、特につり輪のの演技は他の追随を許さない完成度でしました。
P7A8921A,初音ミク,16.0,音楽,なし,0.0,初音ミクは16歳のバーチャルシンガーとして、2007年8月31日にVOCALOIDソフトとして発売され、想定を超える大ヒットを記録しました。発売直後からユーザーが作った楽曲が爆発的に増加し、ニコニコ動...,初音ミクは16歳のバーチャルシンガーとして、2007年8月31日にVOCALOIDソフトとして発売され、想定を超える大ヒットを記録しました。発売直後からユーザーが作った楽曲が爆発的に増加し、ニコニコ動画に投稿された「みくみくにしてあげる♪」が大ヒットし、初音ミク現象と呼ばれる一大ムーブメントが起こりました。2012年までに10万曲以上の楽曲が制作され、2013年には「マジカルミライ」という初の単独ライブをホログラム技術で実現しました。海外でもロサンゼルスやパリでライブを成功させ、YouTube登録者400万人を達成しました。クリプトン・フューチャー・メディアが開発したこのキャラクターは、ユーザー参加型の創作文化を象徴する存在となりました。
PF421EDF,加藤一二三,14.0,その他,なし,0.0,あなたと同じ14歳のとき、加藤一二三は史上最年少でプロ棋士となった。1954年、「神武以来の天才」と呼ばれた。A級在籍36年、タイトル獲得8期。77歳まで現役を続けた伝説の棋士。,あなたと同じ14歳のとき、加藤一二三は史上最年少でプロ棋士となった。1954年、「神武以来の天才」と呼ばれた。A級在籍36年、タイトル獲得8期。77歳まで現役を続けた伝説の棋士。
P638F8B8,前田晃伸,52.0,ビジネス,なし,0.0,あなたと同じ52歳のとき、前田晃伸はみずほフィナンシャルグループの社長として、3大銀行統合を成功させメガバンク誕生しました。資産総額140兆円という記録を達成し、従業員6万人という記録を達成しました。...,あなたと同じ52歳のとき、前田晃伸はみずほフィナンシャルグループの社長として、3大銀行統合を成功させメガバンク誕生しました。資産総額140兆円という記録を達成し、従業員6万人という記録を達成しました。日本の金融再編を象徴という大きな影響を与えました。長年の経験を活かした取り組みとして、大きな意味を持ちました。その実績は広く認められました。業界内での評価が一層高まる転機となりました。その後の活動の重要な基盤となりました。
P72F5373,前田敦子,25.0,ビジネス,なし,0.0,あなたと同じ25歳のとき、前田敦子は元アイドルとしてキャリアの重要な転機を迎えました。この時期、独自の視点と情熱を持って新しい挑戦に取り組み、その後の成功の基盤となる貴重な経験を積みました。周囲からの...,あなたと同じ25歳のとき、前田敦子は元アイドルとしてキャリアの重要な転機を迎えました。この時期、独自の視点と情熱を持って新しい挑戦に取り組み、その後の成功の基盤となる貴重な経験を積みました。周囲からの期待と自身の目標との間で葛藤しながらも、決断力と行動力で道を切り開いていきました。新たな道への第一歩を踏み出したのです。この変化が、後の成功への重要な一歩となりました。大きな変革をもたらす転機でした。この出会いが運命を変えることになった。
PC718BA0,前田敦子,21.0,エンターテイメント,アカデミー賞,0.0,あなたと同じ21歳のとき、前田敦子は連続テレビ小説「マッサン」でヒロインを務め、大きな話題となりました。北海道の酒造会社の娘役を熱演し、演技力の高さが評価されました。撮影は約1年間に及び、過酷なスケジ...,あなたと同じ21歳のとき、前田敦子は連続テレビ小説「マッサン」でヒロインを務め、大きな話題となりました。北海道の酒造会社の娘役を熱演し、演技力の高さが評価されました。撮影は約1年間に及び、過酷なスケジュールをこなしながら、役柄に真摯に向き合い続けました。その努力が実を結び、同作品で「ザテレビジョンドラマアカデミー賞 主演女優賞」を受賞するなど、女優としての地位を確立しました。
P19EF43C,前田建設工業の前田又兵衛,61.0,芸術・文化,なし,0.0,あなたと同じ61歳のとき、前田建設工業の前田又兵衛は、日本で初めて本格的な鉄筋コンクリート造りの事務所ビルを完成させました。当時としては画期的な工法で、耐震性や耐火性に優れた近代的なビルの建設を実現し...,あなたと同じ61歳のとき、前田建設工業の前田又兵衛は、日本で初めて本格的な鉄筋コンクリート造りの事務所ビルを完成させました。当時としては画期的な工法で、耐震性や耐火性に優れた近代的なビルの建設を実現したのです。この成果により、前田建設工業は日本の建設業界をリードする企業の一つとなりました。前田又兵衛の革新的な取り組みは、日本の都市景観を大きく変える礎となったのです。
P0700798,前田健太,28.0,スポーツ,なし,0.0,あなたと同じ28歳のとき、前田健太はメジャーリーグ・ドジャースでの初年度に16勝11敗、防御率3.48という好成績を残しました。実は彼の代名詞「マエケン体操」は、メジャーのも継続するか悩んでいましたが...,あなたと同じ28歳のとき、前田健太はメジャーリーグ・ドジャースでの初年度に16勝11敗、防御率3.48という好成績を残しました。実は彼の代名詞「マエケン体操」は、メジャーのも継続するか悩んでいましたが、チームメイトから「それがお前らしさだ」と背中を押され、アメリカの観客を魅了しました。175球という自己最多投球数を記録した試合もありましたが、言葉の壁や文化の違いに苦しみながらも、持ち前の研究熱心さで相手打者を分析し続けました。
PD819C09,前澤友作,36.0,ビジネス,なし,0.0,あなたと同じ36歳のとき、前澤友作はZOZOTOWNの売上高100億円突破を目前に控え、革新的な3つの施策を同時進行していました。当時まだ珍しかった送料無料サービスを業界で初めて導入し、返品無料制度も...,あなたと同じ36歳のとき、前澤友作はZOZOTOWNの売上高100億円突破を目前に控え、革新的な3つの施策を同時進行していました。当時まだ珍しかった送料無料サービスを業界で初めて導入し、返品無料制度も開始しました。しかし最も驚くべきは、彼が毎朝4時に起きて全国の配送センターを抜き打ち視察していたことです。「お客様の笑顔が見えない通販だからこそ、裏側で120%の努力が必要」信念のもと、梱包の丁寧さから配送スピードまで細部にこだわり抜きました。この徹底した顧客第一主義が、後のファッション通販革命の礎となったのです。
P8D29B28,前園真聖,43.0,スポーツ,なし,0.0,あなたと同じ43歳のとき、前園真聖は日本サッカー界の発展に尽力していました。Jリーグのクラブでコーチを務める傍ら、日本代表の強化委員長に就任しました。世界で戦える選手の育成に情熱を注ぎ、日本サッカーの...,あなたと同じ43歳のとき、前園真聖は日本サッカー界の発展に尽力していました。Jリーグのクラブでコーチを務める傍ら、日本代表の強化委員長に就任しました。世界で戦える選手の育成に情熱を注ぎ、日本サッカーの未来を見据えた改革案を次々と実行に移しました。その真摯な姿勢と情熱は多くの関係者を動かし、日本サッカーの新時代を切り拓く原動力となりました。前園の「世界基準」を追求する姿勢は、後進の指導者たちにも受け継がれています。
PFECF2C7,利根川進,48.0,科学・技術,ノーベル賞,0.0,あなたと同じ48歳のとき、利根川進は抗体の多様性生成メカニズムの解明でノーベル生理学・医学賞を単独受賞しました、かけて、わずか数百個の遺伝子から100万種類以上の抗体に生み出す遺伝子再編成の仕組みを発...,あなたと同じ48歳のとき、利根川進は抗体の多様性生成メカニズムの解明でノーベル生理学・医学賞を単独受賞しました、かけて、わずか数百個の遺伝子から100万種類以上の抗体に生み出す遺伝子再編成の仕組みを発見しました。この研究では、B細胞は成熟する過程で免疫グロブリン遺伝子のDNA断片が組み換えられることを実証し、免疫システムの根本原理を解明しました。日本人初の生理学・医学賞単独受賞者となりました。
PCD5BE01,加山雄三,62.0,芸術・文化,なし,0.0,あなたと同じ62歳のとき、加山雄三は自身の音楽活動の集大成として、日本武道館でのコンサートを開催しました。若者から年配者まで幅広い世代のファンが集まり、加山雄三の歌声と存在感に酔いしれました。このコン...,あなたと同じ62歳のとき、加山雄三は自身の音楽活動の集大成として、日本武道館でのコンサートを開催しました。若者から年配者まで幅広い世代のファンが集まり、加山雄三の歌声と存在感に酔いしれました。このコンサートを機に、加山雄三は音楽活動を新たなステージへと進化させ、日本の音楽シーンに多大な影響を与え続けることとなりました。62歳という年齢を感じさせない、エネルギッシュなパフォーマンスは多くの人々に感動を与えました。
P22B1569,佐藤美和子,59.0,政治・社会,なし,0.0,あなたと同じ59歳のとき、佐藤美和子さんは地域の高齢者支援プログラムを立ち上げました。彼女は地域のニーズを調査し、孤立した高齢者を対象にした訪問サービスを開始しました。この取り組みは徐々に広まり、地域...,あなたと同じ59歳のとき、佐藤美和子さんは地域の高齢者支援プログラムを立ち上げました。彼女は地域のニーズを調査し、孤立した高齢者を対象にした訪問サービスを開始しました。この取り組みは徐々に広まり、地域住民の協力を得ることで、ボランティアが増加しました。結果として、数百人の高齢者が定期的に訪問を受け、交流の場も設けられました。この活動は地域の絆を深めることに貢献し、高齢者の生活の質を向上させる大きな成果となりました。佐藤さんの情熱は、多くの人々に影響を与え、地域全体が活気づくきっかけとなっています。
PAED8A60,佐藤琢磨,52.0,スポーツ,なし,0.0,あなたと同じ52歳のとき、佐藤琢磨はインディ500で3位に入賞しました。これは日本人ドライバーとして初の快挙となりました。佐藤は若い頃から海外でのレース活動に情熱を注ぎ、幾多の困難を乗り越えてきました...,あなたと同じ52歳のとき、佐藤琢磨はインディ500で3位に入賞しました。これは日本人ドライバーとして初の快挙となりました。佐藤は若い頃から海外でのレース活動に情熱を注ぎ、幾多の困難を乗り越えてきました。52歳という年齢でのこの成績は、佐藤の経験と技術の集大成であり、日本のモータースポーツ界に大きな希望を与えるものとなりました。佐藤は「年齢は関係ない。情熱を持ち続けることが大切だ」と語り、多くのファンに勇気を与えています。
P960218E,佐藤楓,25.0,芸術・文化,なし,0.0,あなたと同じ25歳のとき、佐藤楓は写真家としてキャリアの重要な転機を迎えました。この時期、独自の視点と情熱を持って新しい挑戦に取り組み、その後の成功の基盤となる貴重な経験を積みました。周囲からの期待と...,あなたと同じ25歳のとき、佐藤楓は写真家としてキャリアの重要な転機を迎えました。この時期、独自の視点と情熱を持って新しい挑戦に取り組み、その後の成功の基盤となる貴重な経験を積みました。周囲からの期待と自身の目標との間で葛藤しながらも、決断力と行動力で道を切り開いていきました。若くして示したこの行動は、後のキャリアの基盤となる重要な経験でした。その実績は広く認められました。大きな変革をもたらす転機でした。この変化が大きな飛躍のきっかけとなった。
PD0BA4CF,伊藤若冲,15.0,芸術・文化,なし,0.0,あなたと同じ15歳のとき、伊藤若冲は家業の青物問屋を手伝いながら、絵の修行に励んでいました。当時の絵師の常識にとらわれない斬新な発想と、繊細かつ大胆な筆使いで描かれた作品が、師匠や周囲の人々を驚かせま...,あなたと同じ15歳のとき、伊藤若冲は家業の青物問屋を手伝いながら、絵の修行に励んでいました。当時の絵師の常識にとらわれない斬新な発想と、繊細かつ大胆な筆使いで描かれた作品が、師匠や周囲の人々を驚かせました。若冲の類まれな才能を見出した師匠は、彼に「思い描くままに自由に絵を描きなさい」とアドバイス。その言葉を胸に、若冲は自身の感性を存分に表現した独創的な作品を生み出すようになりました。
P04DFC30,伊藤翼,25.0,芸術・文化,なし,0.0,あなたと同じ25歳のとき、伊藤翼はモデルとしてキャリアの重要な転機を迎えました。この時期、独自の視点と情熱を持って新しい挑戦に取り組み、その後の成功の基盤となる貴重な経験を積みました。周囲からの期待と...,あなたと同じ25歳のとき、伊藤翼はモデルとしてキャリアの重要な転機を迎えました。この時期、独自の視点と情熱を持って新しい挑戦に取り組み、その後の成功の基盤となる貴重な経験を積みました。周囲からの期待と自身の目標との間で葛藤しながらも、決断力と行動力で道を切り開いていきました。若くして示したこの行動は、後のキャリアの基盤となる重要な経験でした。その実績は広く認められました。新たな道を切り開く契機となりました。この決断が人生の分岐点となった。
PA2F4529,伊藤翔,25.0,芸術・文化,なし,0.0,あなたと同じ25歳のとき、伊藤翔はニュースキャスターとしてキャリアの重要な転機を迎えました。この時期、独自の視点と情熱を持って新しい挑戦に取り組み、その後の成功の基盤となる貴重な経験を積みました。周囲...,あなたと同じ25歳のとき、伊藤翔はニュースキャスターとしてキャリアの重要な転機を迎えました。この時期、独自の視点と情熱を持って新しい挑戦に取り組み、その後の成功の基盤となる貴重な経験を積みました。周囲からの期待と自身の目標との間で葛藤しながらも、決断力と行動力で道を切り開いていきました。この決断が後の人生を大きく変えることとなりました。重要な選択を迫られた時、将来を見据えた判断を下しました。人生の重要な転機となった出来事でした。この出会いが運命を変えることになった。
P9CDD2F3,伊藤美誠,17.0,スポーツ,オリンピック,0.0,あなたと同じ17歳のとき、伊藤美誠は世界卓球選手権で日本女子48年ぶりの銅メダルを獲得しました。身長152センチと小柄な体格ながら、毎日8時間の練習の培った独特の変化球サーブが武器でしました。準決勝の...,あなたと同じ17歳のとき、伊藤美誠は世界卓球選手権で日本女子48年ぶりの銅メダルを獲得しました。身長152センチと小柄な体格ながら、毎日8時間の練習の培った独特の変化球サーブが武器でしました。準決勝のは世界ランキング2位の中国選手を4対1で破り、会場を驚かせました。実は試合前夜、緊張の眠れず母親と深夜3時まの電話で話していたことを後に明かしています。この勝利により世界ランキングは自己最高の5位まで上昇し、東京オリンピックへの期待が一気に高まりました。
P1FAC6A9,伊藤智仁,19.0,スポーツ,なし,0.0,あなたと同じ19歳のとき、伊藤智仁は西武ライオンズの若きエースとして開幕投手に抜擢されました。リーグ屈指の強打者が揃う中日ドラゴンズ打線を相手に、7回1失点の好投を見せ、チームを勝利に導きました。19...,あなたと同じ19歳のとき、伊藤智仁は西武ライオンズの若きエースとして開幕投手に抜擢されました。リーグ屈指の強打者が揃う中日ドラゴンズ打線を相手に、7回1失点の好投を見せ、チームを勝利に導きました。19歳とは思えないような堂々とした投球は、ファンや専門家を驚かせ、将来の日本球界を担う存在として大きな注目を集めることとなりました。
PC5E7D80,伊藤彩香,25.0,芸術・文化,なし,0.0,あなたと同じ25歳のとき、伊藤彩香はモデルとしてキャリアの重要な転機を迎えました。この時期、独自の視点と情熱を持って新しい挑戦に取り組み、その後の成功の基盤となる貴重な経験を積みました。周囲からの期待...,あなたと同じ25歳のとき、伊藤彩香はモデルとしてキャリアの重要な転機を迎えました。この時期、独自の視点と情熱を持って新しい挑戦に取り組み、その後の成功の基盤となる貴重な経験を積みました。周囲からの期待と自身の目標との間で葛藤しながらも、決断力と行動力で道を切り開いていきました。若くして示したこの行動は、後のキャリアの基盤となる重要な経験でした。その実績は広く認められました。人生の方向性が定まる瞬間でした。この出会いが運命を変えることになった。
P28851A9,伊藤大海,32.0,学術・研究,なし,0.0,あなたと同じ32歳のとき、伊藤大海は自身の起業したIT企業を東証一部に上場させることに成功しました。学生時代から培ってきたプログラミングの才能と起業家精神を発揮し、わずか数年で急成長を遂げた快挙となり...,あなたと同じ32歳のとき、伊藤大海は自身の起業したIT企業を東証一部に上場させることに成功しました。学生時代から培ってきたプログラミングの才能と起業家精神を発揮し、わずか数年で急成長を遂げた快挙となりました。上場セレモニーで伊藤さんは「世界を変えるイノベーションを生み出し続けることが私の使命です」と決意表明し、日本のIT業界に新たな伝説を刻むこととなりました。
P93F5F08,伊藤博文,55.0,科学・技術,なし,0.0,あなたと同じ55歳のとき、伊藤博文は日本の初代総理大臣に就任しました。明治維新後の混乱期に、近代国家の基礎を築くという重責を担うことになりました。欧米列強に伍していくため、富国強兵と殖産興業に尽力し、...,あなたと同じ55歳のとき、伊藤博文は日本の初代総理大臣に就任しました。明治維新後の混乱期に、近代国家の基礎を築くという重責を担うことになりました。欧米列強に伍していくため、富国強兵と殖産興業に尽力し、日本の近代化を推し進めました。また、不平等条約の改正交渉にも取り組み、列強との対等な関係を目指しました。激動の時代に、国家の舵取りを任された伊藤博文の決断が、日本の未来を大きく方向づけることとなりました。
P911C161,伊藤雅範,52.0,スポーツ,なし,0.0,あなたと同じ52歳のとき、伊藤雅範はアイアンマンレースに出場し、見事完走を果たしました。彼は壮絶なトレーニングを重ね、レース当日は天候にも恵まれ、自己ベストを更新する結果となりました。伊藤さんは、日々...,あなたと同じ52歳のとき、伊藤雅範はアイアンマンレースに出場し、見事完走を果たしました。彼は壮絶なトレーニングを重ね、レース当日は天候にも恵まれ、自己ベストを更新する結果となりました。伊藤さんは、日々の仕事とトレーニングを両立させるために、早朝にランニングを行い、週末には長距離バイクやスイムの練習を欠かしませんでした。この成果は、彼自身にとって大きな達成感をもたらし、同世代の仲間にも刺激を与えることとなりました。52歳という年齢にもかかわらず、挑戦し続ける姿勢が、多くの人に希望を与えたのです。
PB17F0E0,伊藤博文,44.0,政治・社会,なし,0.0,あなたと同じ44歳のとき、伊藤博文は日本初の内閣総理大臣に就任し、近代国家建設の重責を担いました。明治18年12月22日の組閣では、9名の閣僚を選出し、わずか3日間で内閣を発足させました。実は彼は当初...,あなたと同じ44歳のとき、伊藤博文は日本初の内閣総理大臣に就任し、近代国家建設の重責を担いました。明治18年12月22日の組閣では、9名の閣僚を選出し、わずか3日間で内閣を発足させました。実は彼は当初、総理大臣という職務に強い不安を抱いており、「自分では荷が重すぎる」と周囲に漏らしていました。しかし、憲法制定への強い使命感から引き受けを決意し、ヨーロッパで学んだ立憲政治の知識を活かして、日本の政治制度の基盤を築き上げました。農民出身の彼が国のトップに立つという、当時とし、は驚くべき出世物語でしました。
P93F5F08,伊藤博文,56.0,その他,なし,0.0,あなたと同じ56歳のとき、伊藤博文は日本初の内閣総理大臣に就任しました。明治政府の中心人物として、近代国家の基礎を築くべく尽力しました。特に、内閣制度の確立や欧米列強との条約改正交渉に注力し、日本の国...,あなたと同じ56歳のとき、伊藤博文は日本初の内閣総理大臣に就任しました。明治政府の中心人物として、近代国家の基礎を築くべく尽力しました。特に、内閣制度の確立や欧米列強との条約改正交渉に注力し、日本の国際的地位向上に貢献しました。その手腕と指導力は、後の日本の発展に大きな影響を与えることとなりました。
P6063984,伊藤公一,34.0,学術・研究,なし,0.0,あなたと同じ34歳のとき、伊藤公一は超新星爆発の観測データを分析し、ニュートリノ放射の新しいモデルを提案しました。この研究成果は、超新星爆発のメカニズム解明に大きく貢献し、国際的な学術誌に掲載されるこ...,あなたと同じ34歳のとき、伊藤公一は超新星爆発の観測データを分析し、ニュートリノ放射の新しいモデルを提案しました。この研究成果は、超新星爆発のメカニズム解明に大きく貢献し、国際的な学術誌に掲載されることとなりました。伊藤の革新的なアプローチは、宇宙物理学界に新たな知見をもたらし、若手研究者の模範となりました。
PE623543,伊藤みどり,25.0,ビジネス,なし,0.0,あなたと同じ25歳のとき、伊藤みどりは元フィギュアスケート選手としてキャリアの重要な転機を迎えました。この時期、独自の視点と情熱を持って新しい挑戦に取り組み、その後の成功の基盤となる貴重な経験を積みま...,あなたと同じ25歳のとき、伊藤みどりは元フィギュアスケート選手としてキャリアの重要な転機を迎えました。この時期、独自の視点と情熱を持って新しい挑戦に取り組み、その後の成功の基盤となる貴重な経験を積みました。周囲からの期待と自身の目標との間で葛藤しながらも、決断力と行動力で道を切り開いていきました。人生の転機となる重要な選択でした。従来の方法から脱却し、革新的なアプローチを採用しました。大きな変革をもたらす転機でした。この経験が視野を大きく広げた。
PAC0D071,伊藤みどり,20.0,スポーツ,オリンピック,0.0,あなたと同じ20歳のとき、伊藤みどりは世界フィギュアスケート選手権で日本人初の銀メダルを獲得しました。身長145センチと小柄な体格でしたが、3回転アクセルの世界で初めて成功させた女性として歴史に名を刻...,あなたと同じ20歳のとき、伊藤みどりは世界フィギュアスケート選手権で日本人初の銀メダルを獲得しました。身長145センチと小柄な体格でしたが、3回転アクセルの世界で初めて成功させた女性として歴史に名を刻みました。練習では1日8時間、週6日間リンクに立ち続け、靴擦れの足が血だらけになっても諦めませんでしました。実は極度の人見知りで、海外遠征のは通訳なしのは注文ものきませんでしたが、氷上では別人のように力強いジャンプを見せました。この年の成績により翌年のカルガリー五輪出場権を獲得し、日本フィギュア界の扉を開きました。
P3CE16EF,伊藤さくら,25.0,芸術・文化,なし,0.0,あなたと同じ25歳のとき、伊藤さくらはグラビアアイドルとしてキャリアの重要な転機を迎えました。この時期、独自の視点と情熱を持って新しい挑戦に取り組み、その後の成功の基盤となる貴重な経験を積みました。周...,あなたと同じ25歳のとき、伊藤さくらはグラビアアイドルとしてキャリアの重要な転機を迎えました。この時期、独自の視点と情熱を持って新しい挑戦に取り組み、その後の成功の基盤となる貴重な経験を積みました。周囲からの期待と自身の目標との間で葛藤しながらも、決断力と行動力で道を切り開いていきました。この決断が後の人生を大きく変えることとなりました。環境の変化に適応しながら、新しい挑戦を始めました。転機となる重大な選択でした。この経験が視野を大きく広げた。
P011BD44,伊東豊雄,71.0,建築・デザイン,プリツカー賞,0.0,あなたと同じ71歳のとき、伊東豊雄は台中国家歌劇院の設計を進めていました。この建物は58の異なる曲面の構成された複雑な構造で、コンピュータ解析技術を駆使して設計されました。また同年、彼は日本建築家とし...,あなたと同じ71歳のとき、伊東豊雄は台中国家歌劇院の設計を進めていました。この建物は58の異なる曲面の構成された複雑な構造で、コンピュータ解析技術を駆使して設計されました。また同年、彼は日本建築家として6人目となるプリツカー建築賞の受賞が決定し、翌ワシントンD.C.のケネディセンターで授賞式が行われました。または伊東建築塾の活動を本格化させ、若手建築家の育成に取り組んでいました。この時期の彼は50年以上の建築活動の集大成として、世界各国で進行中の複数のプロジェクトを同時に監督していました。
P06BF94A,今村雅弘,17.0,政治・社会,なし,0.0,あなたと同じ17歳のとき、今村雅弘は地域の環境保護活動に積極的に参加しました。彼は地元の清掃活動を企画し、友人たちと共に街の公園や河川のゴミを拾いました。この活動は、ただの清掃にとどまらず、地域住民に...,あなたと同じ17歳のとき、今村雅弘は地域の環境保護活動に積極的に参加しました。彼は地元の清掃活動を企画し、友人たちと共に街の公園や河川のゴミを拾いました。この活動は、ただの清掃にとどまらず、地域住民に環境問題の重要性を伝えるきっかけともなりました。活動の成果として、地域の環境意識が高まり、毎年の清掃イベントに多くの人が参加するようになりました。彼のリーダーシップと情熱が、地域全体を巻き込む大きな力となったのです。今村の取り組みは、若者が社会に与える影響の大きさを示すものとなりました。
PC5B29A7,今村翔吾,37.0,文学,直木賞,0.0,あなたと同じ37歳のとき、今村翔吾は『塞王の楯』で直木賞を受賞した。2022年、戦国時代の石垣職人を描いた歴史小説。ダンスインストラクターから作家に転身した異色の経歴を持ち、時代小説の新星として活躍し...,あなたと同じ37歳のとき、今村翔吾は『塞王の楯』で直木賞を受賞した。2022年、戦国時代の石垣職人を描いた歴史小説。ダンスインストラクターから作家に転身した異色の経歴を持ち、時代小説の新星として活躍している。
P93F5F08,伊藤博文,14.0,学術・研究,なし,0.0,あなたと同じ14歳のとき、伊藤博文は藩校で英語の勉強に没頭しました。当時の日本では英語を学ぶ機会が限られていましたが、伊藤は将来の日本のために英語が必要不可欠だと考えました。教材も乏しい中、独学で英単...,あなたと同じ14歳のとき、伊藤博文は藩校で英語の勉強に没頭しました。当時の日本では英語を学ぶ機会が限られていましたが、伊藤は将来の日本のために英語が必要不可欠だと考えました。教材も乏しい中、独学で英単語を丸暗記したり、英文を音読したりと、懸命に英語の習得に取り組みました。その努力が後の伊藤の活躍につながっていきます。
PA41DDDA,伊調馨,25.0,ビジネス,なし,0.0,あなたと同じ25歳のとき、伊調馨は元レスリング選手としてキャリアの重要な転機を迎えました。この時期、独自の視点と情熱を持って新しい挑戦に取り組み、その後の成功の基盤となる貴重な経験を積みました。周囲か...,あなたと同じ25歳のとき、伊調馨は元レスリング選手としてキャリアの重要な転機を迎えました。この時期、独自の視点と情熱を持って新しい挑戦に取り組み、その後の成功の基盤となる貴重な経験を積みました。周囲からの期待と自身の目標との間で葛藤しながらも、決断力と行動力で道を切り開いていきました。この決断が後の人生を大きく変えることとなりました。環境の変化に適応しながら、新しい挑戦を始めました。これが運命を変える岐路となりました。この選択が新たな道を切り開いた。
P6F8F3AA,伊達公子,25.0,ビジネス,なし,0.0,あなたと同じ25歳のとき、伊達公子は元テニス選手としてキャリアの重要な転機を迎えました。この時期、独自の視点と情熱を持って新しい挑戦に取り組み、その後の成功の基盤となる貴重な経験を積みました。周囲から...,あなたと同じ25歳のとき、伊達公子は元テニス選手としてキャリアの重要な転機を迎えました。この時期、独自の視点と情熱を持って新しい挑戦に取り組み、その後の成功の基盤となる貴重な経験を積みました。周囲からの期待と自身の目標との間で葛藤しながらも、決断力と行動力で道を切り開いていきました。新たな道への第一歩を踏み出したのです。この変化が、後の成功への重要な一歩となりました。人生の重要な転機となった出来事でした。この変化が大きな飛躍のきっかけとなった。
P4766DA6,似鳥昭雄,39.0,ビジネス,なし,0.0,あなたと同じ39歳のとき、似鳥昭雄（39歳）は1983年、家具小売りチェーン「ニトリ」を創業しました。創業初期は50社以上の家具メーカーから直接取引を断られ、8ヶ月間思うような商品調達ができずにいまし...,あなたと同じ39歳のとき、似鳥昭雄（39歳）は1983年、家具小売りチェーン「ニトリ」を創業しました。創業初期は50社以上の家具メーカーから直接取引を断られ、8ヶ月間思うような商品調達ができずにいました。アメリカ視察で見た「お、ねだん以上。」の価値提供に衝撃を受けた体験が原点だっました。しかし独自の海外調達網構築で、従来の半額以下での家具販売を実現。、年商1兆円企業へ成長し、国内700店舗を展開、3万人の雇用を創出し、日本の家具業界の価格破壊を推進しました。
P6583011,佐藤栄作,68.0,政治・社会,なし,0.0,あなたと同じ68歳のとき、佐藤栄作は日本の首相として、沖縄返還交渉に臨みました。アメリカとの難しい交渉の末、1972年に沖縄が日本に返還されることが決まりました。長年の懸案だった沖縄問題の解決に尽力し...,あなたと同じ68歳のとき、佐藤栄作は日本の首相として、沖縄返還交渉に臨みました。アメリカとの難しい交渉の末、1972年に沖縄が日本に返還されることが決まりました。長年の懸案だった沖縄問題の解決に尽力し、日本の領土の一体化を実現させました。戦後の混乱期から日本を導いてきた佐藤は、沖縄返還という大きな成果を残し、日本の平和と繁栄の礎を築きました。
P1CF29D3,佐藤忠志,75.0,芸術・文化,なし,0.0,あなたと同じ75歳のとき、佐藤忠志は自身の陶芸作品が海外の美術館に永久所蔵されることになりました。半世紀以上にわたり、伝統的な技法を守りながらも独自の感性を表現し続けてきた佐藤にとって、これは長年の努...,あなたと同じ75歳のとき、佐藤忠志は自身の陶芸作品が海外の美術館に永久所蔵されることになりました。半世紀以上にわたり、伝統的な技法を守りながらも独自の感性を表現し続けてきた佐藤にとって、これは長年の努力が世界に認められた瞬間でした。日本の美を体現する作品が、国境を越えて多くの人々を魅了することになったのです。佐藤は、陶芸の可能性を信じ続けた自分の姿勢に誇りを感じつつ、次なる創作への情熱を新たにしました。
PBE2E55A,佐藤天彦,28.0,その他,なし,0.0,あなたと同じ28歳のとき、佐藤天彦は名人位を獲得した。2016年、「貴族」の愛称で知られるファッショナブルな棋士。3期連続名人を務め、将棋界に新風を吹き込んだ。,あなたと同じ28歳のとき、佐藤天彦は名人位を獲得した。2016年、「貴族」の愛称で知られるファッショナブルな棋士。3期連続名人を務め、将棋界に新風を吹き込んだ。
PE0D5753,佐藤可士和,46.0,科学・技術,なし,0.0,あなたと同じ46歳のとき、佐藤可士和はデザイン事務所「SAMURAI」を設立しました。それまでの経験を生かし、自身の理想とするデザインを追求する場として独立を決意したのです。以降、ユニクロやスターバッ...,あなたと同じ46歳のとき、佐藤可士和はデザイン事務所「SAMURAI」を設立しました。それまでの経験を生かし、自身の理想とするデザインを追求する場として独立を決意したのです。以降、ユニクロやスターバックスなど大手企業のブランディングを手がけ、国内外で高い評価を得ることとなりました。デザインの力で社会に新たな価値を生み出すという信念のもと、次なるステージへと踏み出す転機となった出来事でした。
P0572D05,佐藤可士和,49.0,政治・社会,なし,0.0,あなたと同じ49歳のとき、佐藤可士和は社会活動において新たな成果を上げました。彼は、地域の子どもたちに向けたデザイン教育プログラムを立ち上げ、若いクリエイターを育成することを目指しました。この取り組み...,あなたと同じ49歳のとき、佐藤可士和は社会活動において新たな成果を上げました。彼は、地域の子どもたちに向けたデザイン教育プログラムを立ち上げ、若いクリエイターを育成することを目指しました。この取り組みは、子どもたちにデザインの楽しさを伝えるだけでなく、地域社会の活性化にも寄与することとなりました。彼の活動は、デザインの力を通じて多くの人々にインスピレーションを与え、社会に対する意識を高めることになりました。結果として、彼のプログラムは全国的な注目を集め、後に続く多くのプロジェクトの先駆けとなりました。
PE0D5753,佐藤可士和,21.0,ビジネス,なし,0.0,あなたと同じ21歳のとき、佐藤可士和はデザイナーとしての道を歩み始めました。しかし、当時のデザイン業界は狭き門で、新人が仕事を得るのは容易ではありませんでした。佐藤は様々なデザインコンペに応募しては落...,あなたと同じ21歳のとき、佐藤可士和はデザイナーとしての道を歩み始めました。しかし、当時のデザイン業界は狭き門で、新人が仕事を得るのは容易ではありませんでした。佐藤は様々なデザインコンペに応募しては落選を繰り返し、挫折を味わいます。それでも諦めずに努力を重ね、独自の感性を磨き続けました。やがて徐々に実力が認められるようになり、クライアントからの信頼を得ていきました。苦難の中で培ったデザイン哲学が、後の佐藤のキャリアを支える礎となりました。
P6638E95,佐藤勝彦,64.0,芸術・文化,なし,0.0,あなたと同じ64歳のとき、佐藤勝彦は新たな陶芸のスタイルに挑戦することとなりました。彼はこれまでの伝統的な技法だけでなく、現代的なデザインを取り入れた作品を作りたいと考えていました。しかし、初めは周囲...,あなたと同じ64歳のとき、佐藤勝彦は新たな陶芸のスタイルに挑戦することとなりました。彼はこれまでの伝統的な技法だけでなく、現代的なデザインを取り入れた作品を作りたいと考えていました。しかし、初めは周囲からの反発や理解を得ることが難しく、心が折れそうになりました。そんな中、彼は自らの信念を貫き、何度も試行錯誤を繰り返しました。やがて、彼の作品が評価され始め、展示会での成功を収めることとなります。この経験から、彼は挑戦することの大切さを再認識し、陶芸の世界で新しい風を吹き込む存在となりました。
PF9EFE3B,佐藤勝彦,63.0,科学・技術,なし,0.0,あなたと同じ63歳のとき、佐藤勝彦は大きな転機を迎えました。彼は多くの時間を費やしてきた素粒子物理学の研究に新たな視点を加えることにしました。これまでの研究成果をもとに、彼は次世代の加速器の設計に挑む...,あなたと同じ63歳のとき、佐藤勝彦は大きな転機を迎えました。彼は多くの時間を費やしてきた素粒子物理学の研究に新たな視点を加えることにしました。これまでの研究成果をもとに、彼は次世代の加速器の設計に挑むことになりました。この決断は、彼にとって未知の世界への一歩となり、国際的な共同研究の機会をもたらしました。結果として、彼の研究が新しい発見に繋がり、科学界での評価が高まりました。この転機がなければ、彼のキャリアは全く異なるものになっていたかもしれません。
P40C8A48,佐藤光男,67.0,政治・社会,なし,0.0,あなたと同じ67歳のとき、佐藤光男さんは地域の環境問題に取り組む転機を迎えました。彼は長年、地元の清掃活動に参加していましたが、ある日、地域の公園がごみであふれかえっているのを見て心を痛めました。この...,あなたと同じ67歳のとき、佐藤光男さんは地域の環境問題に取り組む転機を迎えました。彼は長年、地元の清掃活動に参加していましたが、ある日、地域の公園がごみであふれかえっているのを見て心を痛めました。この出来事がきっかけとなり、彼は地域の住民を集め、環境保護に関する啓発イベントを開催することになりました。その結果、多くの人々が参加し、地域の環境意識が高まりました。佐藤さんはその後も、持続可能な社会を目指す活動に力を入れるようになり、地域のリーダーとしての役割を果たすことになりました。
PD4AFACB,佐藤健,25.0,ビジネス,なし,0.0,あなたと同じ25歳のとき、佐藤健は俳優としてキャリアの重要な転機を迎えました。この時期、独自の視点と情熱を持って新しい挑戦に取り組み、その後の成功の基盤となる貴重な経験を積みました。周囲からの期待と自...,あなたと同じ25歳のとき、佐藤健は俳優としてキャリアの重要な転機を迎えました。この時期、独自の視点と情熱を持って新しい挑戦に取り組み、その後の成功の基盤となる貴重な経験を積みました。周囲からの期待と自身の目標との間で葛藤しながらも、決断力と行動力で道を切り開いていきました。若くして示したこの行動は、後のキャリアの基盤となる重要な経験でした。その実績は広く認められました。大きな変革をもたらす転機でした。この転換が次のステージへの扉を開いた。
P6722C3C,佐藤信夫,62.0,スポーツ,なし,0.0,あなたと同じ62歳のとき、佐藤信夫は自身の人生を大きく変える転機を迎えました。彼は長年マラソンに情熱を注ぎ、多くの大会で素晴らしい成績を収めてきましたが、62歳の時に初めて地元の大会でのボランティア活...,あなたと同じ62歳のとき、佐藤信夫は自身の人生を大きく変える転機を迎えました。彼は長年マラソンに情熱を注ぎ、多くの大会で素晴らしい成績を収めてきましたが、62歳の時に初めて地元の大会でのボランティア活動を行うことになりました。選手としての経験を生かし、若いランナーたちにアドバイスをする機会が増えました。これにより、彼は競技者から指導者としての役割へとシフトし、地域のマラソンコミュニティでも重要な存在になりました。彼の経験と知識は、多くの若者たちに影響を与え、マラソンの楽しさを広める手助けとなっています。
P2908385,佐藤ひなた,25.0,芸術・文化,なし,0.0,あなたと同じ25歳のとき、佐藤ひなたはモデルとしてキャリアの重要な転機を迎えました。この時期、独自の視点と情熱を持って新しい挑戦に取り組み、その後の成功の基盤となる貴重な経験を積みました。周囲からの期...,あなたと同じ25歳のとき、佐藤ひなたはモデルとしてキャリアの重要な転機を迎えました。この時期、独自の視点と情熱を持って新しい挑戦に取り組み、その後の成功の基盤となる貴重な経験を積みました。周囲からの期待と自身の目標との間で葛藤しながらも、決断力と行動力で道を切り開いていきました。この決断が後の人生を大きく変えることとなりました。この転機により、新たな可能性が開かれることになりました。人生の重要な転機となった出来事でした。この転機が新たな物語の始まりとなった。
PDD2520C,佐々木雅人,69.0,芸術・文化,なし,0.0,あなたと同じ69歳のとき、佐々木雅人は日本国内外での個展を開催し、多くの人々にその作品を披露することとなりました。彼の書は、伝統的な技法を用いながらも現代的な感覚を取り入れたもので、多様な表現が評価さ...,あなたと同じ69歳のとき、佐々木雅人は日本国内外での個展を開催し、多くの人々にその作品を披露することとなりました。彼の書は、伝統的な技法を用いながらも現代的な感覚を取り入れたもので、多様な表現が評価されました。特に、彼の作品は心の奥深くに響くような力強さを持っており、多くの鑑賞者から感動の声が寄せられました。これにより、彼は書道界において新たな地位を確立し、若い世代への影響を与える存在となりました。69歳という年齢にもかかわらず、創作意欲は衰えることなく、彼の挑戦は今後も続くこととなっています。
P2B05ADE,佐々木朗希,28.0,ビジネス,なし,0.0,あなたと同じ28歳のとき、佐々木朗希はプロ野球選手として大きな転機を迎えました。彼は若干20歳でプロ入りし、注目を集めていましたが、28歳で迎えたシーズンは特に重要なものでした。彼はこれまでのキャリア...,あなたと同じ28歳のとき、佐々木朗希はプロ野球選手として大きな転機を迎えました。彼は若干20歳でプロ入りし、注目を集めていましたが、28歳で迎えたシーズンは特に重要なものでした。彼はこれまでのキャリアの中で最大の成果を出すために、自己のトレーニング方法を見直し、メンタル面の強化にも力を入れました。その結果、彼の投球フォームはさらに進化し、圧倒的な速球を武器に、チームのエースとしての地位を確立することになりました。この変化は、彼自身の自信にもつながり、さらなる成長を促す分岐点となったのです。
P3697AB1,佐々木常夫,52.0,ビジネス,なし,0.0,あなたと同じ52歳のとき、佐々木常夫は人生の転機を迎えました。それまで築き上げてきた不動産事業で大きな損失を出し、会社は倒産の危機に瀕していました。しかし佐々木は諦めずに、新たなビジネスモデルを模索。...,あなたと同じ52歳のとき、佐々木常夫は人生の転機を迎えました。それまで築き上げてきた不動産事業で大きな損失を出し、会社は倒産の危機に瀕していました。しかし佐々木は諦めずに、新たなビジネスモデルを模索。ITの力を活用した革新的な不動産仲介サービスを立ち上げ、見事に事業を立て直すことに成功しました。危機を乗り越えた経験から、佐々木は「失敗を恐れずチャレンジし続けることが大切だ」と語っています。
P0203C89,佐々木宏,60.0,政治・社会,なし,0.0,あなたと同じ60歳のとき、佐々木宏さんは地域の高齢者支援活動に挑戦しました。彼は、自身が直面した孤独感を解消するために、高齢者向けのコミュニティサロンを設立することを決意しました。しかし、初めは参加者...,あなたと同じ60歳のとき、佐々木宏さんは地域の高齢者支援活動に挑戦しました。彼は、自身が直面した孤独感を解消するために、高齢者向けのコミュニティサロンを設立することを決意しました。しかし、初めは参加者が集まらず、運営資金も不足していました。そこで、佐々木さんは地域のボランティアを募り、無償での活動を呼びかけました。徐々に参加者が増え、地域の人々との絆が深まりました。この経験から、彼は困難を乗り越える力と、地域の大切さを学びました。今では多くの高齢者が集まり、心のつながりを育む場所となっています。
PE360274,佐々木則夫,44.0,ビジネス,なし,0.0,あなたと同じ44歳のとき、佐々木則夫は、日本初の民間ロケット開発に挑戦しました。宇宙開発ベンチャー「インターステラテクノロジズ」を創業し、日本の宇宙ビジネスの可能性を切り拓く先駆者となりました。資金調...,あなたと同じ44歳のとき、佐々木則夫は、日本初の民間ロケット開発に挑戦しました。宇宙開発ベンチャー「インターステラテクノロジズ」を創業し、日本の宇宙ビジネスの可能性を切り拓く先駆者となりました。資金調達や技術的困難に直面しながらも、チームを率いて小型ロケット開発を推進。民間企業による宇宙への挑戦は、多くの若者に夢と希望を与えるムーブメントとなりました。佐々木の情熱と行動力が、日本の宇宙産業の新時代を切り拓いたのです。
P182A656,佐々木則夫,67.0,スポーツ,ワールドカップ,0.0,あなたと同じ67歳のとき、佐々木則夫は日本女子サッカー代表チームの監督として大きな成果を上げました。彼の指導の下、チームは2011年のFIFA女子ワールドカップで優勝を果たし、歴史的な快挙となりました...,あなたと同じ67歳のとき、佐々木則夫は日本女子サッカー代表チームの監督として大きな成果を上げました。彼の指導の下、チームは2011年のFIFA女子ワールドカップで優勝を果たし、歴史的な快挙となりました。この勝利は、日本サッカー界にとっても特別な意味を持ち、多くの国民に希望と感動を与えました。佐々木監督は、選手たちに自信を持たせる指導法を実践し、チームワークの大切さを強調しました。彼の戦術は試合の流れを読み、選手たちのポテンシャルを引き出すもので、結果的に日本女子サッカーは世界の舞台でその存在感を示すことになりました。
PFAEFDCA,佐々木健介,60.0,スポーツ,なし,0.0,あなたと同じ60歳のとき、佐々木健介は新たな転機を迎えました。彼はプロレスラーとしてのキャリアを築き上げた後、リングを離れ、後進の育成に力を入れることになりました。これまでの経験をもとに、若手レスラー...,あなたと同じ60歳のとき、佐々木健介は新たな転機を迎えました。彼はプロレスラーとしてのキャリアを築き上げた後、リングを離れ、後進の育成に力を入れることになりました。これまでの経験をもとに、若手レスラーに技術や心構えを教える指導者としての道を選ぶこととなったのです。彼は自らのキャリアを振り返り、次世代の選手たちが夢を追いかける姿を見て、自分の存在意義を再確認することができました。今では、彼の指導を受けた選手たちがリングで活躍し、佐々木の教えが多くの人に影響を与えていると言われています。この新しい挑戦は、彼にとって新たな人生のスタートとなりました。
PD823BA2,北島康介,31.0,スポーツ,オリンピック,0.0,あなたと同じ31歳のとき、北島康介は2013年の世界水泳選手権バルセロナ大会で、平泳ぎ200メートルにおいて銅メダルを獲得。この大会は彼にとって7回目の世界選手権出場となり、2001年の福岡大会から1...,あなたと同じ31歳のとき、北島康介は2013年の世界水泳選手権バルセロナ大会で、平泳ぎ200メートルにおいて銅メダルを獲得。この大会は彼にとって7回目の世界選手権出場となり、2001年の福岡大会から12年間にわたって世界の舞台で活躍し続けていることを証明する結果となった。同年、彼は日本選手権の平泳ぎ100メートルと200メートルの2種目で優勝を果たし、国内での競技力維持を示しました。この時期の北島は、若手選手の台頭する中のベテランでの経験と技術を活かし、日本競泳界のリーダー的存在の後進の指導にも力を注いでいました。
P116B448,北島康介,25.0,ビジネス,なし,0.0,あなたと同じ25歳のとき、北島康介は元水泳選手としてキャリアの重要な転機を迎えました。この時期、独自の視点と情熱を持って新しい挑戦に取り組み、その後の成功の基盤となる貴重な経験を積みました。周囲からの...,あなたと同じ25歳のとき、北島康介は元水泳選手としてキャリアの重要な転機を迎えました。この時期、独自の視点と情熱を持って新しい挑戦に取り組み、その後の成功の基盤となる貴重な経験を積みました。周囲からの期待と自身の目標との間で葛藤しながらも、決断力と行動力で道を切り開いていきました。新たな道への第一歩を踏み出したのです。この決断が、その後の人生を大きく変える転機となりました。この経験が人生を一変させました。この転換が次のステージへの扉を開いた。
P8C2E929,北口榛花,20.0,スポーツ,なし,0.0,あなたと同じ20歳のとき、北口榛花は日本選手権で初優勝を果たし、やり投げ日本記録を更新しました。北海道大学の学生で競技と学業を両立させながら、62m87の記録でマークして日本陸上界に新たな歴史を刻みま...,あなたと同じ20歳のとき、北口榛花は日本選手権で初優勝を果たし、やり投げ日本記録を更新しました。北海道大学の学生で競技と学業を両立させながら、62m87の記録でマークして日本陸上界に新たな歴史を刻みました。この記録更新で、世界陸上選手権の参加標準記録も突破し、国際舞台への扉を開きました。大学生活を送りながらも、毎日の厳しいトレーニングを積み重ね、技術向上に取り組んだ結果が実を結んだ瞬間でしました。北口選手のこの快挙は、同世代のアスリートたちにも大きな刺激を与え、日本の陸上競技界全体のレベル向上にも貢献しました。
P789B60A,北川正恭,56.0,学術・研究,なし,0.0,あなたと同じ56歳のとき、北川正恭は地方分権改革に大きな影響を与えました。彼は三重県知事時代の経験を活かし、地方自治体の権限強化と住民参加の重要性を訴えました。その功績が認められ、日本政治学会から学会...,あなたと同じ56歳のとき、北川正恭は地方分権改革に大きな影響を与えました。彼は三重県知事時代の経験を活かし、地方自治体の権限強化と住民参加の重要性を訴えました。その功績が認められ、日本政治学会から学会賞を受賞。北川氏の提言は、その後の地方分権一括法の成立に繋がる重要な礎となりました。現在も日本各地で、住民主体の地方自治の実現に向けた取り組みが進められています。
PC7E378A,坂本龍一,36.0,政治・社会,なし,0.0,あなたと同じ36歳のとき、坂本龍一は大きな転機を迎えました。YMOを脱退し、ソロ活動に専念することを決意したのです。当時、環境問題に強い関心を持っていた坂本は、自然環境を守るための音楽プロジェクト「L...,あなたと同じ36歳のとき、坂本龍一は大きな転機を迎えました。YMOを脱退し、ソロ活動に専念することを決意したのです。当時、環境問題に強い関心を持っていた坂本は、自然環境を守るための音楽プロジェクト「LIFE」を立ち上げました。世界各地を訪れ、自然の美しさと脆さを音で表現する画期的な試みとなりました。以降、社会的メッセージ性の強い作品を次々と発表し、音楽家としての新境地を切り拓いていきました。
P67155D9,坂本龍一,31.0,学術・研究,なし,0.0,あなたと同じ31歳のとき、坂本龍一は、イギリスのロックバンド「イエロー・マジック・オーケストラ」のメンバーとして、世界的なヒット曲「Behind the Mask」を発表しました。この曲は、のちにエリ...,あなたと同じ31歳のとき、坂本龍一は、イギリスのロックバンド「イエロー・マジック・オーケストラ」のメンバーとして、世界的なヒット曲「Behind the Mask」を発表しました。この曲は、のちにエリック・クラプトンやマイケル・ジャクソンなど、多くのアーティストにカバーされる名曲となりました。坂本は、日本人アーティストとして初めて、欧米の音楽シーンで大きな成功を収めた人物の一人となりました。
P374F578,坂本九,24.0,音楽,なし,0.0,あなたと同じ24歳のとき、坂本九は『上を向いて歩こう』が全米ビルボード1位を獲得しました。3週連続1位という記録を達成し、100万枚セールスという記録を達成しました。これをきっかけに、日本人初の全米制...,あなたと同じ24歳のとき、坂本九は『上を向いて歩こう』が全米ビルボード1位を獲得しました。3週連続1位という記録を達成し、100万枚セールスという記録を達成しました。これをきっかけに、日本人初の全米制覇という快挙という大きな影響を与えました。若くして示したこの行動は、後のキャリアの基盤となる重要な経験でした。その実績は広く認められました。この決断が、その後の人生を大きく変える転機となりました。これが運命を変える岐路となりました。この経験が視野を大きく広げた。
P25EC33C,坂口志文,30.0,科学・技術,ノーベル賞,0.0,あなたと同じ30歳のとき、坂口志文は大阪大学医学部の免疫学の研究に取り組んでいました。この時期、彼は免疫系の制御メカニズムに関する基礎研究を進め、後でノーベル賞候補とも言われる制御性T細胞の発見につな...,あなたと同じ30歳のとき、坂口志文は大阪大学医学部の免疫学の研究に取り組んでいました。この時期、彼は免疫系の制御メカニズムに関する基礎研究を進め、後でノーベル賞候補とも言われる制御性T細胞の発見につながる重要な実験データを蓄積していました。1982年当時、免疫学の分野はまだ多くの謎に包まれており、坂口は地道な実験を重ねながら、免疫反応で抑制する特別な細胞の存在に示唆する現象を観察していました。この研究は後に自己免疫疾患やアレルギー、がん治療の新たな可能性を切り開く画期的な発見となりました。
P0E7610D,坂口博信,25.0,アニメ・漫画・ゲーム,なし,0.0,あなたと同じ25歳のとき、坂口博信は『ファイナルファンタジー』を発売した。1987年、スクウェアの起死回生作として企画。シリーズ累計1億7000万本以上を売り上げ、世界的RPGフランチャイズを創造した...,あなたと同じ25歳のとき、坂口博信は『ファイナルファンタジー』を発売した。1987年、スクウェアの起死回生作として企画。シリーズ累計1億7000万本以上を売り上げ、世界的RPGフランチャイズを創造した。
P70EA33F,土屋太鳳,25.0,ビジネス,なし,0.0,あなたと同じ25歳のとき、土屋太鳳は女優としてキャリアの重要な転機を迎えました。この時期、独自の視点と情熱を持って新しい挑戦に取り組み、その後の成功の基盤となる貴重な経験を積みました。周囲からの期待と...,あなたと同じ25歳のとき、土屋太鳳は女優としてキャリアの重要な転機を迎えました。この時期、独自の視点と情熱を持って新しい挑戦に取り組み、その後の成功の基盤となる貴重な経験を積みました。周囲からの期待と自身の目標との間で葛藤しながらも、決断力と行動力で道を切り開いていきました。若くして示したこの行動は、後のキャリアの基盤となる重要な経験でした。その実績は広く認められました。これが運命を変える岐路となりました。この選択が新たな道を切り開いた。
P55733F6,国分太一,25.0,エンターテイメント,なし,0.0,あなたと同じ25歳のとき、国分太一はタレントとしてキャリアの重要な転機を迎えました。この時期、独自の視点と情熱を持って新しい挑戦に取り組み、その後の成功の基盤となる貴重な経験を積みました。周囲からの期...,あなたと同じ25歳のとき、国分太一はタレントとしてキャリアの重要な転機を迎えました。この時期、独自の視点と情熱を持って新しい挑戦に取り組み、その後の成功の基盤となる貴重な経験を積みました。周囲からの期待と自身の目標との間で葛藤しながらも、決断力と行動力で道を切り開いていきました。新たな道への第一歩を踏み出したのです。環境の変化に適応しながら、新しい挑戦を始めました。運命が動き始めた瞬間でした。この転機が運命を大きく変えることになった。この変化が大きな飛躍のきっかけとなった。
P02095D8,和田アキ子,35.0,音楽,なし,0.0,あなたと同じ35歳のとき、和田アキ子は紅白歌合戦で選曲ミスにより批判殺到しました。視聴率史上最低という記録を達成し、批判電話1000件という記録を達成しました。これという挫折を経験し、姐さんキャラを確...,あなたと同じ35歳のとき、和田アキ子は紅白歌合戦で選曲ミスにより批判殺到しました。視聴率史上最低という記録を達成し、批判電話1000件という記録を達成しました。これという挫折を経験し、姐さんキャラを確立し復活という大きな影響を与えました。卓越した能力と不断の努力により、分野に大きな貢献をしました。その功績は今日まで高く評価されています。困難な状況を乗り越え、貴重な教訓を得ることができました。貴重な教訓を得ることができました。この試練が後の飛躍の原動力となった。
P1B83B2F,向井千秋,70.0,科学・技術,なし,0.0,あなたと同じ70歳のとき、向井千秋は、日本人女性初の宇宙飛行士として、宇宙教育や科学技術分野での女性の活躍推進に尽力しました。国際宇宙ステーションでの活動経験を活かし、子供たちに宇宙や科学への興味を持...,あなたと同じ70歳のとき、向井千秋は、日本人女性初の宇宙飛行士として、宇宙教育や科学技術分野での女性の活躍推進に尽力しました。国際宇宙ステーションでの活動経験を活かし、子供たちに宇宙や科学への興味を持ってもらうための教育活動に精力的に取り組みました。また、女性が理系分野で活躍することの重要性を訴え、ロールモデルとしての役割を果たしました。向井さんの活動は、次世代を担う子供たちや女性たちに大きな影響を与えることとなりました。
P8B859BC,吉高由里子,25.0,ビジネス,なし,0.0,あなたと同じ25歳のとき、吉高由里子は女優としてキャリアの重要な転機を迎えました。この時期、独自の視点と情熱を持って新しい挑戦に取り組み、その後の成功の基盤となる貴重な経験を積みました。周囲からの期待...,あなたと同じ25歳のとき、吉高由里子は女優としてキャリアの重要な転機を迎えました。この時期、独自の視点と情熱を持って新しい挑戦に取り組み、その後の成功の基盤となる貴重な経験を積みました。周囲からの期待と自身の目標との間で葛藤しながらも、決断力と行動力で道を切り開いていきました。若くして示したこの行動は、後のキャリアの基盤となる重要な経験でした。その実績は広く認められました。大きな変革をもたらす転機でした。この決断が人生の分岐点となった。
P7823823,吉野彰,71.0,科学・技術,ノーベル賞,0.0,あなたと同じ71歳のとき、吉野彰（71歳）は2019年、リチウムイオン電池開発でノーベル化学賞を受賞。研究開始から35年間、500回以上の実験失敗を重ね、特に1985年の実用化初期は企業から「商業価値...,あなたと同じ71歳のとき、吉野彰（71歳）は2019年、リチウムイオン電池開発でノーベル化学賞を受賞。研究開始から35年間、500回以上の実験失敗を重ね、特に1985年の実用化初期は企業から「商業価値がない」と80回以上断られ続けました。しかし学生時代の読んだファラデーの「ろうそくの科学」の抱いた「化学で人類の未来に変える」夢を諦めず、1991年で世界初の実用化に成功。現在、年間100億個以上が生産され、スマートフォンや電気自動車の普及を支え、40兆円市場を創出しました。「持続可能な社会実現」信念で進み続けました。
P119B8BE,吉野彰,21.0,政治・社会,なし,0.0,あなたと同じ21歳のとき、吉野彰は京都大学工学部で化学を学んでいました。当時、彼は新しい電池材料の研究に没頭し、独自の視点で実験に取り組んでいました。ある日、吉野さんは実験中に偶然リチウムイオン電池の...,あなたと同じ21歳のとき、吉野彰は京都大学工学部で化学を学んでいました。当時、彼は新しい電池材料の研究に没頭し、独自の視点で実験に取り組んでいました。ある日、吉野さんは実験中に偶然リチウムイオン電池の基礎となる材料を発見しました。この発見が、将来の革新的なバッテリー技術につながる重要な一歩となりました。若き日の吉野さんの探究心と創造力が、現代社会に欠かせないリチウムイオン電池の誕生に大きく貢献したのです。
P3F5F9A6,吉田麻也,25.0,ビジネス,なし,0.0,あなたと同じ25歳のとき、吉田麻也はサッカー選手としてキャリアの重要な転機を迎えました。この時期、独自の視点と情熱を持って新しい挑戦に取り組み、その後の成功の基盤となる貴重な経験を積みました。周囲から...,あなたと同じ25歳のとき、吉田麻也はサッカー選手としてキャリアの重要な転機を迎えました。この時期、独自の視点と情熱を持って新しい挑戦に取り組み、その後の成功の基盤となる貴重な経験を積みました。周囲からの期待と自身の目標との間で葛藤しながらも、決断力と行動力で道を切り開いていきました。新たな道への第一歩を踏み出したのです。状況の変化を好機と捉え、積極的に行動しました。重要な分岐点となった出来事でした。この挑戦が新しい可能性を示した。
PED05B4D,吉田茂,67.0,政治・社会,なし,0.0,あなたと同じ67歳のとき、吉田茂はサンフランシスコ講和条約に調印した。1951年、戦後日本の独立を回復させ、日米安保条約も締結。「ワンマン宰相」として5度首相を務め、戦後日本の基盤を築いた。,あなたと同じ67歳のとき、吉田茂はサンフランシスコ講和条約に調印した。1951年、戦後日本の独立を回復させ、日米安保条約も締結。「ワンマン宰相」として5度首相を務め、戦後日本の基盤を築いた。
PC502D2C,吉田美和,30.0,音楽,なし,0.0,あなたと同じ30歳のとき、吉田美和はDREAMS COME TRUEのボーカルとして、『LOVE LOVE LOVE』が200万枚突破しました。オリコン2週連続1位という記録を達成し、累計240万枚と...,あなたと同じ30歳のとき、吉田美和はDREAMS COME TRUEのボーカルとして、『LOVE LOVE LOVE』が200万枚突破しました。オリコン2週連続1位という記録を達成し、累計240万枚という記録を達成しました。平成を代表するラブソングの金字塔という大きな影響を与えました。周囲からの信頼も厚くなりました。この功績により、業界全体に新たな基準が確立されました。この成功により新たな道が開けました。
PCD68E1F,吉田秀彦,23.0,スポーツ,オリンピック,0.0,あなたと同じ23歳のとき、吉田秀彦はバルセロナ五輪で柔道78kg級金メダルを獲得しました。決勝のハンガリーのコバーチ・ヨジェフを背負投で破り、全5試合を一本勝ちで制覇。試合時間の合計はわずか11分38...,あなたと同じ23歳のとき、吉田秀彦はバルセロナ五輪で柔道78kg級金メダルを獲得しました。決勝のハンガリーのコバーチ・ヨジェフを背負投で破り、全5試合を一本勝ちで制覇。試合時間の合計はわずか11分38秒という記録を達成し、この記録は日本国内外で大きな注目を集めました。彼の成功は、柔道の人気を高め、は世界選手権での3連覇を達成するなど、国際的な舞台での日本の柔道の地位を築いました。業界全体に大きな影響を与えました。
P3C0F970,吉田沙保里,19.0,政治・社会,オリンピック,0.0,あなたと同じ19歳のとき、吉田沙保里は人生の転機を迎えました。彼女は2004年のアテネオリンピックに向けての選考試合に挑戦することになりました。この試合は、彼女にとって初めてのオリンピック出場がかかっ...,あなたと同じ19歳のとき、吉田沙保里は人生の転機を迎えました。彼女は2004年のアテネオリンピックに向けての選考試合に挑戦することになりました。この試合は、彼女にとって初めてのオリンピック出場がかかっている大きな試練でした。吉田はそのプレッシャーを乗り越え、自らの力を信じて戦いました。結果として、見事に勝利を収め、オリンピック代表選手となりました。この経験が彼女をさらなる高みへと導くきっかけとなり、その後のキャリアにおいて数々のタイトルを獲得することになります。彼女の19歳の時の挑戦は、今でも多くの人々に勇気を与えています。
P4712D4C,吉田沙保里,25.0,ビジネス,なし,0.0,あなたと同じ25歳のとき、吉田沙保里は元レスリング選手としてキャリアの重要な転機を迎えました。この時期、独自の視点と情熱を持って新しい挑戦に取り組み、その後の成功の基盤となる貴重な経験を積みました。周...,あなたと同じ25歳のとき、吉田沙保里は元レスリング選手としてキャリアの重要な転機を迎えました。この時期、独自の視点と情熱を持って新しい挑戦に取り組み、その後の成功の基盤となる貴重な経験を積みました。周囲からの期待と自身の目標との間で葛藤しながらも、決断力と行動力で道を切り開いていきました。人生の転機となる重要な選択でした。重要な選択を迫られた時、将来を見据えた判断を下しました。運命が動き始めた瞬間でした。この挑戦が新しい可能性を示した。
PABF4A05,北川景子,24.0,エンターテイメント,なし,0.0,あなたと同じ24歳のとき、北川景子は『謎解きはディナーのあとで』で主演を務めた。2011年、モデル出身の美貌と演技力で人気を確立。DAIGOとの結婚も話題となった。,あなたと同じ24歳のとき、北川景子は『謎解きはディナーのあとで』で主演を務めた。2011年、モデル出身の美貌と演技力で人気を確立。DAIGOとの結婚も話題となった。
PC7E378A,坂本龍一,72.0,芸術・文化,なし,0.0,あなたと同じ72歳のとき、坂本龍一は芸術・文化の分野で重要な成果を達成しました。この年齢で既に専門性を深め、後の活躍につながる基礎を築いていました。当時の経験が、その後の輝かしいキャリアの礎となったの...,あなたと同じ72歳のとき、坂本龍一は芸術・文化の分野で重要な成果を達成しました。この年齢で既に専門性を深め、後の活躍につながる基礎を築いていました。当時の経験が、その後の輝かしいキャリアの礎となったのです。
P750C493,坂本龍一,35.0,音楽,なし,0.0,あなたと同じ35歳のとき、坂本龍一は映画「ラストエンペラー」の音楽でアカデミー作曲賞を受賞しました。日本人としては初の受賞であっました。Yellow Magic Orchestra（YMO）を結成し、...,あなたと同じ35歳のとき、坂本龍一は映画「ラストエンペラー」の音楽でアカデミー作曲賞を受賞しました。日本人としては初の受賞であっました。Yellow Magic Orchestra（YMO）を結成し、テクノポップ音楽で活動しました。映画音楽を20作品以上手がけ、海外の映画祭で複数の音楽賞を受賞しました。YMO解散後もsolo活動を継続し、国内外でコンサートを開催しました。多くの人々に勇気を与える結果となりました。
P34039D8,坂本龍馬,31.0,政治・社会,なし,0.0,あなたと同じ31歳のとき、坂本龍馬は薩長同盟の仲介という偉業を成し遂げました。長州藩と薩摩藩は7年間も対立していましたが、龍馬は両藩の間を40回以上往復し、ついに慶応2年1月21日、京都の薩摩藩邸で歴...,あなたと同じ31歳のとき、坂本龍馬は薩長同盟の仲介という偉業を成し遂げました。長州藩と薩摩藩は7年間も対立していましたが、龍馬は両藩の間を40回以上往復し、ついに慶応2年1月21日、京都の薩摩藩邸で歴史的な同盟締結を実現させました。実は龍馬自身は同盟書に署名せず、立会人とし、桂小五郎と西郷隆盛の握手を見守っただけでしました。この同盟により15万石の長州藩と77万石の薩摩藩が手を結び、倒幕への道筋が開かれました。身分の低い土佐の脱藩浪士が、日本最大級の2つの藩を結びつけたのです。
P7FB79E8,坂本龍馬,67.0,芸術・文化,なし,0.0,あなたと同じ67歳のとき、坂本龍馬は、もし生きていたら明治維新後の日本の発展に大きく貢献していたことでしょう。しかし、彼は33歳の若さで暗殺されてしまいました。それでも、彼の情熱と先見の明は、後世の日...,あなたと同じ67歳のとき、坂本龍馬は、もし生きていたら明治維新後の日本の発展に大きく貢献していたことでしょう。しかし、彼は33歳の若さで暗殺されてしまいました。それでも、彼の情熱と先見の明は、後世の日本人に大きな影響を与え続けています。幕末の混乱期に、身分制度の撤廃や日本の近代化を訴え、実現に向けて尽力した龍馬の姿勢は、今なお多くの人々の心を動かしています。もし彼が67歳まで生きていたら、明治時代の日本をどのようにリードしていたのか、想像するだけでもわくわくします。
PEAA3062,大久保利通,38.0,政治・社会,なし,0.0,あなたと同じ38歳のとき、大久保利通は明治新政府の内政の要で、廃藩置県歴史的大改革を断行しました。全国261の藩を3府72県に統合する際、彼は薩摩藩出身のありながら自らの故郷である薩摩藩の廃止を率先し...,あなたと同じ38歳のとき、大久保利通は明治新政府の内政の要で、廃藩置県歴史的大改革を断行しました。全国261の藩を3府72県に統合する際、彼は薩摩藩出身のありながら自らの故郷である薩摩藩の廃止を率先して進めました。この決断で、年間約800万石の藩収入が国庫に統一され、中央集権体制が確立された。反対する藩主や家臣からの激しい抵抗に遭いながらも、彼は「私情で捨てて国家のために尽くす」信念を貫き通しました。実は夜中まの一人で書類と向き合い、涙を流しなはら故郷への想いと国家への責任の間で苦悩していた記録が残されています。
P7563A08,多田修平,40.0,ビジネス,なし,0.0,あなたと同じ40歳のとき、多田修平は陸上選手として大きなブレークスルーを達成しました。それまでの努力と経験が実を結び、ビジネス分野で画期的な成果を上げました。この成功は単なる幸運ではなく、長年の準備と...,あなたと同じ40歳のとき、多田修平は陸上選手として大きなブレークスルーを達成しました。それまでの努力と経験が実を結び、ビジネス分野で画期的な成果を上げました。この成功は単なる幸運ではなく、長年の準備と周到な戦略、そして諦めない姿勢の結果でした。業界での地位を確立し、次のステージへと駒を進めました。周囲からの信頼も厚くなりました。多くの人々がその成果に注目し、高い評価を受けました。周囲からの評価が一層高まりました。
PE672E65,夏野剛,23.0,科学・技術,なし,0.0,あなたと同じ23歳のとき、夏野剛は大学在学中に起業に挑戦しました。しかし、資金不足や経験不足から事業は失敗に終わります。この挫折を糧に、夏野さんはビジネスの知識を深め、人脈を広げていきました。その後、...,あなたと同じ23歳のとき、夏野剛は大学在学中に起業に挑戦しました。しかし、資金不足や経験不足から事業は失敗に終わります。この挫折を糧に、夏野さんはビジネスの知識を深め、人脈を広げていきました。その後、携帯電話会社の役員に抜擢され、第三世代携帯電話（3G）の導入を主導。日本の携帯電話業界に革新をもたらす立役者となりました。若い頃の苦難を乗り越えた経験が、夏野さんを一流の実業家へと成長させる原動力になりました。
P37DEFD3,夏目漱石,38.0,芸術・文化,なし,2.0,あなたと同じ38歳のとき、夏目漱石は『吾輩は猫である』を雑誌「ホトトギス」に発表し、一躍文壇の注目を集めました。作品は当初短編で書かれましたが、読者からの反響が予想以上に大きく、11回でわたって連載さ...,あなたと同じ38歳のとき、夏目漱石は『吾輩は猫である』を雑誌「ホトトギス」に発表し、一躍文壇の注目を集めました。作品は当初短編で書かれましたが、読者からの反響が予想以上に大きく、11回でわたって連載されることになりました。実は漱石は英語教師で年収800円を得ていましたが、作家のの収入はわずか50円程度でしました。イギリス留学から帰国したばかりの彼は、神経衰弱に悩まされながらも、猫の視点から人間社会の風刺する斬新な手法で文学界に新風を吹き込みました。この成功が後の職業作家への転身の礎となった。
P9EAE2FA,堤義明,45.0,ビジネス,なし,0.0,あなたと同じ45歳のとき、堤義明は西武グループの総帥として、西武鉄道・プリンスホテルチェーン拡大しました。ホテル50軒という記録を達成し、従業員2万人という記録を達成しました。日本のリゾート産業を牽引...,あなたと同じ45歳のとき、堤義明は西武グループの総帥として、西武鉄道・プリンスホテルチェーン拡大しました。ホテル50軒という記録を達成し、従業員2万人という記録を達成しました。日本のリゾート産業を牽引という大きな影響を与えました。経営的視点と戦略的思考を駆使し、業界に新たな価値基準を打ち立てました。その手法は後の経営者たちにも大きな影響を与えています。その後の活動における重要な基盤となりました。この達成により、新たな可能性が開かれた。
P33C617E,堤清二,39.0,ビジネス,なし,0.0,あなたと同じ39歳のとき、堤清二（39歳）は1963年、父・康次郎への反発から独自の店舗展開を決意しました。西武百貨店の既存路線に対し、若者向けの斬新な店づくりを提案するも、社内の80％以上の幹部から...,あなたと同じ39歳のとき、堤清二（39歳）は1963年、父・康次郎への反発から独自の店舗展開を決意しました。西武百貨店の既存路線に対し、若者向けの斬新な店づくりを提案するも、社内の80％以上の幹部から猛反対され、6ヶ月間孤立状態が続いました。しかし池袋店改装で文化と商業に融合させた革新的コンセプトを実現。結果、来店客数が前年比300％増、売上高200億円を突破し、百貨店業界に新たな潮流を生んでした。セゾングループ全体で年商1兆円企業へ成長させ、日本の消費文化を変革しました。
P79B6E69,堂安律,25.0,ビジネス,なし,0.0,あなたと同じ25歳のとき、堂安律はサッカー選手としてキャリアの重要な転機を迎えました。この時期、独自の視点と情熱を持って新しい挑戦に取り組み、その後の成功の基盤となる貴重な経験を積みました。周囲からの...,あなたと同じ25歳のとき、堂安律はサッカー選手としてキャリアの重要な転機を迎えました。この時期、独自の視点と情熱を持って新しい挑戦に取り組み、その後の成功の基盤となる貴重な経験を積みました。周囲からの期待と自身の目標との間で葛藤しながらも、決断力と行動力で道を切り開いていきました。新たな道への第一歩を踏み出したのです。困難な選択でしたが、後に大きな成果をもたらしました。大きな変革をもたらす転機でした。この変化が大きな飛躍のきっかけとなった。
PEB36C31,堀米雄斗,19.0,スポーツ,オリンピック,0.0,あなたと同じ19歳のとき、堀米雄斗は世界選手権の66kg級で金メダルを獲得しました。若くして世界の頂点に立った堀米選手は、その後も世界選手権で3連覇を達成するなど、日本柔道界を牽引する存在となりました...,あなたと同じ19歳のとき、堀米雄斗は世界選手権の66kg級で金メダルを獲得しました。若くして世界の頂点に立った堀米選手は、その後も世界選手権で3連覇を達成するなど、日本柔道界を牽引する存在となりました。19歳という若さで世界一になった堀米選手の活躍は、多くの若者に夢と希望を与えています。
P02B77F9,堀江貴文,69.0,科学・技術,なし,0.0,あなたと同じ69歳のとき、堀江貴文は新たな挑戦に踏み出しました。それは、宇宙ビジネスへの参入です。かねてから宇宙開発に強い関心を持っていた堀江は、民間企業による宇宙ビジネスの可能性を確信し、自ら事業を...,あなたと同じ69歳のとき、堀江貴文は新たな挑戦に踏み出しました。それは、宇宙ビジネスへの参入です。かねてから宇宙開発に強い関心を持っていた堀江は、民間企業による宇宙ビジネスの可能性を確信し、自ら事業を立ち上げることを決意しました。豊富な起業経験と幅広い人脈を活かし、世界的な宇宙関連企業とのパートナーシップを次々と締結。宇宙旅行や衛星打ち上げなど、革新的なサービスを次々と展開していきました。「宇宙は、人類の可能性を無限に広げてくれる。その扉を開くのは、我々起業家の使命だ」と語る堀江の姿は、多くの若者に夢と希望を与えています。
PBD70A01,吉田正尚,16.0,スポーツ,なし,0.0,あなたと同じ16歳のとき、吉田正尚は高校野球の全国大会に出場しました。チームの4番打者として大会を牽引し、準優勝という成績を収めました。吉田選手の活躍は多くの野球ファンに感動を与え、将来のプロ野球界を...,あなたと同じ16歳のとき、吉田正尚は高校野球の全国大会に出場しました。チームの4番打者として大会を牽引し、準優勝という成績を収めました。吉田選手の活躍は多くの野球ファンに感動を与え、将来のプロ野球界を担う有望な選手として注目を集めました。この経験が、その後のプロ入りと活躍への道を切り開く出発点となりました。
P02B77F9,堀江貴文,58.0,政治・社会,なし,0.0,あなたと同じ58歳のとき、堀江貴文は新たな挑戦に踏み出しました。それは、教育分野への参入です。これまでも様々な事業に取り組んできた堀江さんですが、日本の教育システムに疑問を感じ、自ら学校を設立すること...,あなたと同じ58歳のとき、堀江貴文は新たな挑戦に踏み出しました。それは、教育分野への参入です。これまでも様々な事業に取り組んできた堀江さんですが、日本の教育システムに疑問を感じ、自ら学校を設立することを決意しました。2022年、「ホリエモンスクール」を開校し、従来の教育とは一線を画す独自のカリキュラムを導入しました。生徒の個性を尊重し、自由な発想力を育むことを重視する堀江さんの教育理念は、多くの共感を呼び、注目を集めています。教育界の常識に捉われない堀江さんの挑戦は、日本の教育の在り方に一石を投じる転機となりました。
P8EBADCE,堀江謙一,23.0,探検・冒険,なし,0.0,あなたと同じ23歳のとき、堀江謙一は小型ヨットで太平洋単独横断に成功した。1962年、マーメイド号で94日間の航海。無届け出国は話題を呼び、サンフランシスコ市長から名誉市民の称号を受けた。,あなたと同じ23歳のとき、堀江謙一は小型ヨットで太平洋単独横断に成功した。1962年、マーメイド号で94日間の航海。無届け出国は話題を呼び、サンフランシスコ市長から名誉市民の称号を受けた。
P1AFDDF3,堀江由衣,38.0,芸術・文化,なし,0.0,あなたと同じ38歳のとき、堀江由衣は新しい挑戦に踏み出しました。それは、声優としてのキャリアを活かしつつ、自身の歌手活動をさらに本格化させることでした。アニメ作品の主題歌を歌うだけでなく、オリジナル曲...,あなたと同じ38歳のとき、堀江由衣は新しい挑戦に踏み出しました。それは、声優としてのキャリアを活かしつつ、自身の歌手活動をさらに本格化させることでした。アニメ作品の主題歌を歌うだけでなく、オリジナル曲の制作にも積極的に取り組み始めました。作詞作曲の才能を開花させ、自身の想いを込めた楽曲を生み出していきました。レコーディングや作詞作曲に悪戦苦闘する日々もありましたが、新たな表現の可能性を切り拓くやりがいを感じていました。声優と歌手の二足のわらじを履きながら、自身の音楽性を追求し続ける堀江さんの姿は、多くのファンに勇気と感動を与えることとなりました。
PB8E6166,堀江信宏,15.0,ビジネス,なし,0.0,あなたと同じ15歳のとき、堀江信宏は格闘ゲームの大会で優勝し、プロゲーマーとしての才能が開花しました。その後、数々の国内外の大会で活躍し、日本のeスポーツ界をリードする存在となりました。ゲームへの情熱...,あなたと同じ15歳のとき、堀江信宏は格闘ゲームの大会で優勝し、プロゲーマーとしての才能が開花しました。その後、数々の国内外の大会で活躍し、日本のeスポーツ界をリードする存在となりました。ゲームへの情熱と努力を続け、プロゲーマーという新しい職業の可能性を切り開いていきます。
P841B3E0,堀口恭司,28.0,スポーツ,なし,0.0,あなたと同じ28歳のとき、堀口恭司はBellator世界バンタム級王座を獲得した。2019年、RIZIN王座との二冠達成。UFCでも活躍した日本人MMAファイターの最高峰。,あなたと同じ28歳のとき、堀口恭司はBellator世界バンタム級王座を獲得した。2019年、RIZIN王座との二冠達成。UFCでも活躍した日本人MMAファイターの最高峰。
P0981E0B,堀北真希,25.0,ビジネス,なし,0.0,あなたと同じ25歳のとき、堀北真希は元女優としてキャリアの重要な転機を迎えました。この時期、独自の視点と情熱を持って新しい挑戦に取り組み、その後の成功の基盤となる貴重な経験を積みました。周囲からの期待...,あなたと同じ25歳のとき、堀北真希は元女優としてキャリアの重要な転機を迎えました。この時期、独自の視点と情熱を持って新しい挑戦に取り組み、その後の成功の基盤となる貴重な経験を積みました。周囲からの期待と自身の目標との間で葛藤しながらも、決断力と行動力で道を切り開いていきました。若くして示したこの行動は、後のキャリアの基盤となる重要な経験でした。その実績は広く認められました。運命が動き始めた瞬間でした。この変化が大きな飛躍のきっかけとなった。
P47A7868,堀井雄二,32.0,アニメ・漫画・ゲーム,なし,0.0,あなたと同じ32歳のとき、堀井雄二は『ドラゴンクエスト』を発売した。1986年、日本にRPGブームを巻き起こし、発売日に行列ができる社会現象に。シリーズ累計8500万本以上を売り上げる国民的ゲームの生...,あなたと同じ32歳のとき、堀井雄二は『ドラゴンクエスト』を発売した。1986年、日本にRPGブームを巻き起こし、発売日に行列ができる社会現象に。シリーズ累計8500万本以上を売り上げる国民的ゲームの生みの親。
P67A43A8,坂茂,57.0,建築・デザイン,プリツカー賞,0.0,あなたと同じ57歳のとき、坂茂はプリツカー賞を受賞した。2014年、日本人7人目。紙管を使った災害支援建築で知られ、阪神大震災、東日本大震災、熊本地震などで被災者のための仮設住宅を設計。「建築家は特権...,あなたと同じ57歳のとき、坂茂はプリツカー賞を受賞した。2014年、日本人7人目。紙管を使った災害支援建築で知られ、阪神大震災、東日本大震災、熊本地震などで被災者のための仮設住宅を設計。「建築家は特権階級のためだけに働くべきではない」という信念を貫いている。
P74BF656,坂東玉三郎,62.0,芸術・文化,なし,0.0,あなたと同じ62歳のとき、坂東玉三郎は人間国宝に認定された。2012年、歌舞伎の女形として最高峰の評価を受ける。映画監督としても活躍し、伝統と革新を融合させた舞台芸術で世界から称賛されている。,あなたと同じ62歳のとき、坂東玉三郎は人間国宝に認定された。2012年、歌舞伎の女形として最高峰の評価を受ける。映画監督としても活躍し、伝統と革新を融合させた舞台芸術で世界から称賛されている。
P1577287,坂村健,31.0,科学・技術,なし,0.0,あなたと同じ31歳のとき、坂村健はTRONプロジェクトを開始し、組み込みOSを開発しました。現在世界の組み込み機器の60%以上がTRON採用を記録し、年間30億個以上のデバイスに搭載を記録し、この発明...,あなたと同じ31歳のとき、坂村健はTRONプロジェクトを開始し、組み込みOSを開発しました。現在世界の組み込み機器の60%以上がTRON採用を記録し、年間30億個以上のデバイスに搭載を記録し、この発明により、日本発のOSとして世界標準となり、IoT時代の基盤技術を確立したという大きな影響を与えました。独創的なアイデアを実現し、分野に革命をもたらしました。革新的な成果を生み出すことに成功しました。この挑戦が常識を覆すこととなった。
P251F045,堀江貴文,22.0,ビジネス,なし,0.0,あなたと同じ22歳のとき、堀江貴文は東京大学在学中にオン・ザ・エッヂを設立し、資本金100万円で起業しました。当時はインターネット黎明期で、ホームページ制作事業から始めた彼は、月収3万円のアルバイト生...,あなたと同じ22歳のとき、堀江貴文は東京大学在学中にオン・ザ・エッヂを設立し、資本金100万円で起業しました。当時はインターネット黎明期で、ホームページ制作事業から始めた彼は、月収3万円のアルバイト生活を送りながら会社経営に挑戦していました。最初の顧客獲得に苦労し、50社以上に営業をかけても断られ続けましたが、ついの1件目の制作案件を30万円で受注することに成功しました。大学の授業にサボって営業回りをしていた彼は、将来のIT革命を確信し、学業よりもビジネスに情熱を注いでいました。
PE5F69C4,吉田正,75.0,スポーツ,なし,0.0,あなたと同じ75歳のとき、吉田正は自身の名を冠した「吉田メソッド」を完成させました。それは、プロ野球選手を目指す若者たちに、吉田自身の経験から得た知識や技術を伝授する画期的な指導法です。吉田は現役時代...,あなたと同じ75歳のとき、吉田正は自身の名を冠した「吉田メソッド」を完成させました。それは、プロ野球選手を目指す若者たちに、吉田自身の経験から得た知識や技術を伝授する画期的な指導法です。吉田は現役時代、数々の記録を打ち立てましたが、引退後は後進の指導に情熱を注ぎました。吉田メソッドは、野球界に大きな影響を与え、多くの優秀な選手を輩出することとなりました。吉田の野球人生は、プレーヤーとしてだけでなく、指導者としても大きな足跡を残したのです。
P8FA93BC,吉田沙保里,31.0,スポーツ,なし,0.0,あなたと同じ31歳のとき、吉田沙保里（31歳）は2013年、世界選手権13連覇前人未到の記録に挑戦していました。しかし、この年の国内選考会のは5年間で初めて一度敗北を喫し、絶対王者への不安は広がっまし...,あなたと同じ31歳のとき、吉田沙保里（31歳）は2013年、世界選手権13連覇前人未到の記録に挑戦していました。しかし、この年の国内選考会のは5年間で初めて一度敗北を喫し、絶対王者への不安は広がっました。世界選手権直前の合宿で右膝を痛め、練習量が通常の30%まで激減しました。それのも父からの「勝負は最後まで分からない」教えを胸に、限られた練習時間の技の精度を極限まで高めました。結果、13連覇を達成し、その後のキャリア通算成績は世界大会16回優勝、全日本選手権13連覇を記録し、日本女子レスリング界の地位を世界的...
P0C4322B,吉田松陰,25.0,教育,なし,0.0,あなたと同じ25歳のとき、吉田松陰は松下村塾を開き、明治維新の志士たちを育成しました。門下生90名以上を記録し、高杉晋作、伊藤博文など輩出を記録し、これにより、わずか2年半の教育で明治維新を担う多くの...,あなたと同じ25歳のとき、吉田松陰は松下村塾を開き、明治維新の志士たちを育成しました。門下生90名以上を記録し、高杉晋作、伊藤博文など輩出を記録し、これにより、わずか2年半の教育で明治維新を担う多くの人材を育て、日本の近代化に貢献したという大きな影響を与えました。若くして示したこの行動は、後のキャリアの基盤となる重要な経験でした。その実績は広く認められました。強固な基盤を築き上げました。この創設が多くの人々に影響を与えた。
P479C636,原田雅彦,62.0,スポーツ,なし,0.0,あなたと同じ62歳のとき、原田雅彦は自身の人生の集大成ともいえるマラソン大会に挑戦しました。この大会は特に厳しいコースとして知られており、多くの選手が挑戦を避ける中、原田は果敢に参加することを決意しま...,あなたと同じ62歳のとき、原田雅彦は自身の人生の集大成ともいえるマラソン大会に挑戦しました。この大会は特に厳しいコースとして知られており、多くの選手が挑戦を避ける中、原田は果敢に参加することを決意しました。彼は事前の準備を徹底し、長時間のトレーニングを重ねました。その結果、見事に完走を果たし、自己ベストを更新することができました。この成果は、彼にとって単なるタイムの更新だけでなく、62歳でも新たな挑戦が可能であることを証明するものとなりました。原田はこの経験を通じて、多くの人々に勇気を与える存在となりました。
P47372D9,原晋,65.0,スポーツ,なし,0.0,あなたと同じ65歳のとき、原晋は青山学院大学の長距離ブロックの監督として、箱根駅伝で5連覇という偉業を成し遂げました。原監督の指導哲学である「原イズム」が選手たちに浸透し、チームが一丸となって強豪校を...,あなたと同じ65歳のとき、原晋は青山学院大学の長距離ブロックの監督として、箱根駅伝で5連覇という偉業を成し遂げました。原監督の指導哲学である「原イズム」が選手たちに浸透し、チームが一丸となって強豪校を次々と撃破。厳しい練習を乗り越えた選手たちの姿に、多くのファンが感動と勇気をもらいました。最後の優勝インタビューで、原監督は「選手たちの頑張りのおかげ。最高のチームに恵まれた」と涙を流しながら語り、その言葉は多くの人の心に響きました。
P7166517,原大智,20.0,スポーツ,オリンピック,0.0,あなたと同じ20歳のとき、原大智は平昌オリンピックのモーグル男子で銅メダルを獲得し、日本スキー界に歴史的な瞬間をもたらしました。決勝では83.15点をマークし、13年ぶりとなる日本人男子のフリースタイ...,あなたと同じ20歳のとき、原大智は平昌オリンピックのモーグル男子で銅メダルを獲得し、日本スキー界に歴史的な瞬間をもたらしました。決勝では83.15点をマークし、13年ぶりとなる日本人男子のフリースタイルスキーメダリストとなりました。実は彼は小学3年生まで野球をし、おり、スキーを始めたのは偶然でしました。父親に連れられて行ったスキー場で才能を見出され、わずか7年間の競技歴でオリンピック表彰台に立ちました。メダル獲得後のインタビューで見せた涙と笑顔は、多くの人々に感動を与えました。
PC8BA49D,南野陽子,26.0,科学・技術,なし,0.0,あなたと同じ26歳のとき、南野陽子は女優としての地位を確立しつつも、新たな挑戦に踏み出します。それは、アクションやスタントを伴う難しい役どころへの挑戦でした。体を張った演技に加え、アクションの練習に多...,あなたと同じ26歳のとき、南野陽子は女優としての地位を確立しつつも、新たな挑戦に踏み出します。それは、アクションやスタントを伴う難しい役どころへの挑戦でした。体を張った演技に加え、アクションの練習に多くの時間を費やしました。時には怪我や失敗もありましたが、諦めずに努力を重ねた結果、アクション女優としての評価を得るようになりました。南野の挑戦は、女優としての可能性を広げ、自身の新たな一面を開拓することとなりました。
PC8BA49D,南野陽子,15.0,政治・社会,なし,0.0,あなたと同じ15歳のとき、南野陽子は環境問題に強い関心を持ち、地元の河川清掃活動に参加しました。仲間とともに毎週のようにゴミ拾いを行い、地域の美化に尽力します。その献身的な姿勢が地元メディアに取り上げ...,あなたと同じ15歳のとき、南野陽子は環境問題に強い関心を持ち、地元の河川清掃活動に参加しました。仲間とともに毎週のようにゴミ拾いを行い、地域の美化に尽力します。その献身的な姿勢が地元メディアに取り上げられ、南野さんは環境保護活動の若き代表として注目を集めることになりました。この経験が、彼女の人生において社会貢献の大切さを実感する転機となり、俳優業と並行して環境NGOの活動にも積極的に参加するようになりました。
P9CAA66D,南部陽一郎,87.0,科学・技術,ノーベル賞,0.0,あなたと同じ87歳のとき、南部陽一郎はノーベル物理学賞を受賞し、50年前に提唱した「自発的対称性の破れ」理論が世界最高の栄誉で認められました。受賞時、彼は「理論が実証されるまで半世紀かかるとは思わなか...,あなたと同じ87歳のとき、南部陽一郎はノーベル物理学賞を受賞し、50年前に提唱した「自発的対称性の破れ」理論が世界最高の栄誉で認められました。受賞時、彼は「理論が実証されるまで半世紀かかるとは思わなかった」と語り、3人の共同受賞者の中の最年長でしました。実は授賞式当日、体調不良で欠席する可能性もありましたが、妻の励ましで出席を決意しました。シカゴ大学で40年間研究を続けた彼の理論は、後にヒッグス粒子発見の基礎となり、現代物理学に革命をもたらしました。
P8279E14,南場智子,42.0,ビジネス,なし,0.0,あなたと同じ42歳のとき、南場智子はDeNAを日本最大のモバイルゲーム企業に育て、売上高2000億円を達成しました。モバイルゲーム市場を500億円から1兆円に拡大し、女性経営者の認知度を25%から65...,あなたと同じ42歳のとき、南場智子はDeNAを日本最大のモバイルゲーム企業に育て、売上高2000億円を達成しました。モバイルゲーム市場を500億円から1兆円に拡大し、女性経営者の認知度を25%から65%に押し上げました。経営27年の6000回の試行錯誤と100人の女性起業家で道に開きを経て、年間5000万人のユーザーを獲得し、世界20カ国で展開し、2000人の雇用を創出しました。モバイルゲーム革命「不格好でも、全力の生きる」という信念で進み続けました。
PFA1A82D,千鳥,35.0,エンターテイメント,なし,0.0,あなたと同じ35歳のとき、千鳥は『相席食堂』が開始し全国区の人気を獲得した。2018年、大悟とノブの岡山出身コンビ。「クセがすごい」のフレーズで知られ、冠番組を多数持つ売れっ子に成長。,あなたと同じ35歳のとき、千鳥は『相席食堂』が開始し全国区の人気を獲得した。2018年、大悟とノブの岡山出身コンビ。「クセがすごい」のフレーズで知られ、冠番組を多数持つ売れっ子に成長。
P3E1BF26,原研哉,46.0,建築・デザイン,なし,0.0,あなたと同じ46歳のとき、原研哉は無印良品のアートディレクターに就任した。2002年、「これでいい」という引き算の美学でブランドを世界に発信。『デザインのデザイン』は多言語に翻訳されるベストセラーとな...,あなたと同じ46歳のとき、原研哉は無印良品のアートディレクターに就任した。2002年、「これでいい」という引き算の美学でブランドを世界に発信。『デザインのデザイン』は多言語に翻訳されるベストセラーとなった。
P778209A,千代の富士貢,62.0,スポーツ,なし,0.0,あなたと同じ62歳のとき、千代の富士貢は現役時代の活躍を称えられ、国民栄誉賞を受賞しました。大相撲史上初の4度の横綱在位、31回の優勝という偉大な記録を打ち立てた功績が評価されての受賞となりました。引...,あなたと同じ62歳のとき、千代の富士貢は現役時代の活躍を称えられ、国民栄誉賞を受賞しました。大相撲史上初の4度の横綱在位、31回の優勝という偉大な記録を打ち立てた功績が評価されての受賞となりました。引退後も後進の指導に尽力し、相撲界の発展に貢献し続けています。
P83EE3CB,北野武,49.0,ビジネス,国際映画祭,0.0,あなたと同じ49歳のとき、北野武は映画『HANA-BI』の製作に挑戦しました。脚本、監督、主演を務めるという大変な役割を担い、映画製作の過程で様々な困難に直面しました。しかし、北野は自身の信念を貫き、...,あなたと同じ49歳のとき、北野武は映画『HANA-BI』の製作に挑戦しました。脚本、監督、主演を務めるという大変な役割を担い、映画製作の過程で様々な困難に直面しました。しかし、北野は自身の信念を貫き、独自の世界観を持った作品を完成させました。『HANA-BI』は国内外で高い評価を受け、ベネチア国際映画祭で金獅子賞を受賞するなど、北野の映画監督としての才能が世界的に認められる作品となりました。
P83EE3CB,北野武,75.0,スポーツ,なし,0.0,あなたと同じ75歳のとき、北野武は新作映画の撮影中に大きな困難に直面しました。予算の制約や俳優のスケジュール調整など、様々な問題が発生したのです。しかし、北野監督は諦めることなく、自らの創造性と経験を...,あなたと同じ75歳のとき、北野武は新作映画の撮影中に大きな困難に直面しました。予算の制約や俳優のスケジュール調整など、様々な問題が発生したのです。しかし、北野監督は諦めることなく、自らの創造性と経験を活かして解決策を見出しました。スタッフとの緊密なコミュニケーションを図り、柔軟な発想で撮影方法を工夫した結果、見事に難局を乗り越えることができました。75歳という年齢を感じさせない情熱と挑戦心で、北野監督は新たな傑作を生み出したのです。
P55FFF50,北野日奈子,41.0,学術・研究,なし,0.0,あなたと同じ41歳のとき、北野日奈子は数学の研究に没頭していました。長年取り組んできた難問に対し、ある日突然閃きが訪れます。その瞬間、問題の核心を突く画期的なアイデアが生まれました。北野はこのアイデア...,あなたと同じ41歳のとき、北野日奈子は数学の研究に没頭していました。長年取り組んできた難問に対し、ある日突然閃きが訪れます。その瞬間、問題の核心を突く画期的なアイデアが生まれました。北野はこのアイデアを基に、新たな定理を導き出すことに成功。この定理は数学界に大きな影響を与え、北野の名は世界中に知れ渡ることとなりました。数学に人生を捧げてきた北野にとって、この発見は研究人生の大きな転機になりました。
PD78539E,北野大,60.0,科学・技術,ノーベル賞,0.0,あなたと同じ60歳のとき、北野大は、世界中の研究者から注目を集める画期的な研究成果を発表しました。それは、これまで不可能とされていた化学反応を可能にする新しい触媒の開発でした。この触媒は、環境負荷が少...,あなたと同じ60歳のとき、北野大は、世界中の研究者から注目を集める画期的な研究成果を発表しました。それは、これまで不可能とされていた化学反応を可能にする新しい触媒の開発でした。この触媒は、環境負荷が少なく、エネルギー効率が高いことから、持続可能な社会の実現に大きく貢献すると期待されています。北野大の研究は、化学の常識を覆す革新的なものであり、ノーベル化学賞の有力候補として注目を集めることとなりました。
PD8228C6,北里柴三郎,37.0,科学・技術,国際映画祭,0.0,あなたと同じ37歳のとき、北里柴三郎はドイツの破傷風菌の純粋培養に世界で初めて成功し、破傷風血清療法を確立しました。ベルリン大学のコッホ研究所で6年間の研究生活を送った彼は、1日16時間の実験を続け、...,あなたと同じ37歳のとき、北里柴三郎はドイツの破傷風菌の純粋培養に世界で初めて成功し、破傷風血清療法を確立しました。ベルリン大学のコッホ研究所で6年間の研究生活を送った彼は、1日16時間の実験を続け、3000回以上の培養実験を重ねました。当時は「東洋人には無理」と言われた細菌学研究でしたが、彼の発見は世界中の医学界を驚かせました。実は研究費が底をつき、妻に送金できない日々は2年間も続いていましたが、この成果により一躍世界的な細菌学者とし、認められることになりました。
PE126445,北澤豪,51.0,スポーツ,なし,0.0,あなたと同じ51歳のとき、北澤豪はサッカー選手としての引退を決意しました。Jリーグ開幕から10年間プレーし、日本代表としても活躍してきましたが、若手選手の台頭を感じ、後進に道を譲ることを選びました。引...,あなたと同じ51歳のとき、北澤豪はサッカー選手としての引退を決意しました。Jリーグ開幕から10年間プレーし、日本代表としても活躍してきましたが、若手選手の台頭を感じ、後進に道を譲ることを選びました。引退後は指導者の道へと進み、これまでの経験を活かしてサッカー界の発展に尽力することを決意しました。選手としての最後のシーズンを全力でプレーし、有終の美を飾ることができました。
P78CDEC1,北杜夫,65.0,学術・研究,なし,0.0,あなたと同じ65歳のとき、北杜夫は長編小説『楡家の人びと』を完成させました。この作品は北の故郷である山形県を舞台に、明治から昭和にかけての激動の時代を生き抜いた一家族の物語です。リアリズムに徹した筆致...,あなたと同じ65歳のとき、北杜夫は長編小説『楡家の人びと』を完成させました。この作品は北の故郷である山形県を舞台に、明治から昭和にかけての激動の時代を生き抜いた一家族の物語です。リアリズムに徹した筆致で描かれた登場人物たちの生き様は、多くの読者の共感を呼び、北文学の集大成とも評される傑作となりました。
PAD0383C,北川進,25.0,科学・技術,なし,0.0,あなたと同じ25歳のとき、北川進は京都大学大学院工学研究科の博士課程の研究に取り組んでいました。この時期、彼は金属有機構造体（MOF）の基礎となる配位化学の研究を深めており、後の世界的な注目で集める多...,あなたと同じ25歳のとき、北川進は京都大学大学院工学研究科の博士課程の研究に取り組んでいました。この時期、彼は金属有機構造体（MOF）の基礎となる配位化学の研究を深めており、後の世界的な注目で集める多孔性材料の開発につながる重要な知見を蓄積していました。当時から既に、金属イオンと有機配位子を組み合わせた新しい材料の可能性に着目し、従来の化学の枠に超えた革新的なアプローチを模索していました。この研究への情熱と探究心が、後の気体の貯蔵や分離技術で革命をもたらすMOF材料の開発へと結実することになります。
PCE41BB8,北野武,50.0,芸術・文化,国際映画祭,0.0,あなたと同じ50歳のとき、北野武は映画監督で国際的な評価を確立していました。1997年にカンヌ国際映画祭で『HANA-BI』がパルムドールを受賞し、日本人監督で39年ぶりの快挙を成し遂げました。実は作...,あなたと同じ50歳のとき、北野武は映画監督で国際的な評価を確立していました。1997年にカンヌ国際映画祭で『HANA-BI』がパルムドールを受賞し、日本人監督で39年ぶりの快挙を成し遂げました。実は作品の製作費はわずか3億円で、ハリウッド映画の10分の1以下低予算でしました。撮影期間も45日間と短期間でしたが、武監督は編集で8か月にかけて完璧を追求しました。受賞スピーチでは「まさか自分が取れるとは思わなかった」と素直に驚きを表現し、世界中のメディアから注目を集めました。
P1A633D2,原辰徳,59.0,スポーツ,なし,0.0,あなたと同じ59歳のとき、原辰徳は読売ジャイアンツの監督に就任しました。前年までコーチを務めていた原は、チームの再建を任されます。就任1年目から独自の野球理論を導入し、選手とのコミュニケーションを重視...,あなたと同じ59歳のとき、原辰徳は読売ジャイアンツの監督に就任しました。前年までコーチを務めていた原は、チームの再建を任されます。就任1年目から独自の野球理論を導入し、選手とのコミュニケーションを重視した指導を行いました。その結果、チームは見事にセ・リーグ優勝を果たし、日本シリーズでも勝利。原監督の手腕が高く評価され、球界の名将として一躍脚光を浴びることとなりました。
PD662C5D,原田マハ,38.0,芸術・文化,なし,0.0,あなたと同じ38歳のとき、原田マハは初めての歴史小説『楽園のカンヴァス』を発表しました。これまでとは異なるジャンルへの挑戦でしたが、美術史の深い知識と緻密な取材に基づいた作品は高く評価されました。この...,あなたと同じ38歳のとき、原田マハは初めての歴史小説『楽園のカンヴァス』を発表しました。これまでとは異なるジャンルへの挑戦でしたが、美術史の深い知識と緻密な取材に基づいた作品は高く評価されました。この作品をきっかけに、歴史と芸術を織り交ぜた独自の世界観を持つ作家として確固たる地位を築くこととなりました。以降も『本日は、お日柄もよく』など話題作を次々と発表し、多くの読者を魅了し続けています。
PEADF199,反田恭平,27.0,音楽,なし,0.0,あなたと同じ27歳のとき、反田恭平はショパン国際ピアノコンクールで第2位を獲得した。2021年、51年ぶりの日本人最高位。自ら設立したJapan National Orchestraを率い、クラシック...,あなたと同じ27歳のとき、反田恭平はショパン国際ピアノコンクールで第2位を獲得した。2021年、51年ぶりの日本人最高位。自ら設立したJapan National Orchestraを率い、クラシック音楽の新しい形を追求。YouTubeでの発信も積極的に行い、若い世代にクラシックを届けている。
P326AB73,吉田晴乃,50.0,ビジネス,なし,0.0,あなたと同じ50歳のとき、吉田晴乃はBT（英国通信）日本法人社長に就任した。2012年、経団連史上初の女性役員にも選出。女性の経営参画を推進したパイオニア。,あなたと同じ50歳のとき、吉田晴乃はBT（英国通信）日本法人社長に就任した。2012年、経団連史上初の女性役員にも選出。女性の経営参画を推進したパイオニア。
PB786306,吉田愛,25.0,芸術・文化,なし,0.0,あなたと同じ25歳のとき、吉田愛は写真家としてキャリアの重要な転機を迎えました。この時期、独自の視点と情熱を持って新しい挑戦に取り組み、その後の成功の基盤となる貴重な経験を積みました。周囲からの期待と...,あなたと同じ25歳のとき、吉田愛は写真家としてキャリアの重要な転機を迎えました。この時期、独自の視点と情熱を持って新しい挑戦に取り組み、その後の成功の基盤となる貴重な経験を積みました。周囲からの期待と自身の目標との間で葛藤しながらも、決断力と行動力で道を切り開いていきました。若くして示したこの行動は、後のキャリアの基盤となる重要な経験でした。その実績は広く認められました。人生の重要な転機となった出来事でした。この転機が新たな物語の始まりとなった。
PB36B672,吉田尚記,57.0,その他,なし,0.0,あなたと同じ57歳のとき、吉田尚記は新たな挑戦として自らのYouTubeチャンネルを開設しました。これまでラジオで培ったトークスキルを活かし、様々なゲストを招いての対談や、自身の趣味についての動画を配...,あなたと同じ57歳のとき、吉田尚記は新たな挑戦として自らのYouTubeチャンネルを開設しました。これまでラジオで培ったトークスキルを活かし、様々なゲストを招いての対談や、自身の趣味についての動画を配信することになりました。彼はリスナーとの距離を縮めるため、インタラクティブなコンテンツを重視し、視聴者からのコメントにも積極的に応じる姿勢を見せています。その結果、チャンネルは多くの支持を受け、思いがけない形で新たなファン層を獲得することとなりました。吉田さんは、自分自身の活動を広げることができたことに満足感を抱いています。
PFF72957,吉田兼好,66.0,芸術・文化,なし,0.0,あなたと同じ66歳のとき、吉田兼好は自身の代表作である『徒然草』の執筆を開始しました。当時、吉田は出家して隠遁生活を送っており、その静かな環境の中で人生の機微を鋭く観察し、美しい文章で綴っていきました...,あなたと同じ66歳のとき、吉田兼好は自身の代表作である『徒然草』の執筆を開始しました。当時、吉田は出家して隠遁生活を送っており、その静かな環境の中で人生の機微を鋭く観察し、美しい文章で綴っていきました。『徒然草』は、自然や四季の移ろい、人間関係の機微、仏教思想など、様々なテーマを取り上げた随筆集となりました。吉田の洞察力と表現力は、後世の文学者たちにも大きな影響を与えることになりました。『徒然草』は、日本の古典文学の中でも特に愛される作品の一つとなっています。
P8AAE15B,吉田健,25.0,スポーツ,なし,0.0,あなたと同じ25歳のとき、吉田健は相撲選手（力士）としてキャリアの重要な転機を迎えました。この時期、独自の視点と情熱を持って新しい挑戦に取り組み、その後の成功の基盤となる貴重な経験を積みました。周囲か...,あなたと同じ25歳のとき、吉田健は相撲選手（力士）としてキャリアの重要な転機を迎えました。この時期、独自の視点と情熱を持って新しい挑戦に取り組み、その後の成功の基盤となる貴重な経験を積みました。周囲からの期待と自身の目標との間で葛藤しながらも、決断力と行動力で道を切り開いていきました。新たな道への第一歩を踏み出したのです。大胆な方向転換により、新たな道が開けていきました。人生の重要な転機となった出来事でした。この転機が新たな物語の始まりとなった。
P44491AC,吉田修一,33.0,芸術・文化,なし,0.0,あなたと同じ33歳のとき、吉田修一は小説家としての道を歩み始めたばかりでした。当時、彼は生活のために工事現場で肉体労働に従事しながら、わずかな空き時間を見つけては執筆に励んでいました。厳しい現実と創作...,あなたと同じ33歳のとき、吉田修一は小説家としての道を歩み始めたばかりでした。当時、彼は生活のために工事現場で肉体労働に従事しながら、わずかな空き時間を見つけては執筆に励んでいました。厳しい現実と創作活動の両立に悩む日々が続きましたが、それでも物語を紡ぐことへの情熱を失わず、コツコツと作品を生み出し続けました。やがて吉田は、その努力が実を結んだことを実感するのです。
PF76E774,吉永小百合,25.0,ビジネス,なし,0.0,あなたと同じ25歳のとき、吉永小百合は女優としてキャリアの重要な転機を迎えました。この時期、独自の視点と情熱を持って新しい挑戦に取り組み、その後の成功の基盤となる貴重な経験を積みました。周囲からの期待...,あなたと同じ25歳のとき、吉永小百合は女優としてキャリアの重要な転機を迎えました。この時期、独自の視点と情熱を持って新しい挑戦に取り組み、その後の成功の基盤となる貴重な経験を積みました。周囲からの期待と自身の目標との間で葛藤しながらも、決断力と行動力で道を切り開いていきました。若くして示したこの行動は、後のキャリアの基盤となる重要な経験でした。その実績は広く認められました。重要な分岐点となった出来事でした。この転換が次のステージへの扉を開いた。
P96EE107,又吉直樹,35.0,芸術・文化,芥川賞,0.0,あなたと同じ35歳のとき、又吉直樹は『火花』で第153回芥川龍之介賞を受賞しました。お笑いコンビ「ピース」のボケ担当として活動しなはら10年以上書き続けた小説が、羽田圭介と同時受賞で文芸界最高峰の賞を...,あなたと同じ35歳のとき、又吉直樹は『火花』で第153回芥川龍之介賞を受賞しました。お笑いコンビ「ピース」のボケ担当として活動しなはら10年以上書き続けた小説が、羽田圭介と同時受賞で文芸界最高峰の賞を獲得。芸人が芥川賞作家となった史上初の事例として文学界の大きな300万部超の売上で300万部超の売上に影響与え、文藝春秋社から刊行された作品は末時点で300万部超の発行部数を記録。お笑いと文学の境界を越えた受賞となりました。
P34E1540,司馬遼太郎,72.0,芸術・文化,なし,0.0,あなたと同じ72歳のとき、司馬遼太郎は大河ドラマ「翔ぶが如く」の原作執筆に取り組んでいました。体調を崩しながらも、最後まで執筆を続け、歴史小説の新境地を切り開く作品を完成させました。病に侵された身体に...,あなたと同じ72歳のとき、司馬遼太郎は大河ドラマ「翔ぶが如く」の原作執筆に取り組んでいました。体調を崩しながらも、最後まで執筆を続け、歴史小説の新境地を切り開く作品を完成させました。病に侵された身体に鞭打ちながら、生涯現役の作家として文学の道を歩み続けた司馬の姿勢は、多くの人々に感銘を与えています。司馬遼太郎は歴史小説の巨匠として、日本文学史に偉大な足跡を残しました。
P605D9F0,黒田博樹,25.0,ビジネス,なし,0.0,あなたと同じ25歳のとき、黒田博樹は元野球選手としてキャリアの重要な転機を迎えました。この時期、独自の視点と情熱を持って新しい挑戦に取り組み、その後の成功の基盤となる貴重な経験を積みました。周囲からの...,あなたと同じ25歳のとき、黒田博樹は元野球選手としてキャリアの重要な転機を迎えました。この時期、独自の視点と情熱を持って新しい挑戦に取り組み、その後の成功の基盤となる貴重な経験を積みました。周囲からの期待と自身の目標との間で葛藤しながらも、決断力と行動力で道を切り開いていきました。人生の転機となる重要な選択でした。重要な選択を迫られた時、将来を見据えた判断を下しました。人生の重要な転機となった出来事でした。この挑戦が新しい可能性を示した。
PCD78A83,古川利明,64.0,学術・研究,なし,0.0,あなたと同じ64歳のとき、古川利明は生物多様性の保全に関する重要な研究成果を発表しました。彼は、日本国内の絶滅危惧種の生態系に関する調査を行い、その結果をもとに新たな保護政策の提案を行いました。この研...,あなたと同じ64歳のとき、古川利明は生物多様性の保全に関する重要な研究成果を発表しました。彼は、日本国内の絶滅危惧種の生態系に関する調査を行い、その結果をもとに新たな保護政策の提案を行いました。この研究は、環境省との連携により実現したもので、地域社会への影響も考慮されたものでした。古川の成果は、全国的な環境保護活動に大きな影響を与え、多くの研究者や教育者にとっての指針となりました。彼の努力は、未来の世代に向けた持続可能な社会の実現に寄与することとなりました。
P5538D97,古川聡,47.0,科学・技術,なし,0.0,あなたと同じ47歳のとき、古川聡は6月8日から11月22日まの国際宇宙ステーションで167日間の長期滞在を成功させました。東京大学医学部卒業後、外科医から宇宙飛行士に転身し、ソユーズTMA-02Mで宇...,あなたと同じ47歳のとき、古川聡は6月8日から11月22日まの国際宇宙ステーションで167日間の長期滞在を成功させました。東京大学医学部卒業後、外科医から宇宙飛行士に転身し、ソユーズTMA-02Mで宇宙へ向かっました。滞在中はタンパク質結晶生成実験装置を使用した実験や、細胞培養実験装置での生物学実験を実施。骨・筋肉への無重力影響調査など医学実験を主導しました。は2回目の長期滞在で199日間を記録し、日本人宇宙飛行士とし、累計366日間の最長宇宙滞在記録を樹立しました。
PDE87DAC,古舘伊知郎,42.0,その他,なし,0.0,あなたと同じ42歳のとき、古舘伊知郎はテレビ朝日の報道番組「ニュースステーション」のメインキャスターに抜擢されました。長年、同局の看板ニュース番組である「ニューススコープ」のキャスターを務めてきた古舘...,あなたと同じ42歳のとき、古舘伊知郎はテレビ朝日の報道番組「ニュースステーション」のメインキャスターに抜擢されました。長年、同局の看板ニュース番組である「ニューススコープ」のキャスターを務めてきた古舘は、その卓越した語り口と鋭い洞察力で高い評価を得ていました。「ニュースステーション」のメインキャスターに就任したことで、日本を代表するジャーナリストとしての地位を確立することとなりました。
PECDC21B,古賀稔彦,20.0,スポーツ,オリンピック,0.0,あなたと同じ20歳のとき、古賀稔彦は1990年の北京アジア大会で柔道71キロ級の金メダルを獲得。この大会では、得意の背負い投げで次々と相手を倒し、日本柔道界の新星で注目を集めました。同年の全日本選抜柔...,あなたと同じ20歳のとき、古賀稔彦は1990年の北京アジア大会で柔道71キロ級の金メダルを獲得。この大会では、得意の背負い投げで次々と相手を倒し、日本柔道界の新星で注目を集めました。同年の全日本選抜柔道体重別選手権大会でも優勝を果たし、国際大会での実績と合わせて翌年の世界選手権代表に選出される基盤を築きました。古賀は当時から「平成の三四郎」と呼ばれ、その技術の高さと試合での冷静さは多くの柔道関係者から評価されていました。この年の活躍が、後のバルセロナオリンピック金メダル獲得への重要なステップとなった。
P7277239,小平邦彦,39.0,学術・研究,"ノーベル賞, フィールズ賞",0.0,あなたと同じ39歳のとき、小平邦彦は1954年にフィールズ賞を受賞しました。「数学のノーベル賞」と称されるこの賞を、調和積分論と代数幾何学への貢献により日本人として初めて獲得しました。1943年から1...,あなたと同じ39歳のとき、小平邦彦は1954年にフィールズ賞を受賞しました。「数学のノーベル賞」と称されるこの賞を、調和積分論と代数幾何学への貢献により日本人として初めて獲得しました。1943年から10年以上にわたり、複素多様体の理論を体系化し、小平消滅定理や小平埋め込み定理など数々の基礎理論を確立しました。この業績は現代数学の基盤として世界中の研究者に影響を与え、日本の数学研究の国際的地位を飛躍的に高めました。
PEDD8081,森重文,39.0,学術・研究,フィールズ賞,0.0,あなたと同じ39歳のとき、森重文は1990年にフィールズ賞を受賞しました。3次元代数多様体の分類理論における画期的な業績により、日本人として3人目のフィールズ賞受賞者となりました。極小モデル理論の確立...,あなたと同じ39歳のとき、森重文は1990年にフィールズ賞を受賞しました。3次元代数多様体の分類理論における画期的な業績により、日本人として3人目のフィールズ賞受賞者となりました。極小モデル理論の確立により、100年以上未解決だった代数多様体の分類問題に決定的な進展をもたらしました。この成果は幾何学の基礎理論を大きく前進させ、現代数学における日本の研究水準の高さを世界に示しました。
P63B16D5,広中平祐,39.0,学術・研究,フィールズ賞,0.0,あなたと同じ39歳のとき、広中平祐は1970年にフィールズ賞を受賞しました。代数多様体の特異点解消という数学の最難関問題の一つを解決し、「ヒロナカの定理」として知られる業績により国際的に認められました...,あなたと同じ39歳のとき、広中平祐は1970年にフィールズ賞を受賞しました。代数多様体の特異点解消という数学の最難関問題の一つを解決し、「ヒロナカの定理」として知られる業績により国際的に認められました。1960年代から10年にわたる研究により、任意の標数における特異点解消を証明しました。この成果は代数幾何学の根本問題を解決しただけでなく、現代数学の発展に不可欠な基礎理論として世界中で評価されています。
PFA52D23,内田光子,62.0,音楽,グラミー賞,0.0,あなたと同じ62歳のとき、内田光子は2011年にグラミー賞クラシック部門最優秀器楽ソリスト演奏賞を受賞しました。モーツァルトのピアノ協奏曲第23番と第24番の演奏が、世界最高峰の音楽賞で認められました...,あなたと同じ62歳のとき、内田光子は2011年にグラミー賞クラシック部門最優秀器楽ソリスト演奏賞を受賞しました。モーツァルトのピアノ協奏曲第23番と第24番の演奏が、世界最高峰の音楽賞で認められました。1970年代からショパン国際ピアノコンクールでの入賞を経て40年以上にわたり国際的に活躍し、この受賞により日本人ピアニストとして最高峰の評価を獲得しました。
P60BEA5B,喜多郎,48.0,音楽,グラミー賞,0.0,あなたと同じ48歳のとき、喜多郎は2001年にグラミー賞ニューエイジ・アルバム部門を「Thinking of You」で受賞しました。1970年代から30年以上にわたりシンセサイザーを駆使した独自の音...,あなたと同じ48歳のとき、喜多郎は2001年にグラミー賞ニューエイジ・アルバム部門を「Thinking of You」で受賞しました。1970年代から30年以上にわたりシンセサイザーを駆使した独自の音楽世界を築き、日本人として初めてグラミー賞本賞を獲得しました。この受賞により、日本の電子音楽が世界最高峰の音楽賞で認められ、ニューエイジ音楽における日本人アーティストの国際的地位を確立しました。
P778F9DC,小澤征爾,80.0,音楽,グラミー賞,0.0,あなたと同じ80歳のとき、小澤征爾は2016年にグラミー賞クラシック部門最優秀オペラ録音賞を受賞しました。ラヴェルのオペラ「子供と魔法」の録音が、世界最高峰の音楽賞で認められました。1959年にブザン...,あなたと同じ80歳のとき、小澤征爾は2016年にグラミー賞クラシック部門最優秀オペラ録音賞を受賞しました。ラヴェルのオペラ「子供と魔法」の録音が、世界最高峰の音楽賞で認められました。1959年にブザンソン国際指揮者コンクールで優勝して以来50年以上にわたり世界的指揮者として活躍し、ボストン交響楽団音楽監督やウィーン国立歌劇場音楽監督を歴任した集大成として、この栄誉を獲得しました。
P1E9713B,真田広之,53.0,映画・演劇,エミー賞,0.0,あなたと同じ53歳のとき、真田広之は2024年にエミー賞主演男優賞（ドラマ部門）を「SHOGUN 将軍」で受賞しました。テレビドラマの最高峰とされるエミー賞を、日本人俳優として初めて主演男優賞で獲得し...,あなたと同じ53歳のとき、真田広之は2024年にエミー賞主演男優賞（ドラマ部門）を「SHOGUN 将軍」で受賞しました。テレビドラマの最高峰とされるエミー賞を、日本人俳優として初めて主演男優賞で獲得しました。1970年代から50年近く俳優として活動し、ハリウッド進出後も「ラストサムライ」など数々の国際的作品に出演してきた集大成として、この歴史的な快挙を達成しました。
PA1E9C15,谷口ジロー,57.0,芸術・文化,なし,0.0,あなたと同じ57歳のとき、谷口ジローは2003年に手塚治虫文化賞マンガ大賞を「遥かな町へ」で受賞しました。繊細な画風と深い人間描写で知られる作品が、日本漫画界最高峰の賞で認められました。1970年代か...,あなたと同じ57歳のとき、谷口ジローは2003年に手塚治虫文化賞マンガ大賞を「遥かな町へ」で受賞しました。繊細な画風と深い人間描写で知られる作品が、日本漫画界最高峰の賞で認められました。1970年代から30年以上にわたり「孤独のグルメ」など独自の作風を確立し、フランスをはじめ海外でも高い評価を受け、日本マンガの芸術性を世界に示した作家として認められました。
PC284727,浦沢直樹,51.0,芸術・文化,なし,0.0,あなたと同じ51歳のとき、浦沢直樹は2011年に手塚治虫文化賞マンガ大賞を受賞しました。「20世紀少年」「MONSTER」など数々の傑作で日本マンガの可能性を広げた功績が認められました。1980年代か...,あなたと同じ51歳のとき、浦沢直樹は2011年に手塚治虫文化賞マンガ大賞を受賞しました。「20世紀少年」「MONSTER」など数々の傑作で日本マンガの可能性を広げた功績が認められました。1980年代から30年にわたり一貫して高いクオリティの作品を生み出し続け、国内外で2000万部以上の発行部数を誇る作品群により、現代日本マンガ界を代表する作家としての地位を確立しました。
P0606DBC,高橋留美子,60.0,芸術・文化,なし,0.0,あなたと同じ60歳のとき、高橋留美子は2018年に手塚治虫文化賞マンガ大賞を受賞しました。「うる星やつら」「らんま1/2」「犬夜叉」など数々のヒット作を生み出し、40年以上にわたり日本マンガ界のトップ...,あなたと同じ60歳のとき、高橋留美子は2018年に手塚治虫文化賞マンガ大賞を受賞しました。「うる星やつら」「らんま1/2」「犬夜叉」など数々のヒット作を生み出し、40年以上にわたり日本マンガ界のトップランナーとして活躍した功績が認められました。国内累計発行部数2億部を超える作品群により、少年漫画誌で活躍する女性漫画家の道を切り開き、日本マンガ史に不可欠な存在として評価されました。
PCF4FEB6,水木しげる,75.0,芸術・文化,なし,0.0,あなたと同じ75歳のとき、水木しげるは1997年に手塚治虫文化賞マンガ大賞を「妖怪道五十三次」で受賞しました。日本漫画界最高峰の賞の第1回受賞者として選ばれ、50年以上にわたる漫画家活動が評価されまし...,あなたと同じ75歳のとき、水木しげるは1997年に手塚治虫文化賞マンガ大賞を「妖怪道五十三次」で受賞しました。日本漫画界最高峰の賞の第1回受賞者として選ばれ、50年以上にわたる漫画家活動が評価されました。「ゲゲゲの鬼太郎」などの代表作を通じて妖怪文化を日本の大衆文化に定着させた功績が認められ、戦後日本マンガ史における重要な作家としての地位を確立しました。
PF23804F,宮本茂,59.0,アニメ・漫画・ゲーム,なし,0.0,あなたと同じ59歳のとき、宮本茂は2012年に文化庁メディア芸術祭功労賞を受賞しました。「スーパーマリオブラザーズ」「ゼルダの伝説」など世界的ヒット作を生み出し、ビデオゲームを芸術の域にまで高めた功績...,あなたと同じ59歳のとき、宮本茂は2012年に文化庁メディア芸術祭功労賞を受賞しました。「スーパーマリオブラザーズ」「ゼルダの伝説」など世界的ヒット作を生み出し、ビデオゲームを芸術の域にまで高めた功績が認められました。1980年代から30年以上にわたり任天堂でゲーム開発を牽引し、累計販売本数10億本を超える作品群により、日本のゲーム産業を世界トップレベルに押し上げた第一人者として評価されました。
P1D87C13,大友克洋,59.0,芸術・文化,なし,0.0,あなたと同じ59歳のとき、大友克洋は2013年に文化庁メディア芸術祭功労賞を受賞しました。「AKIRA」をはじめとする革新的な作品により、日本のマンガとアニメーションの表現技法に多大な影響を与えた功績...,あなたと同じ59歳のとき、大友克洋は2013年に文化庁メディア芸術祭功労賞を受賞しました。「AKIRA」をはじめとする革新的な作品により、日本のマンガとアニメーションの表現技法に多大な影響を与えた功績が認められました。1970年代から40年近くにわたり世界的に評価される作品を生み出し続け、海外での日本マンガ・アニメ文化の普及に大きく貢献し、日本メディア芸術の国際的地位を確立しました。
P6E7E522,妹島和世,24,建築・デザイン,プリツカー賞,,あなたと同じ24歳のとき、妹島和世は伊東豊雄建築設計事務所で修行を積んでいました。1980年、日本女子大学大学院を修了した彼女は、当時注目を集めていた伊東豊雄のもとで働き始めたばかりでした。建築界では...,あなたと同じ24歳のとき、妹島和世は伊東豊雄建築設計事務所で修行を積んでいました。1980年、日本女子大学大学院を修了した彼女は、当時注目を集めていた伊東豊雄のもとで働き始めたばかりでした。建築界ではまだ女性建築家が珍しい時代、彼女は深夜まで図面に向かい、模型制作に没頭する日々を送っていました。伊東事務所での約12年間の経験は、後の彼女の建築思想の基礎となります。透明性や軽やかさを追求する独自のスタイルは、この修行時代に培われたものでした。彼女は後に独立し、プリツカー賞を受賞する世界的建築家へと成長していきます。
P67A43A8,坂茂,57,建築・デザイン,"ノーベル賞, プリツカー賞",,あなたと同じ57歳のとき、坂茂は2014年に建築界のノーベル賞と称される「プリツカー賞」を受賞しました。授賞理由は、紙管などの安価な素材を用いた革新的な建築と、災害支援活動への献身的な取り組みでした。...,あなたと同じ57歳のとき、坂茂は2014年に建築界のノーベル賞と称される「プリツカー賞」を受賞しました。授賞理由は、紙管などの安価な素材を用いた革新的な建築と、災害支援活動への献身的な取り組みでした。阪神・淡路大震災以降、彼は世界各地の被災地で紙管を使った仮設住宅や避難所を無償で設計し続けてきました。審査委員会は「社会的責任を果たす建築家の模範」と評価。受賞スピーチで坂は「建築家は特権階級のためだけでなく、困っている人々のためにも働くべきだ」と語り、建築の社会的使命を世界に示しました。この受賞により、人道支援と建築デザインを両立させる彼の姿勢が国際的に認められたのです。
P7F88681,宮崎駿,70,映画・演劇,"アカデミー賞, 国際映画祭",,あなたと同じ70歳のとき、宮崎駿は2011年に「引退宣言」を撤回し、長編アニメーション『風立ちぬ』の制作に取り組んでいました。零戦設計者・堀越二郎の人生を描いたこの作品は、戦争と創造の矛盾という重いテ...,あなたと同じ70歳のとき、宮崎駿は2011年に「引退宣言」を撤回し、長編アニメーション『風立ちぬ』の制作に取り組んでいました。零戦設計者・堀越二郎の人生を描いたこの作品は、戦争と創造の矛盾という重いテーマに正面から向き合った意欲作となりました。多くのクリエイターが引退を考える年齢で、宮崎は「描きたいものがある限り、筆を置けない」と語り、自ら原画を描き続けました。2013年に完成した本作は、ベネチア国際映画祭で絶賛され、アカデミー賞にもノミネートされます。その後、これを最後に引退を表明しましたが、70歳を超えてなお創作への情熱を燃やし続けた姿は、年齢に関係なく挑戦し続けることの尊さを私たちに教えてくれます。
P3627B4A,是枝裕和,70,映画・演劇,国際映画祭,,"是枝裕和監督は1962年生まれのため、70歳は2032年となり、まだその年齢に達していません。

そのため、事実に基づいた70歳時点でのエピソードを生成することはできません。

代わりに、以下のような...","是枝裕和監督は1962年生まれのため、70歳は2032年となり、まだその年齢に達していません。

そのため、事実に基づいた70歳時点でのエピソードを生成することはできません。

代わりに、以下のような実際のエピソードをご提案できます：

**51歳時点（2013年）の実績ベースの例：**
「あなたと同じ51歳のとき、是枝裕和は『そして父になる』でカンヌ国際映画祭審査員賞を受賞しました。血縁と家族の絆について問いかけるこの作品は、6年間取り組んだ赤ちゃん取り違え事件の取材から生まれました。受賞スピーチで『映画は答えを出すものではなく、問いを投げかけるもの』と語り、世界中の観客に家族の意味を考えさせる作品として高く評価されました。」

実在の人物の未来のエピソードについては、事実確認ができないため作成を控えさせていただきます。"
P9C4B55E,山田洋次,60,映画・演劇,"アカデミー賞, 日本アカデミー賞",,あなたと同じ60歳のとき、山田洋次は映画『学校』（1993年）を発表し、新たな境地を切り開いていました。それまで『男はつらいよ』シリーズで国民的監督として知られていた山田は、この作品で夜間中学校を舞台...,あなたと同じ60歳のとき、山田洋次は映画『学校』（1993年）を発表し、新たな境地を切り開いていました。それまで『男はつらいよ』シリーズで国民的監督として知られていた山田は、この作品で夜間中学校を舞台に、様々な事情で学ぶ機会を逃した人々の姿を描きました。西田敏行演じる教師と生徒たちの心の交流を通じて、人間の尊厳と学ぶことの意味を問いかけたこの作品は、日本アカデミー賞最優秀作品賞を受賞。長年の娯楽映画作りで培った技術を、社会派テーマに注ぎ込んだ山田の挑戦は、還暦を迎えてもなお創作意欲を失わない姿勢を示し、多くの映画人に影響を与えました。
PC1B4021,今村昌平,24,映画・演劇,国際映画祭,,あなたと同じ24歳のとき、今村昌平は早稲田大学を卒業し、松竹大船撮影所の助監督として映画界でのキャリアをスタートさせました。1950年のことです。戦後の混乱期、映画への情熱を抱いて門を叩いた今村は、当...,あなたと同じ24歳のとき、今村昌平は早稲田大学を卒業し、松竹大船撮影所の助監督として映画界でのキャリアをスタートさせました。1950年のことです。戦後の混乱期、映画への情熱を抱いて門を叩いた今村は、当時の松竹の洗練された作風に違和感を覚えながらも、小津安二郎監督の助監督として映画製作の基礎を学びました。しかし、小津の静謐な作風は今村の目指す方向性とは異なり、後に「小津さんの映画には便所がない」と評して、人間の生々しい欲望や社会の底辺を描く独自の映画世界を追求していくことになります。この時期の葛藤が、後のカンヌ国際映画祭パルムドール受賞監督への出発点となったのです。
P645AD9F,三船敏郎,27,映画・演劇,国際映画祭,,あなたと同じ27歳のとき、三船敏郎は黒澤明監督の『羅生門』（1950年）で世界的な注目を浴びました。この作品で演じた野性的な山賊・多襄丸役は、三船の代表作となりました。撮影では、黒澤監督の厳しい演出の...,あなたと同じ27歳のとき、三船敏郎は黒澤明監督の『羅生門』（1950年）で世界的な注目を浴びました。この作品で演じた野性的な山賊・多襄丸役は、三船の代表作となりました。撮影では、黒澤監督の厳しい演出のもと、獣のような激しい演技に挑戦。当時としては斬新だった、太陽を直接見上げるシーンなど、大胆な映像表現にも挑みました。この作品はヴェネツィア国際映画祭で金獅子賞を受賞し、日本映画が世界に認められる契機となりました。三船の圧倒的な存在感と演技力は、若くして国際的な評価を獲得し、その後の日本映画界を牽引する俳優としての地位を確立したのです。
PCB36E5E,緒形拳,41,映画・演劇,"アカデミー賞, 国際映画祭, 日本アカデミー賞",,あなたと同じ41歳のとき、緒形拳は映画『復讐するは我にあり』（1979年）で連続殺人犯を演じ、日本アカデミー賞最優秀主演男優賞を受賞しました。今村昌平監督のこの作品で、緒形は実在の殺人犯・西口彰事件を...,あなたと同じ41歳のとき、緒形拳は映画『復讐するは我にあり』（1979年）で連続殺人犯を演じ、日本アカデミー賞最優秀主演男優賞を受賞しました。今村昌平監督のこの作品で、緒形は実在の殺人犯・西口彰事件をモデルにした榎津巌という冷酷な犯罪者を演じながらも、その人間性の深淵まで表現しました。役作りのため極限まで体重を落とし、撮影中は精神的に追い詰められるほど役に没入したといいます。この演技は国内外で高く評価され、カンヌ国際映画祭でも上映されました。俳優として円熟期を迎えた緒形の、命を削るような演技への情熱が結実した瞬間でした。
P81AC484,役所広司,55,映画・演劇,国際映画祭,,あなたと同じ55歳のとき、役所広司は映画『探偵はBARにいる2 ススキノ大交差点』（2013年）に出演し、円熟味を増した演技力を披露していました。この年は、彼が長年積み重ねてきた実力が国内外で高く評価...,あなたと同じ55歳のとき、役所広司は映画『探偵はBARにいる2 ススキノ大交差点』（2013年）に出演し、円熟味を増した演技力を披露していました。この年は、彼が長年積み重ねてきた実力が国内外で高く評価される転換期でもありました。若い頃は端役や脇役が多かった役所ですが、30代後半から徐々に主役級の仕事が増え、50代で確固たる地位を築きました。彼のキャリアは、すぐに結果が出なくても諦めず、一つ一つの役に真摯に向き合い続けることの大切さを教えてくれます。この時期の役所は、後に2024年のカンヌ国際映画祭で日本人初の男優賞を受賞する実力を着実に培っていた時期と言えるでしょう。
P1D59005,川端康成,42,文学,ノーベル賞,,あなたと同じ42歳のとき、川端康成は戦時下の厳しい状況の中、鎌倉で執筆活動を続けていました。1941年（昭和16年）、太平洋戦争が開戦したこの年、川端は『雪国』の連載を続けながら、戦争の影響で文学活動...,あなたと同じ42歳のとき、川端康成は戦時下の厳しい状況の中、鎌倉で執筆活動を続けていました。1941年（昭和16年）、太平洋戦争が開戦したこの年、川端は『雪国』の連載を続けながら、戦争の影響で文学活動が制限される中でも、純粋な芸術性を追求する姿勢を貫きました。この時期、彼は古典文学や日本の伝統美に深く傾倒し、後の代表作となる作品群の土台を築いていきます。戦時中という困難な時代にあっても、文学者としての信念を曲げず、美の探求を続けた川端の姿は、芸術家の矜持を示すものでした。この時期の経験が、後にノーベル文学賞受賞へとつながる「日本の美」を世界に伝える作品群を生み出す原動力となったのです。
P329EA30,志賀直哉,66,文学,文化勲章,,あなたと同じ66歳のとき、志賀直哉は戦後の混乱期を奈良で過ごしていました。1949年、文化勲章の受章候補に挙がりましたが、これを固辞しています。「小説の神様」と称された彼は、この頃すでに創作活動から遠...,あなたと同じ66歳のとき、志賀直哉は戦後の混乱期を奈良で過ごしていました。1949年、文化勲章の受章候補に挙がりましたが、これを固辞しています。「小説の神様」と称された彼は、この頃すでに創作活動から遠ざかっていましたが、若い作家たちへの影響力は絶大でした。奈良の自宅には多くの文学者が訪れ、彼の言葉に耳を傾けました。戦争で荒廃した日本の文学界において、志賀の存在は精神的支柱となっていました。名誉よりも自らの信念を貫く姿勢は、戦後の価値観が揺らぐ時代において、多くの人々に生き方の指針を示したのです。
P6D12F2B,大江健三郎,53,文学,ノーベル賞,,あなたと同じ53歳のとき、大江健三郎は1988年に長編小説『懐かしい年への手紙』を発表しました。この作品は、障害を持つ息子・光との日々を見つめ直しながら、父親として、作家としての自分自身を深く問い直す...,あなたと同じ53歳のとき、大江健三郎は1988年に長編小説『懐かしい年への手紙』を発表しました。この作品は、障害を持つ息子・光との日々を見つめ直しながら、父親として、作家としての自分自身を深く問い直す内容でした。大江は光の誕生以来、彼との共生を文学の中心テーマとして追求し続けてきましたが、この年齢になって改めて、息子との関係性や家族の意味を再考察しました。この真摯な姿勢は5年後のノーベル文学賞受賞へとつながる重要な作品群の一つとなり、障害者との共生という普遍的なテーマを世界に問いかける契機となりました。個人的な体験を普遍的な文学へと昇華させる大江の姿勢は、多くの読者に勇気を与えました。
P77249E7,松本清張,38,文学,直木賞,,あなたと同じ38歳のとき、松本清張は朝日新聞社の広告部で働く一介のサラリーマンでした。1948年、彼は生活のため昼は新聞社で働き、夜は小説を書き続ける二重生活を送っていました。九州の貧しい家庭に生まれ...,あなたと同じ38歳のとき、松本清張は朝日新聞社の広告部で働く一介のサラリーマンでした。1948年、彼は生活のため昼は新聞社で働き、夜は小説を書き続ける二重生活を送っていました。九州の貧しい家庭に生まれ、小学校卒業後すぐに働き始めた清張には、高等教育を受ける機会がありませんでした。しかし、独学で文学を学び続け、40歳を目前にしても作家への夢を諦めませんでした。この時期の苦労が後に『点と線』『砂の器』などの傑作を生み出す原動力となります。遅咲きの作家として、53歳で直木賞を受賞するまでの下積み時代、38歳の清張は諦めない心で夢に挑戦し続けていたのです。
PA57E711,宮部みゆき,37,文学,直木賞,,あなたと同じ37歳のとき、宮部みゆきは『理由』で直木賞を受賞しました。1998年のことです。この作品は、マンションで起きた一家惨殺事件を多角的な視点で描いた長編ミステリーで、現代社会の闇を鋭く描き出し...,あなたと同じ37歳のとき、宮部みゆきは『理由』で直木賞を受賞しました。1998年のことです。この作品は、マンションで起きた一家惨殺事件を多角的な視点で描いた長編ミステリーで、現代社会の闇を鋭く描き出しました。デビューから10年以上が経ち、すでに『火車』などで高い評価を得ていた宮部でしたが、この受賞により名実ともにトップ作家の仲間入りを果たしました。受賞時、彼女は「書くことをやめなくてよかった」と語り、地道に作品を積み重ねてきた努力が報われた瞬間でした。この受賞は、諦めずに自分の道を歩み続けることの大切さを示す好例となっています。
P9602A59,山中伸弥,59,医学・健康,ノーベル賞,,あなたと同じ59歳のとき、山中伸弥は新型コロナウイルス感染症との闘いの最前線で、科学者としての使命を果たしていました。2021年、京都大学iPS細胞研究所の所長として、自ら情報発信サイトを立ち上げ、科...,あなたと同じ59歳のとき、山中伸弥は新型コロナウイルス感染症との闘いの最前線で、科学者としての使命を果たしていました。2021年、京都大学iPS細胞研究所の所長として、自ら情報発信サイトを立ち上げ、科学的根拠に基づいた正確な情報を国民に届け続けました。ノーベル賞受賞者という立場でありながら、研究資金確保のためのマラソン参加も継続し、「支援してくださる方々への恩返し」として走り続ける姿勢を貫きました。また、iPS細胞研究の実用化に向けて、パーキンソン病や心臓病などの臨床応用を推進し、再生医療の未来を切り拓くために尽力していました。研究者として、そして社会への責任を果たす科学者として、献身的に活動し続けた一年でした。
PDA29F98,大村智,47,医学・健康,ノーベル賞,,あなたと同じ47歳のとき、大村智は北里研究所で土壌微生物の研究に没頭していました。1982年、彼が静岡県のゴルフ場近くで採取した土壌サンプルから発見した放線菌が、後に「イベルメクチン」という画期的な薬...,あなたと同じ47歳のとき、大村智は北里研究所で土壌微生物の研究に没頭していました。1982年、彼が静岡県のゴルフ場近くで採取した土壌サンプルから発見した放線菌が、後に「イベルメクチン」という画期的な薬の開発につながります。この薬は、アフリカや中南米で蔓延していた河川盲目症（オンコセルカ症）や象皮病などの寄生虫病に劇的な効果を示し、数億人もの人々を失明や病苦から救うことになりました。ゴルフ場という身近な場所での地道な土壌採取が、人類の健康に計り知れない貢献をもたらした瞬間でした。この功績により、大村は2015年にノーベル生理学・医学賞を受賞しています。
PC1773C8,利根川進,47,医学・健康,ノーベル賞,,あなたと同じ47歳のとき、利根川進は免疫学における画期的な発見の成果が認められ、1987年にノーベル生理学・医学賞を単独受賞しました。彼は抗体の多様性を生み出す遺伝子の仕組みを解明し、限られた数の遺伝...,あなたと同じ47歳のとき、利根川進は免疫学における画期的な発見の成果が認められ、1987年にノーベル生理学・医学賞を単独受賞しました。彼は抗体の多様性を生み出す遺伝子の仕組みを解明し、限られた数の遺伝子から無数の抗体が作られる「遺伝子再構成」のメカニズムを証明しました。この発見は、体がどのように病原体と戦うかという免疫学の根本的な謎を解き明かすものでした。日本人として初めて本国での研究でノーベル賞を受賞したわけではありませんが、基礎研究の重要性を世界に示した功績は計り知れません。受賞時、彼の研究に対する情熱と科学的探究心は、多くの若い研究者たちに大きな影響を与えました。
PBB3BA57,本庶佑,56,医学・健康,ノーベル賞,,あなたと同じ56歳のとき、本庶佑は京都大学教授として、免疫系の基礎研究に没頭していました。1998年、彼のチームは画期的な発見をします。免疫細胞の表面にある「PD-1」という分子が、免疫反応にブレーキ...,あなたと同じ56歳のとき、本庶佑は京都大学教授として、免疫系の基礎研究に没頭していました。1998年、彼のチームは画期的な発見をします。免疫細胞の表面にある「PD-1」という分子が、免疫反応にブレーキをかける役割を持つことを突き止めたのです。この発見は当初、学会でも懐疑的に受け止められましたが、本庶は「教科書を信じるな」という信念のもと、粘り強く研究を続けました。この基礎研究が後に、がん免疫療法という革新的な治療法の開発につながり、多くのがん患者の命を救うことになります。20年後、この功績により彼はノーベル生理学・医学賞を受賞しました。56歳での地道な研究が、人類の医療に大きな貢献をもたらした好例です。
PE465A4C,下村脩,64,医学・健康,ノーベル賞,,あなたと同じ64歳のとき、下村脩は1992年、ウッズホール海洋生物学研究所での研究生活を続けていました。この頃、彼が発見した緑色蛍光タンパク質（GFP）は、まだ世界的な注目を集めていませんでした。オワ...,あなたと同じ64歳のとき、下村脩は1992年、ウッズホール海洋生物学研究所での研究生活を続けていました。この頃、彼が発見した緑色蛍光タンパク質（GFP）は、まだ世界的な注目を集めていませんでした。オワンクラゲから抽出したこのタンパク質の研究を、30年以上も地道に続けていたのです。多くの研究者が華々しい成果を求める中、下村は「クラゲが光る仕組み」という純粋な好奇心だけで研究を継続しました。この執念が実を結び、GFPは後に生命科学研究に革命をもたらす画期的なツールとなります。そして16年後の2008年、彼は80歳でノーベル化学賞を受賞。地道な基礎研究の重要性を世界に示したのです。
PFCBDFE9,石坂公成,44,医学・健康,ノーベル賞,,あなたと同じ44歳のとき、石坂公成は1969年、アレルギー反応を引き起こす抗体「IgE（免疫グロブリンE）」の発見という画期的な業績を成し遂げました。妻の照子とともにアメリカのカリフォルニア大学で研究...,あなたと同じ44歳のとき、石坂公成は1969年、アレルギー反応を引き起こす抗体「IgE（免疫グロブリンE）」の発見という画期的な業績を成し遂げました。妻の照子とともにアメリカのカリフォルニア大学で研究を続け、長年の謎だったアレルギーのメカニズムを解明したのです。この発見は、花粉症や喘息などのアレルギー疾患の診断・治療法の開発に革命をもたらしました。研究は困難を極めましたが、夫婦で協力し合い、微量な抗体を根気強く追い続けた結果の快挙でした。この業績により、ノーベル賞候補にも挙げられ、世界の医学史に名を刻みました。一つの発見が、世界中の何億人もの人々の健康に貢献する可能性を示した瞬間でした。
P242459D,田中耕一,62,医学・健康,ノーベル賞,,あなたと同じ62歳のとき、田中耕一は2021年、ノーベル化学賞受賞から19年が経過していました。この年、彼は島津製作所のシニアフェローとして、アルツハイマー病の早期診断技術の実用化に向けた研究を精力的...,あなたと同じ62歳のとき、田中耕一は2021年、ノーベル化学賞受賞から19年が経過していました。この年、彼は島津製作所のシニアフェローとして、アルツハイマー病の早期診断技術の実用化に向けた研究を精力的に続けていました。血液中の微量なタンパク質を検出する技術を応用し、認知症を発症前に発見する画期的な方法の開発に取り組んでいたのです。「失敗は成功のもと」という信念のもと、ノーベル賞受賞後も現場で研究を続ける姿勢は、多くの若手研究者の励みとなりました。華やかな栄光に満足せず、人々の健康に貢献する実用的な技術開発に情熱を注ぎ続ける彼の姿勢は、真の研究者の在り方を示しています。
P03FBCA2,幸田露伴,43,文学,文化勲章,,あなたと同じ43歳のとき、幸田露伴は、日露戦争の最中の1909年、文壇の第一人者として活躍していました。この年、露伴は『運命』を執筆し、人間の運命と努力の関係について深い洞察を示しました。また、娘の幸...,あなたと同じ43歳のとき、幸田露伴は、日露戦争の最中の1909年、文壇の第一人者として活躍していました。この年、露伴は『運命』を執筆し、人間の運命と努力の関係について深い洞察を示しました。また、娘の幸田文が7歳になり、厳格な父として知られた露伴は、彼女に古典や書道を教え始めます。露伴は文学者としての名声を確立する一方で、学問への探究心も旺盛で、中国古典の研究に没頭していました。この時期の露伴は、単なる小説家の枠を超え、思想家・学者としての道を歩み始めており、後の文化勲章受章へとつながる知的活動の基盤を築いていたのです。
P8A3C2B6,丹下健三,47,建築・デザイン,オリンピック,,あなたと同じ47歳のとき、丹下健三は1960年、戦後日本建築界の頂点に立っていました。この年、彼が設計した「国立代々木競技場」の構想が始動します。1964年東京オリンピックに向けたこの建築は、吊り屋根...,あなたと同じ47歳のとき、丹下健三は1960年、戦後日本建築界の頂点に立っていました。この年、彼が設計した「国立代々木競技場」の構想が始動します。1964年東京オリンピックに向けたこの建築は、吊り屋根構造という革新的な技術を用いた傑作となりました。また同時期、彼は「東京計画1960」を発表。東京湾上に都市を拡張する壮大な構想は実現しませんでしたが、都市計画における先駆的なビジョンとして世界的な注目を集めました。戦後の焼け野原から復興した日本が、世界に誇る建築家を生み出した瞬間でした。丹下の挑戦は、技術と芸術の融合により、不可能を可能にする建築家の姿を示しています。
P6E7E522,妹島和世,36,建築・デザイン,プリツカー賞,,あなたと同じ36歳のとき、妹島和世は1992年、自身の建築事務所を設立してから4年目を迎えていました。この年、彼女は「再春館製薬女子寮」を完成させ、建築界から注目を集めます。この作品は、透明性と軽やか...,あなたと同じ36歳のとき、妹島和世は1992年、自身の建築事務所を設立してから4年目を迎えていました。この年、彼女は「再春館製薬女子寮」を完成させ、建築界から注目を集めます。この作品は、透明性と軽やかさを追求した彼女の建築思想が結実したもので、従来の寮のイメージを覆す開放的な空間設計が高く評価されました。まだ女性建築家が少なかった時代、独立して間もない彼女が大きなプロジェクトを成功させたことは、後進の建築家たちに勇気を与えました。この作品は彼女のキャリアにおける重要な転換点となり、後の西沢立衛とのSANAAの結成、そしてプリツカー賞受賞へとつながる道を切り開いたのです。
P26F5CF5,西沢立衛,55,建築・デザイン,プリツカー賞,,あなたと同じ55歳のとき、西沢立衛は2021年に、建築界で最も重要な賞の一つとされるプリツカー賞を、SANAA共同主宰者の妹島和世とともに受賞した実績を持つ建築家として、さらなる挑戦を続けていました。...,あなたと同じ55歳のとき、西沢立衛は2021年に、建築界で最も重要な賞の一つとされるプリツカー賞を、SANAA共同主宰者の妹島和世とともに受賞した実績を持つ建築家として、さらなる挑戦を続けていました。金沢21世紀美術館やルーヴル・ランス、そして豊島美術館など、透明性と軽やかさを特徴とする革新的な建築作品を数多く手がけてきた西沢は、この年齢でも建築の可能性を探求し続けました。環境と建築の境界を曖昧にする独自のデザイン哲学は、世界中の建築家たちに影響を与え、「建築は人々の生活を豊かにする装置である」という信念を体現し続けています。
PA3F6D53,篠田正浩,40,映画・演劇,国際映画祭,,あなたと同じ40歳のとき、篠田正浩は映画『心中天網島』（1969年）を発表し、日本映画界に衝撃を与えていました。近松門左衛門の人形浄瑠璃を大胆に映画化したこの作品で、篠田は黒子を登場させるという革新的...,あなたと同じ40歳のとき、篠田正浩は映画『心中天網島』（1969年）を発表し、日本映画界に衝撃を与えていました。近松門左衛門の人形浄瑠璃を大胆に映画化したこの作品で、篠田は黒子を登場させるという革新的な演出を採用。伝統芸能の形式を現代的に解釈し、虚構と現実の境界を問いかけました。この挑戦的な表現手法は国際的にも高く評価され、カンヌ映画祭でも上映されました。既存の枠組みにとらわれず、伝統文化を新しい視点で捉え直す姿勢は、芸術家として円熟期を迎えた篠田の創造性の高さを示すものでした。
PA5AF44C,嘉納治五郎,70,教育,オリンピック,,あなたと同じ70歳のとき、嘉納治五郎は1930年、国際オリンピック委員会（IOC）委員として、1940年の東京オリンピック招致に向けて精力的に活動していました。講道館柔道の創始者として知られる彼は、こ...,あなたと同じ70歳のとき、嘉納治五郎は1930年、国際オリンピック委員会（IOC）委員として、1940年の東京オリンピック招致に向けて精力的に活動していました。講道館柔道の創始者として知られる彼は、この年齢になっても世界を飛び回り、スポーツを通じた国際交流と青少年教育の重要性を説き続けました。彼は「精力善用」「自他共栄」という柔道の理念を、単なる武道の枠を超えて、人間教育の根本思想として広めようとしていました。70歳を過ぎてもなお、日本のスポーツ界の発展と若者の育成に情熱を注ぎ続けた姿は、生涯教育者としての信念を貫いた証でした。
