episode_id,person_id,person_name,age,事実密度,composite_score
EP-000004,PA8CEB8F,梅若実,56.0,1.0,506.9
EP-000007,P0801AF9,梅原猛,65.0,3.08,518.6
EP-000009,PFED85B8,梅原大吾,64.0,1.9,492.3
EP-000026,PC9D4E1D,樋口恵子,73.0,3.15,520.4
EP-000027,P6F7AFF6,樋口可南子,43.0,3.14,636.7
EP-000030,P615E20C,楠田枝里子,61.0,1.2,493.7
EP-000031,P9452E8E,楠本利夫,29.0,2.83,587.1
EP-000032,P986117E,椎名林檎,17.0,1.9,481.2
EP-000033,P1A37AB4,植田直通,65.0,2.2,543.7
EP-000035,P0DEEA29,森見登美彦,21.0,2.9,502.7
EP-000036,PDE9E879,森美月,25.0,1.39,528.1
EP-000045,P77620F9,松田聖子,15.0,2.25,586.8
EP-000048,PDE2F08C,松本零士,75.0,2.76,622.0
EP-000054,P26511C7,松本清張,72.0,2.2,492.5
EP-000066,P38B2CD6,桂歌丸,61.0,2.7,546.8
EP-000069,PE4710AD,栗城史多,21.0,2.01,557.3
EP-000073,PDE99BF9,柳田邦男,71.0,2.49,521.5
EP-000074,PDE99BF9,柳田邦男,72.0,3.2,498.4
EP-000077,PC2C4341,柳田悠岐,53.0,1.77,548.2
EP-000085,P8C1A8E2,横田早紀江,62.0,2.7,529.0
EP-000086,P2A1AA1D,渡辺謙,25.0,1.0,509.1
EP-000087,P2A1AA1D,渡辺謙,18.0,1.58,511.3
EP-000090,PA067B47,渡辺淳一,63.0,3.4,589.3
EP-000100,P26BCCE5,清原和博,54.0,3.3,562.6
EP-000106,P8638CFE,渡邊雄太,25.0,2.96,521.9
EP-000109,P0B079A5,照ノ富士,25.0,1.96,569.3
EP-000110,PD314880,為末大,33.0,2.5,584.7
EP-000114,P33DB5A0,瀬戸内寂聴,70.0,1.0,488.2
EP-000117,PCDBD460,澤村拓一,53.0,2.7,532.0
EP-000121,P76283A3,満島真之介,25.0,3.08,520.0
EP-000127,P93FDC84,樹木希林,62.0,1.0,482.2
EP-000135,P35D1D18,毛利蘭,17.0,1.2,548.8
EP-000137,P548FFF3,武豊,70.0,1.39,617.9
EP-000141,PF7AD2E0,武田修宏,64.0,1.68,571.8
EP-000142,P279E22D,武尊,27.0,2.6,512.5
EP-000143,PA4ED899,武井壮,14.0,1.78,564.7
EP-000144,P06FCF1D,歌川広重,40.0,2.01,498.8
EP-000146,P8249E03,櫻井翔,32.0,3.1,539.9
EP-000154,PBB9C4C1,津田梅子,6.0,1.92,533.9
EP-000157,PAD58309,津川雅彦,66.0,2.2,533.2
EP-000158,P4B2EE87,河村隆一,25.0,3.19,561.8
EP-000161,PDA49E4B,池田大作,58.0,3.46,582.5
EP-000163,PDA49E4B,池田大作,73.0,2.8,535.7
EP-000169,PCACCC84,池上彰,22.0,1.68,517.1
EP-000170,PFF4AAE2,江戸川コナン,7.0,1.01,541.1
EP-000177,PCDDC643,押井守,38.0,3.33,558.2
EP-000179,PCE1CBF2,戸田恵梨香,25.0,3.25,555.0
EP-000182,PB054C65,恩田陸,52.0,3.34,558.9
EP-000184,P3900500,志村けん,75.0,3.1,541.5
EP-000186,P176F09A,張本勲,72.0,2.25,534.0
EP-000187,P80FAF70,庵野秀明,25.0,1.68,547.7
EP-000192,PDE5F549,平山郁夫,48.0,1.68,480.1
EP-000193,P81AC484,役所広司,25.0,1.87,587.1
EP-000195,PA866A00,新庄剛志,32.0,1.58,633.5
EP-000197,PE40F50B,有吉弘行,32.0,2.2,541.3
EP-000207,P1B35FF4,明治天皇,20.0,2.9,553.3
EP-000208,P5016AA8,早川英治,16.0,2.34,506.6
EP-000210,PCFA4BEC,日野原重明,66.0,2.7,630.4
EP-000213,P52498F7,日本人実業家の稲盛和夫,65.0,2.43,529.1
EP-000214,P43F9981,新渡戸稲造,37.0,2.12,493.6
EP-000223,P15394BD,岡田武史,55.0,2.25,568.1
EP-000227,PF01A690,岡本綾子,54.0,2.8,573.0
EP-000229,PF01A690,岡本綾子,67.0,1.68,577.3
EP-000230,P11BFE96,岡本太郎,22.0,1.68,586.5
EP-000232,P11BFE96,岡本太郎,48.0,3.2,501.1
EP-000236,PBC4ECE7,黒澤明,40.0,3.45,571.7
EP-000244,PC0BF59B,工藤新一,7.0,1.0,516.5
EP-000258,P0A0010A,島田紳助,55.0,2.68,490.8
EP-000266,PD9C231D,東京大学名誉教授の中村桂子,62.0,2.7,605.5
EP-000272,P956018E,村木厚子,34.0,1.9,499.8
EP-000273,P7216F84,村山斉,47.0,3.4,509.9
EP-000275,P2D31CE8,村井純,19.0,2.25,543.8
EP-000277,P4D4D097,村上龍,46.0,2.68,546.0
EP-000280,PDD62718,村田沙耶香,43.0,1.6,501.1
EP-000281,P8C2BDAC,松下幸之助,32.0,3.15,514.2
EP-000282,P8C2BDAC,松下幸之助,55.0,2.76,673.2
EP-000283,PD4AA54D,松井保,68.0,3.07,594.7
EP-000285,P60F2F90,松岡修造,61.0,1.96,549.3
EP-000295,PFD43743,松井秀喜,21.0,2.8,558.0
EP-000296,PFD43743,松井秀喜,45.0,2.09,589.5
EP-000302,P919A872,松井大輔,36.0,2.56,522.4
EP-000307,P677360C,本田圭人,17.0,2.46,546.6
EP-000309,PA76B11E,本村昌紀,33.0,2.21,540.6
EP-000311,PBB3BA57,本庶佑,50.0,2.34,596.0
EP-000312,PAC72636,本多光太郎,61.0,1.77,591.5
EP-000314,PF8D680D,木村重信,73.0,1.3,510.5
EP-000316,P20346E9,木村花,19.0,2.53,557.6
EP-000322,P226B5A7,木村貴志,67.0,2.4,582.0
EP-000326,P38A82F1,村上世彰,52.0,3.2,515.0
EP-000327,PE221FCC,杉村太蔵,71.0,3.25,556.3
EP-000328,PF227C2D,杉本博司,60.0,1.77,487.8
EP-000331,P3781290,杉山愛,48.0,1.8,561.0
EP-000333,PBB1FC74,杉原千畝,66.0,1.4,554.9
EP-000343,PEFFF507,本田望結,21.0,1.96,519.8
EP-000348,P816A697,玉置浩二,56.0,2.34,525.1
EP-000350,P027F56C,輝夜月,1.0,2.67,550.1
EP-000354,PEEE9012,赤松良子,58.0,3.4,510.0
EP-000360,PB59EEA4,谷川俊太郎,73.0,1.0,505.6
EP-000369,P6AEF545,道場六三郎,62.0,3.15,543.9
EP-000371,P93F1A4F,野村秋介,75.0,1.0,501.2
EP-000374,P732CFDC,野村克也,45.0,3.44,578.0
EP-000375,PBCE4F84,野村万作,72.0,2.87,609.8
EP-000376,P3A763A2,野口英世,28.0,2.56,483.8
EP-000378,P94BD701,野口聡一,72.0,1.1,525.1
EP-000380,P510FAC8,野口佳世子,56.0,2.4,571.5
EP-000396,P3B198DC,藤田田,25.0,2.23,510.1
EP-000400,P86DDA8E,藤田紀子,57.0,1.96,558.7
EP-000404,PA215CA1,藤原美穂,58.0,1.9,538.0
EP-000406,PDF3F705,藤原紀香,33.0,1.9,533.2
EP-000411,P0DB9D32,藤野彰,26.0,1.87,544.0
EP-000415,P7AD33AD,西野朗,15.0,2.46,544.6
EP-000417,PB92AD92,西野七瀬,15.0,3.0,579.6
EP-000421,P83612DF,西村嘉央,67.0,1.2,482.1
EP-000426,PF5F76B1,西川廣人,65.0,2.96,581.7
EP-000432,P2AEBC63,蟹江敬三,31.0,2.1,553.0
EP-000435,P12074EA,野田佳彦,32.0,3.46,552.9
EP-000438,P4520485,高橋大輔,56.0,1.9,499.7
EP-000441,P1B25302,高橋周平,63.0,2.56,394.5
EP-000444,P53579A1,高橋健一,62.0,1.59,537.9
EP-000447,P591CF4F,高倉健,75.0,1.71,587.1
EP-000448,P591CF4F,高倉健,69.0,1.5,591.3
EP-000450,PD80FDA9,養老孟司,74.0,2.01,490.0
EP-000451,PD80FDA9,養老孟司,53.0,1.68,548.7
EP-000452,P0315EF8,飯島澄男,69.0,2.2,615.9
EP-000456,PC89479D,高橋源一郎,57.0,2.47,563.6
EP-000457,P2473487,黒沢清,53.0,1.68,515.9
EP-000466,PE0E89D1,髙橋尚子,57.0,3.33,558.2
EP-000469,P43EE66E,高畑勲,15.0,1.58,550.4
EP-000474,P694AD22,高橋義雄,69.0,1.68,524.3
EP-000475,PB582B41,青野慶久,26.0,3.1,601.0
EP-000476,P7A59D4A,野田秀樹,74.0,1.2,543.2
EP-000481,P2DD3C2A,鈴木浩二,56.0,1.8,485.0
EP-000487,PF239048,鈴木誠一,55.0,1.01,547.5
EP-000489,P40891EA,鈴木啓示,54.0,1.68,535.9
EP-000490,P5DD04A3,鈴木信太郎,67.0,3.0,539.1
EP-000494,PA61DDAA,金本知憲,59.0,2.21,499.3
EP-000500,P72D8D22,長友佑都,24.0,3.19,548.8
EP-000507,PD0FDE41,長谷部誠,39.0,2.53,651.5
EP-000510,P99260B5,長谷川眞理子,62.0,3.15,529.3
EP-000511,PA58D8D1,長谷川潔,75.0,3.18,607.0
EP-000512,P81C91BC,長谷川滋利,67.0,2.83,623.0
EP-000517,PC2131F8,長嶋一茂,58.0,3.15,490.5
EP-000519,P0898C9B,葛飾北斎,70.0,3.34,509.6
EP-000521,P24BA870,葉加瀬太郎,17.0,2.07,538.0
EP-000537,P7382ABE,白井貴子,68.0,1.6,579.5
EP-000538,P19C30E7,白井克彦,69.0,1.71,599.6
EP-000541,PE00671F,石井裕也,21.0,2.34,527.6
EP-000542,PE00671F,石井裕也,16.0,3.4,572.0
EP-000547,P00A8693,福井謙一,45.0,3.4,542.5
EP-000548,P5AD8ECE,福井信夫,59.0,1.8,515.8
EP-000549,P5129620,神田沙也加,16.0,2.2,574.0
EP-000550,P7D78194,磯崎新,60.0,3.33,590.3
EP-000551,PEA276D8,碇シンジ,14.0,2.7,501.9
EP-000557,PD8BDC76,石川武,39.0,2.6,534.2
EP-000559,P82CFB5F,石川五右衛門,34.0,1.0,517.7
EP-000560,P6B4C02C,石坂浩二,62.0,1.0,507.1
EP-000561,P4E784FA,石原慎太郎,16.0,3.18,570.4
EP-000567,P7D0FB0B,田中美奈子,22.0,1.2,553.8
EP-000568,P0A7035E,田中秀和,58.0,1.79,536.2
EP-000569,P8A3A7A9,田中淳一,55.0,1.9,537.1
EP-000572,PA15BCF1,田中幸子,57.0,1.0,489.9
EP-000579,P200535C,田中兼作,54.0,2.07,541.7
EP-000581,PF9BE55D,田中信行,63.0,3.2,530.8
EP-000582,P18F0F2D,田中信夫,58.0,3.42,605.8
EP-000585,PD202C30,田中啓治,52.0,1.39,575.9
EP-000588,PDBCB8CD,田中耕治,61.0,1.87,632.8
EP-000589,P1481FAE,田母神俊雄,22.0,1.58,576.5
EP-000591,P3513777,田村正和,68.0,2.3,524.9
EP-000593,PFDB11AC,田村勝正,66.0,2.9,515.9
EP-000599,P14A02D0,田中雅美,62.0,3.23,546.8
EP-000601,P2AD7DE6,田中角栄,58.0,3.18,519.5
EP-000603,PA445963,田中良和,66.0,1.9,565.0
EP-000605,PA445963,田中良和,28.0,2.89,591.5
EP-000611,PE18FF89,胡蝶しのぶ,18.0,1.59,537.5
EP-000613,PD45DD70,羽田健太郎,36.0,2.56,536.6
EP-000619,P73422E6,芥川龍之介,23.0,2.9,520.4
EP-000635,P3AC312D,華岡青洲,40.0,3.1,637.5
EP-000636,P6E1AF17,菜々緒,25.0,2.76,578.3
EP-000638,PFA5F1B8,荒木飛呂彦,64.0,2.25,547.8
EP-000644,P2FC4699,草間彌生,87.0,3.34,515.0
EP-000645,P24DC17B,草野心平,70.0,2.47,539.7
EP-000646,P07CEE9A,草野マサムネ,27.0,3.19,499.9
EP-000649,P00BE6DA,茂木健一郎,19.0,2.34,547.9
EP-000653,P9BB1832,米田智彦,43.0,2.83,540.0
EP-000654,P77AEA02,稲盛和夫,52.0,2.01,558.4
EP-000656,P46CF181,稲川淳二,62.0,2.09,604.1
EP-000660,P4570CB5,福田雄一,74.0,1.68,522.2
EP-000661,PAD45E47,福田萌,21.0,2.67,535.9
EP-000664,P0690D4F,福田和也,29.0,2.25,574.7
EP-000667,P29B3AB0,福沢諭吉,26.0,2.25,549.4
EP-000668,P29B3AB0,福沢諭吉,39.0,1.59,518.2
EP-000673,P77AEA02,稲盛和夫,68.0,2.7,614.3
EP-000682,P059B4BD,篠原一男,54.0,2.9,616.4
EP-000686,P3C16A53,竹内結子,23.0,2.9,541.5
EP-000690,P4F2E1FB,竹内敏晴,59.0,3.15,586.9
EP-000691,P6769909,竹中平蔵,72.0,1.6,529.4
EP-000693,P483F3B8,立川談志,27.0,3.46,595.5
EP-000694,PEDD9C7A,竈門禰豆子,12.0,1.0,603.9
EP-000695,PF5A4BF7,竈門炭治郎,15.0,1.0,529.3
EP-000697,P0BD29C1,山田進,67.0,2.0,541.2
EP-000701,P6A3BCD0,マービン・ミンスキー,20.0,2.89,570.7
EP-000705,P8EE140E,マリー・キュリー,30.0,2.12,518.5
EP-000706,P6C10B66,マリオ,30.0,2.89,589.6
EP-000719,P3FE3113,モンキー・D・ルフィ,17.0,2.01,608.8
EP-000731,PA92337E,リリー・フランキー,26.0,2.7,495.1
EP-000736,P3A577E2,ラリー・ウォール,20.0,3.19,553.6
EP-000738,P979DC6F,ヨシュア・ベンジオ,20.0,3.33,598.0
EP-000746,P623A101,ノーバート・ウィーナー,25.0,3.19,529.5
EP-000753,P91FC66A,ナミ,10.0,1.78,609.2
EP-000754,PE255F82,ドラえもん,10.0,2.2,566.5
EP-000756,P3C79CC1,トニートニー・チョッパー,0.0,2.07,565.8
EP-000762,PCF3A751,パウロ・フレイレ,42.0,2.67,548.6
EP-000770,PAC3E10B,フグ田サザエ,23.0,1.39,574.9
EP-000772,P09DCFB0,ピーター・バラカン,16.0,2.8,536.4
EP-000773,P023077B,ピョートル大帝,20.0,3.0,517.9
EP-000781,P2866051,パパイヤ鈴木,35.0,2.83,611.0
EP-000782,P12FA00F,ヘレン・ケラー,22.0,2.01,534.3
EP-000783,PC0B3CC6,ロロノア・ゾロ,19.0,2.16,489.5
EP-000792,PFC18BEE,中村美紀,62.0,1.0,493.5
EP-000794,P2154B34,中村獅童,33.0,2.89,530.0
EP-000796,P9CBB34F,中村明彦,60.0,2.87,642.6
EP-000797,PD82AB6D,中村天風,58.0,1.0,574.6
EP-000798,P6F169CA,中村哲,31.0,3.46,529.3
EP-000801,PA718FB5,中村勘三郎,72.0,3.46,547.5
EP-000807,P2382BDB,井山裕太,15.0,2.34,531.6
EP-000810,PC1591D7,井上真央,22.0,1.0,499.5
EP-000812,PE44DA09,井上洋介,61.0,1.58,497.3
EP-000813,P38ECA1C,井上朋子,68.0,1.5,485.2
EP-000818,P5D3244A,五木寛之,45.0,2.2,573.4
EP-000821,PC4E9A04,久保裕也,29.0,2.07,581.0
EP-000822,PB0C17DE,久保田利伸,15.0,3.3,506.9
EP-000823,PA718FB5,中村勘三郎,64.0,1.0,563.5
EP-000825,PD266F5A,中村修平,51.0,2.96,571.7
EP-000834,P82BAD5C,三谷幸喜,47.0,2.9,525.6
EP-000835,P82BAD5C,三谷幸喜,52.0,3.2,515.1
EP-000836,PB6F63CA,三田佳子,25.0,3.18,541.5
EP-000838,PF2E3626,三浦知良,26.0,3.39,541.9
EP-000840,P3D9F8EF,三木谷浩史,32.0,3.19,548.9
EP-000845,PACB6535,上田慎一郎,21.0,2.01,527.1
EP-000848,P83A4922,上野千鶴子,18.0,1.13,494.6
EP-000855,P458A67A,中村修也,38.0,1.57,575.1
EP-000858,P3C71E02,中村七之助,39.0,1.0,515.0
EP-000859,P4E0FE3B,中曽根康弘,53.0,3.15,487.2
EP-000863,PE4F5342,中島義道,66.0,3.15,557.7
EP-000864,PAACE7F7,中島洋,42.0,1.3,589.3
EP-000867,P83A4922,上野千鶴子,14.0,3.34,488.7
EP-000869,PB19496D,山田貴司,65.0,1.01,563.9
EP-000875,P1281647,はたけカカシ,5.0,1.96,567.6
EP-000885,P57DFFA3,うずまきナルト,12.0,2.34,499.0
EP-000886,P8B04BC4,いとうせいこう,44.0,2.5,527.0
EP-000888,PB650EE1,あいみょん,23.0,2.34,500.5
EP-000890,P01F35F4,そらる,30.0,1.9,489.8
EP-000892,PD28B9A4,アイザック・ニュートン,60.0,2.89,510.6
EP-000895,P4CD39ED,アレキサンダー・マックイーン,20.0,3.19,518.2
EP-000896,P04E0675,アルベルト・アインシュタイン,42.0,3.33,516.9
EP-000897,PF376125,アルフレッド・ノーベル,30.0,3.19,583.0
EP-000899,P29D7CFD,アルフレッド・クルップ,21.0,2.67,617.2
EP-000922,PF067F8E,常田大希,28.0,3.0,526.6
EP-000928,P27E4A44,バッドホップ,25.0,3.19,514.3
EP-000954,P42AFE6F,ジャン・ピアジェ,25.0,2.67,513.4
EP-000959,P8BC14C4,ジェーン・グドール,20.0,3.19,589.3
EP-000966,P95F5A3B,シドニー・スウィーニー,25.0,3.03,602.5
EP-000969,PBB4743C,サンジ,13.0,2.25,535.5
EP-000971,PE150E53,ジョン・デューイ,37.0,1.57,575.5
EP-000977,P483F2B3,ダイアン・フォッシー,20.0,2.12,519.0
EP-000981,P5822AC5,セーラームーン（月野うさぎ）,14.0,2.8,598.0
EP-000992,PF57640C,サトシ,6.0,2.16,560.5
EP-001011,PEA5126F,カール・マルクス,20.0,3.12,588.9
EP-001014,P3B0F758,サザエさん,24.0,1.46,485.7
EP-001015,PFB8BC63,サイ・ヤング,20.0,3.45,532.5
EP-001019,P6DFDAFA,コレコレ,28.0,3.0,507.2
EP-001026,P5E9B9C0,クロード・シャノン,20.0,3.19,551.9
EP-001031,PD81D5F8,ガンダム（RX-78-2）,15.0,3.33,617.4
EP-001033,PF2BB9B3,井村裕夫,63.0,2.3,540.1
EP-001037,P0581C31,安藤美姫,49.0,2.4,487.8
EP-001043,P6F3D783,室伏重信,66.0,2.96,541.2
EP-001044,PF6C5EE4,安藤忠雄,57.0,1.3,602.1
EP-001045,P8C79865,安宅和人,48.0,2.67,546.2
EP-001064,P41C1EB0,宮崎義彦,67.0,1.6,581.4
EP-001068,P98BF9B1,宮本武蔵,64.0,1.39,536.2
EP-001069,P7995126,宮本慎也,54.0,1.0,519.0
EP-001070,PA49D682,宮本亜門,19.0,2.46,541.9
EP-001071,PA49D682,宮本亜門,51.0,1.8,488.9
EP-001072,P024D42C,宮本えりな,14.0,3.0,486.2
EP-001076,P7E0F1FE,孫悟飯,4.0,1.0,529.8
EP-001077,P6009D71,孫悟空,18.0,2.67,572.4
EP-001078,PC2F678D,大谷亮平,36.0,1.49,543.0
EP-001080,P4154964,大西卓司,59.0,2.58,594.4
EP-001092,P4B14B67,大宅壮一,57.0,1.68,513.6
EP-001093,PED908BB,大塚愛,18.0,1.2,488.3
EP-001101,P7AF8CAC,奥田民生,41.0,2.2,505.8
EP-001102,P0B61423,奥村愛,16.0,1.7,526.6
EP-001105,P41ABEE1,奈良美智,50.0,1.0,514.1
EP-001110,P4E95933,大隈重信,62.0,2.38,510.0
EP-001111,PEBAC6AF,大隈良嶺,27.0,1.46,528.5
EP-001113,PD854FC4,大隅良典,74.0,3.44,625.8
EP-001116,P7CA92E5,大野勝彦,68.0,2.1,520.9
EP-001119,P4D2505E,小室哲哉,49.0,1.0,522.0
EP-001120,P9342FDA,小山田圭吾,67.0,1.58,510.4
EP-001123,P12B3C89,山崎豊子,60.0,1.33,490.5
EP-001135,P29D0C81,山中教授,75.0,3.23,509.9
EP-001138,P9602A59,山中伸弥,34.0,3.1,571.4
EP-001145,P6EAD8F8,山田穣,29.0,2.23,564.2
EP-001149,P0D3C801,山田孝之,27.0,1.59,542.1
EP-001155,PA4DD9CB,山田信夫,68.0,2.46,548.1
EP-001158,P8C3676F,山村浩二,55.0,2.12,499.2
EP-001161,PCD124CC,山本義彦,68.0,2.1,531.5
EP-001162,P4F2A214,山下達郎,28.0,3.33,532.0
EP-001164,P7F16416,山下清,60.0,1.0,517.8
EP-001169,P706C969,小林正明,64.0,3.34,549.3
EP-001173,P9EAA615,小林一三,20.0,2.67,544.6
EP-001175,P67BBCC8,小林カツ代,68.0,1.0,519.8
EP-001178,P413820A,小川直樹,59.0,3.48,562.6
EP-001180,PDDF26DB,小川信行,56.0,1.2,493.9
EP-001182,PB8C371B,小島秀夫,21.0,3.33,576.6
EP-001199,P32177CA,小泉純一郎,52.0,2.25,560.4
EP-001202,P70575F6,小池百合子,64.0,2.3,543.8
EP-001206,PD1F7F98,山下洋輔,69.0,1.0,480.6
EP-001208,PDB7C452,大塚久美子,48.0,1.0,478.9
EP-001210,P3B85A1D,出口治明,32.0,2.67,494.9
EP-001211,P3B85A1D,出口治明,14.0,1.6,505.0
EP-001214,P2B5E0FE,内藤大助,33.0,2.7,516.9
EP-001218,P6CF416F,出川哲朗,34.0,2.2,560.1
EP-001221,P4E407FF,佐野稔,61.0,1.5,507.2
EP-001223,PDEE045B,佐藤輝明,49.0,2.7,611.2
EP-001227,PFF437F9,入江陽,29.0,1.79,519.4
EP-001232,P2328FDD,北原義昭,62.0,2.01,500.8
EP-001234,P90F36A2,加藤純一,32.0,2.56,490.7
EP-001238,PF421EDF,加藤一二三,14.0,1.57,509.3
EP-001241,PC718BA0,前田敦子,21.0,2.01,480.1
EP-001242,P85EB614,前田建設工業の前田又兵衛,61.0,3.23,582.8
EP-001244,PD819C09,前澤友作,36.0,3.39,491.7
EP-001250,PD0BA4CF,伊藤若冲,15.0,1.2,525.0
EP-001253,P28851A9,伊藤大海,32.0,3.2,488.5
EP-001254,P5BB7FF7,伊藤博文,55.0,2.12,595.7
EP-001255,P911C161,伊藤雅範,52.0,2.75,504.0
EP-001256,P5BB7FF7,伊藤博文,44.0,1.8,487.7
EP-001257,P5BB7FF7,伊藤博文,56.0,2.21,488.2
EP-001260,P4E441DD,伊東豊雄,71.0,3.12,530.2
EP-001261,P06BF94A,今村雅弘,17.0,1.0,481.9
EP-001268,P1CF29D3,佐藤忠志,75.0,1.02,484.6
EP-001270,PE0D5753,佐藤可士和,46.0,3.03,584.9
EP-001272,PE0D5753,佐藤可士和,21.0,3.1,514.2
EP-001273,PF9EFE3B,佐藤勝彦,64.0,2.8,487.8
EP-001274,PF9EFE3B,佐藤勝彦,63.0,1.3,578.4
EP-001275,P40C8A48,佐藤光男,67.0,1.0,528.3
EP-001279,P3697AB1,佐々木常夫,52.0,3.25,564.5
EP-001281,PE360274,佐々木則夫,44.0,2.2,542.9
EP-001290,P374F578,坂本九,21.0,1.96,499.6
EP-001296,P1B83B2F,向井千秋,70.0,1.46,387.9
EP-001308,P23C26A4,坂本龍馬,30.0,1.33,489.6
EP-001309,P23C26A4,坂本龍馬,67.0,1.0,399.5
EP-001329,PE5F69C4,吉田正,75.0,2.68,486.6
EP-001332,P47372D9,原晋,65.0,3.45,566.4
EP-001336,P5578985,南部陽一郎,87.0,3.45,583.9
EP-001343,P55FFF50,北野日奈子,41.0,1.0,483.2
EP-001345,P02FA518,北里柴三郎,37.0,3.29,503.7
EP-001355,PFF72957,吉田兼好,66.0,1.0,389.0
EP-001360,PCD78A83,古川利明,64.0,1.33,381.3
EP-001387,P7D291FA,角幡唯介,51.0,2.71,506.9
EP-001410,P0472748,柳宗悦,68.0,3.04,490.5
EP-001411,P98D6D23,村野藤吾,32.0,2.38,600.1
EP-001418,PB91C052,森有礼,51.0,2.16,501.2
EP-001423,PEF6AF3A,斎藤喜博,40.0,2.71,521.5
EP-001426,P172A287,林竹二,35.0,3.4,484.2
EP-001427,P91D56E5,齋藤孝,57.0,2.23,510.4
EP-001450,P564BAB4,原節子,70.0,3.04,490.9
EP-001451,P07A779C,田中絹代,24.0,3.4,494.9
EP-001452,P257E099,松たか子,22.0,3.3,489.3
EP-001457,PECD03AB,太宰治,42.0,3.04,521.7
EP-001481,PE2C2583,種田山頭火,40.0,2.09,611.3
EP-001482,P8BF77B7,中原中也,31.0,3.04,499.9
EP-001483,PF959A20,萩原朔太郎,46.0,1.9,398.5
EP-001484,P82F7F58,高村光太郎,50.0,2.27,521.3
EP-001485,PEA80B88,北原白秋,26.0,1.71,529.7
EP-001486,P3A763A2,野口英世,25.0,3.4,521.7
EP-001489,P072AD0B,志賀潔,48.0,3.3,493.7
EP-001492,PA922C37,高木兼寛,40.0,2.79,547.4
EP-001498,PCFA4BEC,日野原重明,33.0,3.48,500.9
EP-001499,P1313787,吉岡弥生,22.0,3.0,519.4
EP-001500,PABC7B02,荻野吟子,24.0,1.33,542.0
EP-001508,P559E659,平山雄,22.0,2.27,515.7
EP-001509,P1EFDEAA,蟹江ぎん,40.0,2.68,373.1
EP-001510,PBFB86A5,ルパン三世,26.0,1.79,518.2
EP-001513,P57DFFA3,うずまきナルト,32.0,1.13,504.3
EP-001514,P0159D47,うちはサスケ,42.0,1.0,487.3
EP-001516,P91FC66A,ナミ,25.0,1.4,518.4
EP-001517,PE2DD077,セフィロス,29.0,2.75,522.0
EP-001518,P583D634,ケンシロウ,27.0,1.46,493.3
EP-001522,PC72B176,二葉亭四迷,53.0,3.08,526.8
EP-001523,P03FBCA2,幸田露伴,43.0,2.27,492.0
EP-001525,P5D9D6AE,吉益東洞,26.0,1.77,536.4
EP-001530,PE6FD819,親鸞,69.0,1.33,503.3
EP-001536,P8A02144,一休宗純,21.0,1.0,479.7
EP-001541,P14AD640,白瀬矗,57.0,3.0,551.4
EP-001545,P63F8148,高田屋嘉兵衛,31.0,1.33,395.1
EP-001555,P93246E9,松浦武四郎,44.0,1.77,532.4
EP-001556,P5344798,大谷光瑞,45.0,3.4,522.1
EP-001579,P7761DC1,小津安二郎,49.0,3.4,535.9
EP-001580,PB818969,溝口健二,47.0,2.8,514.6
EP-001595,PE23CD3F,深作欣二,22.0,3.4,522.9
EP-001596,P29B3AB0,福沢諭吉,23.0,2.45,523.9
EP-001599,P9474218,内村鑑三,22.0,2.53,589.0
EP-001607,PB1B157C,渋沢栄一,53.0,2.46,392.8
EP-001679,P1E93EED,横山大観,56.0,2.9,555.7
EP-001709,PD1403E0,御木本幸吉,25.0,3.1,591.9
EP-001715,P77AEA02,稲盛和夫,49.0,2.27,504.4
EP-001741,PAC72636,本多光太郎,20.0,2.6,500.6
EP-001744,P37D6167,茅誠司,49.0,1.9,490.9
EP-001747,P3A763A2,野口英世,21.0,1.46,597.4
EP-001751,PF51199C,黒田チカ,51.0,3.4,478.7
EP-001752,PBFBAFB2,坂田昌一,30.0,3.0,541.3
EP-001755,P1DB6CC2,木戸孝允,33.0,1.33,490.9
EP-001756,P69F3D9C,勝海舟,60.0,1.33,494.1
EP-001762,PAFB5B2C,夏目漱石,54.0,2.27,505.5
EP-001764,PAF4452A,岩崎弥太郎,25.0,1.33,489.6
EP-001766,P575B45B,陸奥宗光,37.0,2.5,589.6
EP-001782,PC302AD8,伊能忠敬,50.0,1.0,542.5
EP-001787,P6C106C9,与謝蕪村,36.0,1.13,389.4
EP-001788,P72A9398,小林一茶,21.0,1.0,482.8
EP-001790,P2593CE3,上田秋成,68.0,1.0,390.6
EP-001793,P8A3DD10,菱川師宣,29.0,2.1,396.9
EP-001794,P539BE73,良寛,40.0,1.0,378.3
EP-001804,PCC99ECF,花柳寿楽,54.0,1.0,372.0
EP-001847,PBE93407,赤塚不二夫,60.0,3.08,595.0
EP-001875,PAC33733,ベートーヴェン,18.0,2.1,503.8
EP-001876,PF44A276,ショパン,15.0,2.45,570.3
EP-001878,P72ADDD0,米津玄師,18.0,2.45,479.9
EP-001880,PC40E5B3,YOASOBI（幾田りら）,15.0,1.79,478.7
EP-001881,PEC07F35,マーク・ザッカーバーグ,15.0,3.19,549.0
EP-001883,PABED904,スティーブ・ジョブズ,18.0,1.77,551.2
EP-001885,P02B77F9,堀江貴文,14.0,1.9,507.1
EP-001894,PEF7C51E,ヨシキ,15.0,3.0,571.3
EP-001896,PAFB5B2C,夏目漱石,14.0,1.0,480.3
EP-001899,P1D59005,川端康成,17.0,2.68,525.8
EP-001900,P72B391A,三島由紀夫,14.0,2.46,396.0
EP-001902,P81F556E,手塚治虫,16.0,1.9,561.9
EP-001906,PC302AD8,伊能忠敬,76.0,2.16,493.6
EP-001908,PCFA4BEC,日野原重明,73.0,3.48,533.5
EP-001911,P33DB5A0,瀬戸内寂聴,76.0,1.0,487.1
EP-001923,P38B2CD6,桂歌丸,82.0,2.71,484.8
EP-001930,PFC44484,きんさんぎんさん,77.0,2.16,539.1
EP-001935,P80B8474,谷崎潤一郎,75.0,1.88,382.1
EP-001938,P1EF2A1F,遠藤周作,71.0,1.46,490.2
EP-001939,P5D3244A,五木寛之,80.0,3.4,524.2
EP-001941,P349593F,梅棹忠夫,71.0,2.3,524.0
EP-001964,PDE55A4B,林家木久扇,30.0,3.15,505.0
EP-001969,P26BCCE5,清原和博,45.0,2.27,507.3
EP-001978,PBC4ECE7,黒澤明,24.0,2.6,493.0
EP-002000,P33DB5A0,瀬戸内寂聴,55.0,1.9,514.0
EP-002016,P33DB5A0,瀬戸内寂聴,57.0,1.71,603.3
EP-002031,PE7588C0,宇多田ヒカル,4.0,1.46,395.6
EP-002068,P34EA398,北野武,45.0,3.3,558.1
EP-002073,P2A1AA1D,渡辺謙,45.0,2.45,520.7
EP-002136,PB29FA36,柳楽優弥,18.0,2.68,561.7
EP-977184,PD7F00A6,イチロー,5.0,3.0,543.9
EP-1B9A98,P972C987,クリスティアーノ・ロナウド,15.0,2.45,528.9
EP-846FB6,P76D13BF,テイラー・スウィフト,16.0,2.75,537.0
EP-D3947E,PF17D7AB,エド・シーラン,20.0,2.45,496.5
EP-065C48,PE261076,アデル,19.0,1.49,521.0
EP-591326,PE261076,アデル,27.0,2.56,537.8
EP-D2C5C9,P8152D4C,徳川家康,40.0,1.0,529.7
EP-F77614,PE5C25AF,織田信長,19.0,1.21,541.3
EP-A40C97,PE5C25AF,織田信長,35.0,2.46,492.1
EP-41B4D0,PE5C25AF,織田信長,47.0,1.0,370.9
EP-4D0674,PEC80ECA,豊臣秀吉,55.0,1.0,377.4
EP-C0F60A,PC871196,ガンジー,24.0,2.45,493.9
EP-9E249A,P6EE2A19,マンデラ,71.0,3.08,616.9
EP-02B2B6,P18312C9,チェ・ゲバラ,26.0,1.3,552.7
EP-44C7B7,P6009D71,孫悟空,30.0,2.49,480.1
EP-92CA78,P791003A,ナルト,12.0,1.1,484.8
EP-960B14,P5F2E4CE,エレン・イェーガー,15.0,2.67,534.1
EP-5A777E,P1E1E382,ミカサ・アッカーマン,15.0,1.0,492.3
EP-44A971,P59E5746,リヴァイ,30.0,1.49,528.1
EP-FDCCB5,P761C2C3,ルフィ,17.0,1.0,544.1
EP-91CA9D,P761C2C3,ルフィ,19.0,1.58,613.7
EP-7EA907,P428A6F4,ゾロ,19.0,1.0,487.5
EP-2F84B3,P0AF34B8,禰豆子,14.0,1.55,485.1
EP-B6AD57,PDF833A1,虎杖悠仁,15.0,1.39,531.7
EP-C0E768,P970A0CD,トーマス・エジソン,22.0,3.45,588.2
EP-87CAB4,PED4DBC2,ニコラ・テスラ,28.0,2.45,484.9
EP-2D9B73,PED4DBC2,ニコラ・テスラ,40.0,2.1,500.0
EP-6EFF76,PA647C8E,ガリレオ・ガリレイ,25.0,1.46,483.8
EP-CA6B96,P6A10FB7,ゴッホ,33.0,2.7,583.7
EP-4BDD05,P7B3C561,ミケランジェロ,23.0,3.45,516.3
EP-2973A0,P1FB07D9,クロード・モネ,26.0,2.4,523.8
EP-EDE000,P1FB07D9,クロード・モネ,43.0,2.49,605.7
EP-C01EB6,PC34E000,バッハ,23.0,3.06,589.8
EP-807A16,PC34E000,バッハ,38.0,2.79,532.6
EP-0909C3,P1D91E90,シェイクスピア,25.0,3.0,510.2
EP-91ECE9,P606493C,ソクラテス,40.0,2.5,516.5
EP-34CD56,P606493C,ソクラテス,60.0,2.34,521.9
EP-138DE6,P637BBEB,プラトン,28.0,2.07,550.0
EP-42593E,PB494835,アリストテレス,17.0,2.4,551.3
EP-548BED,PAB07C14,ニーチェ,44.0,2.46,484.3
EP-B6067B,P9026B5,ジェームズ・ワット,45.0,2.5,512.9
EP-E4A727,P9026B5,ジェームズ・ワット,60.0,3.2,548.8
EP-C87B97,PF57751,オスカー・ワイルド,44.0,3.36,557.0
EP-B1F19B,P44BD08,ダライ・ラマ14世,75.0,1.6,538.4
EP-7BD0AD,P08274D,イェール・ハイエルダール,60.0,2.8,542.1
EP-695AB7,P52C3157,エリオット・ペイジ,25.0,2.45,502.5
EP-389BF9,PF93E7A2,イノラン,20.0,2.0,487.1
EP-4F19DE,P78E1672,アヤセ,30.0,2.67,566.8
EP-9ED19D,P68554FC,小松菜奈,25.0,2.2,543.9
EP-6E0B25,P0D3C801,山田孝之,25.0,1.1,556.5
EP-554713,PBACD62C,タクロウ,20.0,2.67,530.4
EP-FF651F,PDC2A13D,永野芽郁,25.0,1.2,552.8
EP-230A03,P69E73E5,菅田将暉,25.0,1.0,518.9
EP-658CEC,P40C3C41,横浜流星,25.0,1.2,497.9
EP-94BA7D,PCFB92D5,山﨑賢人,25.0,2.8,518.6
EP-AA7A8C,P36EAE98,広瀬すず,25.0,2.1,536.7
EP-D34D1E,PE46542E,ヒサシ,20.0,3.4,552.4
EP-6CE84B,PFB1EFB3,西郷隆盛,40.0,1.0,556.9
EP-B64600,PFB1EFB3,西郷隆盛,55.0,2.21,489.2
EP-1C7B98,PFE4209C,はるな愛,25.0,2.56,564.1
EP-EF60FF,P9F95E28,深瀬,20.0,2.5,539.2
EP-557762,PF8E1137,おすぎ,25.0,3.4,523.3
EP-CC12DA,P13D1ACB,聖徳太子,40.0,1.0,495.8
EP-4E59C4,P13D1ACB,聖徳太子,55.0,1.0,498.8
EP-F47CF3,P2217602,いとうあさこ,25.0,1.01,544.7
EP-B4F9FF,P2217602,いとうあさこ,40.0,2.53,598.1
EP-AF45AB,PFF44570,ジェイ,20.0,1.57,556.3
EP-7FC273,P83AEFFE,上田麗奈,25.0,2.2,481.4
EP-B694EC,P0D5792F,中村悠一,25.0,2.4,509.8
EP-4D5A53,PB5F58CE,上坂すみれ,25.0,1.49,552.0
EP-05F245,P3DAC69C,花澤香菜,25.0,1.6,487.1
EP-354D26,P8D2EC51,雨宮天,25.0,1.68,503.6
EP-CB589D,PAD06E82,早見沙織,25.0,1.5,508.9
EP-00A195,P6913FDA,鬼頭明里,25.0,2.2,499.6
EP-B634FA,P6D663F6,日笠陽子,25.0,2.8,502.8
EP-46D988,P21176EF,斉藤壮馬,25.0,1.77,524.7
EP-882B58,PB358C07,茅野愛衣,25.0,1.0,567.3
EP-8D83B9,P0CD5252,モーガン・フリーマン,25.0,2.89,531.0
EP-EB492F,P32E0BE7,松田龍平,25.0,1.0,530.1
EP-26CE40,P6D52AB2,杉野遥亮,25.0,1.2,483.7
EP-399926,PFC41C55,高良健吾,25.0,1.5,553.5
EP-A59107,P7764F5A,加藤 蓮,25.0,1.57,508.0
EP-667633,P6AE6E2B,ヒース・レジャー,25.0,2.0,521.7
EP-55B101,P34ED098,チャドウィック・ボーズマン,25.0,2.75,525.5
EP-156024,P188D902,渡哲也,25.0,1.57,521.5
EP-E40CBF,P4242D9C,織田裕二,25.0,1.0,495.2
EP-FF936D,P4520485,高橋大輔,90.0,2.4,534.5
EP-33E235,P38ECA1C,井上朋子,86.0,1.0,494.7
EP-15FCFF,P56E86D8,藤沢周平,74.0,1.0,490.0
EP-537209,PF9785C3,石井雅之,73.0,2.9,574.0
EP-5E73C9,P1A37AB4,植田直通,70.0,2.7,568.0
EP-68ABB7,PB259D95,宮脇咲良,89.0,2.4,496.2
EP-8600A0,PA287E38,山田玲司,71.0,1.0,505.7
EP-310AB2,P60F2F90,松岡修造,83.0,1.6,485.3
EP-C2AC67,P75CD103,岡島悦子,89.0,2.5,499.3
EP-30DC0F,P0693372,小田原淳,71.0,1.0,493.4
EP-A0C217,P7650C16,河瀨直美,84.0,1.7,495.3
EP-0782B1,P99E2071,藤子・F・不二雄,87.0,1.2,508.4
EP-D42D5B,P2217602,いとうあさこ,70.0,2.5,489.6
EP-D89001,P668F706,山海嘉之,88.0,1.8,559.0
EP-827FE6,P94BD701,野口聡一,84.0,1.6,512.8
EP-60A7F7,PD0B0634,田島直人,77.0,2.7,508.4
EP-A38A7F,PE019053,アガサ・クリスティ,71.0,1.4,487.6
EP-1C105C,PFCBDFE9,石坂公成,80.0,2.5,512.6
EP-7501B3,P69EC749,平井一夫,90.0,2.5,498.6
EP-53A6D3,P3B5CB83,稲垣浩,80.0,1.1,492.5
EP-C9C17A,P6E7E522,妹島和世,74.0,2.1,489.9
EP-DE2696,P38A82F1,村上世彰,78.0,1.0,517.0
EP-DE48B9,P6F283C4,白川静,82.0,1.0,399.7
EP-BD7116,P4F5CB5B,向田邦子,12.0,1.0,387.5
EP-72C5C2,P38A82F1,村上世彰,6.0,2.9,501.7
EP-726F09,P8A3DD10,菱川師宣,9.0,1.0,393.0
EP-AD8558,PB0B4861,吉田麻也,14.0,2.8,555.0
EP-60559B,P69F3D9C,勝海舟,1.0,1.0,399.7
EP-60AC23,P8B441AE,カリーム・アブドゥル＝ジャバー,6.0,3.1,494.8
EP-3D30E1,P36EBB77,ベーブ・ルース,5.0,1.0,391.2
EP-BCF1EA,P80B8474,谷崎潤一郎,8.0,1.2,388.0
EP-2584E5,PB582B41,青野慶久,5.0,2.8,508.6
EP-20E516,P3019E3E,小栗旬,14.0,1.5,492.5
EP-56E3D3,PA922E54,最上徳内,2.0,1.0,377.5
EP-4D9F48,P67A43A8,坂茂,6.0,1.9,391.3
EP-25ACDA,P7D523C9,ライオネス飛鳥,26.0,2.3,508.4
EP-CC96D6,P6CDA9B0,西山朋佳,27.0,1.0,375.4
EP-EF3A92,PF8FB941,里見香奈,38.0,2.46,505.5
EP-AAE30F,P318D269,鳥羽和久,31.0,1.0,389.9
EP-3F9988,P7111D7A,三國清三,33.0,2.12,539.6
EP-4423CF,P8515275,湊あくあ,26.0,2.23,492.3
EP-90CAC2,PB078FDE,星街すいせい,29.0,3.33,481.7
EP-05DDA1,P62072A2,早田ひな,27.0,3.34,518.3
EP-1A9335,P283EBFB,工藤めぐみ,34.0,2.89,513.1
EP-AC1082,P2B2AF14,里村明衣子,37.0,3.0,484.5
EP-9DFB4B,PABD95B4,中野たむ,39.0,2.95,515.4
EP-DC0A85,PF409306,岩谷麻優,26.0,2.89,511.8
EP-F9759C,PAC5749C,神田川俊郎,39.0,2.21,480.8
EP-E3732F,P4CD61F8,ゆうこす,40.0,2.75,481.8
EP-B10A96,PAC125FD,藤本万梨乃,28.0,2.34,502.6
EP-C84B32,P9E3F54F,イマセ,40.0,3.23,499.0
EP-8491B6,P5723338,アスカ,25.0,2.89,514.8
EP-29E12C,P7D523C9,ライオネス飛鳥,30.0,2.89,480.6
EP-516AE8,P3C96628,ローランド,20.0,2.67,507.6
EP-F529BD,P7111D7A,三國清三,20.0,2.23,523.9
EP-1586FD,P708B813,中村孝明,20.0,2.01,504.7
EP-A77A24,P708B813,中村孝明,25.0,2.2,509.1
EP-4CCF69,P3F5A5D3,坂井宏行,20.0,2.67,529.2
EP-CC6620,P4F0039C,坂本花織,20.0,3.1,526.5
EP-C7301A,P1FE3BF9,紫雷イオ,20.0,2.45,515.0
EP-C4814E,P6CDA9B0,西山朋佳,20.0,1.33,515.3
EP-E0E927,P6AEF545,道場六三郎,20.0,1.0,506.9
EP-E620FD,P6AEF545,道場六三郎,25.0,3.33,540.8
EP-0FB744,P318D269,鳥羽和久,25.0,1.57,500.6
EP-CE3CB0,PB078FDE,星街すいせい,20.0,2.45,480.5
EP-43C403,P10427DB,てつや,20.0,1.68,606.9
EP-386ADB,P8515275,湊あくあ,22.0,3.4,565.5
EP-977209,PBCF465A,フェイフェイ・リー,66.0,2.12,499.9
EP-977232,PDE0DBF2,ジム・ジャームッシュ,22.0,2.75,511.1
EP-977246,PA50691E,ギレルモ・デル・トロ,20.0,2.95,483.2
EP-977285,P50B04C8,ジョン・マッケンタイア,36.0,3.25,503.2
EP-977304,P36676B1,葛西紀明,59.0,3.0,501.4
EP-977319,P394D920,ベートーベン,40.0,3.23,542.1
EP-977332,P7E4501B,オプラ・ウィンフリー,22.0,2.46,624.8
EP-977340,P23AE666,サンダー・ピチャイ,30.0,2.75,389.4
EP-977346,P4E1BBE9,香川照之,25.0,3.4,510.2
EP-977358,P81AC484,役所広司,56.0,3.01,485.5
EP-977367,P7DFA2DF,浜辺美波,24.0,3.19,526.6
EP-977370,PC330222,西島秀俊,23.0,3.4,544.9
EP-977382,P226318E,太田光,59.0,2.45,504.1
EP-977384,P8D38D2A,田中裕二,21.0,2.79,540.3
EP-977391,P9B318B2,バカリズム,49.0,1.79,387.1
EP-977394,P307CF34,千原ジュニア,50.0,3.4,563.6
EP-977396,P446F6C9,陣内智則,50.0,2.23,536.4
EP-977407,P8152D4C,徳川家康,52.0,1.33,499.9
EP-977409,PBE379D4,足利尊氏,61.0,1.33,385.8
EP-977418,P69F3D9C,勝海舟,50.0,1.33,518.2
EP-977422,P02FA518,北里柴三郎,40.0,2.66,536.9
EP-977423,P13D1ACB,聖徳太子,30.0,2.6,502.7
EP-977425,PAE8B089,紫式部,22.0,1.0,498.8
EP-977428,P0898C9B,葛飾北斎,29.0,2.6,523.3
EP-977433,PDDFFE60,杉田玄白,23.0,2.46,540.6
EP-977434,P7F345D0,平賀源内,23.0,1.13,385.8
EP-977468,PDD69B98,八代亜紀,39.0,3.4,540.9
EP-977485,P38A28D9,岸田文雄,63.0,3.04,482.7
EP-977486,PA4ED84C,菅義偉,61.0,3.48,519.5
EP-977495,P637D35E,蓮舫,50.0,3.4,551.3
EP-977497,P85A26E6,枝野幸男,57.0,3.04,529.4
EP-977498,PAF4C0D4,志位和夫,49.0,2.71,487.5
EP-977503,PA73FA73,橋本龍太郎,67.0,3.4,526.2
EP-977504,P956F53F,細川護熙,47.0,2.71,526.5
EP-977508,P12074EA,野田佳彦,49.0,3.4,503.9
EP-977509,P08A0928,鳩山由紀夫,48.0,3.4,585.1
EP-977510,P696DEEE,菅直人,56.0,2.27,571.2
EP-977532,P8279E14,南場智子,36.0,2.75,514.8
EP-251205426,P548241E,林修,31.0,1.0,513.4
EP-251205440,P99E2071,藤子・F・不二雄,21.0,3.4,503.7
EP-251205462,P8DA58F5,高山みなみ,60.0,2.45,505.4
EP-251205479,P7CC7247,辻希美,37.0,2.56,529.2
EP-251205484,P86A3749,宮川大輔,40.0,1.9,560.3
EP-251205485,PE4CBCD4,テリー伊藤,25.0,1.57,490.9
EP-251205499,P23C26A4,坂本龍馬,30.0,2.66,548.5
EP-251205500,PFB1EFB3,西郷隆盛,33.0,1.33,503.0
EP-251205504,PDED0B2C,上杉謙信,47.0,1.33,370.4
EP-251205506,PA1082DF,前田利家,59.0,1.33,385.1
EP-251205507,P9DE0BE0,黒田官兵衛,47.0,1.77,489.2
EP-251205523,P6332921,安住紳一郎,21.0,1.79,517.1
EP-251205546,P6AEF545,道場六三郎,39.0,2.34,481.0
EP-251205551,P563813E,落合務,46.0,3.19,484.3
EP-251205555,P267E2CA,コウケンテツ,50.0,1.57,497.7
EP-251205571,P26E8196,伊藤元重,48.0,3.4,381.8
EP-251205573,P177830F,岩井克人,50.0,2.27,506.2
EP-251205578,PABF043E,小林慶一郎,34.0,2.46,386.3
EP-251205582,P8B7621B,楠木建,60.0,3.4,481.6
EP-251205587,PFB1EFB3,西郷隆盛,35.0,1.33,564.0
EP-251205593,PF550A13,白洲次郎,46.0,3.4,491.1
EP-251205597,P43728D4,板垣退助,54.0,1.33,479.8
EP-251205601,PBB3BA57,本庶佑,21.0,3.01,529.9
EP-251205613,PC270B85,吉本ばなな,47.0,3.4,485.5
EP-251205624,PBC053EC,金原ひとみ,29.0,1.88,506.1
EP-251205631,P11AD686,今敏,43.0,2.75,486.4
EP-251205634,P200E741,片渕須直,64.0,2.45,385.3
EP-251205658,P0E7610D,坂口博信,64.0,1.79,541.7
EP-251205662,P0CA93B3,神谷英樹,54.0,2.95,512.4
EP-251207002,P6E63A05,佐藤浩市,45.0,2.3,538.2
EP-251207003,P71462E3,宮沢りえ,35.0,3.06,604.8
EP-251207004,PCB6433A,深津絵里,35.0,2.77,526.7
EP-251207006,PFCC8E6B,ロバート・デ・ニーロ,45.0,1.3,502.6
EP-251207007,P8786CCA,メリル・ストリープ,40.0,2.66,555.5
EP-251207008,P1C99095,アル・パチーノ,35.0,2.46,501.7
EP-251207014,PAEAF993,ケイト・ウィンスレット,30.0,3.06,527.5
EP-251207149,P8B27270,乃木希典,50.0,1.9,555.1
EP-251207150,P79FEDAB,吉田松陰,25.0,1.0,484.8
EP-251207788,P450D8E3,中谷美紀,42.0,1.0,508.9
EP-251207789,PA199A34,松嶋菜々子,35.0,2.68,590.0
EP-251207792,P8786CCA,メリル・ストリープ,50.0,2.68,634.0
EP-251207793,PCED5781,ジュリア・ロバーツ,35.0,3.36,561.2
EP-251207794,PFCC8E6B,ロバート・デ・ニーロ,40.0,3.26,502.0
EP-251207800,P27252C6,ウィル・スミス,35.0,3.29,511.7
EP-251207633,P8BCA4FA,足利義満,45.0,1.0,514.3
EP-251207634,P97D2BFA,アレクサンドロス大王,25.0,3.07,508.5
EP-251207635,P208FF4E,ガンディー,60.0,2.2,532.2
EP-251207636,PA045EB3,毛沢東,55.0,1.71,533.5
EP-2512071272,P6477989,北条時宗,30.0,2.0,498.2
EP-2512071273,P97AF510,昭和天皇,45.0,2.09,634.8
EP-2512071275,P4714F40,マルコ・ポーロ,35.0,1.79,486.3
EP-2512071276,PBCB04BA,コロンブス,40.0,3.36,558.0
EP-2512071277,PC27B507,マルティン・ルター,35.0,2.49,546.7
EP-251130007,P664A19D,新選組土方歳三,34.0,1.0,510.3
EP-2512071316,P4AAA19D,フランクリン・ルーズベルト,55.0,3.46,607.7
EP-251130009,P87D226D,藤原道長,45.0,1.0,506.3
EP-251207839,P1C29CD8,菅原道真,55.0,1.0,508.3
EP-251207840,PE3FE4BF,ハンニバル,35.0,2.79,517.7
EP-251207842,P1C9D468,孔子,55.0,1.0,486.7
EP-251207237,PEC7C95E,松田優作,35.0,2.46,500.1
EP-251207238,PF96039C,寺尾聰,45.0,2.3,538.3
EP-2512071040,P8CA195D,バスコ・ダ・ガマ,37.0,2.49,558.4
EP-2512071045,P74A3AAC,ジャック・クストー,45.0,1.49,577.2
EP-2512071046,PD2089EC,中山雅史,45.0,1.0,530.1
EP-2512071047,PA9896DA,深田久弥,40.0,1.21,526.9
EP-251207300,P777A8A2,森田一義,50.0,2.96,573.6
EP-251207309,P7E4501B,オプラ・ウィンフリー,45.0,3.46,597.5
EP-251130016,P6904966,吉川英治,50.0,1.71,597.1
EP-2512071090,P184FE24,ヴァージニア・ウルフ,45.0,2.8,593.7
EP-2512071091,P7310829,ゲーテ,50.0,1.39,542.9
EP-2512071092,P7F5AD5C,カフカ,40.0,1.0,511.1
EP-251130017,P55B9C19,石田ゆり子,45.0,1.3,531.3
EP-251130018,PBEC1492,明智光秀,55.0,1.0,493.1
EP-251207419,PB7F9667,福澤諭吉,45.0,1.0,546.3
EP-251207420,PF7FD906,シーザー,50.0,3.07,567.5
EP-251207423,PF46C23E,項羽,28.0,2.29,483.6
EP-251207424,P80186AB,劉邦,45.0,1.0,482.0
EP-251130019,P3B2AB27,勘三郎,40.0,1.62,589.1
EP-2512073795,PF743F20,片岡仁左衛門,50.0,1.0,536.5
EP-251130021,P8CB969A,中島らも,45.0,1.0,496.9
EP-2512073981,P91A8582,竹内まりや,35.0,2.25,529.7
EP-2512073278,PEDDDC1C,安田美沙子,25.0,2.87,542.0
EP-251130025,PDBB26E1,ホルヘ・ルイス・ボルヘス,60.0,2.49,527.7
EP-2512072770,P72F314E,チェーホフ,40.0,1.01,491.8
EP-251130028,P5EAC013,さんま,40.0,1.59,601.1
EP-251130029,PE66FAD9,市川團十郎,45.0,2.09,568.0
EP-2512071710,PE261076,アデル,30.0,1.3,561.8
EP-2512074892,P9ADF126,鈴木忠志,55.0,1.0,512.8
EP-251130032,P95DECD5,松本潤,38.0,2.77,588.5
EP-251130037,P13C05FB,伊丹十三,40.0,1.68,607.3
EP-2512071677,PE83B4A3,松竹梅子,40.0,1.0,580.6
EP-2512071678,P3159F6D,アキラ・クロサワ,45.0,1.2,550.0
EP-2512071679,P6EC69A9,イングマール・ベルイマン,45.0,3.26,598.1
EP-2512071569,P184FE24,ヴァージニア・ウルフ,40.0,1.0,525.3
EP-251130039,PC6610E0,鶴田浩二,38.0,3.46,493.6
EP-2512072851,P09488A6,レディー・ガガ,28.0,1.58,510.6
EP-2512071744,P52366A0,ルイ14世,40.0,2.49,535.4
EP-251130050,P3AFAFB8,香取慎吾,38.0,3.37,619.2
EP-251130051,P168D509,鈴木みきお,50.0,3.37,632.5
EP-2512073935,P7BA07EF,西堀榮三郎,55.0,2.49,541.7
EP-2512073940,PD76F9DF,ヴァスコ・ダ・ガマ,30.0,2.79,516.1
EP-2512073942,P9F62DF8,ルイス・クラーク,30.0,2.49,565.4
EP-2512072987,P5D9E3D2,ビートルズ ジョン・レノン,28.0,3.08,590.4
EP-2512072992,P68A630D,ブルーノ・マーズ,30.0,3.46,573.8
EP-2512075210,P27873EE,フェデリコ・フェリーニ,45.0,2.68,535.6
EP-251207019,PE6F8963,蒼井優,37.0,1.49,558.5
EP-251207024,P4A5B04B,アリアナ・グランデ,29.0,2.07,562.9
EP-251207030,PF1CB34D,中川大志,25.0,1.0,481.3
EP-251207031,P3F99F4F,坂口健太郎,33.0,2.3,552.8
EP-251207036,P51F0525,吉岡里帆,31.0,1.01,489.9
EP-251207041,PEAF2E52,クリス・エヴァンス,42.0,2.07,590.3
EP-251207159,PFE00A05,松山ケンイチ,28.0,1.68,515.7
EP-251207162,P985709B,杏,30.0,2.99,562.3
EP-251207163,PA02B39D,マイケル・セラ,25.0,3.36,568.3
EP-251207164,PC0EFD98,エマ・ワトソン,25.0,3.07,548.9
EP-251207166,P0E3086E,瀬戸康史,32.0,2.87,583.1
EP-251207168,P8C16D8D,ジェニファー・アニストン,45.0,1.58,577.4
EP-251207170,P8541F04,マーク・ウォールバーグ,45.0,3.37,563.2
EP-251207172,P3DD7AC5,松重豊,55.0,2.68,524.2
EP-251207173,PA6E4B33,エイミー・アダムス,40.0,2.66,550.6
EP-251207174,P7676B67,ジェシー・アイゼンバーグ,30.0,1.77,537.3
EP-251207175,P3E3040F,柄本佑,35.0,2.39,534.4
EP-251207176,PA78BD9C,水川あさみ,35.0,1.01,535.3
EP-251207179,PD3909CB,森山未來,35.0,2.38,584.1
EP-251207180,PE3BB0AF,クリスチャン・ベール,40.0,2.83,585.9
EP-251207802,PBCB339A,源氏物語の紫式部,40.0,1.0,513.7
EP-251207804,P1BB452B,上杉景勝,45.0,2.19,517.9
EP-251207805,P7734E80,真田昌幸,55.0,1.0,487.9
EP-251207806,P3772CA8,細川忠興,40.0,2.2,512.8
EP-251207807,PD0758DA,柴田勝家,50.0,3.09,502.9
EP-251207808,PA3902F7,加藤清正,40.0,1.0,531.1
EP-251207809,PA041809,小早川隆景,50.0,2.57,572.3
EP-251207812,PDC3A18C,徳川吉宗,45.0,2.57,512.9
EP-251207813,PA43965D,大石内蔵助,50.0,1.0,528.3
EP-251207814,PA32E92F,近藤勇,35.0,1.0,393.1
EP-251207815,P08CF536,沖田総司,25.0,1.0,517.4
EP-251207817,P106E042,ダンテ,40.0,1.0,525.4
EP-251207637,PCE7043D,竹中直人,50.0,3.36,540.0
EP-251207638,P32E0BE7,松田龍平,35.0,1.58,489.0
EP-251207639,P595D475,寺島しのぶ,40.0,1.0,543.6
EP-251207640,P008794E,柄本明,55.0,1.0,509.7
EP-251207641,P9F8EA6C,市原隼人,30.0,2.49,580.1
EP-251207642,P69366C9,常盤貴子,40.0,2.96,569.8
EP-251207645,P0404C3E,瑛太,35.0,1.3,495.5
EP-251207646,PAD76002,エイミー・ポーラー,45.0,1.58,561.0
EP-251207648,PBCA7B5D,ティルダ・スウィントン,55.0,2.57,527.9
EP-251207652,P70D8313,シアーシャ・ローナン,25.0,2.07,519.6
EP-2512071279,PEB3E6D5,谷江常雄,45.0,1.4,585.2
EP-2512071282,PCD63208,福原美穂,25.0,2.58,566.0
EP-2512071285,P7A11AAC,岡村靖幸,35.0,1.0,500.4
EP-2512071286,P3EDD828,カニエ・ウェスト,40.0,2.46,512.7
EP-2512071289,PEC4591E,森山直太朗,30.0,3.08,576.0
EP-2512071290,P4E2DF51,鬼束ちひろ,25.0,2.76,557.3
EP-2512071291,P9C7576C,バンク・バンド,35.0,3.08,555.3
EP-2512071292,PCE130CD,奥井雅美,35.0,1.58,540.2
EP-2512071318,PDFDF9D5,久保帯人,32.0,1.0,486.5
EP-2512071319,PF09ED33,富樫義博,35.0,1.01,528.6
EP-2512071320,P0132F3E,冨樫義博,35.0,1.2,491.5
EP-2512071321,P3683923,臼井儀人,40.0,1.0,489.5
EP-2512071322,PF4D533E,車田正美,35.0,1.92,514.7
EP-2512071323,PF64C34D,原哲夫,32.0,1.0,491.2
EP-2512071324,PC32F1A4,武内直子,30.0,1.58,543.7
EP-2512071326,P4DD53D0,ジャック・カービー,45.0,2.27,510.0
EP-2512071329,PDFEC810,アラン・ムーア,42.0,2.2,570.7
EP-2512071330,PD2AC0BA,ジョン・ラセター,45.0,3.46,623.1
EP-2512071331,P0ACE5AF,マット・グレイニング,40.0,2.07,560.9
EP-2512071335,PE4A8336,横尾太郎,38.0,3.07,568.9
EP-2512071336,P9C8F190,水瀬いのり,25.0,3.36,542.3
EP-2512071142,PC28A8BC,有島武郎,45.0,2.76,649.0
EP-2512071143,P0011025,室生犀星,40.0,1.71,526.4
EP-2512071144,P0DC243A,田山花袋,42.0,1.0,550.2
EP-2512071145,P013FF1B,武者小路実篤,50.0,1.0,524.7
EP-2512071146,P4D24599,堀辰雄,35.0,1.71,495.6
EP-2512071148,P32C9D7B,串田孫一,50.0,1.71,511.2
EP-2512071149,P0BE5FCE,小林秀雄,45.0,2.09,529.7
EP-2512071150,PC3663D2,加藤周一,60.0,2.0,532.5
EP-2512071151,P78F3F12,筒井康隆,50.0,1.0,490.5
EP-2512071154,P4FF2624,エドガー・アラン・ポー,35.0,3.49,514.0
EP-2512071155,PBFB5A30,ウォルト・ホイットマン,55.0,2.87,484.9
EP-2512071158,PD94F063,ヴィクトル・ユーゴー,45.0,1.79,536.0
EP-2512071163,P8A875EA,ジャン=ポール・サルトル,50.0,3.18,547.9
EP-251207843,P9E1E40F,マイケル・ファラデー,45.0,2.2,579.7
EP-251207845,PF7CC537,ジョゼフ・リスター,42.0,2.49,569.1
EP-251207847,P241F7E1,仁村修平,55.0,3.25,631.1
EP-251207848,P7E95EF2,古川俊治,48.0,1.0,511.2
EP-251207849,PA94086F,田所勇,52.0,3.37,560.0
EP-251207851,P412B629,佐々木正洋,58.0,1.49,521.2
EP-251207853,P15231EE,加藤茂明,54.0,1.0,551.6
EP-251207854,P461D29E,岡野光夫,68.0,1.0,537.6
EP-251207855,P53D345F,月尾嘉男,65.0,2.58,562.9
EP-251207856,P159556F,江刺正喜,60.0,3.07,576.6
EP-251207858,P362E2B2,ジェームズ・クレーク・マクスウェル,35.0,1.49,585.9
EP-251207860,PAC4FBA3,ヨハネス・ケプラー,38.0,2.99,613.4
EP-251207862,P3B511D5,イグナーツ・ゼンメルワイス,35.0,3.37,596.2
EP-251207863,P50537BD,ドミトリ・メンデレーエフ,35.0,1.0,494.8
EP-251207864,PD192D09,リンドン・ラルー,42.0,1.87,575.5
EP-251207865,P95CCCE1,ヴィンターニッツ,45.0,2.79,568.3
EP-251207867,P37CF9B4,遠山啓,50.0,1.0,593.8
EP-251207868,P3FCAD02,清水幹夫,57.0,1.92,563.5
EP-251207869,PE3BF185,小宮山宏,55.0,1.21,518.7
EP-251207240,P710D6C8,江頭2:50,45.0,1.0,483.9
EP-251207241,P5FB1BF3,内村光良,50.0,2.58,613.6
EP-251207242,P6CB3CEC,剛力彩芽,26.0,1.21,491.1
EP-251207246,P7FC1220,設楽統,48.0,3.36,513.5
EP-251207248,P046D44A,日村勇紀,48.0,1.96,552.3
EP-251207249,P7C541E4,蛍原徹,50.0,1.3,528.1
EP-251207252,PC3B6AF6,阿部サダヲ,40.0,1.2,540.3
EP-251207253,P8986ACB,桃井かおり,45.0,1.0,530.7
EP-251207256,P837FE6E,クリス・ヘムズワース,32.0,3.36,500.9
EP-251207257,P5747A91,石橋貴明,45.0,3.15,629.7
EP-251207260,P7FC1220,設楽統,42.0,1.68,499.3
EP-251207261,P046D44A,日村勇紀,43.0,2.46,541.3
EP-251207263,PCD8508D,南原清隆,47.0,1.0,490.6
EP-251207264,P7EBA7EC,遠藤憲一,55.0,3.07,485.0
EP-251207265,PC3B6AF6,阿部サダヲ,48.0,1.96,560.1
EP-251207268,P9510F55,クリス・プラット,38.0,1.49,508.9
EP-251207269,P837FE6E,クリス・ヘムズワース,35.0,2.07,557.1
EP-2512071049,PB672FE7,ドビュッシー,50.0,1.68,485.3
EP-2512071050,P0B8695D,ラヴェル,45.0,3.08,541.0
EP-2512071052,P8898B06,リスト,40.0,2.87,621.8
EP-2512071053,PB1C262A,ブラームス,45.0,3.36,535.2
EP-2512071056,P4B72CD5,福田こうへい,35.0,2.68,555.0
EP-2512071059,PA57E67F,水森かおり,40.0,2.68,561.9
EP-2512071063,P9C26533,長山洋子,45.0,2.87,590.9
EP-2512071064,PBD3D9E5,市川由紀乃,40.0,1.39,535.6
EP-2512071065,PD2DE87D,竹島宏,45.0,3.08,597.2
EP-2512071068,PCAC884A,ショーン・メンデス,25.0,3.36,533.4
EP-2512071069,P64D4076,ビリー・アイリッシュ,20.0,1.2,493.2
EP-251207313,PB59B3AC,原敬,60.0,3.38,594.9
EP-251207317,P980372A,山県有朋,55.0,1.62,540.6
EP-251207319,P4395ED4,石橋湛山,72.0,1.0,506.2
EP-251207321,P9622E6A,犬養毅,76.0,1.0,538.9
EP-251207322,P3C43180,レーガン,69.0,2.46,549.9
EP-251207326,PCE43307,若槻礼次郎,69.0,1.0,564.2
EP-251207329,PAB47572,フォード,61.0,2.46,522.1
EP-251207330,P39836BE,斎藤実,72.0,1.0,541.9
EP-251207332,PA709E37,東条英機,57.0,3.08,504.4
EP-251207334,P6896A99,広田弘毅,58.0,3.08,541.1
EP-251207336,P61AE577,米内光政,59.0,2.09,503.5
EP-2512071526,P581CC3D,ジャック・ウェルチ,55.0,3.25,597.3
EP-2512071527,PF10767C,コカ・コーラ創業者エイサ・キャンドラー,40.0,2.99,539.0
EP-2512071531,P3F0FD18,ジョン・ロックフェラー,40.0,2.49,510.4
EP-2512071534,P1FC0A66,安田善次郎,45.0,1.0,483.8
EP-2512071535,PBB21C83,住友政友,40.0,3.08,587.4
EP-2512071536,P3D8382B,森ビル創業者森泰吉郎,55.0,2.39,591.6
EP-2512071538,PF2F0C09,セルゲイ・ブリン,35.0,3.36,481.8
EP-2512071544,P4653E4C,ブライアン・チェスキー,35.0,3.46,554.7
EP-2512071546,P4B723C7,野中郁次郎,60.0,3.0,514.8
EP-2512071443,P2DBA7FA,谷川流,35.0,1.0,486.9
EP-2512071444,PE3BC8A7,佐野洋子,45.0,3.08,546.5
EP-2512071446,P8616426,重松清,40.0,1.01,520.4
EP-2512071447,P4E490ED,河瀬直美,35.0,2.87,576.1
EP-2512071453,P72DA736,ウディ・アレン,42.0,2.68,601.0
EP-2512071458,PA5353B0,ウォン・カーウァイ,38.0,2.77,557.1
EP-251207991,P0EB468C,大リーグ養成ギプス,35.0,1.0,551.2
EP-251207997,PD164577,石井一久,30.0,2.07,510.0
EP-251207998,PD047AB7,伊東勤,35.0,1.0,525.0
EP-251207999,P70EDD01,古田敦也,33.0,3.46,589.5
EP-2512071001,PD031847,野村謙二郎,30.0,1.87,507.8
EP-2512071002,PE79CB49,梨田昌孝,35.0,1.2,504.1
EP-2512071003,P95DCE75,星野仙一,40.0,2.39,566.5
EP-2512071015,PA83858A,ペイトン・マニング,33.0,2.57,509.1
EP-2512071093,P8CDF69E,舘ひろし,50.0,1.58,524.7
EP-2512071094,P7524791,柴田恭兵,48.0,1.3,527.8
EP-2512071095,P83655D3,鈴木京香,42.0,1.02,542.2
EP-2512071097,P576EFC0,佐藤B作,55.0,1.2,546.6
EP-2512071099,PCF9E7FD,余貴美子,50.0,1.92,615.5
EP-2512071100,P377D000,もたいまさこ,52.0,1.0,487.1
EP-2512071101,PE3F2871,國村隼,55.0,1.2,494.5
EP-2512071102,P43006BF,堤真一,45.0,2.3,597.4
EP-2512071103,P048AEBD,永瀬正敏,42.0,1.01,604.3
EP-2512071104,PDDF534C,美輪明宏,65.0,2.3,530.5
EP-2512071116,P8E44054,ラッセル・クロウ,38.0,2.07,559.7
EP-251207367,PB61C8B8,辻村太郎,38.0,1.92,637.3
EP-251207368,P643D834,槙有恒,35.0,2.49,560.7
EP-251207369,P9542988,田部重治,40.0,2.8,535.6
EP-251207370,P769B81E,冠松次郎,45.0,2.2,534.3
EP-251207371,P65C7C08,ウォルター・ローリー,35.0,3.36,606.9
EP-251207372,P1B65452,ハドソン,40.0,3.07,590.1
EP-251207376,PD80FDAC,鳥居観音,35.0,3.37,509.6
EP-251207377,P867AD0B,河口仙之助,40.0,1.0,500.5
EP-251207380,PD252BC0,シャルル・ダーウィン,27.0,2.07,531.4
EP-251207383,P16341B8,ジェラルド・ダレル,35.0,2.07,479.5
EP-251207425,PA4A2F95,夏川草介,45.0,1.0,532.3
EP-251207426,PC07CD6C,柚月裕子,48.0,1.0,510.2
EP-251207427,P85207F4,万城目学,42.0,1.2,503.9
EP-251207428,P2CED767,有川浩,46.0,2.87,577.8
EP-251207429,PC7D9A0D,住野よる,28.0,2.3,625.8
EP-251207431,P0175371,荻原規子,58.0,1.0,514.0
EP-251207433,P42A2FC5,片山杜秀,58.0,1.92,590.5
EP-251207434,PF79B6B4,細野晴臣,72.0,2.87,558.5
EP-251207436,PB4E3859,佐久間正英,58.0,2.25,577.7
EP-251207528,P05E161B,大谷昭宏,45.0,2.3,600.1
EP-251207529,P6901CA4,金田正泰,35.0,1.4,546.9
EP-251207532,P84ACF7F,岡田彰布,40.0,1.68,534.0
EP-251207535,P87A5170,田中陽子,25.0,2.87,594.9
EP-251207538,P783A8BB,浅野拓磨,26.0,3.37,588.6
EP-251207685,PE2FAD8,スティーヴン・キング,45.0,3.46,501.1
EP-251207688,PE3107ED,リドリー・スコット,48.0,3.26,569.7
EP-251207690,P84628A9,ハンス・ジマー,50.0,2.07,481.7
EP-251207692,PE436FE2,江角マキコ,35.0,1.3,514.1
EP-251207693,PD1E9EA3,窪田正孝,32.0,3.46,608.9
EP-251207695,P303BA9C,松岡茉優,28.0,2.49,615.0
EP-251207697,P6C2D45F,平手友梨奈,22.0,1.68,531.4
EP-251207698,P1C82BEE,白石麻衣,30.0,1.3,557.3
EP-251207701,P5D09B13,野村周平,29.0,1.92,506.7
EP-251207702,PD563BE4,江頭2:50以外の江頭,45.0,2.99,548.3
EP-251207703,PEBD85DD,阿部寛以外の阿部,42.0,3.39,571.0
EP-251207704,P7006AEF,岸谷五朗,42.0,1.01,540.9
EP-251207705,PC9EE877,田中要次,45.0,2.07,512.4
EP-251207706,P1679182,坂上忍,55.0,1.0,512.0
EP-251207707,PE2491ED,藤木直人,45.0,1.77,520.0
EP-251207710,P4F8D9AE,いかりや長介,70.0,1.87,493.4
EP-251207711,PA221EBD,志垣太郎,50.0,2.96,584.9
EP-251207712,P149F628,松平健,60.0,2.96,549.7
EP-251130060,P3C9ABA8,古市憲寿,35.0,2.68,551.1
EP-2512071484,PF906A8D,金子勇,33.0,1.39,657.7
EP-2512071486,PD0FABD2,佐々木俊尚,45.0,2.07,514.9
EP-2512071487,PA2EF3E4,乙武洋匡,35.0,1.58,539.9
EP-2512071489,P1697EF1,真鍋大度,38.0,1.87,518.0
EP-2512071497,P23AE666,サンダー・ピチャイ,45.0,3.36,530.6
EP-2512071500,P06E8966,ユヴァル・ノア・ハラリ,40.0,3.27,553.7
EP-2512071502,P0472A6B,ミチオ・カク,50.0,1.01,552.0
EP-2512071503,P825D22D,ブライアン・コックス,45.0,2.96,569.3
EP-2512071400,P0096BE1,ジークムント・フロイト,50.0,2.2,493.8
EP-2512071402,P0593923,湯浅光朝,60.0,1.0,486.9
EP-2512071403,PE875672,佐藤忠良,50.0,2.0,549.1
EP-2512071404,PD4EEF30,ドナルド・クヌース,40.0,1.79,486.8
EP-2512071408,P9FD76A6,ケプラー,45.0,1.92,597.7
EP-2512071409,P10A1E08,上田正仁,50.0,2.49,596.5
EP-2512071410,P8055221,伊藤穰一,45.0,1.0,508.1
EP-2512071411,PE932D66,西成活裕,40.0,2.2,500.2
EP-2512071412,P3582F17,清水富雄,55.0,1.0,505.9
EP-2512071414,PDDF17DD,二宮尊徳,45.0,1.62,529.9
EP-2512071415,P838D5D4,杉田敏,55.0,1.01,524.3
EP-2512071416,P6D023F3,内田樹,60.0,1.0,511.3
EP-2512071418,PB45DC2C,シグムント・フロイト,50.0,2.58,526.7
EP-2512071419,P5FCB0A5,エミール・デュルケーム,48.0,1.2,518.6
EP-2512071420,P954793A,ジョーゼフ・シュンペーター,55.0,2.07,525.7
EP-251207581,PD326E72,因幡晃,30.0,2.58,550.8
EP-251207585,PF2E944A,谷山浩子,35.0,1.3,533.4
EP-251207588,P56020BA,長谷川白紙,25.0,2.3,554.8
EP-251207589,P3C7C3C7,坂本美雨,30.0,1.58,505.1
EP-251207591,P83955A4,ニール・ヤング,40.0,1.0,493.1
EP-251207592,P0785150,パティ・スミス,30.0,3.18,670.4
EP-251207601,P417473C,ジョン・ケージ,60.0,1.0,488.3
EP-2512071227,P2E9D5BF,マーク・キューバン,50.0,3.36,521.1
EP-2512071232,P92EC6FE,レイ・ダリオ,65.0,2.58,606.7
EP-2512071233,P5A7D733,マイケル・ブルームバーグ,60.0,2.27,508.6
EP-2512071236,PA454D2F,藤田恭嗣,42.0,3.37,597.8
EP-2512071237,PA737F8A,西川徹,50.0,2.7,530.7
EP-2512071238,PF3784B1,竹中統一,55.0,3.08,562.2
EP-2512071239,P3E0AE50,小飼弾,48.0,2.58,480.5
EP-2512071241,PBDC97D3,高野秀敏,48.0,2.49,497.7
EP-2512071242,PF1A5BA1,新野淳一,52.0,2.58,529.5
EP-2512071358,P62E08C7,林真理子,40.0,2.68,603.3
EP-2512071359,P837A910,椎名誠,45.0,2.3,565.4
EP-2512071360,P61FB916,中野孝次,50.0,1.71,502.6
EP-2512071364,P26B3EED,レイ・ブラッドベリ,40.0,3.18,586.4
EP-2512071369,P9A63709,マーガレット・アトウッド,45.0,3.46,515.5
EP-251130083,P2381BE3,田中邦衛,50.0,1.78,635.5
EP-251207473,P0E1232F,寺田農,35.0,2.68,567.5
EP-251207474,P1523952,加瀬亮,32.0,1.58,503.3
EP-251207475,PE626874,中井貴惠,40.0,2.58,646.2
EP-251207476,PAD1D55F,室井滋,38.0,2.3,596.6
EP-251207481,P1FE1022,エドワード・ノートン,30.0,3.07,493.6
EP-251207482,P2CF74D2,フィリップ・シーモア・ホフマン,40.0,2.46,520.1
EP-251207483,P99DE14B,ヘレナ・ボナム・カーター,38.0,2.07,534.8
EP-251207489,PEE1A986,マット・ルブラン,48.0,2.27,494.9
EP-251207490,PB59862E,松雪泰子,48.0,1.0,550.2
EP-251207491,P6FA490C,天海祐希,52.0,2.2,502.2
EP-251207497,PC42D3C1,田中麗奈,40.0,2.58,588.9
EP-251207498,P9556AF6,フローレンス・ピュー,26.0,2.83,588.6
EP-251207500,PCC6B033,永作博美,48.0,2.25,509.8
EP-251207501,PAE50FA7,榮倉奈々,32.0,3.06,580.3
EP-2512071643,P7EAE36D,フリードリヒ・ニーチェ,40.0,1.58,526.2
EP-2512071647,P7B12D25,平将門,38.0,2.0,547.5
EP-2512071648,PF0C69C9,徳川慶喜,30.0,1.21,508.2
EP-2512071649,PA87E849,ルイ16世,38.0,2.3,493.1
EP-2512071650,PB985210,楠木正成,42.0,2.0,584.5
EP-2512071653,P453A85B,オットー・フォン・ビスマルク,56.0,2.87,582.1
EP-2512071659,P70705A5,ヨハネ・パウロ2世,58.0,2.58,524.9
EP-2512071660,P62F93CE,シモン・ボリバル,47.0,2.96,536.1
EP-2512071661,P93EB38A,和気清麻呂,44.0,1.62,510.8
EP-251207737,P659948C,小林聡美,48.0,1.58,496.6
EP-251207738,P478916A,武田鉄矢,55.0,1.0,495.5
EP-251207739,P8F0C743,中川家,40.0,1.01,501.6
EP-251207740,PE52BCA3,ナイナイ岡村,48.0,3.15,569.4
EP-251207741,P6F684E9,麒麟・川島,45.0,2.77,595.6
EP-251207742,P3C4603A,世界のナベアツ,45.0,1.96,545.4
EP-251207743,P1104276,品川祐,42.0,1.0,505.1
EP-251207744,P51885C7,青木さやか,38.0,1.01,608.6
EP-251207745,PEFE22D2,友近,45.0,1.0,502.0
EP-251207746,PD37CA02,森三中・大島,40.0,1.0,487.9
EP-251207747,P2F2966C,おかずクラブ,35.0,3.36,610.7
EP-251207748,P9518E13,ダニエル・ラドクリフ,25.0,2.46,544.3
EP-251207749,PADDBD5F,板尾創路,50.0,2.87,556.2
EP-251207752,PDD6413E,横山由依,28.0,1.0,544.9
EP-251207753,P0518B15,渡部建,45.0,2.8,548.4
EP-251207754,PDCF7F3F,児嶋一哉,50.0,1.39,524.6
EP-251207756,PF2AD96F,佐々木希,32.0,1.0,533.6
EP-251207757,P155993D,博多華丸・大吉,50.0,1.0,536.4
EP-251207759,PA42B2FB,兼近大樹,30.0,1.71,556.8
EP-251207761,P8B30951,小雪,45.0,3.29,585.6
EP-251207762,P7E53442,華原朋美,47.0,2.87,585.0
EP-251207763,P49D9DE1,ザ・ロック,50.0,2.3,532.6
EP-251207942,PE0A74A1,吾峠呼世晴,32.0,2.9,597.2
EP-251207943,PD8C7595,江川達也,35.0,1.0,516.0
EP-251207944,PD18144F,弘兼憲史,45.0,3.07,641.9
EP-251207945,P578A749,森川ジョージ,40.0,3.25,588.4
EP-251207948,P106C879,平野耕太,35.0,2.8,524.0
EP-251207949,P0DC1A93,今川泰宏,42.0,1.2,530.6
EP-251207950,P9D98143,渡邊政治,48.0,1.58,560.7
EP-251207952,P7F88681,宮崎駿,50.0,2.31,562.6
EP-251207961,P5EAB529,クリス・メッツェン,45.0,1.0,516.7
EP-2512071606,PCF882DA,一青窈,35.0,1.0,518.5
EP-2512071607,PE9BA1F5,内藤廣,58.0,2.3,527.6
EP-2512071608,P4BF49D5,江上波夫,55.0,3.39,606.2
EP-2512071609,P99A1242,大林宣彦,48.0,1.39,505.9
EP-2512071611,P437E8BA,竹久夢二,40.0,2.58,552.8
EP-2512071613,PBD995F6,永六輔,55.0,1.87,550.9
EP-2512071614,P21BF987,山口晃,42.0,1.01,552.0
EP-2512071616,PC744D1A,レンブラント,45.0,3.07,579.8
EP-2512071617,P60711AD,セザンヌ,50.0,1.58,581.3
EP-2512071621,P77AADF8,シャガール,55.0,3.18,651.0
EP-2512071624,P80F6D7E,クリムト,45.0,1.2,495.8
EP-251130097,PD49E4B2,安倍昭恵,55.0,2.0,520.6
EP-2512071182,P626F1DE,舛添要一,60.0,1.92,567.0
EP-2512071183,P0CBDCE7,蓮池薫,45.0,1.0,526.0
EP-2512071184,PDD8E185,古館伊知郎,55.0,1.49,499.5
EP-2512071185,P607CC94,鳥越俊太郎,70.0,1.68,554.6
EP-2512071187,P3B4CB96,猪瀬直樹,60.0,3.08,621.7
EP-2512071188,P58A8B0A,細野豪志,45.0,2.0,538.3
EP-2512071189,P86C9FD0,前原誠司,50.0,1.01,487.1
EP-2512071190,P53CB0AD,玉木雄一郎,50.0,1.0,491.6
EP-2512071191,PF3326E7,維新松井一郎,55.0,3.08,625.3
EP-2512071192,PDB1FBE2,森ゆうこ,55.0,1.62,501.9
EP-2512071196,P86E84FC,ヒラリー・クリントン,65.0,2.49,523.3
EP-2512071198,P7997C15,テレサ・メイ,60.0,1.0,520.1
EP-2512071201,P12996EF,バン・キムン,65.0,3.35,561.3
EP-2512075406,P09F5967,森山良子,35.0,1.01,523.7
EP-2512075407,PEBD3A37,夏川りみ,32.0,1.0,534.4
EP-2512075408,P3EBAB63,石川智晶,30.0,3.25,579.9
EP-2512072538,P6434A5A,本木雅弘,52.0,1.3,536.5
EP-2512072539,P23D1538,エマ・トンプソン,58.0,1.49,548.9
EP-2512072542,PF3CBFD3,野村芳太郎,48.0,2.7,588.7
EP-2512072543,PB6C3DF8,藤田敏八,42.0,2.2,493.3
EP-2512072544,P82F7E69,根津甚八,38.0,1.68,528.8
EP-2512072545,PF4AFD28,野田地図,38.0,1.2,510.5
EP-2512072546,P0C97942,夏八木勲,42.0,1.0,506.5
EP-2512072547,P9BEE770,平田オリザ,40.0,1.71,576.0
EP-2512072552,P2CF74D2,フィリップ・シーモア・ホフマン,40.0,2.46,607.1
EP-2512072554,PF7705AD,イザベル・ユペール,48.0,1.2,579.9
EP-2512072558,PB1B0F77,チャーリー・カウフマン,42.0,3.07,605.0
EP-2512072562,PA5353B0,ウォン・カーウァイ,45.0,3.08,579.0
EP-2512072564,PD62AB36,ジャン＝リュック・ゴダール,35.0,1.2,508.6
EP-2512072566,P774B9E9,ミケランジェロ・アントニオーニ,50.0,1.49,520.2
EP-2512073013,P2296EFB,鈴木武蔵,30.0,2.07,555.4
EP-2512073023,P47FE494,田口壮,52.0,2.39,489.3
EP-2512073027,PA4989E0,マルチナ・ヒンギス,43.0,3.46,561.4
EP-2512073029,P1CE014F,ジミー・コナーズ,71.0,1.3,504.4
EP-2512073030,P5DFE8D7,ジョン・マッケンロー,65.0,2.2,508.6
EP-2512073032,P68C2B1C,ジェラード,44.0,2.46,585.9
EP-2512073035,P92CBB0D,ロナウジーニョ,44.0,3.07,559.4
EP-2512075437,PAC115F7,笹井芳樹,52.0,2.2,569.2
EP-2512075438,P2A20AD0,竹市雅俊,65.0,1.0,491.5
EP-2512075441,PBB5DADC,十倉好紀,68.0,1.0,520.9
EP-2512075442,PEB725E2,細野秀雄,70.0,1.0,500.1
EP-2512075443,P801BFBC,柳田敏雄,75.0,3.37,600.1
EP-2512075444,P2E3BA84,永井良三,65.0,2.58,559.0
EP-2512075447,P5A8E99B,松尾清一,68.0,1.92,488.1
EP-2512075448,P14C7C84,水本哲弥,70.0,1.92,527.4
EP-2512073208,P6175D8A,鈴木茂雄,60.0,2.96,492.1
EP-2512073211,P45081D7,重光昭夫,45.0,1.0,520.2
EP-2512073212,PB5A7C1E,福武總一郎,55.0,3.46,607.1
EP-2512073213,PE1ADC36,竹田和平,60.0,2.0,552.0
EP-2512073215,PA6E9B91,滝田洋一,45.0,1.87,574.7
EP-2512073216,PCB75E0D,笹川陽平,65.0,1.39,536.7
EP-2512073218,P556E054,エリザベス・ホームズ,30.0,2.79,511.0
EP-2512073219,PE39CBAE,シェリル・サンドバーグ,45.0,3.07,655.4
EP-2512073220,P6DEE86E,マリッサ・メイヤー,35.0,2.07,504.3
EP-2512073224,P89DC01D,アビゲイル・ジョンソン,50.0,2.07,522.6
EP-251130124,P765816C,ノーム・チョムスキー,35.0,3.46,622.0
EP-2512074481,PA5FCADB,カール・ガウス,30.0,1.62,484.8
EP-2512074483,PEB447DE,荻生徂徠,45.0,1.0,520.4
EP-2512074484,P6116925,西田幾太郎,40.0,3.0,658.6
EP-2512074485,P50AFF83,九鬼周造,45.0,1.58,540.3
EP-2512074486,P6CD8311,和辻哲郎,40.0,1.0,542.6
EP-2512074487,P695D5DD,田辺元,45.0,1.71,607.4
EP-2512074488,PCACF351,三木清,35.0,2.09,592.1
EP-2512074490,PB24C289,バーバラ・ジョーダン,40.0,2.87,544.4
EP-2512074491,P9BCD34D,イマニュエル・カント,50.0,2.3,536.3
EP-2512074492,P4C91A44,ゲオルク・ヘーゲル,45.0,2.49,528.1
EP-2512074493,P68DE217,ジョン・スチュアート・ミル,40.0,1.0,487.4
EP-2512074498,P78B6B6B,エスター・デュフロ,35.0,1.49,553.9
EP-2512074499,P446F8BF,ジェニファー・ダウドナ,50.0,1.3,526.0
EP-251130125,P59EB907,津田左右吉,45.0,1.0,579.1
EP-2512074521,PC6F7DA3,谷口治郎,55.0,1.0,531.3
EP-2512074522,PFA87726,塚本晋也,35.0,3.07,537.0
EP-2512074525,PB88F1F2,坂東三津五郎,50.0,2.09,538.5
EP-2512074526,P1DCE9F2,市川左團次,55.0,2.09,567.9
EP-2512074527,PC9AE26B,中村橋之助,45.0,1.59,480.2
EP-2512074528,P5527DE9,尾上松也,35.0,1.0,514.0
EP-2512074529,PE901B53,片岡孝太郎,40.0,1.0,501.5
EP-2512074530,P3E5CA4E,フランソワ・トリュフォー,40.0,1.3,551.5
EP-2512074531,P12C010B,ヴィム・ヴェンダース,45.0,2.07,561.8
EP-2512074532,P64BFAC8,ルキノ・ヴィスコンティ,50.0,3.18,547.1
EP-2512074535,P6A03A69,ウンベルト・エーコ,52.0,1.0,536.5
EP-2512074537,P53D9DD7,マリオ・バルガス・リョサ,45.0,2.68,510.6
EP-2512074540,P5FD1A36,佐伯祐三,28.0,3.08,497.5
EP-2512073230,P5BC910E,橋本英郎,45.0,2.49,541.7
EP-2512073232,PA86F6D4,小島よしお,42.0,1.59,585.3
EP-2512073234,P727D75B,マルセロ・ビエルサ,68.0,2.46,534.2
EP-251130127,P512E1F9,パスカル,35.0,1.0,490.0
EP-2512075544,P3FE51C6,ファラデー,40.0,1.3,536.7
EP-2512075548,P257F75F,ハッブル,40.0,2.49,547.1
EP-2512075551,PB49E4A1,ハイゼンベルク,24.0,2.49,530.9
EP-2512075553,PD4F5843,松本清,55.0,3.08,575.4
EP-2512075554,P53D8DF9,高柳健次郎,40.0,1.3,557.2
EP-2512075556,P72CD347,島津源蔵,55.0,2.77,574.6
EP-2512075558,P88F4120,関孝和,45.0,1.01,562.0
EP-251130128,PE416E39,田中真紀子,55.0,3.46,596.5
EP-2512073253,P66161D4,加藤紘一,60.0,2.09,591.6
EP-2512073254,P3D10BDE,野中広務,70.0,2.47,566.8
EP-2512073255,PA274267,亀井静香,65.0,1.68,547.8
EP-2512073258,P7DB6573,福田赳夫,65.0,1.71,521.2
EP-2512073259,PA3A0CA2,田中眞紀子,50.0,2.09,582.9
EP-2512073260,PA959EAB,野田聖子,50.0,1.59,509.6
EP-2512073261,P9893841,土井たか子,60.0,1.21,512.3
EP-2512073262,P3556406,福島みずほ,55.0,1.59,552.9
EP-2512073263,P702BA5A,桜井よしこ,65.0,1.21,604.7
EP-2512073264,P20A719C,二階俊博,70.0,1.21,539.3
EP-2512073265,P6421FDC,ビル・クリントン,50.0,3.26,624.6
EP-2512073267,P799A008,ロナルド・レーガン,70.0,1.87,525.5
EP-251130129,PE24A1E3,竹下景子,45.0,1.01,560.2
EP-2512072654,P063E301,小池栄子,40.0,1.0,537.2
EP-2512072655,PF869A28,小栗旬の妻山田優,35.0,1.0,495.7
EP-2512072656,PC19F982,桜庭和志,40.0,1.3,549.9
EP-2512072657,PDDCA276,亀田興毅,32.0,1.0,532.4
EP-2512072658,PCA8C5A5,小川直也,38.0,3.37,513.9
EP-2512072664,PB5FA008,ドニー・イェン,50.0,1.68,563.8
EP-2512072665,PD4F1865,トニー・ジャー,35.0,2.27,505.6
EP-2512072673,P355AB49,ホイス・グレイシー,30.0,2.8,545.3
EP-2512072678,P492998C,ジョン・シナ,35.0,2.87,604.9
EP-251130130,P0F9492A,カラヤン,55.0,2.07,521.9
EP-2512075424,P549E157,尾藤イサオ,35.0,3.46,493.9
EP-2512075426,P6A6824B,中田喜直,40.0,2.8,525.8
EP-2512075428,PB271220,ラフマニノフ,35.0,1.0,537.8
EP-2512075429,PEF81F3F,U2のボノ,35.0,3.46,596.1
EP-2512075431,P81279F8,ドヴォルザーク,45.0,3.36,541.3
EP-2512075436,P6E40DCC,筒美京平,45.0,1.87,565.2
EP-2512075192,PAEB5342,津川雅寿,38.0,1.01,478.9
EP-2512075193,PA8048DA,野坂昭如,48.0,2.09,587.8
EP-2512075195,P7149A5B,アンリ・カルティエ=ブレッソン,45.0,1.87,555.8
EP-2512075199,P8D79EFF,フランク・ロイド・ライト,52.0,3.08,586.1
EP-2512075204,PC54ADC7,ミース・ファン・デル・ローエ,55.0,1.49,513.7
EP-2512075205,P8D44A00,ヴァシリー・カンディンスキー,48.0,2.46,605.3
EP-2512075207,P26A5A42,トルーマン・カポーティ,42.0,3.36,507.0
EP-251130132,PA3BBA64,竹中半兵衛,45.0,1.21,512.6
EP-2512073308,PEB6791A,松永安左エ門,60.0,1.92,538.5
EP-2512073309,PD71B843,土光敏夫,62.0,2.3,553.6
EP-2512073311,P480D060,鈴木修,65.0,1.92,492.8
EP-2512073312,P003C5F1,経団連会長の米倉弘昌,64.0,2.58,562.4
EP-2512073313,P7052731,小林喜光,63.0,2.58,484.0
EP-2512073316,P9E77D2A,中村邦夫,58.0,3.08,535.2
EP-2512073321,P0CAF715,永野重雄,50.0,3.18,547.2
EP-2512073322,PD71B843,土光敏夫,55.0,2.99,504.2
EP-2512073323,PE266D21,中山素平,60.0,1.0,511.8
EP-2512073327,P69CE02A,小林一雅,45.0,2.87,528.2
EP-2512073329,P6039C47,ジョン・D・ロックフェラー,45.0,2.49,556.6
EP-251130133,P5CF6345,メンデレーエフ,35.0,1.92,479.3
EP-2512075717,P2235914,フランシス・ベーコン,50.0,3.36,580.0
EP-2512075718,PA8B9D38,ジョン・ロック,55.0,1.01,549.8
EP-2512075719,P602CA1A,スピノザ,40.0,1.3,490.0
EP-2512075720,PA3293CA,ルネ・デカルト,50.0,3.49,620.3
EP-2512075722,P955F5B7,ヴォルテール,60.0,1.0,555.6
EP-2512075723,PC74BDF5,ルソー,50.0,1.0,526.8
EP-2512075725,PC31A4BC,アダム・スミス,53.0,2.0,533.1
EP-2512075729,PF992D00,熊谷組,50.0,1.62,560.7
EP-2512075703,P966852C,メアリー・ウォルストンクラフト,38.0,2.2,557.2
EP-2512075704,PD055B21,ジェームズ・マクスウェル,40.0,1.3,556.1
EP-2512075707,PA692A42,ルイ・ブライユ,25.0,1.49,541.9
EP-2512075710,PEFC6701,島津製作所創業者,42.0,3.49,612.4
EP-2512075712,PF533CB3,早川徳次,40.0,2.99,640.3
EP-2512075715,P25131D6,松下正治,42.0,2.87,594.3
EP-2512073509,P169A0FF,田中理恵,32.0,3.38,628.4
EP-2512073510,PE795FBF,江畑幸子,45.0,2.87,531.6
EP-2512073511,PD3A5996,アンドレス・イニエスタ,38.0,2.66,524.8
EP-2512073513,PFA05071,マニー・パッキャオ,42.0,2.07,523.1
EP-251130136,P1AE796D,津田塾,45.0,2.3,534.8
EP-2512074982,PEBBB73D,勅使川原三郎,50.0,1.21,536.9
EP-2512074983,P49712A0,いわさきちひろ,40.0,2.8,561.2
EP-2512074984,PCC2C1FF,藤城清治,65.0,1.01,511.7
EP-2512074985,PF6D931F,田河水泡,45.0,2.47,583.7
EP-2512074986,P13D76CA,白洲正子,55.0,3.0,579.5
EP-2512074987,P0C19256,柳家さん喬,60.0,3.08,603.0
EP-2512074988,P73E798D,金春安明,50.0,2.38,486.7
EP-2512074990,PA6EC284,長谷川等伯,55.0,1.0,531.3
EP-2512074991,P74846B4,狩野永徳,45.0,1.0,505.7
EP-2512074992,P7C67771,河井寛次郎,50.0,1.0,499.3
EP-2512074993,PBB0D31F,濱田庄司,55.0,1.71,480.0
EP-2512074994,PE019053,アガサ・クリスティー,45.0,2.2,573.7
EP-2512074995,P40AA4C8,ガルシア・ロルカ,35.0,2.87,541.9
EP-251130137,P31FB53E,秋本治,45.0,1.39,561.8
EP-2512074461,PFF46B6D,久保田雅人,40.0,2.87,580.9
EP-2512074462,P3511361,小山茉美,30.0,1.0,511.0
EP-2512074463,PDA89A1C,田中秀幸,35.0,2.46,525.3
EP-2512074466,PF3B6C18,野沢那智,40.0,3.46,584.4
EP-2512074468,P3E4E217,石川英郎,35.0,1.3,513.6
EP-2512074471,PC6B9A38,ビル・ゲイツ,25.0,3.08,552.4
EP-2512074473,P659FDC0,鳥山明,35.0,1.0,505.4
EP-2512074474,PD6CF0DA,岸本斉史,32.0,1.0,490.4
EP-2512074477,P11AD686,今敏,40.0,1.49,518.5
EP-2512074479,P0A11058,りんたろう,50.0,3.36,603.4
EP-2512074480,PDE2F08C,松本零士,40.0,1.0,581.5
EP-2512074859,PF1329F3,河合奈保子,22.0,2.58,608.3
EP-2512074861,PE83FEC7,綾戸智恵,40.0,1.49,492.8
EP-2512074866,P560AC9A,アリシア・キーズ,28.0,2.58,522.6
EP-2512074869,PEFEB011,ケリー・クラークソン,30.0,2.07,511.7
EP-2512074870,PAC6384D,アダム・レヴィーン,35.0,3.36,622.6
EP-251130139,P401D0BC,清水義範,45.0,2.2,525.5
EP-2512074604,P07C0624,道尾秀介,40.0,1.0,508.2
EP-2512074605,P3F69AD6,米澤穂信,35.0,1.39,529.5
EP-2512074610,PC84DAF6,ジョン・スタインベック,45.0,2.98,512.3
EP-2512074612,PF57751,オスカー・ワイルド,35.0,3.25,521.9
EP-2512074619,PEE19063,アニー・ディラード,40.0,2.39,537.4
EP-2512074356,P78C3DCF,マルコス・アウレリウス,55.0,2.79,493.8
EP-2512074357,P0E26591,聖女ヌルハチ,60.0,1.92,540.2
EP-2512074360,PB8F81C2,楊貴妃,35.0,1.0,486.9
EP-2512074362,P5AD921B,シャルルマーニュ,62.0,2.07,557.3
EP-2512074363,P9FD2F20,細川ガラシャ,38.0,1.0,483.0
EP-2512074365,PDCCA0FA,小早川秀秋,21.0,1.9,523.6
EP-2512074367,P5676A70,直江兼続,59.0,2.57,527.2
EP-2512074372,P9C9B734,藤原氏長者,45.0,2.0,481.9
EP-2512074374,P2D60EB4,蜂須賀正勝,55.0,1.62,490.6
EP-2512074375,P21080AE,イヴァン雷帝,50.0,1.0,483.0
EP-2512074376,PDA34867,今川義元,42.0,1.62,504.4
EP-251130141,P04DA54C,山田涼介,28.0,2.25,528.0
EP-2512072074,PE63C5D7,中川翔子,35.0,2.0,557.8
EP-2512072077,P841789A,長谷川博己,46.0,1.4,614.4
EP-2512072079,P570E9A8,柳原可奈子,38.0,1.0,526.7
EP-2512072087,P9BBA413,麻生久美子,42.0,1.0,543.0
EP-2512072091,P9BDD26A,高木ブー以外の高木,75.0,3.46,540.2
EP-2512072092,PE3EA538,欽ちゃん,60.0,1.0,537.2
EP-2512072094,P0580055,三遊亭好楽,70.0,1.39,525.6
EP-2512072095,P8505C64,毒蝮三太夫,80.0,1.96,511.4
EP-2512072096,P5BD6C43,上島竜兵,55.0,1.21,514.3
EP-2512072097,P151FBBC,肥後克広,52.0,1.0,497.8
EP-2512072098,PB080E48,寺門ジモン,50.0,3.36,498.5
EP-2512072099,P05A04C4,笑福亭仁鶴,75.0,2.68,580.2
EP-2512072100,P7B1EE14,桂三枝,65.0,1.0,554.6
EP-2512072102,P2C434C5,ジェレミー・レナー,50.0,1.87,544.5
EP-251130142,P183DBEF,アンディ・グローブ,50.0,3.03,536.1
EP-2512075390,P532CE94,ピーター・ドラッカー,55.0,2.53,526.1
EP-2512075392,P8C1245F,猪子寿之,38.0,3.46,560.0
EP-2512075393,P7769EFC,佐治信忠,55.0,1.0,538.9
EP-2512075395,P6514E38,中島聡,42.0,2.68,534.5
EP-2512075396,PDE72D86,岡本行夫,50.0,1.0,524.5
EP-2512075397,P6C9F1E4,里見治,60.0,3.46,527.7
EP-2512075401,PAEE64F5,マーク・アンドリーセン,35.0,2.16,556.0
EP-2512075402,P8803DCF,サフラ・カッツ,42.0,3.46,527.1
EP-2512075404,PC4E6878,ジャン=ポール・アゴン,55.0,2.99,572.7
EP-2512075072,PFDC0BC9,フレミング,47.0,1.0,485.0
EP-2512075076,PDFCE210,島正博,45.0,1.0,550.5
EP-2512075077,P3B77E73,早川種三,30.0,2.39,529.3
EP-2512075078,PA9F61D8,湯木貞一,35.0,1.0,510.6
EP-2512075079,P1DF3F1A,菊池正士,35.0,1.0,556.6
EP-2512075081,P47CC417,長岡正男,38.0,2.99,617.0
EP-2512075082,P6C02FDE,田中久重,50.0,1.0,608.1
EP-2512075083,P61EC972,ボイル,37.0,1.21,565.8
EP-2512075085,PAF422C7,オイラー,30.0,1.68,591.4
EP-2512075086,PFE7B1B2,リンネ,40.0,3.29,593.7
EP-2512075087,P0224306,フック,35.0,2.07,648.3
EP-2512075088,P91DE2B9,ケルヴィン卿,45.0,2.2,571.2
EP-2512073651,PD612686,谷村新司,45.0,1.71,575.1
EP-2512073652,P9B2E242,富田靖子,35.0,1.71,557.7
EP-2512073653,PEB37FB9,日野皓正,45.0,1.68,581.7
EP-2512073657,P617830F,古今亭志ん朝,45.0,3.46,611.1
EP-2512073658,P4901994,古今亭志ん生,50.0,1.0,532.1
EP-2512073659,P0F5F35F,林家正蔵,48.0,1.0,505.6
EP-2512073660,P3E236D7,狂言師野村万之丞,52.0,2.3,576.2
EP-2512073661,P37A4B52,市川染五郎,38.0,1.62,556.4
EP-2512073662,PFDDF3E6,ラベル,42.0,1.0,492.2
EP-2512073666,P6337ED6,カミュ,40.0,2.58,550.6
EP-2512073667,P0BF8BD0,サルトル,48.0,1.3,598.2
EP-2512073668,PEE0EBF5,ジョイス,42.0,3.07,559.9
EP-2512073671,P7ED6C89,ルノワール,45.0,2.58,532.8
EP-2512071992,PBFABCE9,テニス沢松奈生子,26.0,1.3,540.6
EP-2512072002,PE3563C9,バスケ田臥勇太,22.0,3.37,568.9
EP-2512075574,P0EE4C87,坂本太郎,50.0,2.68,623.5
EP-2512075575,P1261CA2,ワーナー・ハイゼンベルク,35.0,3.38,597.5
EP-2512075576,P919956D,丸山眞男,50.0,1.71,492.9
EP-2512075579,PF96EDCE,西村真琴,48.0,2.96,512.8
EP-2512075581,P6482E11,折口信夫,50.0,1.71,525.8
EP-2512075582,P0E83A71,カール・ユング,45.0,2.49,618.1
EP-2512075587,P8C41F14,今道友信,52.0,1.68,582.8
EP-251130147,PDF8D09B,青山繁晴,58.0,2.3,525.9
EP-2512073121,P5CBC9DC,櫻井よしこ,55.0,1.68,588.7
EP-2512073122,P365AA64,有本香,48.0,1.01,617.3
EP-2512073123,P5FC8726,安田浩一,45.0,2.68,581.5
EP-2512073124,P0EBD718,江川紹子,50.0,2.0,521.5
EP-2512073126,P3990B5B,森永卓郎,58.0,3.46,608.7
EP-2512073127,P670771F,萱野稔人,42.0,1.62,566.7
EP-2512073128,P75D8527,宮台真司,50.0,1.62,568.8
EP-2512073129,P63CEE87,姜尚中,55.0,3.36,564.4
EP-2512073130,P732BEFA,ウラジーミル・ゼレンスキー,44.0,2.07,500.1
EP-2512073134,P58BFA84,古田織部,55.0,1.59,516.1
EP-2512073135,P2B4328E,黒田清輝,45.0,1.92,535.8
EP-2512073136,P21700BF,鳩山一郎,60.0,3.46,560.9
EP-2512073138,PBC791CA,青木理,50.0,1.39,545.4
EP-2512073140,P7A3343D,寺島実郎,60.0,1.21,515.8
EP-2512073142,PDD75147,古賀茂明,55.0,2.68,597.9
EP-251130148,P7F1EFC0,橋田壽賀子,60.0,2.31,608.3
EP-2512074314,P9CE85EE,浅田美代子,40.0,3.46,668.5
EP-2512074315,PD5783C6,片桐はいり,40.0,2.96,589.6
EP-2512074316,PABC77D1,内田也哉子,35.0,2.3,581.7
EP-2512074317,PBF29E48,生瀬勝久,45.0,1.58,501.4
EP-2512074319,P779AA9A,小林薫,50.0,1.3,506.8
EP-2512074326,PE02C435,犬童一心,42.0,2.49,588.2
EP-2512074327,P6DF20B8,萩原健一,35.0,1.0,538.4
EP-2512074328,PA6FBCCD,斎藤工,32.0,1.3,535.1
EP-2512074330,P257FC0F,田中泯,55.0,1.2,521.4
EP-2512074331,PD5783C6,片桐はいり,45.0,2.96,576.5
EP-2512074332,PE5395CD,風間杜夫,45.0,1.68,572.3
EP-2512074333,P302DB93,市川猿之助,40.0,1.0,480.2
EP-2512074334,P9359417,尾上松緑,45.0,2.3,621.7
EP-2512075141,P1A4473A,平原綾香,28.0,1.3,581.4
EP-2512075142,P0C1B121,いきものがかり・水野良樹,30.0,2.87,568.8
EP-2512075145,PC4066C2,ジェイソン・マラーズ,30.0,1.87,608.0
EP-2512073067,PE9E11D0,新貝康司,45.0,3.07,554.3
EP-2512073068,PFA938AB,木村拓也,50.0,1.62,537.0
EP-2512073075,PB539CFD,安田善雄,45.0,1.0,486.1
EP-2512073078,P23C9453,住友友以,40.0,1.62,492.7
EP-2512073079,P7AFE171,中山悦治,50.0,1.0,555.2
EP-2512073080,P85DAF41,古河市兵衛,45.0,1.0,524.6
EP-2512073083,P39F8504,大倉喜八郎,45.0,2.7,556.7
EP-2512073084,P1BF70E2,野村徳七,50.0,1.0,483.1
EP-2512073085,P286C8DE,メリンダ・ゲイツ,40.0,3.07,529.3
EP-2512073087,PE2E6A0A,中島知久平,50.0,2.38,499.6
EP-2512073091,PF1E9A42,石坂泰三,60.0,2.3,573.0
EP-2512073093,P35C98A3,土橋正二郎,50.0,1.0,494.5
EP-251130151,PFAD936B,パブロフ,45.0,1.0,541.5
EP-2512075662,P4DB03E0,島津斉彬,45.0,2.5,595.7
EP-2512075663,P3841A61,森永太一郎,35.0,1.39,595.2
EP-2512075664,P01D4B5B,高峰秀子,30.0,1.0,565.4
EP-2512075665,PBADC9DF,竹中工務店創業者,40.0,1.0,558.0
EP-2512075669,P6EF5DAB,ベル,29.0,2.2,562.7
EP-2512075672,P74C6E25,クルップ,40.0,3.07,514.8
EP-251130152,P6C01F7F,千葉雄大,34.0,1.96,520.4
EP-2512073603,P1EEA1FC,薬師丸ひろ子,58.0,1.0,516.1
EP-2512073604,P4D2E1F8,キアヌ・リーブス,59.0,2.49,488.5
EP-2512073608,PAE9E893,佐野史郎,40.0,3.46,565.7
EP-2512073609,PBFFAF29,萬田久子,45.0,2.39,527.3
EP-2512073611,P4CDA770,カミラ・カベロ,24.0,3.17,498.9
EP-2512073612,P436C0B6,佐藤二朗,48.0,1.59,482.6
EP-2512073616,PA0D9AA2,サンシャイン池崎,32.0,1.2,479.0
EP-2512073619,PCCECFE2,ゆりやんレトリィバァ,28.0,2.46,502.2
EP-2512073620,PC14F326,小籔千豊,42.0,1.39,588.4
EP-2512073621,P1DCBFA9,野田洋次郎,32.0,1.96,561.6
EP-251130153,P8FB23D0,上戸彩,30.0,2.96,608.8
EP-2512073040,P924D47A,沢尻エリカ,30.0,1.0,528.8
EP-2512073041,PC905659,松田翔太,35.0,1.39,526.5
EP-2512073042,P6C91EB8,仲間由紀恵,40.0,1.68,550.4
EP-2512073043,P8034109,内野聖陽,50.0,1.21,559.3
EP-2512073044,PE9DBAE7,サンドラ・オー,50.0,2.27,490.0
EP-2512073045,PDDB5E6B,ダニエル・クレイグ,50.0,2.46,572.5
EP-2512073050,P5F34AD4,綾野剛,32.0,1.4,511.5
EP-2512073051,P4BB0CCF,菅野美穂,35.0,1.0,570.1
EP-2512073053,P9A30006,ジェシカ・チャステイン,38.0,1.49,503.1
EP-2512073054,P309BC55,伊藤英明,38.0,1.68,537.8
EP-2512073055,P1A2DF2F,吉瀬美智子,40.0,2.68,572.3
EP-2512073056,P820E672,鈴木亮平,36.0,3.25,543.7
EP-2512073058,P924D47A,沢尻エリカ,26.0,1.68,563.4
EP-2512073063,PB85F50A,ブリー・ラーソン,28.0,3.06,549.7
EP-251130154,P25D3A1C,万田邦敏,50.0,2.38,601.8
EP-2512073148,PDEA3849,中村歌右衛門,50.0,3.46,577.3
EP-2512073150,PFA40B13,春風亭一之輔,35.0,2.8,546.0
EP-2512073151,PAE96371,狂言師茂山千作,60.0,2.0,541.8
EP-2512073152,P70DC70C,ケイト・ブランシェット,40.0,2.07,574.0
EP-2512073156,P8B11DD0,エミール・ゾラ,40.0,1.87,567.2
EP-2512073157,P67B9F25,内藤礼,50.0,1.58,573.9
EP-2512073162,P26C270E,福田平八郎,45.0,1.01,536.2
EP-2512073166,PF482C14,三木のり平,55.0,1.92,532.2
EP-2512073169,P3CE8882,赤井英和,45.0,1.58,519.9
EP-2512073171,P169B4D2,千住博,50.0,2.39,551.7
EP-2512074378,P7C7879E,岩崎恭子,35.0,1.5,488.0
EP-2512074379,PB424601,江川卓,25.0,2.2,540.1
EP-2512074385,PE5A1D09,高橋陽一,35.0,2.07,524.0
EP-2512074390,PDC248B2,マイク・タイソン,20.0,1.92,618.9
EP-251130156,PA7BC1AE,シュリニヴァーサ・ラマヌジャン,30.0,3.07,509.6
EP-2512075344,PAE13E0A,大隅典子,52.0,1.0,491.0
EP-2512075345,PF81E85E,ロバート・コッホ,40.0,2.2,513.6
EP-2512075346,P1C7E3E8,山岸明彦,45.0,3.18,634.8
EP-2512075347,P650A457,堀越桂,48.0,1.9,547.7
EP-2512075348,P46B1379,竹内郁雄,55.0,2.87,521.5
EP-2512075349,P7E95417,中島啓,60.0,1.92,570.0
EP-2512075351,P4E86483,マリー・アントワーヌ・ラヴォアジエ,40.0,1.3,561.2
EP-2512075352,P775437D,浅島誠,58.0,3.36,547.4
EP-2512075355,PD63C730,川人光男,55.0,3.36,525.0
EP-2512075356,PB7A33FA,谷口維紹,62.0,1.2,541.8
EP-251207047,P97A6F25,マクスウェル,35.0,1.3,552.9
EP-251207048,PC01ED74,フェルマー,40.0,3.25,493.6
EP-251207050,PCA756C4,ラマヌジャン,25.0,3.46,500.9
EP-251207054,PED9B72B,長沢工,55.0,1.21,608.2
EP-251207056,PA62788B,さかなクン,35.0,1.01,526.0
EP-251207058,P3BFFE59,竹内好,40.0,1.21,511.3
EP-251207059,PD51C86F,吉本隆明,50.0,1.0,518.1
EP-251207060,P5D1F4AB,網野善彦,55.0,1.21,534.6
EP-251207061,P09F13FF,石母田正,45.0,2.8,514.7
EP-251207062,P7728C56,家永三郎,50.0,2.09,540.3
EP-251207063,P42E6DCC,色川大吉,55.0,1.0,498.2
EP-2512075125,P69AB8E1,鈴木雅之,45.0,2.25,507.0
EP-2512075126,P5902354,田島貴男,50.0,1.01,503.2
EP-2512075131,P6618B38,レイ・チャールズ,45.0,3.08,536.0
EP-251207067,PD7C63B5,石川優子,25.0,1.0,510.5
EP-251207069,P4A92709,荒井由実,22.0,3.25,616.6
EP-251207074,P5DA1664,ジョニ・ミッチェル,25.0,2.07,517.9
EP-251130159,PDDD48A3,青木盛久,45.0,2.83,613.9
EP-2512073530,P60F9C80,福田己津央,50.0,2.58,608.4
EP-2512073531,PA1935D5,斎藤圭一郎,42.0,1.39,516.3
EP-2512073532,P701305F,Valve・Gabe Newell,55.0,2.58,559.9
EP-2512073536,P44E4191,スコット・マクラウド,58.0,1.58,550.5
EP-2512073538,PB9A2633,田畠裕基,32.0,1.96,549.1
EP-2512073539,P1B7ED27,ufotable・近藤光,55.0,1.92,556.5
EP-2512073540,PEEB2057,WIT STUDIO・和田丈嗣,48.0,2.07,493.4
EP-2512073544,P028FABA,コナミ・上月景正,75.0,2.58,563.1
EP-2512073545,PB163C36,任天堂・古川俊太郎,60.0,3.47,542.7
EP-2512073546,P71A0413,Bethesda・Todd Howard,52.0,1.92,593.5
EP-2512073550,P78E040F,Activision・Bobby Kotick,58.0,2.0,551.9
EP-2512073551,P03CA0C5,空知英秋,48.0,2.58,602.5
EP-2512073552,P8E084A2,古舘春一,30.0,1.58,524.9
EP-2512073553,P423C578,赤坂アカ,35.0,2.3,617.2
EP-2512074965,P25AB01E,サン＝テグジュペリ,40.0,1.58,524.7
EP-2512074971,P0995FC3,イアン・マキューアン,45.0,1.2,497.4
EP-2512074974,P951526D,高樹のぶ子,45.0,1.59,557.3
EP-2512074979,P8E9B808,坂東眞砂子,45.0,3.39,544.5
EP-251207085,P485A56C,高橋洋,55.0,2.2,568.8
EP-251207086,PC361035,黒川清,65.0,2.88,552.8
EP-251207093,PBC3C340,ジョン・フォン・ノイマン,50.0,2.83,504.1
EP-251207101,P5770BDB,アイバン・サザランド,40.0,2.46,651.1
EP-251207109,PD001957,宮本和知,32.0,3.18,575.1
EP-251207117,P614B0AC,稲葉篤紀,30.0,3.38,515.2
EP-251207185,P9A675D3,佐々木蔵之介,35.0,3.38,480.2
EP-251207186,P2B13C99,田中哲司,40.0,3.38,504.2
EP-251207132,PC9A5F9C,水野晴郎,45.0,3.38,580.4
EP-251207133,PA2CAA7A,小日向文世,40.0,3.38,508.3
EP-251207136,P6B01F5B,井浦新,41.0,2.8,550.8
EP-251207138,P33B2D6D,田畑智子,35.0,3.38,504.1
EP-251207141,PBF21743,豊川悦司,38.0,3.18,553.9
EP-251207214,PC7153A3,田嶋陽子,55.0,1.71,577.5
EP-251207215,PE679F94,金美齢,60.0,2.09,507.5
EP-251207219,PD61340E,小沢一郎,55.0,2.0,553.6
EP-251207225,P383D18A,鳩山威一郎,52.0,2.09,532.7
EP-251207228,PB8804CB,石井一,55.0,2.0,500.0
EP-251207231,P852FCD7,町村信孝,56.0,2.8,545.8
EP-251207820,P644C8B7,李嘉誠,35.0,3.38,494.8
EP-251207829,PF93B0D5,岩崎小弥太,45.0,2.38,511.0
EP-251207832,P9327525,安田保善,42.0,2.31,505.5
EP-251207834,PC38E508,川崎正蔵,40.0,2.31,495.1
EP-251207655,P4CCDD5B,石田純一,35.0,2.96,529.8
EP-251207659,PCD4254E,狩野芳崖,55.0,2.2,505.2
EP-251207664,PB34B6FD,雪舟,50.0,1.21,486.3
EP-251207665,P0DCD603,小林古径,45.0,2.09,505.7
EP-251207666,P783B0EF,橋本雅邦,50.0,1.21,488.9
EP-251207667,PD13C827,森川許六,40.0,1.0,505.5
EP-251207669,P9CCAD6B,下村観山,40.0,1.71,578.2
EP-251207671,P93B9697,並河靖之,50.0,1.92,546.6
EP-251207672,P763C86F,津田青楓,40.0,2.0,538.1
EP-2512071294,P7FFB8CA,孫文,45.0,3.38,572.0
EP-2512071300,PD3744D4,今川氏真,26.0,1.0,374.8
EP-2512071306,P51CC0BB,山名宗全,60.0,1.0,504.6
EP-2512071313,P5F09115,後藤象二郎,42.0,1.62,516.0
EP-251207873,PB46084C,峯田和伸,42.0,3.0,526.7
EP-251207877,P1DEBFEE,白濱亜嵐,26.0,3.38,521.9
EP-251207882,P40796CE,山本美月,28.0,3.19,500.6
EP-251207270,P5208A2E,鈴木忠雄,40.0,2.8,512.3
EP-251207277,P8517239,竹中工務店創業者竹中藤右衛門,38.0,2.99,512.1
EP-251207286,P3631F87,大橋光夫,38.0,2.38,523.7
EP-251207291,P35AC7A0,安藤宏基,48.0,2.09,583.3
EP-251207292,PC78778A,星野リゾート星野佳路,42.0,3.18,588.8
EP-2512071074,P5C4E72E,木下是雄,50.0,1.71,503.0
EP-2512071085,P32EFD7F,リン・マーグリス,45.0,2.8,580.9
EP-251207340,P755509B,本阿弥光悦,45.0,1.21,523.0
EP-251207341,P2A228C3,俵屋宗達,38.0,2.0,527.8
EP-251207343,P819093A,エミール・ガレ,40.0,2.58,512.2
EP-251207344,P860C144,オーギュスト・コント,35.0,2.2,509.1
EP-251207345,P5F8FDDA,ヘンデル,40.0,3.46,534.4
EP-251207354,PD33B1E5,石橋蓮司,45.0,3.38,520.9
EP-251207357,P4941C66,マリア・カラス,40.0,2.0,481.5
EP-2512071462,PD00F847,内田康夫,45.0,2.8,500.8
EP-2512071478,P0995FC3,イアン・マキューアン,33.0,2.8,512.2
EP-2512071019,PFD9E2A7,勝野洋,35.0,2.76,506.6
EP-2512071021,PA3D978B,山田五十鈴,40.0,3.38,493.5
EP-2512071022,P1E7E752,笠智衆,50.0,2.09,546.0
EP-2512071023,P401FC95,岩下志麻,30.0,1.71,486.7
EP-2512071118,P7AF08BA,時枝誠記,45.0,2.47,537.9
EP-2512071121,PA647C8E,ガリレオ・ガリレイ,46.0,2.2,502.7
EP-2512071130,PED4DBC2,ニコラ・テスラ,40.0,3.29,482.7
EP-2512071131,P5CF6345,メンデレーエフ,35.0,3.46,569.6
EP-2512071133,P4954218,アラン・チューリング,39.0,2.8,501.0
EP-251207389,P7067795,丹羽宇一郎,55.0,2.0,509.1
EP-251207390,PF0F5C5D,荻上チキ,35.0,3.38,549.7
EP-251207398,P49AD4C5,三木武夫,58.0,3.18,538.0
EP-251207402,P8DD847D,コンドルセ侯爵,45.0,2.3,493.4
EP-251207406,PB77515F,スーザン・B・アンソニー,52.0,3.29,519.5
EP-251207414,P1C12113,河合栄治郎,42.0,1.71,537.3
EP-251207415,P5AFBD1B,矢内原忠雄,47.0,3.38,518.1
EP-251207416,P7BA3387,安岡正篤,55.0,2.47,533.2
EP-251207417,PC2234AC,吉野作造,38.0,2.8,499.2
EP-251207453,P9F63FA0,ヒロ,42.0,3.38,506.6
EP-2512073804,P42FC1AA,岡本真夜,28.0,3.18,514.9
EP-2512073812,PE40C0F6,西城秀樹,30.0,3.18,500.4
EP-2512073818,P560AC9A,アリシア・キーズ,28.0,3.18,553.1
EP-2512074122,PC3BD2CA,パトリック・チャン,25.0,3.37,512.5
EP-2512073986,PEAC9BF5,許斐剛,31.0,2.76,538.9
EP-2512073993,PAEC0A93,高橋留美子,33.0,3.38,486.9
EP-2512073996,P569EDC7,真島ヒロ,32.0,3.08,483.8
EP-2512073999,P119A237,麻枝准,33.0,2.09,538.8
EP-2512074913,P975B2FB,コッホ,35.0,1.0,522.9
EP-2512074914,P8921120,ゼンメルワイス,40.0,3.29,560.0
EP-2512074920,PF2154C6,アンドレ・マリー・アンペア,40.0,3.07,605.3
EP-2512074921,P70A1255,ハインリッヒ・ヘルツ,31.0,2.2,510.1
EP-2512074922,PCDA6598,アントワーヌ・ラヴォアジエ,35.0,2.2,539.8
EP-2512074923,PEEE4921,ジョン・ダルトン,38.0,1.92,513.9
EP-2512074924,P96D3302,青色LED開発チーム,45.0,3.0,613.6
EP-2512074925,P437C035,ASIMO開発チーム,40.0,3.08,599.3
EP-2512074926,PB875522,甘利俊一,50.0,2.8,535.0
EP-2512074927,P2AC8021,田中好子,38.0,2.8,631.0
EP-2512071781,P4BDE86E,伊藤美咲,24.0,2.58,507.7
EP-2512073282,P57C1AF6,内田百閒,45.0,3.38,485.5
EP-2512073285,P54B090E,立原道造,24.0,2.09,495.6
EP-2512073289,P0B3D944,澁澤龍彦,38.0,3.0,478.7
EP-2512073291,P29B35AD,オクタビオ・パス,45.0,2.8,506.9
EP-2512073292,P99C89E9,ミラン・クンデラ,40.0,3.38,522.9
EP-2512073298,P0058EDD,フリオ・コルタサル,40.0,3.38,548.2
EP-2512073866,PEB29B9A,トヨタ自動車創業者豊田佐吉,45.0,2.09,483.2
EP-2512073887,P43B3FBD,ソニー創業者井深大,35.0,3.38,533.6
EP-2512071819,P9D590B6,稀勢の里寛,31.0,3.19,515.1
EP-251207561,P6742861,三浦朱門,45.0,1.71,492.2
EP-251207719,PE551969,坂井利之,52.0,2.8,512.8
EP-251207724,P0FF51E0,アレクサンダー・ボロディン,31.0,2.79,512.6
EP-251207729,PE71B587,近藤滋,41.0,3.38,543.5
EP-251207730,P47C92B8,グスタフ・キルヒホフ,36.0,3.27,502.4
EP-2512071716,P13EBABC,三浦友和,65.0,2.8,556.3
EP-2512071720,PA3A5120,ほっしゃん。,35.0,3.46,554.4
EP-2512071723,PBD87372,浅草キッド,40.0,3.0,512.7
EP-2512071874,P9546B3C,稲森いずみ,32.0,3.19,564.8
EP-2512071879,P8E8C84C,市川中車,48.0,2.8,525.8
EP-2512071890,P6E050E2,岡田惠和,45.0,2.09,538.4
EP-2512075281,PA816B5E,北条時政,58.0,1.62,505.5
EP-2512075282,PAABFBD5,足利義輝,30.0,1.0,495.1
EP-2512075287,PF880C3F,桂小太郎,28.0,1.62,530.0
EP-2512075290,P3A64118,ルートヴィヒ・ヴァン・ベートーヴェン,35.0,3.17,552.2
EP-2512073489,P64EB5D3,楢崎正剛,40.0,3.38,564.6
EP-2512073490,P5D98E97,土肥洋一,44.0,3.38,490.7
EP-2512073491,P1C0B7AC,曙太郎,35.0,1.71,495.7
EP-2512073492,PF5FE4F2,武蔵丸光洋,36.0,2.58,562.5
EP-2512075472,P5E8DDCE,白石一文,44.0,3.19,556.9
EP-2512071686,PBACE248,岡田茂吉,43.0,2.8,540.0
EP-2512071690,PF09D3AA,宮澤喜一,60.0,2.8,504.3
EP-2512071691,P4797C8A,羽田孜,57.0,1.71,529.5
EP-2512071693,P0D2B5A9,井上弘,52.0,2.47,531.4
EP-2512071702,P64FEF30,宮内庁長官,55.0,3.38,563.0
EP-2512071707,P118D606,イーロン・リーヴ・マスク,33.0,3.38,543.4
EP-2512071585,PAE07166,河森正治,32.0,3.38,558.7
EP-2512071598,PCD9772C,Hergé,38.0,3.38,480.6
EP-2512071603,P4FA90DA,稲垣理一郎,35.0,3.38,580.6
EP-2512074440,P4C78B64,城山三郎,48.0,2.8,513.2
EP-2512074444,P9AF74A8,藤子不二雄,35.0,3.38,530.8
EP-2512074445,PEF5FCD2,岡本かの子,45.0,3.0,484.5
EP-2512074446,P19B2626,里見弴,50.0,2.09,517.5
EP-2512075531,P49F493A,川崎重工業創業者川崎正蔵,55.0,2.5,551.8
EP-2512075532,P7E16309,八木宏,41.0,3.38,648.4
EP-2512075537,P19B0AE3,カール・リンネ,41.0,2.58,525.6
EP-2512075540,P458F77B,森田道博,50.0,3.38,503.6
EP-2512073756,P7763355,ダオコ,24.0,2.8,533.9
EP-2512073761,P677739C,世良譲,35.0,2.8,492.1
EP-2512073767,PB893FC1,服部克久,55.0,2.09,547.7
EP-2512072858,P6D46023,リチャード・フランシス・バートン,40.0,3.07,496.4
EP-2512072861,P824855F,オットー・ノルデンショルド,35.0,3.38,523.8
EP-2512072865,P1B152CE,服部半蔵,30.0,1.0,397.5
EP-2512072866,P7395AA4,藤原審爾,42.0,3.18,582.4
EP-2512072867,PFFAC19E,大島康徳,38.0,2.8,513.7
EP-2512074094,PA35E47A,デーモン閣下,50.0,2.8,519.7
EP-2512074095,P2E67267,つるの剛士,38.0,3.18,540.3
EP-2512071745,P8B00765,海老蔵,35.0,2.0,490.5
EP-2512071750,P048D1AE,木下惠介,42.0,2.8,484.3
EP-2512071752,PFF3645C,鈴木清順,43.0,2.8,492.0
EP-2512071753,P0A7B57A,横溝正史,40.0,3.38,558.1
EP-2512071763,PF6C5EE4,安藤忠雄,40.0,3.19,546.2
EP-2512071766,P505D34D,陶芸家・人間国宝・金重陶陽,45.0,1.71,520.3
EP-2512071767,P7761DC1,小津安二郎,38.0,3.18,603.4
EP-2512071773,P1EF680A,華道家・池坊専永,50.0,2.09,498.5
EP-2512075178,PEE7258F,永田恭介,58.0,3.29,559.6
EP-2512075181,P234A619,橋本治,55.0,2.8,527.7
EP-2512075182,P641F985,清水幾太郎,50.0,1.71,546.0
EP-2512075185,P028DE85,苅谷剛彦,50.0,2.8,532.8
EP-2512075186,P19D00E8,広井良典,55.0,2.8,525.6
EP-2512075188,P2D9E09E,御厨貴,65.0,3.0,555.2
EP-2512075190,PF7693B4,細谷雄一,48.0,3.38,505.0
EP-2512074027,PA0900F2,川崎宗則,29.0,3.38,549.2
EP-2512074033,PAD7299B,竹田恆和,43.0,2.38,541.1
EP-2512074036,P5F7B982,髙藤直寿,28.0,2.58,527.2
EP-251130048,PB2BDFF7,さくらんぼの小坊主,28.0,2.58,493.8
EP-2512072262,PD39784B,野口五郎,25.0,2.47,552.8
EP-2512074744,P5266D5D,ヨハン・シュトラウス2世,45.0,3.17,567.2
EP-2512074746,P38F7CE6,シューマン,30.0,3.29,525.5
EP-2512074749,P4F863D2,チャールス・ダーウィン,52.0,2.79,510.7
EP-2512074756,PE00F724,阿久悠,45.0,2.38,541.7
EP-2512073896,PB77E1C9,飯田亮,60.0,2.8,516.3
EP-2512072997,P48B6814,市川右太衛門,45.0,2.8,541.9
EP-2512073000,P280B118,長谷川一夫,35.0,1.71,488.5
EP-2512072597,P40A86BC,西川美和,35.0,3.19,480.5
EP-2512072598,P03F4135,深川栄洋,45.0,2.0,498.1
EP-2512072599,PE63CE40,歌舞伎俳優・中村勘九郎,35.0,2.8,547.4
EP-2512072600,P1C53DEE,書道家・金澤翔子,28.0,3.38,560.8
EP-2512072601,PAF90FFA,陶芸家・十四代酒井田柿右衛門,50.0,3.34,632.9
EP-2512072602,PBA4F120,加山又造,45.0,3.0,496.8
EP-2512072603,P97A090E,谷口吉生,55.0,3.46,568.1
EP-2512072604,P07B83A4,音楽家・千住明,40.0,3.38,539.3
EP-2512072605,P5A093B6,染織家・志村ふくみ,60.0,1.71,526.0
EP-2512072607,P03245EA,漆芸家・室瀬和美,52.0,3.19,500.6
EP-2512072610,P339C643,陶芸家・樂吉左衞門,55.0,2.38,483.1
EP-2512072616,P717B4DE,書家・石川九楊,55.0,2.58,508.9
EP-2512072618,P6C3D17A,ヴィンセント・ヴァン・ゴッホ,37.0,3.29,590.2
EP-2512072619,P7ED53F1,ロダン,50.0,2.5,529.6
EP-2512075216,P8A6C5C5,苫米地英人,40.0,2.8,515.6
EP-2512074878,P21663C2,龍造寺隆信,45.0,1.0,397.8
EP-2512074879,PCF79538,九鬼嘉隆,40.0,1.0,519.6
EP-2512074885,P59A7A30,山中鹿介,28.0,2.31,481.8
EP-2512074887,P6578F22,ニュートン,25.0,1.92,517.8
EP-2512074890,P24D72F5,エル・グレコ,40.0,3.08,485.0
EP-2512074562,P7C71B2E,山尾志桜里,42.0,3.38,526.2
EP-2512074563,PDD7ECFB,森田実,65.0,2.96,537.1
EP-2512074564,P196B212,片山さつき,55.0,2.8,479.5
EP-2512074565,P71FF654,河野洋平,60.0,1.71,567.4
EP-2512074566,P1D670D6,青木幹雄,66.0,2.58,503.3
EP-2512074575,P63C44FD,レヒ・ワレサ,37.0,3.38,485.0
EP-251130058,PC417E63,井原西鶴,40.0,3.2,507.8
EP-2512075499,P9090FCB,尾崎紅葉,35.0,3.0,520.1
EP-2512075500,PE36EDB8,国木田独歩,30.0,2.09,509.5
EP-2512075502,P2BEB488,佐藤春夫,35.0,1.71,499.3
EP-2512075505,PD94F063,ヴィクトル・ユーゴー,40.0,3.27,491.4
EP-2512075507,P6B75469,ルイス・キャロル,33.0,3.2,512.9
EP-2512075508,P6E7AB73,アントン・チェーホフ,35.0,2.58,521.8
EP-2512074816,P5835E4F,土井利忠,35.0,3.38,637.9
EP-2512074818,P88BB57D,城戸淳二,38.0,2.8,552.3
EP-2512074820,PF2EFB1B,岡崎恒子,35.0,2.8,581.6
EP-2512074821,P07E99A0,山田昌尚,45.0,2.2,574.5
EP-2512074822,P6CB7745,増田靖,38.0,3.38,530.4
EP-2512074823,P5C3984A,古川俊夫,42.0,3.38,502.2
EP-2512074824,P912569D,小野寺秀俊,40.0,1.62,544.2
EP-2512074827,P40575D6,Katalin Karikó,55.0,3.38,568.5
EP-2512071516,P16A968C,レディオヘッド,32.0,3.38,498.5
EP-251207607,P9440C74,大塚製薬創業者大塚正士,35.0,2.8,519.8
EP-251207616,P0B30191,古河潤吉,45.0,2.4,535.2
EP-251207623,P80685E2,コカ・コーラ創業者ジョン・ペンバートン,46.0,3.07,529.9
EP-2512071250,P51DB463,林家ペー・パー子,50.0,2.09,556.4
EP-2512071253,P6A18171,真矢ミキ,45.0,3.38,501.6
EP-2512071256,PAD420BC,菊川怜,28.0,3.38,525.5
EP-2512071265,P987F6E6,伊武雅刀,45.0,3.38,518.9
EP-251130065,PE81001C,今井むつみ,45.0,2.09,504.9
EP-2512075264,PE12FD3A,鷲田清一,52.0,2.8,505.1
EP-2512075265,P85D6023,加藤陽子,45.0,1.71,548.7
EP-2512074951,P55B6CC2,桜井政博,32.0,3.38,538.0
EP-2512074952,PD1D159D,加藤一彦,45.0,3.38,518.3
EP-2512074962,PA03D6C8,澤野弘之,32.0,3.38,530.9
EP-251130067,PEA0D029,上村松園,38.0,3.38,505.0
EP-2512075250,P75190D3,谷口恒雄,42.0,3.18,490.3
EP-2512075252,PCDF3127,宝塚歌劇団創設者小林一三,44.0,3.38,636.4
EP-251130068,P8DED959,所眞理雄,52.0,2.09,553.6
EP-2512073560,P0157E09,藤田誠,55.0,3.18,583.0
EP-2512073561,PC70FD03,中西重忠,62.0,2.8,546.3
EP-2512073562,PFA810F1,桜井政成,45.0,2.8,546.7
EP-2512073564,PF1F52DB,新井紀子,51.0,1.71,578.5
EP-2512073567,PBBC738B,柴田崇徳,52.0,3.38,549.0
EP-2512073568,PC2EDFE4,古井貞煕,75.0,3.18,564.8
EP-2512073570,P1B0144C,ルイ・パスツール,40.0,1.92,481.3
EP-2512073571,PCDA6598,アントワーヌ・ラヴォアジエ,35.0,2.2,574.1
EP-2512073572,PD15CB0E,ベンジャミン・フランクリン,40.0,2.2,544.0
EP-2512073573,P50537BD,ドミトリ・メンデレーエフ,35.0,2.2,495.2
EP-2512073574,P9E1E40F,マイケル・ファラデー,40.0,2.2,583.3
EP-2512073575,PAC4FBA3,ヨハネス・ケプラー,38.0,2.79,587.3
EP-251130070,PD4230E7,田中秀征,52.0,1.71,495.6
EP-2512073455,P19A66AB,古川元久,42.0,2.58,511.8
EP-2512073457,P66E86A4,武田邦彦,58.0,2.0,391.5
EP-2512073462,P5A09416,猪口邦子,45.0,3.38,525.7
EP-2512073463,P8F89B3D,与謝野馨,58.0,2.09,536.1
EP-2512073466,PD4230E7,田中秀征,48.0,1.71,486.8
EP-2512073468,P454E1CA,鈴木宗男,52.0,2.96,525.0
EP-2512073469,P9B6F2EE,加藤の乱加藤紘一,61.0,1.71,484.9
EP-2512073475,PE968CD1,ルラ・ダ・シルヴァ,55.0,3.38,519.2
EP-2512072404,P8A93173,小島太,31.0,2.2,513.9
EP-2512072406,P28CFB2C,野間口貴彦,28.0,1.79,498.0
EP-2512074931,P7B67D57,あいだももか,22.0,3.17,509.9
EP-2512073442,P14C4F68,江守徹,45.0,3.18,495.1
EP-2512073443,P0059DA4,桃太郎侍・高橋英樹,40.0,3.19,546.2
EP-2512073444,P9F6C108,小松政夫,45.0,3.38,487.1
EP-2512073445,PAC6753A,あき竹城,48.0,3.38,595.5
EP-2512073452,P17780ED,坂上忍以外の坂上,25.0,3.38,497.1
EP-251130076,P2212D3A,川崎重工創業者川崎正蔵,45.0,1.62,511.2
EP-2512072906,P073D85D,京セラ創業者稲盛和夫,35.0,2.38,495.1
EP-2512072907,PC2E0672,カシオ創業者樫尾忠雄,42.0,3.38,483.4
EP-2512072908,P987E1E8,ヤマト運輸中興の祖小倉昌男,55.0,2.58,532.8
EP-2512072916,PF12A6FD,ワコール創業者塚本幸一,44.0,3.38,490.4
EP-2512072918,P2E5A169,不二家創業者藤井林右衛門,42.0,3.18,581.4
EP-2512072925,P70635DC,ザッポス創業者トニー・シェイ,32.0,3.38,488.4
EP-251130077,PC9F08C7,森本雅樹,45.0,2.8,572.7
EP-2512072749,PDD1D606,フリードリッヒ・ニーチェ,35.0,2.58,552.1
EP-2512072751,PF3425E4,アルフレッド・ウェゲナー,35.0,3.38,558.1
EP-2512072755,P6893B96,古在由秀,52.0,2.8,499.7
EP-2512072756,PE197534,有馬朗人,58.0,2.09,488.0
EP-2512072758,P3B0B39B,長倉三郎,48.0,3.0,518.8
EP-2512072761,PDE1790F,柏原正樹,42.0,1.71,516.3
EP-251130078,P05EA89C,ガウス,25.0,2.3,554.6
EP-2512074233,PA626B15,中江藤樹,35.0,1.0,484.6
EP-2512074237,P982C3B1,神山健治,35.0,2.38,568.8
EP-2512072356,P886C44E,森口真司,28.0,1.71,374.9
EP-2512073176,PEA5D45C,森脇浩司,29.0,3.38,509.2
EP-2512073183,P3F97F0A,和田豊,38.0,3.38,583.4
EP-2512075604,PEBD30FD,源実朝,28.0,2.5,495.0
EP-2512075605,PE51CD2C,後醍醐天皇,45.0,1.62,491.1
EP-2512075612,P132E686,横井小楠,55.0,1.0,542.5
EP-2512075615,P92B2059,ズールー王シャカ,40.0,3.07,509.9
EP-2512075635,P2AB7BB6,宮下裕彦,42.0,2.8,586.7
EP-2512075638,PB829CD9,夢枕獏,40.0,2.8,504.3
EP-2512075640,PD102009,荒川弘,32.0,2.8,526.7
EP-2512075643,P9BDB004,桂正和,35.0,2.8,501.2
EP-251207507,P90E4AC0,浅利慶太,45.0,3.08,495.5
EP-251207509,P0A9BBAE,歌舞伎・市川海老蔵,38.0,3.0,482.0
EP-251207523,P6E63A05,佐藤浩市,52.0,3.38,505.6
EP-251207526,PDE37F3D,お笑い・とんねるず木梨憲武,45.0,2.0,499.6
EP-2512075694,P4CF4141,魯山人,45.0,2.47,507.3
EP-2512075695,PDF73A6E,田中一村,50.0,1.71,380.4
EP-2512075696,P8BC6F8E,亀井勝一郎,48.0,1.71,585.4
EP-2512075697,P2ABFDC1,宝塚歌劇団創始者小林一三,55.0,3.19,485.1
EP-2512072115,P446F173,中嶋朋子,38.0,3.18,544.4
EP-2512075676,PAB5ED77,安田菜津紀,28.0,2.8,503.4
EP-2512075679,PE301FD2,室井佑月,42.0,2.0,491.6
EP-2512075682,P146F44C,岡田克也,45.0,1.71,482.6
EP-2512072279,PD475708,重光武雄,55.0,2.58,492.0
EP-2512072281,P5B9CAF1,清水喜助,38.0,2.12,518.5
EP-2512072283,P9EC94F9,高原慶一朗,55.0,3.18,518.8
EP-2512072286,P465E2E0,上原正吉,38.0,2.09,530.2
EP-2512072291,P0B83B3A,大塚正士,40.0,2.8,489.4
EP-251207765,P931157A,歌川国貞,40.0,1.62,494.4
EP-251207769,P6EAD262,押見修造,32.0,2.0,498.7
EP-251207774,PAF1BC4D,ストラヴィンスキー,35.0,3.38,495.5
EP-2512075591,P9FC9E50,石田ゆうすけ,32.0,2.58,532.5
EP-2512075593,PBF75841,猿橋勝子,38.0,3.38,514.0
EP-2512075598,P299E094,吉田類,45.0,3.38,486.7
EP-2512074423,PFE3998A,緒方正清,40.0,1.8,497.3
EP-2512074424,P8FEB06A,長与又郎,45.0,1.92,504.2
EP-2512074425,PEB6E741,佐々木隆興,50.0,1.92,582.2
EP-2512074426,P9A13DFE,八代嘉美,38.0,2.8,561.5
EP-2512074428,PB21A952,水野毅,42.0,2.79,543.3
EP-2512074431,PCD10ADB,エルンスト・ハッケル,45.0,2.2,573.8
EP-2512074432,P5E0C031,イヴァン・セチェーノフ,38.0,2.2,539.1
EP-2512074438,PFE9EEF0,倉田百三,42.0,1.71,516.1
EP-251130094,P31E16A2,徳冨蘆花,35.0,1.71,546.3
EP-2512072933,P92D94A0,立原正秋,40.0,2.8,521.5
EP-2512072944,PEAC8C7D,坂東眞理子,52.0,3.18,490.3
EP-2512072950,P6E7AB73,アントン・チェーホフ,35.0,2.2,481.0
EP-2512072951,PE88E31,フランツ・カフカ,38.0,3.38,533.6
EP-251207966,P6BA04DD,エウクレイデス,40.0,1.01,537.5
EP-251207982,P465B3AF,田邊元,50.0,2.47,581.9
EP-251207983,P46110E2,木村栄,40.0,1.71,515.4
EP-251207989,P8DE4364,カール・ロジャーズ,40.0,3.38,516.6
EP-2512071633,P6812A75,ニック・ケイヴ,45.0,3.38,508.6
EP-2512071634,PC625F77,カール・オルフ,48.0,3.46,629.5
EP-2512071206,P3971B5F,李明博,67.0,3.34,533.2
EP-2512071210,P56C98FC,李登輝,65.0,1.71,498.8
EP-2512071211,P35CF8B1,ジンバブエ・ムガベ,56.0,3.38,490.6
EP-251201099,PC8E74FF,椎名軽穂,32.0,2.8,520.2
EP-2512072961,P7CE2C5B,田村由美,35.0,3.38,514.1
EP-2512072968,P919C9CE,關智一,28.0,3.38,494.6
EP-2512072974,P44395AA,尾田栄一郎,25.0,3.18,581.4
EP-2512072975,PDFDF9D5,久保帯人,25.0,3.38,544.7
EP-2512072982,P57C6C4D,きくちゆうき,30.0,1.71,533.1
EP-2512074673,PB7B8338,吉田健一,40.0,3.19,516.5
EP-2512074675,P0D9360F,森村誠一,50.0,2.0,488.5
EP-2512074679,PA9BF686,橋幸夫,25.0,2.96,535.2
EP-2512073356,PFF4AAE2,江戸川コナン,35.0,2.58,560.9
EP-2512073361,PDD0A5FB,加藤蓮,25.0,2.8,562.9
EP-2512074099,P5F50783,真田信繁,48.0,3.47,486.3
EP-2512074101,PD68AC25,安重根,30.0,3.18,493.0
EP-2512074103,P9634631,フランシス・ザビエル,46.0,3.29,500.2
EP-2512074111,P552BE33,太公望,72.0,1.21,383.9
EP-2512074115,P72EC6CD,呂布,39.0,1.62,506.7
EP-2512075306,PD3709FE,King Gnu井口理,32.0,2.09,561.7
EP-251201104,P93411CF,黄長燁,52.0,2.96,558.7
EP-2512074293,P5222E70,福岡伸一,45.0,1.21,510.4
EP-2512074295,P2D30A7A,佐藤勝昭,60.0,2.09,499.2
EP-2512074305,P50A7FA3,ダヴィンチ,35.0,1.92,487.6
EP-2512074306,P0F100A1,オーム,38.0,1.21,485.9
EP-2512074307,PF419844,アンペール,45.0,2.79,549.8
EP-2512074308,P8679809,ボルタ,55.0,3.08,529.0
EP-2512074310,PB194D17,ヘルツ,31.0,2.2,503.3
EP-2512074312,PF675184,ケルビン卿,45.0,2.99,487.4
EP-2512074313,P2A636D5,ラザフォード,37.0,2.8,596.0
EP-2512074760,P6841A63,永田豊志,48.0,3.38,483.4
EP-2512074762,PD0B53A1,奥谷禮子,60.0,1.71,501.6
EP-2512074763,P87B049E,田中道昭,50.0,3.38,513.7
EP-251201108,P32C0157,小野寺昭,45.0,3.38,497.3
EP-2512072191,P22E43D4,里見浩太朗,40.0,2.0,540.3
EP-2512072194,P4822C24,岡田茉莉子,25.0,1.71,511.2
EP-2512072196,PC16C124,渡瀬恒彦,35.0,3.38,498.2
EP-2512072206,PF6FEC9F,唐十郎,45.0,1.59,490.2
EP-2512072207,PF61CDDE,佐藤信,40.0,1.71,497.9
EP-2512072208,P88D6FF1,キムラ緑子,45.0,3.38,544.3
EP-2512072163,P67E9352,清水崇,35.0,3.38,505.6
EP-2512072166,P1B3F08F,ロイ・リキテンスタイン,40.0,3.38,495.6
EP-2512072172,P8253169,田原桂一,45.0,1.71,515.2
EP-2512072173,P99B3638,白井晟一,50.0,2.09,550.3
EP-2512072174,P4A3EA93,豊島圓山,40.0,2.12,497.5
EP-2512072177,PC5338E2,石山修武,48.0,2.38,505.1
EP-2512072180,PC1DDB13,河原温,40.0,3.08,528.9
EP-2512072181,PA18E15D,桐竹勘十郎,55.0,2.0,499.2
EP-2512072189,PA45D5C6,ポール・セザンヌ,45.0,3.17,560.0
EP-2512072840,P183011C,中田カウス・ボタン,45.0,2.0,485.9
EP-2512074208,PC2CE11D,落合恵子,50.0,3.18,560.1
EP-2512074215,PFBA5F35,ラルフ・ネーダー,40.0,3.38,492.3
EP-2512074221,P91C4D08,岸井成格,60.0,2.8,513.2
EP-2512074222,PBBFFF57,与良正男,53.0,1.71,497.0
EP-2512074226,PE59865D,宮崎哲弥,45.0,3.08,556.1
EP-2512073331,PB88D8B6,白鳥庫吉,50.0,1.71,496.9
EP-2512073339,PA7FB1C5,ブレーズ・パスカル,30.0,2.79,505.2
EP-2512073341,P5B5F63A,辻村みちよ,45.0,3.18,540.1
EP-2512073342,P9B289C7,古畑種基,45.0,1.71,482.1
EP-2512073343,P4A6D883,田宮博,50.0,3.38,558.9
EP-2512073344,PDEFDE1F,秋月康夫,42.0,2.8,494.5
EP-2512073345,PA4B1EBF,木原均,38.0,2.0,497.6
EP-2512073350,P2663ACE,カール・フリードリヒ・ガウス,30.0,2.2,528.6
EP-2512073351,PCDD9E44,ジャン＝バティスト・ラマルク,45.0,2.79,548.9
EP-2512073354,P024D682,ウィリアム・ペン,40.0,2.79,492.1
EP-251201114,P6A38452,愛知敬一,50.0,1.71,565.4
EP-2512074642,PD4874BF,ガリレイ,45.0,2.2,515.9
EP-2512074646,PCD43A52,中村祐輔,50.0,3.38,541.1
EP-2512074650,PC3B97EF,大島まり,45.0,1.71,541.3
EP-2512074654,PC4A5217,横山広美,40.0,2.8,514.2
EP-2512074655,P1C3CC6E,鈴木康夫,50.0,1.42,506.3
EP-2512072159,P905689A,田中将斗,26.0,2.79,491.5
EP-251201116,P0F31D14,アンパンマンのやなせたかし,35.0,2.8,542.9
EP-2512073636,P6B38CBD,ジミー・スミス,38.0,3.08,538.7
EP-2512074839,P51046BE,マーク・シャガール,40.0,3.38,543.2
EP-2512074841,P56D01AB,千宗易,55.0,1.62,394.4
EP-2512074851,P9F25D74,横田明子,35.0,2.47,484.3
EP-2512074853,PB15394F,五味康祐,42.0,3.46,500.9
EP-2512072026,PDE15001,オリエンタルラジオ・藤森慎吾,30.0,3.38,488.2
EP-2512074272,P9C3176B,永楽雅行,52.0,2.58,517.0
EP-2512074276,PE9B63B9,金川千尋,58.0,3.38,489.7
EP-2512074283,P19764BC,キヤノン御手洗毅,38.0,3.38,517.2
EP-2512074284,P77D5796,大塚製薬大塚明彦,44.0,3.18,601.7
EP-2512074586,P297EDE1,佐伯泰英,50.0,3.38,538.1
EP-2512073922,P0D6F8CE,萩原雅紀,40.0,2.96,615.6
EP-2512073924,P1608C10,堀江敏雄,42.0,2.8,554.6
EP-2512073931,PC325994,ウィル・スティーガー,41.0,2.8,534.9
EP-2512075357,P5764533,夏川結衣,35.0,3.38,518.3
EP-2512075368,P9F0BC7E,タラジ・P・ヘンソン,48.0,2.8,493.2
EP-2512073104,PDEB54C9,川喜田愛郎,45.0,2.8,585.2
EP-2512073107,P2F4927C,ハンス・クリスチャン・エルステッド,43.0,3.07,567.5
EP-2512073113,P18952D2,南部英雄,39.0,1.92,531.8
EP-2512073114,P9B4B33E,津田敏雄,44.0,2.8,549.0
EP-2512073115,P00BCE55,中西準子,48.0,3.18,513.9
EP-2512073120,P887E5E4,小谷元子,41.0,3.38,547.5
EP-2512075310,P9199A9C,森川智之,45.0,2.8,578.4
EP-2512075311,P8CC692D,坂井久太,45.0,3.38,541.4
EP-2512071959,PD461C55,ロッシーニ,39.0,3.46,529.5
EP-2512071966,P22E71CD,長塚節,35.0,2.09,495.5
EP-2512071969,P69C28D7,荒俣宏,40.0,3.38,499.4
EP-2512071986,PB1893D4,草薙素子,38.0,3.18,542.3
EP-2512074706,P39AE4DB,ピョートル・チャイコフスキー,40.0,3.29,579.3
EP-2512074707,P44173BB,アントニン・ドヴォルザーク,45.0,3.07,517.2
EP-2512074709,P95C70C7,岩沢厚治,35.0,2.8,488.3
EP-2512075113,PA98B84E,幸徳秋水,35.0,3.18,532.9
EP-2512075115,PC128315,加藤友三郎,58.0,3.18,528.0
EP-2512075116,PD9621E0,濱口雄幸,55.0,2.09,494.2
EP-2512075118,PF03C86E,鈴木貫太郎,65.0,2.68,509.4
EP-2512075119,PFECFD4A,東久邇宮稔彦王,58.0,1.71,486.8
EP-2512075123,P613526B,海部俊樹,59.0,2.0,481.3
EP-2512071931,P4B12654,堀浩一,35.0,3.38,521.3
EP-2512071932,PC171A40,山中竹春,50.0,3.38,493.3
EP-2512071934,P8210F16,ヤン・ルカン,35.0,3.38,558.8
EP-2512071945,P044FCE8,大澤真幸,42.0,3.38,519.6
EP-2512071947,P9B15FF5,佐々木力,50.0,2.8,481.9
EP-2512071949,PFFDC679,古田武彦,52.0,3.0,557.8
EP-2512075059,P58314FD,萩原健太郎,38.0,1.92,500.0
EP-2512075062,PEC3400B,勝呂誉,40.0,2.8,527.8
EP-2512073728,PCEF2385,桂枝雌,50.0,2.38,537.1
EP-2512073742,P0F8C815,笑福亭笑瓶,35.0,3.08,507.9
EP-251201133,P62EC0A6,樫尾忠雄,40.0,2.8,597.3
EP-2512073843,PEE22A16,竹中藤右衛門,35.0,2.29,496.3
EP-2512073855,PB070B48,西條恭介,43.0,2.7,516.8
EP-2512073860,P0A0D213,藤井隆太,42.0,3.38,504.9
EP-2512075024,P1C834CB,契沖,60.0,1.0,486.2
EP-2512075025,P6D895BF,スキピオ,35.0,2.79,392.3
EP-2512075026,PBB0FB41,ハムラビ,40.0,2.99,517.3
EP-2512075033,P01046A9,ギベルティ,45.0,3.17,572.0
EP-2512075035,PF0CF223,ボッカッチョ,40.0,2.2,490.2
EP-2512074252,P6A59CEC,細川昌彦,48.0,3.38,532.3
EP-2512074255,P612318F,橋本和仁,55.0,1.71,543.8
EP-2512074258,PF953BCC,清水孝雄,47.0,1.71,567.3
EP-2512074259,PE403CB7,平尾公彦,53.0,2.8,513.8
EP-2512074264,PEED4334,竹内純,42.0,2.29,570.1
EP-2512074268,P9DA883C,リロイ・フッド,45.0,3.38,494.8
EP-2512071909,P89B94E7,波田陽区,35.0,3.38,617.5
EP-2512071911,P31DC47F,エスパー伊東,45.0,3.38,511.1
EP-2512071920,P2EB4B3D,コロッケ,45.0,3.18,517.1
EP-251201139,PFEB370F,一条ゆかり,32.0,3.38,503.8
EP-2512075011,PCA263CB,ジャコメッティ,45.0,3.18,589.3
EP-2512075012,P9418C6B,原田芳雄,45.0,2.8,507.1
EP-251201140,PF672F27,曽野綾子,55.0,2.8,542.2
EP-2512075559,P8B5DA87,鈴木善幸,68.0,2.09,502.3
EP-2512075562,P65E5830,扇千景,55.0,2.8,388.2
EP-2512075563,P2CD2275,神崎武法,55.0,2.38,531.5
EP-2512075570,PC35BE9A,マリーン・ル・ペン,45.0,3.38,522.5
EP-2512073771,PB9ECF08,横山光昭,45.0,2.0,524.5
EP-2512073772,PD0E7C41,岡本倫,33.0,2.09,533.9
EP-2512073777,P761B3B6,麻宮騎亜,32.0,2.8,492.7
EP-2512073778,PB8CA7D8,士郎正宗,35.0,3.38,486.2
EP-2512073783,PEBEAF82,能登麻美子,31.0,2.0,491.2
EP-2512073787,P8D2EC51,雨宮天,28.0,3.38,556.1
EP-2512073788,PF367E58,幾原邦彦,42.0,2.8,564.0
EP-2512075387,P760A131,ロラン・バルト,50.0,3.0,527.5
EP-2512072045,PD248030,渡辺えり,35.0,2.8,539.4
EP-2512072048,P345A8DF,大滝秀治,45.0,3.38,536.9
EP-2512072058,P1095179,荻野目慶子,35.0,3.46,530.1
EP-2512072066,P28998B2,小林稔侍,50.0,2.8,513.2
EP-2512073408,PDF338E0,西井孝明,46.0,2.8,513.8
EP-2512073412,PD6BC0D4,糸山英太郎,40.0,2.8,530.8
EP-2512073413,P07E4852,近江商人,40.0,2.0,527.6
EP-2512073425,PE1433BC,ナデラ,47.0,3.46,557.5
EP-2512073428,P2EF58CE,オプラ,35.0,2.8,500.2
EP-2512075751,P1257C61,ジェシカ・アルバ,30.0,3.38,499.7
EP-2512072365,PB580F49,狩野探幽,40.0,1.0,514.2
EP-2512072366,P95F2CE6,酒井抱一,45.0,1.62,493.2
EP-2512072379,PC34C8DD,岡本茜,35.0,3.18,518.5
EP-2512072382,PF6CA1E8,杉田二郎,32.0,2.09,560.4
EP-2512072385,P39E47CE,谷内六郎,45.0,3.18,524.6
EP-2512072392,PEB13164,富岡鉄斎,65.0,2.38,494.6
EP-2512074721,P0AC7122,清水エスパルス,30.0,3.38,523.1
EP-2512074724,P46238A6,東海大学相模,18.0,3.19,531.7
EP-2512074739,PB470CEC,アントニオ・マルガリート,29.0,3.26,512.5
EP-2512074399,P8ACC953,ジェームズ・メンデルソン,38.0,1.0,534.7
EP-2512074405,P2A18ED4,モンテッソーリ,42.0,3.38,538.9
EP-2512074409,PF338CBC,ピンカー,45.0,2.88,507.2
EP-2512074414,P14948FB,ロバート・ボイル,35.0,2.7,493.7
EP-2512072484,PBC85A4B,ルドルフ・ディーゼル,39.0,3.07,488.9
EP-2512072486,P43C052B,ポール・ディラック,26.0,3.38,487.0
EP-2512072494,P25678E9,オリヴァー・ヘヴィサイド,40.0,3.27,517.1
EP-2512072496,PB1277E1,ヴィルヘルム・レントゲン,50.0,2.2,510.8
EP-2512072497,P9CC4D67,関口忠雄,38.0,1.21,371.2
EP-2512072499,P59ABA37,三宅久之,44.0,2.8,555.5
EP-2512072500,PE810847,石川島播磨重工創業者,43.0,2.8,517.5
EP-2512072501,P3E38513,永島敏行,35.0,2.47,543.1
EP-2512072502,P408B7F2,コペルニクス,45.0,2.2,526.8
EP-2512072689,P08DB69B,石田雄,45.0,1.71,498.9
EP-2512072695,PB252E51,頼山陽,47.0,3.2,478.9
EP-2512072697,P52690D0,大杉栄,38.0,1.71,534.2
EP-2512072698,P23F89E2,堺利彦,42.0,3.18,576.0
EP-2512072702,P391FDF1,森戸辰男,50.0,1.71,481.4
EP-2512072706,PD3171DB,サミュエル・アダムズ,53.0,2.79,377.8
EP-2512072709,P9C0420F,ヘンリー・クレイ,50.0,3.37,522.5
EP-2512075620,P267FDAD,ジミー・キンメル,48.0,3.38,487.5
EP-2512075732,P52C9D5D,宮沢氷魚,28.0,2.8,508.0
EP-251201155,PFDEDFF7,吉本興業,45.0,2.58,511.8
EP-2512074805,P83DC4C5,岸本加世子,40.0,3.38,552.5
EP-251201156,P642FD1C,山内一豊,45.0,1.9,547.4
EP-2512074185,P20EEC3C,岩崎弥次郎,38.0,1.0,384.4
EP-2512074187,PD6A23A9,安田善助,33.0,2.7,511.3
EP-2512074190,PFBE94A8,古河市太郎,39.0,2.8,506.5
EP-2512074193,P98DED2E,鹿島岩蔵,43.0,1.0,488.3
EP-2512074194,P991CDB0,清水満之助,38.0,1.0,505.4
EP-2512074197,P0492139,ジョン・ワナメーカー,32.0,2.2,481.2
EP-2512074202,P1128B8F,フランク・ウールワース,34.0,3.46,550.0
EP-2512074543,P0381798,フランクリン・デラノ・ルーズベルト,50.0,3.08,538.0
EP-2512074547,PC95A729,カント,57.0,3.2,523.4
EP-2512074548,P8FD12F8,ヘーゲル,37.0,2.58,518.0
EP-2512074549,PE7A1C7A,山本五十六,57.0,3.38,481.9
EP-2512074554,PACCBCDD,藤原不比等,50.0,2.7,539.7
EP-2512074560,PECBCC24,運慶,45.0,1.92,503.9
EP-2512074143,P14EECE4,上村松篁,55.0,3.38,523.3
EP-2512074144,P4AD484F,小山敬三,48.0,1.71,547.2
EP-2512074145,P670986B,中川一政,60.0,3.18,488.3
EP-2512074146,P7B6C392,三岸節子,55.0,3.38,501.0
EP-2512074150,P88E5186,森本千絵,40.0,2.8,499.8
EP-2512074157,PE47F313,川合玉堂,52.0,3.19,529.4
EP-2512074159,PCF5D9BF,ヨハン・セバスティアン・バッハ,50.0,2.79,523.3
EP-2512075036,P9053D90,檀一雄,45.0,2.8,568.7
EP-2512075037,PAA5BB03,尾崎一雄,47.0,1.71,510.1
EP-2512075038,P65B62B0,幸田文,52.0,3.0,479.5
EP-2512075039,P409AC83,海音寺潮五郎,49.0,3.0,511.4
EP-2512075040,PEBEFDDA,隆慶一郎,58.0,2.09,513.1
EP-2512074010,P59B805B,織田哲郎,32.0,3.18,483.3
EP-2512074026,P4B47114,原田真二,22.0,2.8,491.0
EP-251201161,PF5DF14E,高峰秀樹,45.0,2.98,489.6
EP-2512072795,P226D353,竹内英二,52.0,2.79,567.9
EP-2512072798,P3B2979D,大場義晴,50.0,1.0,491.8
EP-2512072800,PEB63DD2,西村俊彦,42.0,1.0,546.9
EP-2512072802,PC28EC3A,田村善之,54.0,3.29,540.6
EP-2512072803,PEC081F8,佐々木清,47.0,2.98,616.9
EP-2512072805,P99A94F9,藤原毅夫,53.0,2.2,488.5
EP-2512072807,P093F862,鈴木信彦,45.0,1.0,522.3
EP-2512072810,P35EAC3E,デビッド・トンプソン,46.0,2.07,557.3
EP-2512072816,P49E0960,マーク・ブラウン,48.0,3.38,652.8
EP-251201163,P9D4845E,ユーゴ,40.0,2.2,495.3
EP-2512073820,P3BBBB40,池田晶子,45.0,1.71,504.0
EP-2512073831,P37122AD,ニールス・ボーア,30.0,2.8,488.5
EP-2512073837,P54C244C,ジョン・ドルトン,38.0,1.92,500.6
EP-2512073839,PB90D214,Claude Lévi-Strauss,50.0,2.09,518.8
EP-2512075232,P2BFB792,堀越のり,40.0,3.38,544.4
EP-2512075233,P9AE8D4B,みうらじゅん,50.0,3.18,540.5
EP-2512075241,PCE2DB62,川島なお美,30.0,3.38,506.0
EP-2512072631,PA56C028,藤山直美,42.0,3.18,601.8
EP-2512072632,P1B6A38B,岸田國士,50.0,3.18,483.6
EP-2512072633,PF32D761,木村伊兵衛,55.0,2.8,560.3
EP-2512072634,P7B64ECF,秋山黄色,28.0,3.38,530.9
EP-2512075646,P636CB97,押切蓮介,35.0,2.8,520.3
EP-2512075647,PCE2F1E0,加藤和恵,30.0,3.18,514.8
EP-2512075648,PBFB616A,神尾葉子,32.0,1.71,517.3
EP-2512075650,P6294DCE,佐藤大,40.0,3.18,524.8
EP-2512075651,PE497099,清水玲子,28.0,3.38,498.7
EP-2512075655,PA364ED2,田村隆平,25.0,3.38,480.2
EP-2512075656,P1B7DE78,つの丸,30.0,3.38,492.7
EP-2512075657,P593DB3A,成田良悟,28.0,3.38,521.7
EP-2512075520,P7EE701B,ジャン・ルノワール,42.0,3.38,499.5
EP-2512072879,P6D02305,里田まい,26.0,3.38,481.9
EP-2512072881,PBE123B6,水上颯,24.0,2.0,504.0
EP-2512072885,P83FB381,高谷惣亮,31.0,3.46,590.3
EP-2512072572,P7120F88,中西輝政,70.0,1.71,534.4
EP-2512072579,P8BA5092,ニッコロ・マキャヴェッリ,40.0,3.17,610.5
EP-2512072580,PC1748AF,トーマス・モア,45.0,2.79,505.1
EP-2512072581,P637D005,関口宏,38.0,3.38,508.7
EP-2512072585,PE45F332,安田峰俊,35.0,1.71,525.4
EP-2512072586,P175F57E,江田憲司,55.0,1.71,513.5
EP-2512072589,PD4720C3,小池晃,48.0,2.09,519.7
EP-2512072595,P93C533D,石平,45.0,2.47,538.7
EP-2512074336,P7A1175C,河田雄志,42.0,3.39,512.9
EP-2512074343,P0B0F3F4,アルフレッド・ラッセル・ウォレス,30.0,3.27,498.7
EP-2512074353,P6E66241,ピコ・イヤー,30.0,2.8,483.6
EP-2512075743,P226318E,太田光,42.0,2.09,480.3
EP-2512075750,P73A70CA,市川市蔵,25.0,3.38,481.4
EP-2512075493,P61BE361,葵わかな,24.0,2.8,526.3
EP-2512073382,P394968A,レオナール・フジタ,42.0,2.8,540.7
EP-2512073384,PCA72C28,いしだ壱成,28.0,3.38,489.2
EP-2512073390,P62DC365,ロバート・メープルソープ,40.0,3.38,491.5
EP-2512073399,PEB61F17,フランツ・リスト,30.0,2.2,504.1
EP-2512073400,PCF5D9BF,ヨハン・ゼバスティアン・バッハ,40.0,3.07,546.7
EP-2512073403,P3076EA9,尾形乾山,45.0,1.62,479.0
EP-2512073404,P1929F0F,速水御舟,35.0,2.8,514.9
EP-251201180,PCFA4BEC,日野原重明,89.0,3.48,516.3
EP-251201181,P33DB5A0,瀬戸内寂聴,89.0,2.27,502.9
EP-251201184,PAC33733,ベートーヴェン,0.0,2.79,501.4
EP-251201185,PEF622C9,ピカソ,0.0,3.12,538.6
EP-251201186,P93F1DB1,アインシュタイン,1.0,1.46,549.9
EP-251201187,P84A5F1,チャップリン,1.0,2.45,502.7
EP-251201190,P12FA00F,ヘレン・ケラー,2.0,2.79,544.0
EP-251201194,PDF5AFD6,本田圭佑,13.0,2.56,494.8
EP-251201195,PCFA4BEC,日野原重明,77.0,2.71,537.3
EP-251205689,P412FE98,裕仁（昭和天皇）,85.0,2.27,383.2
EP-251205693,PF2CFEDC,聖路加国際病院 日野原重明,99.0,2.71,600.7
EP-251205718,P0898C9B,葛飾北斎,88.0,3.37,515.1
EP-251205719,P1E93EED,横山大観,89.0,2.6,532.8
EP-251205722,PEE28158,モーツァルト,5.0,3.1,485.6
EP-251205723,PEF622C9,ピカソ,9.0,1.4,382.4
EP-251205727,PB4DBBD,スティービー・ワンダー,11.0,2.8,395.9
EP-251205732,P1B300C1,芦田愛菜,7.0,2.5,481.9
EP-251205733,PF2D6CCB,福原愛,4.0,2.5,525.9
EP-251205737,P4B0C3C0,ヨーヨー・マ,5.0,2.3,397.3
EP-251205746,P0983F91,寺田心,6.0,3.4,495.1
EP-251205776,P8YINABF,メルケル,51.0,3.3,486.3
EP-251205784,P571OLK9,一力遼,18.0,1.2,384.2
EP-251201205,P26E8196,伊藤元重,0.0,3.4,492.1
EP-251201212,PB85FB41,伊達政宗,0.0,1.77,496.0
EP-251201216,P412FE98,裕仁（昭和天皇）,0.0,2.27,478.6
EP-251201217,PDE643E3,江國香織,0.0,1.0,389.1
EP-251201219,P0EB49B5,佐倉綾音,0.0,2.27,520.6
EP-251201232,P93F1DB1,アインシュタイン,0.0,3.12,603.9
EP-251201233,PC4A4D22,水溜りボンド カンタ,0.0,2.27,528.7
EP-251201235,P27B69C2,氷川きよし,0.0,2.27,510.5
EP-251201242,P9C596E5,小渕恵三,0.0,2.71,547.8
EP-251201249,P78DC03A,石川さゆり,0.0,2.27,549.9
EP-251201256,PC27F7C9,悠木碧,0.0,3.4,478.9
EP-251201259,P7DCD285,青木昌彦,0.0,3.4,525.6
EP-251201269,P33B365B,きんさんぎんさん（成田きん）,0.0,2.16,579.2
EP-251201271,P5F2D3DF,きゃりーぱみゅぱみゅ,0.0,3.4,493.1
EP-251201278,PA1082DF,前田利家,0.0,1.33,512.0
EP-251201290,P4B21992,河野太郎,0.0,3.4,481.1
EP-251201298,PBD68EA5,長井龍雪,2.0,2.45,484.6
EP-251201303,PC67B928,伊達みきお,2.0,1.46,509.5
EP-251201305,P5D64A1B,鎌田大地,2.0,1.46,523.3
EP-251201306,PB85FB41,伊達政宗,2.0,1.0,495.8
EP-251201309,P8210F16,ヤン・ルカン,2.0,1.46,481.6
EP-251201314,PE2E1D91,ジョン・コルトレーン,2.0,2.45,493.0
EP-251201315,PF566BFB,矢部浩之,2.0,1.9,504.5
EP-251201316,PF4EEA37,ひろゆき,2.0,2.67,501.4
EP-251201318,P5E2A03D,佐藤優,2.0,1.0,383.6
EP-251201321,P35C2530,ジョニー・グリーンウッド,2.0,2.75,392.4
EP-251201325,PAC69109,伊沢拓司,2.0,1.33,501.0
EP-251201327,PC4A4D22,水溜りボンド カンタ,2.0,1.79,483.9
EP-251201330,PAF4C0D4,志位和夫,2.0,3.4,508.9
EP-251201332,P46ADEDA,ウィンストン・チャーチル,2.0,3.25,513.3
EP-251201336,P9C596E5,小渕恵三,2.0,2.71,532.2
EP-251201343,P78DC03A,石川さゆり,2.0,1.13,383.3
EP-251201345,PBAE1780,鈴木裕,2.0,2.45,526.9
EP-251201348,P9BAD338,ゆうこりん（小倉優子）,2.0,1.79,478.9
EP-251201351,PB59B5A8,沢城みゆき,2.0,1.13,385.1
EP-251201352,PA78C43F,RADWIMPSの野田洋次郎,2.0,1.79,399.5
EP-251201353,P7DCD285,青木昌彦,2.0,3.4,512.3
EP-251201358,PF55529D,エリック・クラプトン,2.0,2.95,515.4
EP-251201360,PF61FA8A,きんさんぎんさん（蟹江ぎん）,2.0,2.16,524.3
EP-251201363,P33B365B,きんさんぎんさん（成田きん）,2.0,2.16,497.9
EP-251201376,PC54F136,エルヴィス・プレスリー,2.0,3.25,492.7
EP-251201378,P28D3DA3,甲本ヒロト,2.0,1.13,377.9
EP-251201379,P5A61A66,阿部詩,2.0,1.13,393.7
EP-251201380,P86A3749,宮川大輔,2.0,1.13,479.1
EP-251201382,P215298E,シルクロード,2.0,1.46,513.7
EP-251201386,P2C5D183,エマニュエル・マクロン,2.0,2.75,504.4
EP-251201390,P55471AC,倖田來未,2.0,1.0,389.1
EP-251201404,P412FE98,裕仁（昭和天皇）,78.0,3.4,536.6
EP-251201410,PF4EEA37,ひろゆき,78.0,2.67,524.9
EP-251201412,P5E2A03D,佐藤優,78.0,2.01,494.1
EP-251201416,PA289782,池田秀一,78.0,2.56,493.9
EP-251201423,P27B69C2,氷川きよし,78.0,2.89,500.3
EP-251201427,P507643A,タカ,78.0,3.33,543.9
EP-251201431,P1220A80,ウェス・アンダーソン,78.0,2.75,487.9
EP-251201437,P78DC03A,石川さゆり,78.0,2.34,478.8
EP-251201445,PB59B5A8,沢城みゆき,78.0,1.46,481.6
EP-251201450,P446F6C9,陣内智則,78.0,2.34,511.5
EP-251201454,PF61FA8A,きんさんぎんさん（蟹江ぎん）,78.0,1.33,487.8
EP-251201457,P33B365B,きんさんぎんさん（成田きん）,78.0,1.33,482.3
EP-251201458,PE1CD67F,冨山和彦,78.0,2.67,501.0
EP-251201459,P5F2D3DF,きゃりーぱみゅぱみゅ,78.0,3.33,536.0
EP-251201461,PDE0DBF2,ジム・ジャームッシュ,78.0,2.95,545.5
EP-251201474,P86A3749,宮川大輔,78.0,3.0,522.8
EP-251201475,PE5823D4,真島昌利,78.0,2.95,506.4
EP-251201483,P799AFBC,宮野真守,78.0,2.67,536.9
EP-251201492,P122DBD7,ジョン・ボーナム,8.0,2.95,486.3
EP-251201493,P5D64A1B,鎌田大地,8.0,2.45,522.7
EP-251201494,PB85FB41,伊達政宗,8.0,1.0,529.3
EP-251201497,P8210F16,ヤン・ルカン,8.0,3.4,504.7
EP-251201500,P492998C,ジョン・シナ,8.0,2.89,572.9
EP-251201505,PA7E5852,佐藤オオキ,8.0,3.0,520.7
EP-251201507,P385ECB0,ジョルジュ・サンピエール,8.0,1.79,501.9
EP-251201508,P8AC074B,エディ・ヴェダー,8.0,2.75,506.0
EP-251201511,PA254CB0,ウラジーミル・プーチン,8.0,2.12,518.1
EP-251201514,P93F1DB1,アインシュタイン,8.0,1.79,514.5
EP-251201515,PC4A4D22,水溜りボンド カンタ,8.0,2.67,527.1
EP-251201519,PA268F9B,ノーマン・リア,8.0,2.45,565.5
EP-251201520,P46ADEDA,ウィンストン・チャーチル,8.0,2.75,511.7
EP-251201524,P9C596E5,小渕恵三,8.0,2.71,492.9
EP-251201525,P1220A80,ウェス・アンダーソン,8.0,2.75,545.3
EP-251201526,P9CBA8FD,ハリー・ベラフォンテ,8.0,2.75,522.1
EP-251201528,PB11F03D,ハルク・ホーガン,8.0,2.75,575.9
EP-251201530,PC96C2ED,りゅうちぇる,8.0,1.46,483.5
EP-251201532,P002CAB1,今田耕司,8.0,1.46,481.6
EP-251201535,P9B318B2,バカリズム,8.0,1.79,490.7
EP-251201536,P9BAD338,ゆうこりん（小倉優子）,8.0,2.89,552.3
EP-251201543,P8992DA8,ミック・ジャガー,8.0,3.25,530.6
EP-251201544,P446F6C9,陣内智則,8.0,1.57,491.2
EP-251201546,PF55529D,エリック・クラプトン,8.0,2.75,488.2
EP-251201549,P28B9C36,宮内義彦,8.0,1.57,520.4
EP-251201553,P5F2D3DF,きゃりーぱみゅぱみゅ,8.0,3.19,548.3
EP-251201555,PDE0DBF2,ジム・ジャームッシュ,8.0,3.19,494.4
EP-251201557,P5691A41,ジェームズ・ラブロック,8.0,2.45,491.9
EP-251201558,P9B7BC2F,浜田雅功,8.0,1.9,497.8
EP-251201559,P7DFA2DF,浜辺美波,8.0,2.23,525.0
EP-251201561,P6A20761,ジェンスン・ファン,8.0,2.12,534.5
EP-251201562,P956F53F,細川護熙,8.0,2.27,487.4
EP-251201567,P5A61A66,阿部詩,8.0,1.13,380.1
EP-251201570,P215298E,シルクロード,8.0,2.12,492.0
EP-251201576,PDBA0C44,メル・ブルックス,8.0,2.45,533.2
EP-251201577,P799AFBC,宮野真守,8.0,1.13,501.0
EP-251201578,PAA24C29,ベティ・ホワイト,3.0,2.95,507.0
EP-251201579,PBD68EA5,長井龍雪,3.0,2.89,519.3
EP-251201584,PC67B928,伊達みきお,3.0,1.9,495.1
EP-251201587,PB85FB41,伊達政宗,3.0,1.0,506.3
EP-251201590,P8210F16,ヤン・ルカン,3.0,1.57,528.1
EP-251201591,P412FE98,裕仁（昭和天皇）,3.0,2.27,502.2
EP-251201593,P492998C,ジョン・シナ,3.0,1.79,508.2
EP-251201595,PE2E1D91,ジョン・コルトレーン,3.0,2.75,495.7
EP-251201597,PF4EEA37,ひろゆき,3.0,3.34,538.2
EP-251201598,PA7E5852,佐藤オオキ,3.0,1.9,489.7
EP-251201599,P5E2A03D,佐藤優,3.0,1.13,381.1
EP-251201600,P385ECB0,ジョルジュ・サンピエール,3.0,2.56,571.8
EP-251201602,P35C2530,ジョニー・グリーンウッド,3.0,2.75,382.0
EP-251201605,P67901C8,西岡良仁,3.0,2.89,496.8
EP-251201607,P93F1DB1,アインシュタイン,3.0,2.12,522.8
EP-251201608,PC4A4D22,水溜りボンド カンタ,3.0,1.46,550.6
EP-251201609,P7E1C007,小野伸二,3.0,1.79,489.3
EP-251201610,P27B69C2,氷川きよし,3.0,1.13,374.9
EP-251201613,P46ADEDA,ウィンストン・チャーチル,3.0,3.25,486.2
EP-251201615,P7B5E607,スガシカオ,3.0,2.75,481.6
EP-251201616,P060433F,ウェイン・ショーター,3.0,2.95,485.5
EP-251201619,P9CBA8FD,ハリー・ベラフォンテ,3.0,3.19,505.4
EP-251201622,P11AD686,今敏,3.0,3.33,533.6
EP-251201625,P002CAB1,今田耕司,3.0,1.13,505.7
EP-251201626,PBAE1780,鈴木裕,3.0,2.67,540.5
EP-251201627,P58515C0,ハービー・ハンコック,3.0,2.75,523.1
EP-251201628,P9B318B2,バカリズム,3.0,1.79,489.0
EP-251201630,PC8DA14E,ジョージ・ソロス,3.0,2.75,526.7
EP-251201632,PB59B5A8,沢城みゆき,3.0,1.46,398.1
EP-251201634,P7DCD285,青木昌彦,3.0,3.4,496.5
EP-251201637,P446F6C9,陣内智則,3.0,1.46,508.8
EP-251201638,PB4A94E1,くりぃむしちゅー,3.0,1.0,375.1
EP-251201639,PF55529D,エリック・クラプトン,3.0,3.39,529.1
EP-251201644,P33B365B,きんさんぎんさん（成田きん）,3.0,2.16,549.2
EP-251201645,PE1CD67F,冨山和彦,3.0,1.13,487.6
EP-251201646,P5F2D3DF,きゃりーぱみゅぱみゅ,3.0,2.45,546.2
EP-251201647,P842D15D,出崎統,3.0,3.4,525.7
EP-251201652,P7DFA2DF,浜辺美波,3.0,1.57,502.4
EP-251201654,P6A20761,ジェンスン・ファン,3.0,2.12,490.2
EP-251201657,PC54F136,エルヴィス・プレスリー,3.0,2.95,482.6
EP-251201658,PB7DEC5C,ビル・エヴァンス,3.0,2.75,516.4
EP-251201659,P28D3DA3,甲本ヒロト,3.0,1.79,391.1
EP-251201660,P5A61A66,阿部詩,3.0,1.9,487.8
EP-251201661,P86A3749,宮川大輔,3.0,2.34,524.0
EP-251201663,P215298E,シルクロード,3.0,1.79,508.2
EP-251201665,P4B21992,河野太郎,3.0,1.0,380.9
EP-251201666,P68D9697,富澤たけし,3.0,1.13,395.2
EP-251201669,PDBA0C44,メル・ブルックス,3.0,2.75,530.9
EP-251201671,PAA24C29,ベティ・ホワイト,4.0,1.79,484.4
EP-251201677,PC67B928,伊達みきお,4.0,3.45,509.7
EP-251201680,PB85FB41,伊達政宗,4.0,1.0,529.4
EP-251201681,P99203FA,バラク・オバマ,4.0,3.19,586.2
EP-251201683,P8210F16,ヤン・ルカン,4.0,2.23,525.2
EP-251201686,P492998C,ジョン・シナ,4.0,2.45,546.3
EP-251201687,P0EB49B5,佐倉綾音,4.0,1.13,373.4
EP-251201689,PF566BFB,矢部浩之,4.0,3.0,505.6
EP-251201693,P385ECB0,ジョルジュ・サンピエール,4.0,2.56,587.5
EP-251201700,P93F1DB1,アインシュタイン,4.0,1.79,551.4
EP-251201701,PC4A4D22,水溜りボンド カンタ,4.0,1.46,528.1
EP-251201704,PAF4C0D4,志位和夫,4.0,2.71,515.8
EP-251201707,P507643A,タカ,4.0,1.46,390.1
EP-251201712,P9CBA8FD,ハリー・ベラフォンテ,4.0,2.75,489.2
EP-251201719,PBAE1780,鈴木裕,4.0,2.12,492.7
EP-251201720,P58515C0,ハービー・ハンコック,4.0,2.75,524.0
EP-251201722,P9BAD338,ゆうこりん（小倉優子）,4.0,2.23,510.5
EP-251201723,PC8DA14E,ジョージ・ソロス,4.0,3.33,514.4
EP-251201726,PA78C43F,RADWIMPSの野田洋次郎,4.0,1.46,390.9
EP-251201728,P9209E9C,ジミ・ヘンドリックス,4.0,2.12,484.6
EP-251201730,P446F6C9,陣内智則,4.0,1.0,512.8
EP-251201732,PF55529D,エリック・クラプトン,4.0,3.33,573.3
EP-251201735,P28B9C36,宮内義彦,4.0,3.04,504.4
EP-251201739,P5F2D3DF,きゃりーぱみゅぱみゅ,4.0,3.19,507.7
EP-251201742,P6E9F6E7,畑岡奈紗,4.0,1.57,481.1
EP-251201747,P6A20761,ジェンスン・ファン,4.0,2.12,504.9
EP-251201751,PB7DEC5C,ビル・エヴァンス,4.0,2.75,506.8
EP-251201753,P5A61A66,阿部詩,4.0,1.46,487.9
EP-251201754,P86A3749,宮川大輔,4.0,1.13,502.0
EP-251201756,P215298E,シルクロード,4.0,1.9,502.1
EP-251201759,P68D9697,富澤たけし,4.0,2.67,494.1
EP-251201761,P0291EB6,粗品,4.0,2.23,485.1
EP-251201762,PDBA0C44,メル・ブルックス,4.0,1.79,490.3
EP-251201771,P122DBD7,ジョン・ボーナム,1.0,2.95,491.8
EP-251201772,P5D64A1B,鎌田大地,1.0,2.56,514.4
EP-251201773,PB85FB41,伊達政宗,1.0,1.33,532.4
EP-251201774,P99203FA,バラク・オバマ,1.0,2.12,544.2
EP-251201778,PDE643E3,江國香織,1.0,1.0,381.3
EP-251201782,PF566BFB,矢部浩之,1.0,1.46,479.0
EP-251201786,P385ECB0,ジョルジュ・サンピエール,1.0,2.75,479.7
EP-251201794,P7E1C007,小野伸二,1.0,2.23,502.6
EP-251201798,P46ADEDA,ウィンストン・チャーチル,1.0,3.25,546.3
EP-251201811,PBAE1780,鈴木裕,1.0,2.56,508.2
EP-251201814,P9BAD338,ゆうこりん（小倉優子）,1.0,1.46,491.8
EP-251201816,PC27F7C9,悠木碧,1.0,1.13,379.0
EP-251201817,PB59B5A8,沢城みゆき,1.0,1.46,394.0
EP-251201822,P446F6C9,陣内智則,1.0,2.01,536.1
EP-251201823,PB4A94E1,くりぃむしちゅー,1.0,3.04,501.2
EP-251201824,PF55529D,エリック・クラプトン,1.0,2.75,498.1
EP-251201826,PF61FA8A,きんさんぎんさん（蟹江ぎん）,1.0,2.16,520.5
EP-251201829,P33B365B,きんさんぎんさん（成田きん）,1.0,2.16,501.5
EP-251201830,PE1CD67F,冨山和彦,1.0,3.4,479.8
EP-251201831,P5F2D3DF,きゃりーぱみゅぱみゅ,1.0,2.45,485.5
EP-251201841,PA107568,ビリー・ホリデイ,1.0,2.75,500.7
EP-251201850,P4B21992,河野太郎,1.0,1.0,393.9
EP-251201852,P2C5D183,エマニュエル・マクロン,1.0,2.75,482.7
EP-251201853,P0291EB6,粗品,1.0,1.0,375.1
EP-251201856,P55471AC,倖田來未,1.0,1.13,386.5
EP-251201858,PBD68EA5,長井龍雪,77.0,2.23,522.6
EP-251201862,PABF043E,小林慶一郎,77.0,1.57,479.9
EP-251201870,P412FE98,裕仁（昭和天皇）,77.0,3.04,510.7
EP-251201879,P385ECB0,ジョルジュ・サンピエール,77.0,2.75,520.9
EP-251201882,PA289782,池田秀一,77.0,2.89,504.0
EP-251201890,PAF4C0D4,志位和夫,77.0,3.04,509.0
EP-251201899,P7444D96,笠原将弘,77.0,1.57,382.9
EP-251201903,P78DC03A,石川さゆり,77.0,2.01,398.6
EP-251201905,PBAE1780,鈴木裕,77.0,3.19,505.2
EP-251201907,P9B318B2,バカリズム,77.0,3.45,480.9
EP-251201910,PC27F7C9,悠木碧,77.0,1.79,371.7
EP-251201911,PB59B5A8,沢城みゆき,77.0,2.89,561.6
EP-251201912,PA78C43F,RADWIMPSの野田洋次郎,77.0,2.67,521.3
EP-251201916,P446F6C9,陣内智則,77.0,2.34,503.7
EP-251201921,P28B9C36,宮内義彦,77.0,2.23,483.4
EP-251201922,PF550A13,白洲次郎,77.0,3.15,501.9
EP-251201924,PE1CD67F,冨山和彦,77.0,2.67,538.9
EP-251201928,P6E9F6E7,畑岡奈紗,77.0,2.89,535.3
EP-251201932,PA1082DF,前田利家,77.0,1.33,391.2
EP-251201934,P956F53F,細川護熙,77.0,3.4,518.8
EP-251201955,PC67B928,伊達みきお,10.0,2.89,534.9
EP-251201957,P5D64A1B,鎌田大地,10.0,2.45,517.5
EP-251201958,PB85FB41,伊達政宗,10.0,1.0,524.0
EP-251201962,P412FE98,裕仁（昭和天皇）,10.0,2.27,507.0
EP-251201965,P0EB49B5,佐倉綾音,10.0,2.45,480.0
EP-251201966,PE2E1D91,ジョン・コルトレーン,10.0,2.12,532.3
EP-251201968,PF4EEA37,ひろゆき,10.0,3.0,485.6
EP-251201971,P385ECB0,ジョルジュ・サンピエール,10.0,2.45,545.4
EP-251201972,P8AC074B,エディ・ヴェダー,10.0,2.12,492.7
EP-251201975,PA254CB0,ウラジーミル・プーチン,10.0,2.75,557.4
EP-251201977,PAC69109,伊沢拓司,10.0,2.46,516.6
EP-251201978,P93F1DB1,アインシュタイン,10.0,2.56,606.9
EP-251201980,P7E1C007,小野伸二,10.0,2.45,496.7
EP-251201981,P27B69C2,氷川きよし,10.0,1.79,502.7
EP-251201984,P46ADEDA,ウィンストン・チャーチル,10.0,2.75,493.6
EP-251201985,P507643A,タカ,10.0,1.79,486.1
EP-251201987,P060433F,ウェイン・ショーター,10.0,3.25,505.0
EP-251201992,PB11F03D,ハルク・ホーガン,10.0,2.75,537.0
EP-251201996,P002CAB1,今田耕司,10.0,1.46,496.6
EP-251201997,PBAE1780,鈴木裕,10.0,2.12,500.4
EP-251202007,P8992DA8,ミック・ジャガー,10.0,2.95,512.9
EP-251202010,PF55529D,エリック・クラプトン,10.0,2.45,508.3
EP-251202017,P5F2D3DF,きゃりーぱみゅぱみゅ,10.0,2.45,485.0
EP-251202019,PDE0DBF2,ジム・ジャームッシュ,10.0,2.56,555.3
EP-251202021,P5691A41,ジェームズ・ラブロック,10.0,2.45,512.9
EP-251202024,PA1082DF,前田利家,10.0,1.0,490.6
EP-251202026,P956F53F,細川護熙,10.0,2.27,490.2
EP-251202027,PA107568,ビリー・ホリデイ,10.0,2.45,479.5
EP-251202029,PB7DEC5C,ビル・エヴァンス,10.0,2.75,479.3
EP-251202041,P0291EB6,粗品,10.0,1.13,374.8
EP-251202042,PDBA0C44,メル・ブルックス,10.0,2.75,571.1
EP-251202045,P26E8196,伊藤元重,7.0,2.21,478.7
EP-251202049,PC67B928,伊達みきお,7.0,2.12,519.9
EP-251202051,P5D64A1B,鎌田大地,7.0,2.56,547.8
EP-251202052,PB85FB41,伊達政宗,7.0,1.0,542.5
EP-251202055,P8210F16,ヤン・ルカン,7.0,2.12,486.6
EP-251202056,P412FE98,裕仁（昭和天皇）,7.0,2.71,559.7
EP-251202058,P492998C,ジョン・シナ,7.0,2.45,555.5
EP-251202059,P0EB49B5,佐倉綾音,7.0,1.46,480.0
EP-251202060,PE2E1D91,ジョン・コルトレーン,7.0,2.75,491.1
EP-251202061,PA7E5852,佐藤オオキ,7.0,3.33,511.6
EP-251202062,P5E2A03D,佐藤優,7.0,1.13,492.8
EP-251202063,P385ECB0,ジョルジュ・サンピエール,7.0,2.12,528.6
EP-251202066,PA289782,池田秀一,7.0,1.46,393.7
EP-251202067,PA254CB0,ウラジーミル・プーチン,7.0,2.75,484.4
EP-251202068,P67901C8,西岡良仁,7.0,2.12,492.7
EP-251202070,P93F1DB1,アインシュタイン,7.0,1.46,574.1
EP-251202071,PC4A4D22,水溜りボンド カンタ,7.0,1.79,498.5
EP-251202076,P46ADEDA,ウィンストン・チャーチル,7.0,2.75,491.2
EP-251202079,P060433F,ウェイン・ショーター,7.0,2.75,392.4
EP-251202080,P9C596E5,小渕恵三,7.0,1.0,491.7
EP-251202081,P1220A80,ウェス・アンダーソン,7.0,2.75,519.3
EP-251202083,P7444D96,笠原将弘,7.0,2.01,513.9
EP-251202085,P11AD686,今敏,7.0,2.45,481.4
EP-251202088,P002CAB1,今田耕司,7.0,3.12,511.9
EP-251202092,P9BAD338,ゆうこりん（小倉優子）,7.0,2.67,490.5
EP-251202095,PB59B5A8,沢城みゆき,7.0,1.13,397.1
EP-251202096,PA78C43F,RADWIMPSの野田洋次郎,7.0,1.79,395.1
EP-251202098,P9209E9C,ジミ・ヘンドリックス,7.0,2.45,503.1
EP-251202099,P8992DA8,ミック・ジャガー,7.0,2.95,514.9
EP-251202104,PF61FA8A,きんさんぎんさん（蟹江ぎん）,7.0,2.16,521.0
EP-251202109,P5F2D3DF,きゃりーぱみゅぱみゅ,7.0,3.19,526.8
EP-251202112,P6E9F6E7,畑岡奈紗,7.0,2.68,495.7
EP-251202113,P5691A41,ジェームズ・ラブロック,7.0,2.56,576.2
EP-251202115,P7DFA2DF,浜辺美波,7.0,1.46,518.9
EP-251202117,P6A20761,ジェンスン・ファン,7.0,1.46,539.0
EP-251202118,P956F53F,細川護熙,7.0,2.71,528.8
EP-251202121,PB7DEC5C,ビル・エヴァンス,7.0,2.75,513.5
EP-251202124,P86A3749,宮川大輔,7.0,1.57,482.9
EP-251202126,P215298E,シルクロード,7.0,2.67,552.8
EP-251202128,P4B21992,河野太郎,7.0,3.4,518.9
EP-251202136,P50B04C8,ジョン・マッケンタイア,13.0,2.45,521.1
EP-251202137,PABF043E,小林慶一郎,13.0,3.4,484.8
EP-251202138,PC67B928,伊達みきお,13.0,2.12,500.0
EP-251202139,P122DBD7,ジョン・ボーナム,13.0,2.95,506.6
EP-251202140,P5D64A1B,鎌田大地,13.0,1.79,513.9
EP-251202142,P99203FA,バラク・オバマ,13.0,2.75,545.7
EP-251202147,P492998C,ジョン・シナ,13.0,2.75,524.4
EP-251202150,PF566BFB,矢部浩之,13.0,1.79,505.6
EP-251202154,P385ECB0,ジョルジュ・サンピエール,13.0,2.12,546.2
EP-251202155,P8AC074B,エディ・ヴェダー,13.0,2.56,591.8
EP-251202156,P35C2530,ジョニー・グリーンウッド,13.0,3.25,492.9
EP-251202158,PA254CB0,ウラジーミル・プーチン,13.0,2.75,508.7
EP-251202159,P67901C8,西岡良仁,13.0,2.45,525.0
EP-251202161,P93F1DB1,アインシュタイン,13.0,1.46,550.4
EP-251202162,PC4A4D22,水溜りボンド カンタ,13.0,1.46,485.7
EP-251202165,PAF4C0D4,志位和夫,13.0,3.4,517.9
EP-251202169,P7B5E607,スガシカオ,13.0,2.89,535.7
EP-251202172,P1220A80,ウェス・アンダーソン,13.0,2.75,479.6
EP-251202174,P7444D96,笠原将弘,13.0,2.01,502.9
EP-251202179,P002CAB1,今田耕司,13.0,1.9,527.3
EP-251202187,PA78C43F,RADWIMPSの野田洋次郎,13.0,1.46,502.1
EP-251202190,P8992DA8,ミック・ジャガー,13.0,3.25,493.6
EP-251202191,P446F6C9,陣内智則,13.0,3.0,494.8
EP-251202193,PF55529D,エリック・クラプトン,13.0,2.95,589.5
EP-251202200,P5F2D3DF,きゃりーぱみゅぱみゅ,13.0,2.45,528.8
EP-251202204,P5691A41,ジェームズ・ラブロック,13.0,3.0,489.4
EP-251202206,P7DFA2DF,浜辺美波,13.0,3.4,541.3
EP-251202207,PA1082DF,前田利家,13.0,1.33,502.6
EP-251202208,P6A20761,ジェンスン・ファン,13.0,2.75,523.3
EP-251202210,PA107568,ビリー・ホリデイ,13.0,2.75,495.3
EP-251202213,P28D3DA3,甲本ヒロト,13.0,2.89,511.4
EP-251202217,P215298E,シルクロード,13.0,2.45,494.5
EP-251202220,P68D9697,富澤たけし,13.0,2.45,478.6
EP-251202221,P2C5D183,エマニュエル・マクロン,13.0,2.95,514.7
EP-251202225,P26E8196,伊藤元重,79.0,1.0,484.3
EP-251202227,P50B04C8,ジョン・マッケンタイア,79.0,2.75,479.5
EP-251202239,P0EB49B5,佐倉綾音,79.0,2.67,482.8
EP-251202244,P5E2A03D,佐藤優,79.0,2.6,484.7
EP-251202247,P35C2530,ジョニー・グリーンウッド,79.0,2.95,485.6
EP-251202251,PAC69109,伊沢拓司,79.0,3.34,526.9
EP-251202255,P27B69C2,氷川きよし,79.0,3.19,509.8
EP-251202263,P1220A80,ウェス・アンダーソン,79.0,3.19,478.8
EP-251202269,P78DC03A,石川さゆり,79.0,1.46,496.2
EP-251202271,PBAE1780,鈴木裕,79.0,2.75,585.0
EP-251202277,PB59B5A8,沢城みゆき,79.0,2.23,398.2
EP-251202278,PA78C43F,RADWIMPSの野田洋次郎,79.0,3.0,524.5
EP-251202282,P446F6C9,陣内智則,79.0,2.34,550.1
EP-251202284,PF55529D,エリック・クラプトン,79.0,2.75,495.8
EP-251202286,PF61FA8A,きんさんぎんさん（蟹江ぎん）,79.0,1.33,372.0
EP-251202290,PE1CD67F,冨山和彦,79.0,3.0,487.1
EP-251202294,P6E9F6E7,畑岡奈紗,79.0,3.12,561.3
EP-251202307,PE5823D4,真島昌利,79.0,2.75,548.0
EP-251202308,P215298E,シルクロード,79.0,2.23,511.4
EP-251202315,PBD68EA5,長井龍雪,9.0,1.79,491.6
EP-251202317,PC72DE22,根岸隆,9.0,3.45,497.6
EP-251202319,PABF043E,小林慶一郎,9.0,2.71,518.8
EP-251202320,PC67B928,伊達みきお,9.0,2.67,495.0
EP-251202322,P5D64A1B,鎌田大地,9.0,2.12,546.5
EP-251202324,P99203FA,バラク・オバマ,9.0,3.45,538.3
EP-251202327,P412FE98,裕仁（昭和天皇）,9.0,2.27,507.0
EP-251202329,P492998C,ジョン・シナ,9.0,2.75,529.4
EP-251202330,P0EB49B5,佐倉綾音,9.0,1.79,512.9
EP-251202331,PE2E1D91,ジョン・コルトレーン,9.0,2.12,517.1
EP-251202335,P5E2A03D,佐藤優,9.0,1.46,495.4
EP-251202336,P385ECB0,ジョルジュ・サンピエール,9.0,2.45,536.7
EP-251202340,PA254CB0,ウラジーミル・プーチン,9.0,2.12,541.6
EP-251202342,PAC69109,伊沢拓司,9.0,3.45,559.3
EP-251202343,P93F1DB1,アインシュタイン,9.0,1.46,573.1
EP-251202344,PC4A4D22,水溜りボンド カンタ,9.0,2.23,537.6
EP-251202349,P46ADEDA,ウィンストン・チャーチル,9.0,2.12,496.6
EP-251202357,PB11F03D,ハルク・ホーガン,9.0,2.45,514.0
EP-251202358,P11AD686,今敏,9.0,2.45,500.6
EP-251202363,P58515C0,ハービー・ハンコック,9.0,2.75,534.8
EP-251202375,PF55529D,エリック・クラプトン,9.0,2.23,565.7
EP-251202377,PF61FA8A,きんさんぎんさん（蟹江ぎん）,9.0,2.16,542.9
EP-251202380,P33B365B,きんさんぎんさん（成田きん）,9.0,2.46,529.2
EP-251202382,P5F2D3DF,きゃりーぱみゅぱみゅ,9.0,2.89,482.8
EP-251202385,P6E9F6E7,畑岡奈紗,9.0,3.01,513.9
EP-251202389,PA1082DF,前田利家,9.0,1.0,396.5
EP-251202390,P6A20761,ジェンスン・ファン,9.0,1.79,516.7
EP-251202394,PB7DEC5C,ビル・エヴァンス,9.0,2.75,520.2
EP-251202396,P5A61A66,阿部詩,9.0,1.0,394.3
EP-251202397,P86A3749,宮川大輔,9.0,2.12,491.7
EP-251202399,P215298E,シルクロード,9.0,1.79,496.3
EP-251202402,P68D9697,富澤たけし,9.0,2.23,507.7
EP-251202406,P26E8196,伊藤元重,12.0,3.12,488.7
EP-251202409,PABF043E,小林慶一郎,12.0,2.27,484.8
EP-251202411,P122DBD7,ジョン・ボーナム,12.0,2.95,486.3
EP-251202412,P5D64A1B,鎌田大地,12.0,2.45,549.7
EP-251202413,PB85FB41,伊達政宗,12.0,1.13,486.1
EP-251202419,P492998C,ジョン・シナ,12.0,2.75,582.9
EP-251202420,P0EB49B5,佐倉綾音,12.0,1.46,493.0
EP-251202422,PF566BFB,矢部浩之,12.0,3.0,546.8
EP-251202426,P385ECB0,ジョルジュ・サンピエール,12.0,2.56,532.4
EP-251202427,P8AC074B,エディ・ヴェダー,12.0,2.12,575.8
EP-251202430,PA254CB0,ウラジーミル・プーチン,12.0,2.45,485.1
EP-251202431,P67901C8,西岡良仁,12.0,2.12,529.8
EP-251202438,P46ADEDA,ウィンストン・チャーチル,12.0,2.45,545.6
EP-251202439,P507643A,タカ,12.0,2.12,532.1
EP-251202440,P7B5E607,スガシカオ,12.0,1.79,479.4
EP-251202441,P060433F,ウェイン・ショーター,12.0,2.95,536.5
EP-251202442,P9C596E5,小渕恵三,12.0,2.71,526.6
EP-251202445,P7444D96,笠原将弘,12.0,2.01,544.4
EP-251202447,P11AD686,今敏,12.0,1.46,490.3
EP-251202448,PC96C2ED,りゅうちぇる,12.0,3.0,533.6
EP-251202450,P002CAB1,今田耕司,12.0,1.9,530.7
EP-251202451,PBAE1780,鈴木裕,12.0,3.19,608.2
EP-251202453,P9B318B2,バカリズム,12.0,1.79,491.3
EP-251202454,P9BAD338,ゆうこりん（小倉優子）,12.0,2.45,522.5
EP-251202456,PC27F7C9,悠木碧,12.0,1.46,498.5
EP-251202461,P8992DA8,ミック・ジャガー,12.0,3.25,529.9
EP-251202464,PF55529D,エリック・クラプトン,12.0,2.56,536.7
EP-251202469,P33B365B,きんさんぎんさん（成田きん）,12.0,1.33,504.8
EP-251202471,P5F2D3DF,きゃりーぱみゅぱみゅ,12.0,2.75,480.0
EP-251202475,P5691A41,ジェームズ・ラブロック,12.0,3.0,533.0
EP-251202478,PA1082DF,前田利家,12.0,1.77,523.9
EP-251202479,P6A20761,ジェンスン・ファン,12.0,1.79,538.8
EP-251202484,P28D3DA3,甲本ヒロト,12.0,3.19,487.3
EP-251202485,P5A61A66,阿部詩,12.0,3.34,484.6
EP-251202486,P86A3749,宮川大輔,12.0,1.79,492.8
EP-251202488,P215298E,シルクロード,12.0,1.13,490.2
EP-251202491,P68D9697,富澤たけし,12.0,3.34,510.1
EP-251202493,P0291EB6,粗品,12.0,1.46,523.9
EP-251202494,PAA24C29,ベティ・ホワイト,6.0,1.9,480.0
EP-251202498,P50B04C8,ジョン・マッケンタイア,6.0,1.79,381.4
EP-251202500,PC67B928,伊達みきお,6.0,2.23,489.7
EP-251202501,P122DBD7,ジョン・ボーナム,6.0,2.95,497.0
EP-251202502,P5D64A1B,鎌田大地,6.0,2.45,500.6
EP-251202503,PB85FB41,伊達政宗,6.0,1.0,488.5
EP-251202504,P99203FA,バラク・オバマ,6.0,2.75,497.6
EP-251202506,P8210F16,ヤン・ルカン,6.0,3.4,532.9
EP-251202508,PDE643E3,江國香織,6.0,1.0,393.2
EP-251202509,P492998C,ジョン・シナ,6.0,2.89,522.8
EP-251202512,PF566BFB,矢部浩之,6.0,1.46,479.4
EP-251202516,P385ECB0,ジョルジュ・サンピエール,6.0,2.89,540.3
EP-251202520,PA254CB0,ウラジーミル・プーチン,6.0,2.75,488.5
EP-251202523,P93F1DB1,アインシュタイン,6.0,1.46,547.7
EP-251202526,P27B69C2,氷川きよし,6.0,1.33,490.0
EP-251202532,P060433F,ウェイン・ショーター,6.0,2.95,509.5
EP-251202534,P1220A80,ウェス・アンダーソン,6.0,2.75,491.7
EP-251202537,PB11F03D,ハルク・ホーガン,6.0,2.75,486.1
EP-251202539,PC96C2ED,りゅうちぇる,6.0,3.0,516.7
EP-251202541,P002CAB1,今田耕司,6.0,2.79,495.5
EP-251202542,PBAE1780,鈴木裕,6.0,3.23,499.2
EP-251202543,P58515C0,ハービー・ハンコック,6.0,2.75,513.3
EP-251202544,P9B318B2,バカリズム,6.0,1.79,497.9
EP-251202545,P9BAD338,ゆうこりん（小倉優子）,6.0,2.79,524.4
EP-251202547,PC27F7C9,悠木碧,6.0,1.46,489.6
EP-251202555,PF55529D,エリック・クラプトン,6.0,2.12,500.0
EP-251202556,P0F4A3E8,ジミー・ペイジ,6.0,2.95,516.7
EP-251202557,PF61FA8A,きんさんぎんさん（蟹江ぎん）,6.0,1.33,539.8
EP-251202560,P33B365B,きんさんぎんさん（成田きん）,6.0,1.33,480.4
EP-251202561,PE1CD67F,冨山和彦,6.0,2.23,489.1
EP-251202562,P5F2D3DF,きゃりーぱみゅぱみゅ,6.0,2.75,485.3
EP-251202568,P7DFA2DF,浜辺美波,6.0,2.46,524.9
EP-251202570,P6A20761,ジェンスン・ファン,6.0,2.45,521.1
EP-251202571,P956F53F,細川護熙,6.0,3.4,538.7
EP-251202576,P5A61A66,阿部詩,6.0,2.34,487.4
EP-251202577,P86A3749,宮川大輔,6.0,1.0,479.7
EP-251202579,P215298E,シルクロード,6.0,1.9,507.7
EP-251202582,P68D9697,富澤たけし,6.0,3.45,518.7
EP-251202588,P50B04C8,ジョン・マッケンタイア,11.0,1.79,481.7
EP-251202592,P5D64A1B,鎌田大地,11.0,2.45,528.3
EP-251202594,P99203FA,バラク・オバマ,11.0,2.95,488.5
EP-251202597,P412FE98,裕仁（昭和天皇）,11.0,2.27,491.8
EP-251202599,P492998C,ジョン・シナ,11.0,2.75,563.6
EP-251202600,P0EB49B5,佐倉綾音,11.0,3.0,606.8
EP-251202602,PF566BFB,矢部浩之,11.0,2.12,500.6
EP-251202604,PA7E5852,佐藤オオキ,11.0,3.19,490.6
EP-251202605,P5E2A03D,佐藤優,11.0,1.13,497.4
EP-251202606,P385ECB0,ジョルジュ・サンピエール,11.0,2.56,527.9
EP-251202607,P8AC074B,エディ・ヴェダー,11.0,1.9,540.7
EP-251202610,PA254CB0,ウラジーミル・プーチン,11.0,2.56,492.4
EP-251202612,PAC69109,伊沢拓司,11.0,2.32,562.3
EP-251202613,P93F1DB1,アインシュタイン,11.0,3.12,616.7
EP-251202614,PC4A4D22,水溜りボンド カンタ,11.0,1.46,516.8
EP-251202616,P27B69C2,氷川きよし,11.0,1.46,485.6
EP-251202619,P46ADEDA,ウィンストン・チャーチル,11.0,2.75,497.8
EP-251202623,P9C596E5,小渕恵三,11.0,3.15,558.6
EP-251202625,P9CBA8FD,ハリー・ベラフォンテ,11.0,2.75,496.1
EP-251202626,P7444D96,笠原将弘,11.0,1.0,491.0
EP-251202629,PC96C2ED,りゅうちぇる,11.0,2.23,540.5
EP-251202632,PBAE1780,鈴木裕,11.0,2.45,485.0
EP-251202637,PC27F7C9,悠木碧,11.0,2.12,399.6
EP-251202640,P7DCD285,青木昌彦,11.0,3.4,539.7
EP-251202641,P9209E9C,ジミ・ヘンドリックス,11.0,2.45,518.0
EP-251202643,P446F6C9,陣内智則,11.0,1.9,505.5
EP-251202645,PF55529D,エリック・クラプトン,11.0,3.33,520.8
EP-251202649,PF550A13,白洲次郎,11.0,1.0,386.8
EP-251202650,P33B365B,きんさんぎんさん（成田きん）,11.0,2.16,491.6
EP-251202651,PE1CD67F,冨山和彦,11.0,1.0,526.3
EP-251202656,P5691A41,ジェームズ・ラブロック,11.0,1.79,516.5
EP-251202659,PA1082DF,前田利家,11.0,2.21,532.3
EP-251202660,P6A20761,ジェンスン・ファン,11.0,2.45,530.6
EP-251202662,PA107568,ビリー・ホリデイ,11.0,2.45,485.0
EP-251202664,PB7DEC5C,ビル・エヴァンス,11.0,2.95,490.2
EP-251202666,P5A61A66,阿部詩,11.0,1.13,525.3
EP-251202669,P215298E,シルクロード,11.0,1.9,507.6
EP-251202671,P4B21992,河野太郎,11.0,2.27,486.5
EP-251202676,P50B04C8,ジョン・マッケンタイア,5.0,2.75,496.1
EP-251202678,PC67B928,伊達みきお,5.0,1.13,508.8
EP-251202680,P5D64A1B,鎌田大地,5.0,2.23,512.1
EP-251202681,PB85FB41,伊達政宗,5.0,1.13,495.3
EP-251202682,P99203FA,バラク・オバマ,5.0,2.75,538.6
EP-251202684,P8210F16,ヤン・ルカン,5.0,1.57,547.7
EP-251202687,P492998C,ジョン・シナ,5.0,2.75,494.0
EP-251202688,P0EB49B5,佐倉綾音,5.0,1.46,496.6
EP-251202691,PF4EEA37,ひろゆき,5.0,2.01,517.4
EP-251202692,PA7E5852,佐藤オオキ,5.0,2.23,488.1
EP-251202694,P385ECB0,ジョルジュ・サンピエール,5.0,2.45,535.2
EP-251202697,PA289782,池田秀一,5.0,2.45,388.9
EP-251202699,P67901C8,西岡良仁,5.0,2.23,534.5
EP-251202700,PAC69109,伊沢拓司,5.0,2.21,563.2
EP-251202701,P93F1DB1,アインシュタイン,5.0,1.79,494.7
EP-251202702,PC4A4D22,水溜りボンド カンタ,5.0,1.0,512.6
EP-251202706,PA268F9B,ノーマン・リア,5.0,2.45,583.3
EP-251202707,P46ADEDA,ウィンストン・チャーチル,5.0,2.75,497.9
EP-251202708,P507643A,タカ,5.0,2.12,391.0
EP-251202715,PB11F03D,ハルク・ホーガン,5.0,2.12,490.5
EP-251202718,P78DC03A,石川さゆり,5.0,1.0,488.9
EP-251202719,P002CAB1,今田耕司,5.0,1.0,515.2
EP-251202723,P9BAD338,ゆうこりん（小倉優子）,5.0,3.45,529.5
EP-251202724,PC8DA14E,ジョージ・ソロス,5.0,2.75,513.8
EP-251202728,P7DCD285,青木昌彦,5.0,3.4,515.3
EP-251202733,PF55529D,エリック・クラプトン,5.0,2.89,546.5
EP-251202734,P0F4A3E8,ジミー・ペイジ,5.0,2.45,491.6
EP-251202735,PF61FA8A,きんさんぎんさん（蟹江ぎん）,5.0,2.6,631.0
EP-251202740,P5F2D3DF,きゃりーぱみゅぱみゅ,5.0,3.19,493.4
EP-251202741,P842D15D,出崎統,5.0,2.27,506.1
EP-251202742,PDE0DBF2,ジム・ジャームッシュ,5.0,2.95,497.7
EP-251202744,P5691A41,ジェームズ・ラブロック,5.0,2.45,531.5
EP-251202747,PA1082DF,前田利家,5.0,1.0,497.7
EP-251202748,P6A20761,ジェンスン・ファン,5.0,2.12,511.4
EP-251202750,PA107568,ビリー・ホリデイ,5.0,2.75,480.4
EP-251202754,P5A61A66,阿部詩,5.0,2.23,536.8
EP-251202755,P86A3749,宮川大輔,5.0,1.9,493.5
EP-251202757,P215298E,シルクロード,5.0,2.23,504.1
EP-251202758,P0DBEFC8,パット・メセニー,5.0,2.75,392.4
EP-251202783,P35C2530,ジョニー・グリーンウッド,76.0,3.25,482.8
EP-251202784,PA289782,池田秀一,76.0,2.75,522.9
EP-251202789,PC4A4D22,水溜りボンド カンタ,76.0,2.67,540.5
EP-251202801,P7444D96,笠原将弘,76.0,2.43,512.3
EP-251202805,P78DC03A,石川さゆり,76.0,2.23,395.5
EP-251202812,PC27F7C9,悠木碧,76.0,2.23,480.6
EP-251202814,PA78C43F,RADWIMPSの野田洋次郎,76.0,3.0,572.6
EP-251202824,PF550A13,白洲次郎,76.0,3.4,485.7
EP-251202843,PE5823D4,真島昌利,76.0,3.33,501.8
EP-251202844,P215298E,シルクロード,76.0,3.19,480.4
EP-251202847,PBD68EA5,長井龍雪,74.0,3.33,543.1
EP-251202877,P7E1C007,小野伸二,74.0,3.33,519.2
EP-251202878,P27B69C2,氷川きよし,74.0,2.89,540.4
EP-251202879,PAF4C0D4,志位和夫,74.0,3.4,492.2
EP-251202894,PBAE1780,鈴木裕,74.0,2.95,505.7
EP-251202901,PA78C43F,RADWIMPSの野田洋次郎,74.0,3.33,516.9
EP-251202909,PF61FA8A,きんさんぎんさん（蟹江ぎん）,74.0,1.33,385.6
EP-251202916,PDE0DBF2,ジム・ジャームッシュ,74.0,2.95,478.7
EP-251202929,P86A3749,宮川大輔,74.0,2.34,502.9
EP-251202931,P215298E,シルクロード,74.0,3.33,513.8
EP-251202934,PBD68EA5,長井龍雪,73.0,2.56,488.1
EP-251202935,P26E8196,伊藤元重,73.0,1.46,373.0
EP-251202938,PABF043E,小林慶一郎,73.0,1.79,519.3
EP-251202953,PA7E5852,佐藤オオキ,73.0,3.19,481.1
EP-251202954,P5E2A03D,佐藤優,73.0,2.9,521.1
EP-251202955,P385ECB0,ジョルジュ・サンピエール,73.0,3.19,522.0
EP-251202966,PAF4C0D4,志位和夫,73.0,3.4,485.5
EP-251202986,PC27F7C9,悠木碧,73.0,2.56,518.5
EP-251202999,P33B365B,きんさんぎんさん（成田きん）,73.0,1.33,490.3
EP-251203004,P6E9F6E7,畑岡奈紗,73.0,3.34,538.5
EP-251203016,P86A3749,宮川大輔,73.0,2.34,563.7
EP-251203018,PBD68EA5,長井龍雪,71.0,2.56,544.4
EP-251203019,P26E8196,伊藤元重,71.0,1.46,375.9
EP-251203025,P5D64A1B,鎌田大地,71.0,2.89,568.2
EP-251203026,PB85FB41,伊達政宗,71.0,2.6,490.5
EP-251203033,P0EB49B5,佐倉綾音,71.0,2.23,486.6
EP-251203038,P5E2A03D,佐藤優,71.0,2.12,484.9
EP-251203045,PAC69109,伊沢拓司,71.0,1.0,496.0
EP-251203048,P7E1C007,小野伸二,71.0,2.89,536.4
EP-251203050,PAF4C0D4,志位和夫,71.0,3.04,491.1
EP-251203065,PBAE1780,鈴木裕,71.0,2.75,482.3
EP-251203067,P9B318B2,バカリズム,71.0,1.9,484.5
EP-251203072,PA78C43F,RADWIMPSの野田洋次郎,71.0,2.56,505.6
EP-251203076,P446F6C9,陣内智則,71.0,2.56,479.6
EP-251203083,P33B365B,きんさんぎんさん（成田きん）,71.0,2.46,389.0
EP-251203084,PE1CD67F,冨山和彦,71.0,3.0,492.5
EP-251203087,PDE0DBF2,ジム・ジャームッシュ,71.0,2.75,502.6
EP-251203094,P956F53F,細川護熙,71.0,3.4,504.3
EP-251203100,P26E8196,伊藤元重,80.0,1.0,374.3
EP-251203107,PB85FB41,伊達政宗,80.0,1.33,505.7
EP-251203120,P385ECB0,ジョルジュ・サンピエール,80.0,3.33,523.3
EP-251203121,P8AC074B,エディ・ヴェダー,80.0,3.39,503.8
EP-251203130,P27B69C2,氷川きよし,80.0,2.89,494.9
EP-251203134,P507643A,タカ,80.0,3.33,530.4
EP-251203153,PA78C43F,RADWIMPSの野田洋次郎,80.0,3.0,505.8
EP-251203161,PF61FA8A,きんさんぎんさん（蟹江ぎん）,80.0,1.0,398.5
EP-251203163,PF550A13,白洲次郎,80.0,2.34,502.9
EP-251203178,PBD68EA5,長井龍雪,16.0,1.13,496.8
EP-251203181,P50B04C8,ジョン・マッケンタイア,16.0,2.75,487.0
EP-251203183,PC67B928,伊達みきお,16.0,1.79,511.8
EP-251203186,PB85FB41,伊達政宗,16.0,2.46,533.8
EP-251203187,P99203FA,バラク・オバマ,16.0,2.95,529.4
EP-251203197,PA7E5852,佐藤オオキ,16.0,3.33,499.0
EP-251203203,PA254CB0,ウラジーミル・プーチン,16.0,2.75,506.3
EP-251203204,P67901C8,西岡良仁,16.0,3.45,516.7
EP-251203206,P93F1DB1,アインシュタイン,16.0,2.12,583.4
EP-251203207,PC4A4D22,水溜りボンド カンタ,16.0,1.46,486.4
EP-251203209,P27B69C2,氷川きよし,16.0,2.45,515.4
EP-251203212,P46ADEDA,ウィンストン・チャーチル,16.0,2.12,515.3
EP-251203214,P7B5E607,スガシカオ,16.0,2.12,494.7
EP-251203215,P060433F,ウェイン・ショーター,16.0,3.25,524.7
EP-251203216,P9C596E5,小渕恵三,16.0,3.4,547.3
EP-251203224,P002CAB1,今田耕司,16.0,1.13,518.8
EP-251203225,PBAE1780,鈴木裕,16.0,2.75,592.4
EP-251203226,P58515C0,ハービー・ハンコック,16.0,2.95,512.7
EP-251203228,P9BAD338,ゆうこりん（小倉優子）,16.0,2.89,498.7
EP-251203230,PC27F7C9,悠木碧,16.0,3.34,527.2
EP-251203235,P8992DA8,ミック・ジャガー,16.0,3.25,511.9
EP-251203236,P446F6C9,陣内智則,16.0,2.45,478.8
EP-251203238,PF55529D,エリック・クラプトン,16.0,3.25,480.2
EP-251203241,P28B9C36,宮内義彦,16.0,1.13,399.7
EP-251203242,PF550A13,白洲次郎,16.0,1.13,397.7
EP-251203243,P33B365B,きんさんぎんさん（成田きん）,16.0,2.6,485.5
EP-251203244,PE1CD67F,冨山和彦,16.0,3.4,508.3
EP-251203245,P5F2D3DF,きゃりーぱみゅぱみゅ,16.0,2.89,517.1
EP-251203249,P5691A41,ジェームズ・ラブロック,16.0,2.45,493.0
EP-251203250,P9B7BC2F,浜田雅功,16.0,2.34,593.5
EP-251203252,PA1082DF,前田利家,16.0,1.33,520.6
EP-251203255,P26E8196,伊藤元重,72.0,1.13,391.8
EP-251203267,PDE643E3,江國香織,72.0,3.12,505.1
EP-251203275,P385ECB0,ジョルジュ・サンピエール,72.0,2.45,515.0
EP-251203277,P35C2530,ジョニー・グリーンウッド,72.0,2.95,395.9
EP-251203280,P67901C8,西岡良仁,72.0,3.12,594.5
EP-251203284,P7E1C007,小野伸二,72.0,3.19,497.4
EP-251203295,P7444D96,笠原将弘,72.0,2.34,490.6
EP-251203299,P78DC03A,石川さゆり,72.0,2.01,507.7
EP-251203306,PC27F7C9,悠木碧,72.0,2.67,482.7
EP-251203308,PA78C43F,RADWIMPSの野田洋次郎,72.0,3.33,502.1
EP-251203320,PE1CD67F,冨山和彦,72.0,2.12,494.7
EP-251203324,P6E9F6E7,畑岡奈紗,72.0,2.89,504.5
EP-251203331,P26E8196,伊藤元重,14.0,1.0,393.0
EP-251203335,PC67B928,伊達みきお,14.0,1.46,553.6
EP-251203337,P5D64A1B,鎌田大地,14.0,2.45,524.6
EP-251203339,P99203FA,バラク・オバマ,14.0,2.95,498.4
EP-251203341,P8210F16,ヤン・ルカン,14.0,3.01,541.3
EP-251203343,PDE643E3,江國香織,14.0,1.0,392.5
EP-251203344,P492998C,ジョン・シナ,14.0,2.45,553.3
EP-251203345,P0EB49B5,佐倉綾音,14.0,1.0,479.3
EP-251203349,PA7E5852,佐藤オオキ,14.0,2.67,490.6
EP-251203350,P5E2A03D,佐藤優,14.0,1.46,538.0
EP-251203351,P385ECB0,ジョルジュ・サンピエール,14.0,2.12,521.3
EP-251203352,P8AC074B,エディ・ヴェダー,14.0,2.23,522.1
EP-251203355,PA254CB0,ウラジーミル・プーチン,14.0,2.12,518.9
EP-251203358,P93F1DB1,アインシュタイン,14.0,2.89,580.0
EP-251203359,PC4A4D22,水溜りボンド カンタ,14.0,1.79,501.9
EP-251203361,P27B69C2,氷川きよし,14.0,1.13,534.7
EP-251203364,P46ADEDA,ウィンストン・チャーチル,14.0,3.45,515.3
EP-251203365,P507643A,タカ,14.0,2.75,490.7
EP-251203367,P060433F,ウェイン・ショーター,14.0,2.95,533.1
EP-251203371,P7444D96,笠原将弘,14.0,2.01,482.0
EP-251203372,PB11F03D,ハルク・ホーガン,14.0,2.75,529.4
EP-251203374,PC96C2ED,りゅうちぇる,14.0,3.19,572.1
EP-251203376,P002CAB1,今田耕司,14.0,1.46,500.2
EP-251203377,PBAE1780,鈴木裕,14.0,2.34,540.6
EP-251203380,P9BAD338,ゆうこりん（小倉優子）,14.0,3.33,559.1
EP-251203384,PA78C43F,RADWIMPSの野田洋次郎,14.0,1.79,490.4
EP-251203385,P7DCD285,青木昌彦,14.0,3.4,481.8
EP-251203387,P8992DA8,ミック・ジャガー,14.0,3.25,532.1
EP-251203388,P446F6C9,陣内智則,14.0,1.46,501.4
EP-251203390,PF55529D,エリック・クラプトン,14.0,2.75,511.6
EP-251203392,PF61FA8A,きんさんぎんさん（蟹江ぎん）,14.0,2.6,510.6
EP-251203395,P33B365B,きんさんぎんさん（成田きん）,14.0,2.6,490.3
EP-251203397,P5F2D3DF,きゃりーぱみゅぱみゅ,14.0,3.19,526.9
EP-251203401,P5691A41,ジェームズ・ラブロック,14.0,2.12,529.9
EP-251203403,PBD68EA5,長井龍雪,67.0,2.56,512.0
EP-251203407,PABF043E,小林慶一郎,67.0,1.13,390.7
EP-251203410,P5D64A1B,鎌田大地,67.0,2.75,482.1
EP-251203415,P412FE98,裕仁（昭和天皇）,67.0,2.6,539.1
EP-251203423,P5E2A03D,佐藤優,67.0,2.79,482.1
EP-251203426,P35C2530,ジョニー・グリーンウッド,67.0,2.95,481.1
EP-251203430,PAC69109,伊沢拓司,67.0,2.34,503.5
EP-251203432,PC4A4D22,水溜りボンド カンタ,67.0,2.23,483.9
EP-251203433,P7E1C007,小野伸二,67.0,2.45,492.9
EP-251203435,PAF4C0D4,志位和夫,67.0,3.4,521.2
EP-251203457,PA78C43F,RADWIMPSの野田洋次郎,67.0,3.33,502.9
EP-251203461,P446F6C9,陣内智則,67.0,2.34,504.0
EP-251203465,PF61FA8A,きんさんぎんさん（蟹江ぎん）,67.0,1.33,486.9
EP-251203467,PF550A13,白洲次郎,67.0,2.27,518.8
EP-251203468,P33B365B,きんさんぎんさん（成田きん）,67.0,2.46,509.3
EP-251203473,PBD68EA5,長井龍雪,75.0,2.67,524.6
EP-251203481,PB85FB41,伊達政宗,75.0,1.33,382.7
EP-251203502,PC4A4D22,水溜りボンド カンタ,75.0,2.89,481.4
EP-251203505,PAF4C0D4,志位和夫,75.0,3.4,478.7
EP-251203508,P507643A,タカ,75.0,3.19,527.1
EP-251203527,PA78C43F,RADWIMPSの野田洋次郎,75.0,2.67,522.3
EP-251203531,P446F6C9,陣内智則,75.0,2.34,511.6
EP-251203535,PF61FA8A,きんさんぎんさん（蟹江ぎん）,75.0,2.6,498.0
EP-251203540,PBD68EA5,長井龍雪,69.0,2.23,490.3
EP-251203547,P5D64A1B,鎌田大地,69.0,2.75,529.0
EP-251203552,P412FE98,裕仁（昭和天皇）,69.0,3.04,505.5
EP-251203555,P0EB49B5,佐倉綾音,69.0,2.67,526.6
EP-251203560,P5E2A03D,佐藤優,69.0,3.23,546.1
EP-251203592,PC27F7C9,悠木碧,69.0,3.12,499.5
EP-251203593,PB59B5A8,沢城みゆき,69.0,3.19,490.6
EP-251203594,PA78C43F,RADWIMPSの野田洋次郎,69.0,2.89,486.8
EP-251203602,PF61FA8A,きんさんぎんさん（蟹江ぎん）,69.0,2.6,491.6
EP-251203606,P26E8196,伊藤元重,17.0,1.79,491.7
EP-251203614,P99203FA,バラク・オバマ,17.0,2.95,517.6
EP-251203615,PF4D1E38,筑紫哲也,17.0,3.4,547.8
EP-251203616,P8210F16,ヤン・ルカン,17.0,1.9,481.7
EP-251203621,PE2E1D91,ジョン・コルトレーン,17.0,2.95,528.0
EP-251203622,PF566BFB,矢部浩之,17.0,1.13,505.4
EP-251203624,PA7E5852,佐藤オオキ,17.0,2.45,517.8
EP-251203626,P385ECB0,ジョルジュ・サンピエール,17.0,3.19,630.8
EP-251203627,P8AC074B,エディ・ヴェダー,17.0,2.75,535.1
EP-251203633,P93F1DB1,アインシュタイン,17.0,1.46,520.0
EP-251203634,PC4A4D22,水溜りボンド カンタ,17.0,1.0,494.7
EP-251203636,P27B69C2,氷川きよし,17.0,2.12,512.5
EP-251203639,P46ADEDA,ウィンストン・チャーチル,17.0,3.19,574.5
EP-251203642,P060433F,ウェイン・ショーター,17.0,3.25,479.6
EP-251203643,P9C596E5,小渕恵三,17.0,3.4,482.7
EP-251203645,P9CBA8FD,ハリー・ベラフォンテ,17.0,2.75,520.0
EP-251203646,P7444D96,笠原将弘,17.0,1.57,505.3
EP-251203660,P7DCD285,青木昌彦,17.0,1.46,381.6
EP-251203662,P8992DA8,ミック・ジャガー,17.0,3.25,541.2
EP-251203663,P446F6C9,陣内智則,17.0,1.13,519.0
EP-251203667,PF61FA8A,きんさんぎんさん（蟹江ぎん）,17.0,2.6,518.8
EP-251203673,P50B04C8,ジョン・マッケンタイア,64.0,3.25,398.0
EP-251203677,P5D64A1B,鎌田大地,64.0,3.19,541.0
EP-251203679,P99203FA,バラク・オバマ,64.0,3.19,513.1
EP-251203685,P0EB49B5,佐倉綾音,64.0,2.56,508.9
EP-251203689,PA7E5852,佐藤オオキ,64.0,3.39,503.7
EP-251203691,P385ECB0,ジョルジュ・サンピエール,64.0,2.75,512.5
EP-251203692,P8AC074B,エディ・ヴェダー,64.0,2.75,490.6
EP-251203699,PC4A4D22,水溜りボンド カンタ,64.0,2.23,538.6
EP-251203700,P7E1C007,小野伸二,64.0,2.12,491.5
EP-251203706,P7B5E607,スガシカオ,64.0,2.75,504.6
EP-251203711,P7444D96,笠原将弘,64.0,2.9,542.4
EP-251203720,P9BAD338,ゆうこりん（小倉優子）,64.0,2.34,507.7
EP-251203722,PC27F7C9,悠木碧,64.0,2.45,492.8
EP-251203723,PB59B5A8,沢城みゆき,64.0,1.46,485.2
EP-251203728,P446F6C9,陣内智則,64.0,2.56,504.6
EP-251203730,PBD68EA5,長井龍雪,15.0,1.46,552.1
EP-251203731,P26E8196,伊藤元重,15.0,1.9,493.1
EP-251203735,PC67B928,伊達みきお,15.0,2.12,493.9
EP-251203739,P99203FA,バラク・オバマ,15.0,2.75,536.2
EP-251203741,P8210F16,ヤン・ルカン,15.0,1.79,488.5
EP-251203744,P492998C,ジョン・シナ,15.0,2.75,540.5
EP-251203749,PF566BFB,矢部浩之,15.0,1.13,481.7
EP-251203750,PF4EEA37,ひろゆき,15.0,2.12,506.4
EP-251203753,P385ECB0,ジョルジュ・サンピエール,15.0,2.56,500.9
EP-251203754,P8AC074B,エディ・ヴェダー,15.0,2.89,624.8
EP-251203755,P35C2530,ジョニー・グリーンウッド,15.0,2.95,510.1
EP-251203756,PA289782,池田秀一,15.0,2.12,375.6
EP-251203757,PA254CB0,ウラジーミル・プーチン,15.0,2.45,505.6
EP-251203759,PAC69109,伊沢拓司,15.0,1.13,514.7
EP-251203760,P93F1DB1,アインシュタイン,15.0,2.45,498.1
EP-251203761,PC4A4D22,水溜りボンド カンタ,15.0,1.79,557.9
EP-251203763,P27B69C2,氷川きよし,15.0,2.12,494.2
EP-251203767,P507643A,タカ,15.0,2.45,500.2
EP-251203768,P7B5E607,スガシカオ,15.0,1.79,391.4
EP-251203770,P9C596E5,小渕恵三,15.0,3.15,548.2
EP-251203772,P9CBA8FD,ハリー・ベラフォンテ,15.0,2.75,481.5
EP-251203773,P7444D96,笠原将弘,15.0,1.0,512.0
EP-251203775,P11AD686,今敏,15.0,1.79,534.6
EP-251203776,PC96C2ED,りゅうちぇる,15.0,2.23,541.6
EP-251203778,P002CAB1,今田耕司,15.0,2.46,544.3
EP-251203779,PBAE1780,鈴木裕,15.0,2.56,574.2
EP-251203782,P9BAD338,ゆうこりん（小倉優子）,15.0,2.45,525.4
EP-251203789,P8992DA8,ミック・ジャガー,15.0,3.25,494.0
EP-251203792,PBD68EA5,長井龍雪,66.0,2.12,507.3
EP-251203799,P5D64A1B,鎌田大地,66.0,3.19,508.2
EP-251203800,PB85FB41,伊達政宗,66.0,1.0,383.6
EP-251203812,P5E2A03D,佐藤優,66.0,3.1,497.4
EP-251203815,P35C2530,ジョニー・グリーンウッド,66.0,2.95,371.4
EP-251203833,P7444D96,笠原将弘,66.0,1.0,520.3
EP-251203844,PC27F7C9,悠木碧,66.0,2.56,511.2
EP-251203846,PA78C43F,RADWIMPSの野田洋次郎,66.0,3.33,527.3
EP-251203860,PB85FB41,伊達政宗,68.0,2.6,481.1
EP-251203864,P412FE98,裕仁（昭和天皇）,68.0,2.6,482.5
EP-251203866,P492998C,ジョン・シナ,68.0,3.19,490.8
EP-251203878,PAC69109,伊沢拓司,68.0,2.34,517.9
EP-251203887,P7B5E607,スガシカオ,68.0,3.33,525.5
EP-251203890,P1220A80,ウェス・アンダーソン,68.0,2.95,525.0
EP-251203901,P9BAD338,ゆうこりん（小倉優子）,68.0,2.23,545.2
EP-251203905,PA78C43F,RADWIMPSの野田洋次郎,68.0,2.89,515.4
EP-251203919,P5D64A1B,鎌田大地,53.0,3.19,536.8
EP-251203920,PB85FB41,伊達政宗,53.0,1.33,479.1
EP-251203927,P0EB49B5,佐倉綾音,53.0,2.89,512.5
EP-251203938,P67901C8,西岡良仁,53.0,3.12,518.4
EP-251203964,PA78C43F,RADWIMPSの野田洋次郎,53.0,1.9,491.1
EP-251203969,P26E8196,伊藤元重,49.0,3.4,500.3
EP-251203979,P412FE98,裕仁（昭和天皇）,49.0,2.27,484.7
EP-251203996,PC4A4D22,水溜りボンド カンタ,49.0,2.45,399.3
EP-251204012,P002CAB1,今田耕司,49.0,1.9,486.8
EP-251204018,PB59B5A8,沢城みゆき,49.0,1.13,487.7
EP-251204019,PA78C43F,RADWIMPSの野田洋次郎,49.0,3.19,510.5
EP-251204021,PBD68EA5,長井龍雪,19.0,1.46,479.3
EP-251204024,P50B04C8,ジョン・マッケンタイア,19.0,2.95,478.9
EP-251204026,PC67B928,伊達みきお,19.0,2.23,586.0
EP-251204030,P99203FA,バラク・オバマ,19.0,3.39,545.9
EP-251204040,PA7E5852,佐藤オオキ,19.0,2.75,482.2
EP-251204043,P8AC074B,エディ・ヴェダー,19.0,3.19,557.7
EP-251204046,PA254CB0,ウラジーミル・プーチン,19.0,2.75,479.7
EP-251204048,PAC69109,伊沢拓司,19.0,1.88,510.3
EP-251204049,P93F1DB1,アインシュタイン,19.0,1.46,536.7
EP-251204052,P27B69C2,氷川きよし,19.0,2.45,517.8
EP-251204057,P7B5E607,スガシカオ,19.0,2.56,554.6
EP-251204059,P9C596E5,小渕恵三,19.0,2.27,496.0
EP-251204060,P1220A80,ウェス・アンダーソン,19.0,3.25,529.9
EP-251204061,P9CBA8FD,ハリー・ベラフォンテ,19.0,2.75,533.8
EP-251204062,P7444D96,笠原将弘,19.0,2.01,510.0
EP-251204070,P9B318B2,バカリズム,19.0,2.89,498.1
EP-251204072,PC8DA14E,ジョージ・ソロス,19.0,2.75,527.3
EP-251204074,PBD68EA5,長井龍雪,59.0,2.89,506.3
EP-251204078,PABF043E,小林慶一郎,59.0,1.0,393.6
EP-251204081,P5D64A1B,鎌田大地,59.0,3.19,537.6
EP-251204082,PB85FB41,伊達政宗,59.0,1.33,376.8
EP-251204095,P385ECB0,ジョルジュ・サンピエール,59.0,2.95,505.7
EP-251204101,PAC69109,伊沢拓司,59.0,3.2,717.1
EP-251204129,P5D64A1B,鎌田大地,63.0,2.56,498.0
EP-251204130,PB85FB41,伊達政宗,63.0,2.16,392.1
EP-251204143,P385ECB0,ジョルジュ・サンピエール,63.0,2.75,514.8
EP-251204151,PC4A4D22,水溜りボンド カンタ,63.0,2.89,499.9
EP-251204152,P7E1C007,小野伸二,63.0,3.19,500.8
EP-251204154,PAF4C0D4,志位和夫,63.0,3.4,518.5
EP-251204160,P7B5E607,スガシカオ,63.0,3.19,490.4
EP-251204165,P7444D96,笠原将弘,63.0,2.01,518.4
EP-251204174,PBD68EA5,長井龍雪,61.0,2.12,511.4
EP-251204181,P5D64A1B,鎌田大地,61.0,2.75,496.4
EP-251204182,PB85FB41,伊達政宗,61.0,1.33,395.5
EP-251204189,P0EB49B5,佐倉綾音,61.0,3.0,482.5
EP-251204204,P7E1C007,小野伸二,61.0,2.56,488.1
EP-251204208,P93F1DB1,アインシュタイン,18.0,2.12,547.0
EP-251204209,PC4A4D22,水溜りボンド カンタ,18.0,1.0,543.1
EP-251204211,P27B69C2,氷川きよし,18.0,2.56,526.8
EP-251204213,PAF4C0D4,志位和夫,61.0,3.48,522.7
EP-251204222,P7444D96,笠原将弘,61.0,2.01,479.8
EP-251204230,PBD68EA5,長井龍雪,18.0,1.46,496.9
EP-251204235,PC67B928,伊達みきお,18.0,3.0,528.2
EP-251204239,P99203FA,バラク・オバマ,18.0,3.19,515.4
EP-251204241,P8210F16,ヤン・ルカン,18.0,2.75,519.7
EP-251204243,PDE643E3,江國香織,18.0,1.0,479.3
EP-251204247,PF566BFB,矢部浩之,18.0,2.12,524.6
EP-251204250,P5E2A03D,佐藤優,18.0,1.79,538.1
EP-251204252,P8AC074B,エディ・ヴェダー,18.0,2.75,488.7
EP-251204255,PAF4C0D4,志位和夫,18.0,3.4,557.7
EP-251204257,P46ADEDA,ウィンストン・チャーチル,18.0,2.75,533.7
EP-251204259,P7B5E607,スガシカオ,18.0,2.45,482.9
EP-251204260,P060433F,ウェイン・ショーター,18.0,2.95,497.2
EP-251204261,P9C596E5,小渕恵三,18.0,2.27,524.6
EP-251204262,P1220A80,ウェス・アンダーソン,18.0,3.25,526.4
EP-251204263,P9CBA8FD,ハリー・ベラフォンテ,18.0,2.95,493.3
EP-251204264,P7444D96,笠原将弘,18.0,1.57,506.5
EP-251204266,P11AD686,今敏,18.0,2.45,507.0
EP-251204267,PC96C2ED,りゅうちぇる,18.0,2.45,546.6
EP-251204270,PBAE1780,鈴木裕,18.0,2.75,542.2
EP-251204275,P50B04C8,ジョン・マッケンタイア,57.0,2.95,491.2
EP-251204279,P5D64A1B,鎌田大地,57.0,2.75,514.0
EP-251204292,P5E2A03D,佐藤優,57.0,3.1,569.8
EP-251204321,P50B04C8,ジョン・マッケンタイア,54.0,3.25,376.4
EP-251204325,P5D64A1B,鎌田大地,54.0,2.75,496.4
EP-251204330,P412FE98,裕仁（昭和天皇）,54.0,2.71,487.5
EP-251204347,PC4A4D22,水溜りボンド カンタ,54.0,3.19,489.3
EP-251204363,PBD68EA5,長井龍雪,62.0,2.12,530.4
EP-251204370,P5D64A1B,鎌田大地,62.0,2.89,552.6
EP-251204377,P0EB49B5,佐倉綾音,62.0,1.79,394.4
EP-251204383,P385ECB0,ジョルジュ・サンピエール,62.0,2.95,512.3
EP-251204385,P35C2530,ジョニー・グリーンウッド,62.0,3.25,492.0
EP-251204391,PC4A4D22,水溜りボンド カンタ,62.0,3.19,519.4
EP-251204409,P26E8196,伊藤元重,51.0,2.27,478.8
EP-251204412,PABF043E,小林慶一郎,51.0,1.0,384.8
EP-251204416,PB85FB41,伊達政宗,51.0,1.33,373.2
EP-251204433,P67901C8,西岡良仁,51.0,3.45,525.8
EP-251204436,PC4A4D22,水溜りボンド カンタ,51.0,3.0,506.2
EP-251204452,PBD68EA5,長井龍雪,56.0,2.23,499.1
EP-251204459,P5D64A1B,鎌田大地,56.0,2.95,508.6
EP-251204460,PB85FB41,伊達政宗,56.0,1.33,399.4
EP-251204498,P5D64A1B,鎌田大地,70.0,3.19,513.2
EP-251204499,PB85FB41,伊達政宗,70.0,3.29,530.1
EP-251204521,P7E1C007,小野伸二,70.0,3.19,499.2
EP-251204532,P50B04C8,ジョン・マッケンタイア,46.0,3.19,502.0
EP-251204533,PABF043E,小林慶一郎,46.0,1.0,395.7
EP-251204534,PC67B928,伊達みきお,46.0,1.79,523.4
EP-251204536,P5D64A1B,鎌田大地,46.0,2.75,498.2
EP-251204547,PF4EEA37,ひろゆき,46.0,3.45,508.7
EP-251204575,P0EB49B5,佐倉綾音,37.0,2.12,381.4
EP-251204595,P99203FA,バラク・オバマ,21.0,2.95,479.1
EP-251204597,P8210F16,ヤン・ルカン,21.0,2.12,511.7
EP-251204611,PBD68EA5,長井龍雪,34.0,3.4,553.2
EP-251204625,P0EB49B5,佐倉綾音,34.0,2.45,480.2
EP-251204640,PB85FB41,伊達政宗,23.0,2.16,488.1
EP-251204641,P99203FA,バラク・オバマ,23.0,2.95,517.1
EP-251204646,P492998C,ジョン・シナ,23.0,2.95,509.8
EP-251204654,P5D64A1B,鎌田大地,36.0,2.45,479.4
EP-251204655,PB85FB41,伊達政宗,36.0,2.49,511.4
EP-251204662,P0EB49B5,佐倉綾音,36.0,2.12,385.9
EP-251204671,P5D64A1B,鎌田大地,39.0,2.75,483.8
EP-251204672,PB85FB41,伊達政宗,39.0,3.12,505.5
EP-251204678,PBD68EA5,長井龍雪,47.0,2.23,489.0
EP-251204683,PC67B928,伊達みきお,47.0,1.79,502.0
EP-251204691,PBD68EA5,長井龍雪,41.0,3.4,486.3
EP-251204692,P26E8196,伊藤元重,41.0,2.27,481.2
EP-251204706,P507643A,ONE OK ROCK,2.0,1.79,393.2
EP-251204710,P507643A,ONE OK ROCK,78.0,3.0,507.2
EP-251204712,PC96C2ED,りゅうちぇる,78.0,2.56,519.4
EP-251204713,P215298E,Fischer's シルクロード,78.0,3.19,578.4
EP-251204714,PAC69109,QuizKnock 伊沢拓司,8.0,1.0,499.9
EP-251204717,PAC69109,QuizKnock 伊沢拓司,3.0,1.57,501.6
EP-251204718,P507643A,ONE OK ROCK,3.0,1.13,394.7
EP-251204720,PAC69109,QuizKnock 伊沢拓司,4.0,1.0,492.1
EP-251204721,P507643A,ONE OK ROCK,4.0,1.79,521.2
EP-251204722,P215298E,Fischer's シルクロード,4.0,2.56,524.3
EP-251204725,P215298E,Fischer's シルクロード,1.0,1.57,487.3
EP-251204728,P507643A,ONE OK ROCK,77.0,3.19,537.7
EP-251204730,PC96C2ED,りゅうちぇる,77.0,1.9,478.9
EP-251204731,P215298E,Fischer's シルクロード,77.0,2.89,542.4
EP-251204732,PAC69109,QuizKnock 伊沢拓司,10.0,2.01,515.2
EP-251204733,P507643A,ONE OK ROCK,10.0,2.67,524.7
EP-251204737,PAC69109,QuizKnock 伊沢拓司,11.0,2.01,481.0
EP-251204738,P507643A,ONE OK ROCK,11.0,2.12,484.5
EP-251204739,P215298E,Fischer's シルクロード,11.0,2.45,586.7
EP-251204740,PAC69109,QuizKnock 伊沢拓司,5.0,1.57,509.5
EP-251204742,P215298E,Fischer's シルクロード,5.0,2.23,487.4
EP-251204745,P507643A,ONE OK ROCK,76.0,2.89,488.3
EP-251204747,PC96C2ED,りゅうちぇる,76.0,2.23,500.6
EP-251204748,P215298E,Fischer's シルクロード,76.0,2.56,550.8
EP-251204753,PC96C2ED,りゅうちぇる,74.0,3.33,530.5
EP-251204759,PC96C2ED,りゅうちぇる,73.0,2.67,496.6
EP-251204764,PC96C2ED,りゅうちぇる,71.0,2.89,482.4
EP-251204765,P507643A,ONE OK ROCK,7.0,2.12,483.1
EP-251204766,P215298E,Fischer's シルクロード,7.0,2.12,499.5
EP-251204767,PAC69109,QuizKnock 伊沢拓司,13.0,2.43,514.3
EP-251204768,P507643A,ONE OK ROCK,13.0,2.12,490.4
EP-251204769,P215298E,Fischer's シルクロード,13.0,2.45,494.9
EP-251204778,P215298E,Fischer's シルクロード,9.0,2.56,542.6
EP-251204780,P507643A,ONE OK ROCK,12.0,2.75,492.4
EP-251204781,P215298E,Fischer's シルクロード,12.0,1.79,494.0
EP-251204785,PAC69109,QuizKnock 伊沢拓司,80.0,2.76,548.1
EP-251204788,PC96C2ED,りゅうちぇる,80.0,3.33,528.6
EP-251204789,PAC69109,QuizKnock 伊沢拓司,16.0,3.12,587.6
EP-251204795,PC96C2ED,りゅうちぇる,72.0,3.33,527.3
EP-251204797,P507643A,ONE OK ROCK,14.0,2.89,553.5
EP-251204799,PAC69109,QuizKnock 伊沢拓司,67.0,3.23,505.6
EP-251204804,PAC69109,QuizKnock 伊沢拓司,75.0,2.67,512.8
EP-251204809,PAC69109,QuizKnock 伊沢拓司,69.0,3.23,531.6
EP-251204813,PAC69109,QuizKnock 伊沢拓司,17.0,2.46,483.0
EP-251204816,PAC69109,QuizKnock 伊沢拓司,64.0,1.9,551.8
EP-251204819,PC96C2ED,りゅうちぇる,64.0,2.67,479.6
EP-251204820,PAC69109,QuizKnock 伊沢拓司,15.0,1.0,499.2
EP-251204838,PAC69109,QuizKnock 伊沢拓司,49.0,3.0,504.0
EP-251204839,P507643A,ONE OK ROCK,49.0,2.12,525.0
EP-251204841,PC96C2ED,りゅうちぇる,49.0,2.34,492.9
EP-251204842,PAC69109,QuizKnock 伊沢拓司,19.0,3.34,526.0
EP-251204850,PAC69109,QuizKnock 伊沢拓司,63.0,3.12,488.9
EP-251204853,PC96C2ED,りゅうちぇる,63.0,2.89,538.1
EP-251204858,PC96C2ED,りゅうちぇる,61.0,2.89,507.0
EP-251204859,PAC69109,QuizKnock 伊沢拓司,18.0,3.23,567.2
EP-251204862,PAC69109,QuizKnock 伊沢拓司,57.0,3.0,498.1
EP-251204872,PAC69109,QuizKnock 伊沢拓司,62.0,2.67,491.4
EP-251204947,P56C98FC,李登輝,79.0,3.4,510.8
EP-251205011,P5185F6A,村上春樹,5.0,1.0,377.2
EP-251205013,P5185F6A,村上春樹,15.0,2.95,489.7
EP-251205018,P5185F6A,村上春樹,23.0,1.46,374.4
EP-251205037,P5185F6A,村上春樹,64.0,1.46,380.5
EP-251205052,PEC7C3C6,カズオ・イシグロ,2.0,1.79,382.3
EP-251205058,PEC7C3C6,カズオ・イシグロ,9.0,3.34,500.9
EP-251205066,PEC7C3C6,カズオ・イシグロ,17.0,3.19,538.0
EP-251205069,PEC7C3C6,カズオ・イシグロ,21.0,1.46,502.1
EP-251205095,PACA7AFE,ガブリエル・ガルシア・マルケス,5.0,2.75,487.3
EP-251205099,PACA7AFE,ガブリエル・ガルシア・マルケス,9.0,2.75,500.1
EP-251205106,PACA7AFE,ガブリエル・ガルシア・マルケス,16.0,3.19,570.5
EP-251205107,PACA7AFE,ガブリエル・ガルシア・マルケス,17.0,3.33,599.6
EP-251205108,PACA7AFE,ガブリエル・ガルシア・マルケス,18.0,2.75,506.1
EP-251205134,P9BC758E,レフ・トルストイ,4.0,2.67,479.8
EP-251205136,P9BC758E,レフ・トルストイ,6.0,2.89,494.9
EP-251205137,P9BC758E,レフ・トルストイ,7.0,3.33,509.8
EP-251205138,P9BC758E,レフ・トルストイ,8.0,2.89,486.6
EP-251205139,P9BC758E,レフ・トルストイ,9.0,3.33,504.2
EP-251205141,P9BC758E,レフ・トルストイ,11.0,1.46,486.8
EP-251205144,P9BC758E,レフ・トルストイ,14.0,1.79,484.2
EP-251205146,P9BC758E,レフ・トルストイ,16.0,1.46,487.6
EP-251205148,P9BC758E,レフ・トルストイ,18.0,1.79,529.7
EP-251205150,P9BC758E,レフ・トルストイ,20.0,2.45,497.2
EP-251205170,P03311E9,ヨハン・ヴォルフガング・フォン・ゲーテ,0.0,3.45,495.2
EP-251205176,P03311E9,ヨハン・ヴォルフガング・フォン・ゲーテ,6.0,1.46,484.1
EP-251205182,P03311E9,ヨハン・ヴォルフガング・フォン・ゲーテ,12.0,2.75,499.1
EP-251205185,P03311E9,ヨハン・ヴォルフガング・フォン・ゲーテ,15.0,3.25,490.8
EP-251205187,P03311E9,ヨハン・ヴォルフガング・フォン・ゲーテ,17.0,2.45,479.1
EP-251205188,P03311E9,ヨハン・ヴォルフガング・フォン・ゲーテ,18.0,2.45,489.6
EP-251205190,P03311E9,ヨハン・ヴォルフガング・フォン・ゲーテ,20.0,2.75,559.6
EP-251205191,P03311E9,ヨハン・ヴォルフガング・フォン・ゲーテ,21.0,2.75,532.9
EP-251205192,P03311E9,ヨハン・ヴォルフガング・フォン・ゲーテ,22.0,2.75,510.0
EP-251205201,P03311E9,ヨハン・ヴォルフガング・フォン・ゲーテ,31.0,3.12,495.4
EP-251205202,P03311E9,ヨハン・ヴォルフガング・フォン・ゲーテ,32.0,3.29,487.0
EP-251205203,P03311E9,ヨハン・ヴォルフガング・フォン・ゲーテ,33.0,2.12,545.8
EP-251205209,P03311E9,ヨハン・ヴォルフガング・フォン・ゲーテ,39.0,2.75,379.1
EP-251205216,PF3F6841,ジュリアス・シーザー,45.0,2.89,576.0
EP-251205224,PC0D194A,クレオパトラ7世,18.0,2.12,482.9
EP-251205226,PC0D194A,クレオパトラ7世,35.0,3.39,547.0
EP-251205227,PC0D194A,クレオパトラ7世,45.0,2.95,480.6
EP-251205228,PE92DC0A,アウグストゥス,20.0,2.95,511.8
EP-251205232,PE92DC0A,アウグストゥス,60.0,2.45,503.5
EP-251205235,PF0BB9C6,マリー・アントワネット,35.0,3.45,516.1
EP-251205236,PF0BB9C6,マリー・アントワネット,45.0,3.45,484.2
EP-251205251,PE5C25AF,織田信長,50.0,1.33,381.1
EP-251205253,PEC80ECA,豊臣秀吉,30.0,1.33,497.7
EP-251205257,P8152D4C,徳川家康,20.0,1.77,541.7
EP-251205258,P8152D4C,徳川家康,30.0,2.16,512.9
EP-251205259,P8152D4C,徳川家康,40.0,1.33,482.8
EP-251205260,P8152D4C,徳川家康,50.0,2.16,373.7
EP-251205262,P23C26A4,坂本龍馬,15.0,1.0,501.4
EP-251205265,P23C26A4,坂本龍馬,28.0,2.88,513.5
EP-251205268,P5330649,武田信玄,30.0,1.77,559.3
EP-251205271,PDED0B2C,上杉謙信,20.0,1.77,496.1
EP-251205272,PDED0B2C,上杉謙信,30.0,1.77,382.5
EP-251205274,PDED0B2C,上杉謙信,50.0,2.6,488.3
EP-251205276,P13D1ACB,聖徳太子,30.0,2.16,491.3
EP-251205283,P904B25F,チンギス・ハン,20.0,2.75,520.4
EP-251205284,P904B25F,チンギス・ハン,30.0,3.45,546.6
EP-251205291,P5B17F17,始皇帝,50.0,2.88,500.0
EP-251205295,P384B818,諸葛亮,50.0,1.0,377.4
EP-251205298,PE37A86D,曹操,30.0,2.16,530.7
EP-251205299,PE37A86D,曹操,40.0,3.34,528.5
EP-251205301,PE37A86D,曹操,60.0,2.79,503.5
EP-251205310,PC8D5EBA,エイブラハム・リンカーン,50.0,3.12,520.9
EP-251205313,PD15CB0E,ベンジャミン・フランクリン,40.0,3.23,528.9
EP-251205320,P6602989,クリストファー・コロンブス,55.0,3.45,509.9
EP-251205331,P53FF33B,ジェームズ・クック,30.0,3.12,389.8
EP-251205385,P95892D4,毛利衛,60.0,2.71,517.4
EP-251205416,PC302AD8,伊能忠敬,50.0,1.0,520.2
EP-251205417,PC302AD8,伊能忠敬,55.0,1.33,494.5
EP-251205419,PC302AD8,伊能忠敬,65.0,2.9,564.8
EP-251205420,PC302AD8,伊能忠敬,71.0,1.33,507.3
EP-251205421,P7DCD0B5,近藤重蔵,30.0,1.33,508.2
EP-251205423,P7DCD0B5,近藤重蔵,40.0,1.33,522.4
EP-251205424,P7DCD0B5,近藤重蔵,45.0,1.77,539.5
