episode_id,person_id,person_name,text_name,mismatch_type
EP-000145,P52AE294,菅井友香,櫻坂46,name_content_mismatch
EP-000718,PC4106D4,駒場孝,ミルクボーイ,name_content_mismatch
EP-000915,P3760666,堂本光一,KinKi Kids,name_content_mismatch
EP-000926,PE66B8A0,アールエム,BTS,name_content_mismatch
EP-000927,P0D055BE,ジス,BLACKPINK,name_content_mismatch
EP-000931,PF6F6AEC,吉田美和,DREAMS COME TRUE,name_content_mismatch
EP-000937,PB902EE9,ナヨン,TWICE,name_content_mismatch
EP-000948,PB30B3FE,山本彩,NMB48,name_content_mismatch
EP-001338,PFA1A82D,大悟,千鳥,name_content_mismatch
EP-001880,PC40E5B3,YOASOBI（幾田りら）,幾田りら,name_content_mismatch
EP-002026,P809C717,濱田龍臣,濱田龍臉,name_content_mismatch
EP-EAE223,PF57751,オスカー・ワイルド,申し訳ございません,name_content_mismatch
EP-977319,P394D920,ベートーベン,ベートーヴェン,name_content_mismatch
EP-977375,P1CA7ABC,松本人志,ダウンタウン,name_content_mismatch
EP-977447,P3760666,堂本光一,KinKi Kids,name_content_mismatch
EP-977448,P10DE637,岡田准一,V6,name_content_mismatch
EP-977471,PF6F6AEC,吉田美和,DREAMS COME TRUE,name_content_mismatch
EP-251205562,PC4A4D22,水溜りボンド カンタ,水溜りボンドのカンタ,name_content_mismatch
EP-251130001,P63119D0,倍賞千恵子,フィボナッチ,name_content_mismatch
EP-251130002,P5A077D2,東郷平八郎,石田真敏,name_content_mismatch
EP-251130003,P04DA829,小泉今日子,古河虎之助,name_content_mismatch
EP-251130004,P1073C09,平清盛,菱田春草,name_content_mismatch
EP-251130005,PA5B78DE,源義経,毛利輝元,name_content_mismatch
EP-251130006,P81AD59C,宮沢賢治,高野長英,name_content_mismatch
EP-251130006,PC239DD8,石川啄木,高野長英,name_content_mismatch
EP-251130006,P30278AE,よしもとばなな,高野長英,name_content_mismatch
EP-251130006,PC2D8EC3,江戸川乱歩,高野長英,name_content_mismatch
EP-251130006,PDE9442F,ウィリアム・シェイクスピア,高野長英,name_content_mismatch
EP-251130006,P1AA60EA,チャールズ・ディケンズ,高野長英,name_content_mismatch
EP-251130006,P2595B54,アーネスト・ヘミングウェイ,高野長英,name_content_mismatch
EP-251130006,P50CB213,フョードル・ドストエフスキー,高野長英,name_content_mismatch
EP-251130006,P4BD0257,レフ・トルストイ,高野長英,name_content_mismatch
EP-251130006,P8E6D623,ジョージ・オーウェル,高野長英,name_content_mismatch
EP-251130006,P76108A7,J・K・ローリング,高野長英,name_content_mismatch
EP-251130006,PE2FAD8,スティーヴン・キング,高野長英,name_content_mismatch
EP-251130006,P9A63709,マーガレット・アトウッド,高野長英,name_content_mismatch
EP-251130006,P7E2047A,サリンジャー,高野長英,name_content_mismatch
EP-251130010,P4075660,岸惠子,大成建設創業者大倉喜七郎,name_content_mismatch
EP-251130012,P16A1F1E,中島みゆき,岡田啓介,name_content_mismatch
EP-251130021,P32BB33,ジョン・レノン,ビートルズのポール・マッカートニー,name_content_mismatch
EP-251130023,P5172E80,チャーリー・チャップリン,ザック・エフロン,name_content_mismatch
EP-251130033,P1278EF8,秋元康,平安時代の藤原頼通,name_content_mismatch
EP-251130034,P5577B57,中臣鎌足,諸葛亮,name_content_mismatch
EP-251130036,P32BB33,ジョン・レノン,世耕弘成,name_content_mismatch
EP-251130036,PC2923E6,フランク・シナトラ,世耕弘成,name_content_mismatch
EP-251130038,PDE9442F,ウィリアム・シェイクスピア,堀越耕平,name_content_mismatch
EP-251130054,P69630F4,森田芳光,橘玲,name_content_mismatch
EP-251130006,PADA1372,アルバート・アインシュタイン,高野長英,name_content_mismatch
EP-251130006,P4646874,牧野富太郎,高野長英,name_content_mismatch
EP-251130006,PE3C1C6F,寺田寅彦,高野長英,name_content_mismatch
EP-251130006,P07A2369,西田幾多郎,高野長英,name_content_mismatch
EP-251130006,P84A70DE,湯浅年子,高野長英,name_content_mismatch
EP-251130006,P9A88DFD,中谷宇吉郎,高野長英,name_content_mismatch
EP-251130006,PB3FDE26,イサック・ニュートン,高野長英,name_content_mismatch
EP-251130006,PE17624B,岡潔,高野長英,name_content_mismatch
EP-251130006,P282F99D,ワトソン・クリック,高野長英,name_content_mismatch
EP-251130006,PA559CEA,木村資生,高野長英,name_content_mismatch
EP-251130006,P0BD07F7,ライナス・ポーリング,高野長英,name_content_mismatch
EP-251130006,P813ED66,朝比奈貞一,高野長英,name_content_mismatch
EP-251130006,PBC3C340,ジョン・フォン・ノイマン,高野長英,name_content_mismatch
EP-251130006,PC082694,黒田玲子,高野長英,name_content_mismatch
EP-251130006,P5979571,佐藤幹夫,高野長英,name_content_mismatch
EP-251130006,P920164A,ジェームズ・ワトソン,高野長英,name_content_mismatch
EP-251130006,P819FD9B,竹内均,高野長英,name_content_mismatch
EP-251130006,PF231F39,バーバラ・マクリントック,高野長英,name_content_mismatch
EP-251130006,PE97748B,今西錦司,高野長英,name_content_mismatch
EP-251130006,P961217D,ロザリンド・フランクリン,高野長英,name_content_mismatch
EP-251130006,P3441571,猪瀬博,高野長英,name_content_mismatch
EP-251130006,P8702A25,小谷正雄,高野長英,name_content_mismatch
EP-251130006,P4DFC317,渡部昇一,高野長英,name_content_mismatch
EP-251130018,PF12D1D2,J.K.リベット,J.K.ローリング,name_content_mismatch
EP-251130029,PA1898D6,スタンリー・キューブリック,Stanley Kubrick,name_content_mismatch
EP-251130062,PEB231FA,忌野清志郎,トム・ウェイツ,name_content_mismatch
EP-251130084,PF0BB9C6,マリー・アントワネット,小野妹子,name_content_mismatch
EP-251130095,P3026EC2,諌山創,井上円了,name_content_mismatch
EP-251130096,P62A1D54,天野喜孝,ダ・ヴィンチ,name_content_mismatch
EP-251130097,PE222762,ベルナルド・サンダース,ベルナード・サンダース,name_content_mismatch
EP-251130102,P5D6106E,サザンオールスターズ桑田佳祐以外メンバー,サザンオールスターズの関口和之,name_content_mismatch
EP-251130131,P940F8D1,谷口吉郎,ガートルード・スタイン,name_content_mismatch
EP-251130131,PAEB5342,津川雅寿,津川雅彦,name_content_mismatch
EP-251130132,P45C2F04,ジム・ベゾス,ジェフ・ベゾス,name_content_mismatch
EP-251130134,P59B6114,鳥井道夫,鳥井信治郎（道夫,name_content_mismatch
EP-251130136,PCC2C1FF,藤城清治,藤城清一,name_content_mismatch
EP-251130138,PAA30275,荻野目洋子,荻野野目洋子,name_content_mismatch
EP-251130144,PD385FA8,ボブ・マーリー,ボルヘス,name_content_mismatch
EP-251130144,PF4A52AA,白鳳,白鵬,name_content_mismatch
EP-251130148,P1481792,ペドロ・アルモドバル,Pedro Almodóvar,name_content_mismatch
EP-251130149,P0C1B121,水野良樹,いきもの,name_content_mismatch
EP-251130157,PF40A274,イザベラ・バード,志賀重昂,name_content_mismatch
EP-251130157,P9E53202,西岡京治,志賀重昂,name_content_mismatch
EP-251130157,PBE935C1,ジョン・ウェズリー・パウエル,志賀重昂,name_content_mismatch
EP-251130157,P231B0C9,デヴィッド・アッテンボロー卿,志賀重昂,name_content_mismatch
EP-251130157,PC1BAB1C,アルフレッド・ウォーレス,志賀重昂,name_content_mismatch
EP-251130157,P766140C,蝦夷地探検家松田伝十郎,志賀重昂,name_content_mismatch
EP-251130157,P18A1019,ロバート・オハラ・バーク,志賀重昂,name_content_mismatch
EP-251130157,PAC660AE,横山祐太郎,志賀重昂,name_content_mismatch
EP-251130157,P82B797B,リチャード・バートン,志賀重昂,name_content_mismatch
EP-251130157,P2BD2ECF,菅江真澄,志賀重昂,name_content_mismatch
EP-251130157,P6C45C42,ジョン・スピーク,志賀重昂,name_content_mismatch
EP-251130157,PF76162A,アルバート・シュバイツァー,志賀重昂,name_content_mismatch
EP-251130157,P2FADEBA,ヘンリー・モートン・スタンリー,志賀重昂,name_content_mismatch
EP-251130157,P922415C,古川古松軒,志賀重昂,name_content_mismatch
EP-251130157,P854D43F,ランドルフ・ファインズ,志賀重昂,name_content_mismatch
EP-251130157,P51C32CA,青木大輔,志賀重昂,name_content_mismatch
EP-251130157,PBF8FD73,アニー・スミス・ペック,志賀重昂,name_content_mismatch
EP-251130157,P42426FC,菊地大麓,志賀重昂,name_content_mismatch
EP-251130157,P711AE6E,ジョセフ・ロック,志賀重昂,name_content_mismatch
EP-251130157,P717620F,大谷光瑞師,志賀重昂,name_content_mismatch
EP-251130157,P46D9A3E,ウィルフレッド・テシガー,志賀重昂,name_content_mismatch
EP-251130157,P34639DB,長沼雄,志賀重昂,name_content_mismatch
EP-251130157,PAF8C3A0,エドワード・ウィンパー,志賀重昂,name_content_mismatch
EP-251130006,P25D7434,華佗,高野長英,name_content_mismatch
EP-251130006,PCF8786B,橋本左内,高野長英,name_content_mismatch
EP-251130006,P2C64484,佐久間象山,高野長英,name_content_mismatch
EP-251130006,PD0EFEFE,アルキメデス,高野長英,name_content_mismatch
EP-251130006,P15A4170,アレクサンドロス大王の軍医,高野長英,name_content_mismatch
EP-251130006,PCBAFBBC,ピタゴラス,高野長英,name_content_mismatch
EP-251130006,P744B0CA,エラトステネス,高野長英,name_content_mismatch
EP-251130006,PAD74694,プトレマイオス,高野長英,name_content_mismatch
EP-251130006,P2AB5806,イブン・シーナー,高野長英,name_content_mismatch
EP-251130006,P2FFE469,ユークリッド,高野長英,name_content_mismatch
EP-251130006,P060331F,ジョン・ハンター,高野長英,name_content_mismatch
EP-251130006,P97073B5,アンドレアス・ヴェサリウス,高野長英,name_content_mismatch
EP-251130006,PE82FA9F,ロバート・フック,高野長英,name_content_mismatch
EP-251130006,P2344AB9,ウィリアム・モートン,高野長英,name_content_mismatch
EP-251130010,PDACE09B,ファーストリテイリング創業者柳井等,ファーストリテイリング創業者柳井正,name_content_mismatch
EP-251130019,P87DA276,都はるみ,都,name_content_mismatch
EP-251130028,P4327AFA,チム・バーナーズ=リー,ティム・バーナーズ=リー,name_content_mismatch
EP-251130029,P3FBF46E,黒川温,黒川紀章,name_content_mismatch
EP-251130029,P0FF51E0,アレクサンダー・ボロディン,アレクサンドル・ボロディン,name_content_mismatch
EP-251130032,P28DDBA6,オスカー・アイザック,Oscar Isaac,name_content_mismatch
EP-251130033,P6B8FC27,徳川尊康,徳川慶喜,name_content_mismatch
EP-251130036,P9F14BD8,ホリエモン,世耕弘成,name_content_mismatch
EP-251130036,P39CF97B,エリザベス・ウォーレン,世耕弘成,name_content_mismatch
EP-251130036,PCEEAB7A,アレクサンドリア・オカシオ=コルテス,世耕弘成,name_content_mismatch
EP-251130036,P123ABD7,カマラ・ハリス,世耕弘成,name_content_mismatch
EP-251130036,P4989CD7,ミット・ロムニー,世耕弘成,name_content_mismatch
EP-251130036,PC020D39,テッド・クルーズ,世耕弘成,name_content_mismatch
EP-251130036,P398A565,マイク・ペンス,世耕弘成,name_content_mismatch
EP-251130036,P3714111,ロン・デサンティス,世耕弘成,name_content_mismatch
EP-251130036,P8C0E4D0,ミシェル・オバマ,世耕弘成,name_content_mismatch
EP-251130036,P10D93D9,田中裕介,世耕弘成,name_content_mismatch
EP-251130036,P0318962,加藤勝信,世耕弘成,name_content_mismatch
EP-251130036,P79CADE8,西田昌司,世耕弘成,name_content_mismatch
EP-251130036,PDB1EAC7,茂木敏充,世耕弘成,name_content_mismatch
EP-251130036,P8A39FDE,松野博一,世耕弘成,name_content_mismatch
EP-251130036,PBB8AF54,萩生田光一,世耕弘成,name_content_mismatch
EP-251130036,P79B8A0F,高市早苗,世耕弘成,name_content_mismatch
EP-251130036,P95FCF4D,稲田朋美,世耕弘成,name_content_mismatch
EP-251130036,PA7D056F,塩崎恭久,世耕弘成,name_content_mismatch
EP-251130036,P9E1F124,岸田文雄夫人,世耕弘成,name_content_mismatch
EP-251130036,P0B2BE0F,野田毅,世耕弘成,name_content_mismatch
EP-251130036,PAAFFD00,田村憲久,世耕弘成,name_content_mismatch
EP-251130036,P32BA0F0,アレクサンドル・ルカシェンコ,世耕弘成,name_content_mismatch
EP-251130036,P03F1EBE,教皇フランシスコ,世耕弘成,name_content_mismatch
EP-251130036,P4E268D9,キング・チャールズ3世,世耕弘成,name_content_mismatch
EP-251130036,P3D2178E,ヤシル・アラファト,世耕弘成,name_content_mismatch
EP-251130036,P8103ECF,コリン・パウエル,世耕弘成,name_content_mismatch
EP-251130036,P86660B1,ハンス・ディートリヒ・ゲンシャー,世耕弘成,name_content_mismatch
EP-251130036,PD791BC2,レフ・ワレサ,世耕弘成,name_content_mismatch
EP-251130036,P98B62C4,ヴァーツラフ・ハヴェル,世耕弘成,name_content_mismatch
EP-251130038,P48AB516,René Goscinny,René Gosciny,name_content_mismatch
EP-251130042,P9735E18,間宮海峡発見者・間宮林蔵の弟子,間宮林蔵の弟子・佐藤重蔵,name_content_mismatch
EP-251130043,P3286C8B,千原兄弟・千原浩史,ローラ・イングラハム,name_content_mismatch
EP-251130048,P41C72A0,長澤正美,長澤まさみ,name_content_mismatch
EP-251130048,P5FA88AD,クリス・マーティン,コールドプレイ,name_content_mismatch
EP-251130049,PDBBF8BA,小渕健太郎,コブクロ,name_content_mismatch
EP-251130055,P156FA15,朝倉義景,松永久秀,name_content_mismatch
EP-251130056,PF3C11C9,マルガレーテ・テッチャー,マーガレット・サッチャー,name_content_mismatch
EP-251130057,P87EC325,ケイティ・レデッキー,カイル・リッチー,name_content_mismatch
EP-251130073,P342017F,鬼滅の刃・吾峠呼世晴,ティツィアーノ,name_content_mismatch
EP-251130073,PD1AE5E9,寺田克也,ティツィアーノ,name_content_mismatch
EP-251130073,PA8878B4,一澤信三郎,ティツィアーノ,name_content_mismatch
EP-251130073,P828BBDB,左卜全,ティツィアーノ,name_content_mismatch
EP-251130073,P5355BCA,萩尾望都,ティツィアーノ,name_content_mismatch
EP-251130073,PD013771,三國連太郎,ティツィアーノ,name_content_mismatch
EP-251130073,PD873DC0,ローリング・ストーンズ・ミック・ジャガー,ティツィアーノ,name_content_mismatch
EP-251130073,P20C429C,コロー,ティツィアーノ,name_content_mismatch
EP-251130073,P92DF315,イサム・ノグチ,ティツィアーノ,name_content_mismatch
EP-251130073,P7CE9F6B,桂文楽,ティツィアーノ,name_content_mismatch
EP-251130073,P77CEF9E,野村万蔵,ティツィアーノ,name_content_mismatch
EP-251130073,PF49C97F,エルンスト,ティツィアーノ,name_content_mismatch
EP-251130073,P293B373,坂東巳之助,ティツィアーノ,name_content_mismatch
EP-251130073,P56B6904,エゴン・シーレ,ティツィアーノ,name_content_mismatch
EP-251130073,P504D96B,デューラー,ティツィアーノ,name_content_mismatch
EP-251130073,P0BEC9E1,尾上梅幸,ティツィアーノ,name_content_mismatch
EP-251130073,P5D81A35,ジェフ・ウォール,ティツィアーノ,name_content_mismatch
EP-251130073,PB1A6DE4,古今亭菊之丞,ティツィアーノ,name_content_mismatch
EP-251130073,PA85E61E,コンスタブル,ティツィアーノ,name_content_mismatch
EP-251130073,PCAA00F3,中村富十郎,ティツィアーノ,name_content_mismatch
EP-251130073,PD798DA5,エドヴァルド・ムンク,ティツィアーノ,name_content_mismatch
EP-251130073,PEA60888,柳家小さん,ティツィアーノ,name_content_mismatch
EP-251130073,P69DDB48,カラヴァッジオ,ティツィアーノ,name_content_mismatch
EP-251130073,PAEC2CCE,市川新十郎,ティツィアーノ,name_content_mismatch
EP-251130073,P1B3A0FF,ウォーホル,ティツィアーノ,name_content_mismatch
EP-251130073,P906F5C3,春風亭柳橋,ティツィアーノ,name_content_mismatch
EP-251130073,P89BCDF3,ロートレック,ティツィアーノ,name_content_mismatch
EP-251130073,PE2D7006,片岡我當,ティツィアーノ,name_content_mismatch
EP-251130073,PEC747C3,リキテンシュタイン,ティツィアーノ,name_content_mismatch
EP-251130082,P96E7130,留美子高橋,高橋留美子,name_content_mismatch
EP-251130083,P233E74F,アーマ・ハマー,アーミー・ハマー,name_content_mismatch
EP-251130086,P6FA490C,天海祐希,宝塚歌劇団,name_content_mismatch
EP-251130086,P8B8E316,市村正親,劇団四季,name_content_mismatch
EP-251130093,P138899D,沢口靖子,青島幸男,name_content_mismatch
EP-251130098,P7B3CEB9,ガルネク・ヌルマゴメドフ,ハビブ・ヌルマゴメドフ,name_content_mismatch
EP-251201101,PFF4AAE2,江戸川コナン,東出昌大,name_content_mismatch
EP-251201102,PDE1EBEB,キング牧師,曹操,name_content_mismatch
EP-251201103,P9832FE5,アンドリュー・ガーフィールド,田中美里,name_content_mismatch
EP-251201112,P2BA7302,安田講堂,藤原松三郎,name_content_mismatch
EP-251201115,PD23EA75,丸山桂里奈,アダム・ギルクライスト,name_content_mismatch
EP-251201116,PA92C73F,サイモン・ガーファンクル,アート・ガーファンクル,name_content_mismatch
EP-251201118,PDDB5E6B,ダニエル・クレイグ,設楽統,name_content_mismatch
EP-251201118,P5FA88AD,クリス・マーティン,Coldplay,name_content_mismatch
EP-251201121,P2B605EC,シベリウス・タスマン,ジャック・バルマ,name_content_mismatch
EP-251201123,P6042275,ヴェントン・スミス,ヴァーノン・スミス,name_content_mismatch
EP-251201126,P120B06B,ヨーロッパ・コンサート・ホール,二代目中村吉右衛門,name_content_mismatch
EP-251201131,P7E10CF9,ニューマン・ポール,ポール・ニューマン,name_content_mismatch
EP-251201131,PC635D17,オーr・ボビー,ボビー・オア,name_content_mismatch
EP-251201132,P5747A91,石橋貴明,とんねるず,name_content_mismatch
EP-251201132,P5FB1BF3,内村光良,ウッチャンナンチャン,name_content_mismatch
EP-251201135,P58459B6,ヤオ・ミン,福田富昭,name_content_mismatch
EP-251201135,PC6662A1,ビョン・ボルグ,ビョルン・ボルグ,name_content_mismatch
EP-251201137,PFF14DF3,アーティスト,プリンス,name_content_mismatch
EP-251201146,PB0B5265,高野文子,林芙美子,name_content_mismatch
EP-251201151,P6859388,宮沢喜一,佐藤信淵,name_content_mismatch
EP-251201157,P3C04726,上杉鷹山,徳川家定,name_content_mismatch
EP-251201170,PF8BE485,フランクリン・ベンジャミン,村田晃嗣,name_content_mismatch
EP-251201172,P3F4D575,ジョゼフ・ゴードン=レヴィット,チャドウィック・ボーズマン,name_content_mismatch
EP-251201174,P3F629E3,マリオン・ブランド,マーロン・ブランド,name_content_mismatch
EP-251205685,P33B365B,きんさんぎんさん（成田きん）,成田きん,name_content_mismatch
EP-251205686,PF61FA8A,きんさんぎんさん（蟹江ぎん）,蟹江ぎん,name_content_mismatch
EP-251205780,PFA1A82D,大悟,千鳥,name_content_mismatch
EP-251205791,P8PR4FFQ,シュガー・レイ・レナード,私,name_content_mismatch
EP-251205792,PC8E41D4,カトリーヌ・ドヌーヴ,私,name_content_mismatch
EP-251205793,PA28BBF7,ソフィア・ローレン,私,name_content_mismatch
EP-251205796,PAOUR84F,ジャン=ポール・ベルモンド,私,name_content_mismatch
EP-251205801,PAA4ADEA,シモーヌ・ド・ボーヴォワール,私,name_content_mismatch
EP-251201254,P9BAD338,ゆうこりん（小倉優子）,小倉優子さん,name_content_mismatch
EP-251201266,PF61FA8A,きんさんぎんさん（蟹江ぎん）,蟹江ぎん,name_content_mismatch
EP-251201269,P33B365B,きんさんぎんさん（成田きん）,成田きん,name_content_mismatch
EP-251201348,P9BAD338,ゆうこりん（小倉優子）,小倉優子さん,name_content_mismatch
EP-251201360,PF61FA8A,きんさんぎんさん（蟹江ぎん）,蟹江ぎん,name_content_mismatch
EP-251201363,P33B365B,きんさんぎんさん（成田きん）,成田きん,name_content_mismatch
EP-251201404,P412FE98,裕仁（昭和天皇）,昭和天皇,name_content_mismatch
EP-251201421,PC4A4D22,水溜りボンド カンタ,水溜りボンドのカンタ,name_content_mismatch
EP-251201442,P9BAD338,ゆうこりん（小倉優子）,小倉優子,name_content_mismatch
EP-251201454,PF61FA8A,きんさんぎんさん（蟹江ぎん）,蟹江ぎんさん,name_content_mismatch
EP-251201457,P33B365B,きんさんぎんさん（成田きん）,成田きんさん,name_content_mismatch
EP-251201536,P9BAD338,ゆうこりん（小倉優子）,小倉優子さん,name_content_mismatch
EP-251201545,PB4A94E1,くりぃむしちゅー,上田晋也,name_content_mismatch
EP-251201548,PF61FA8A,きんさんぎんさん（蟹江ぎん）,蟹江ぎん,name_content_mismatch
EP-251201551,P33B365B,きんさんぎんさん（成田きん）,成田きん,name_content_mismatch
EP-251201629,P9BAD338,ゆうこりん（小倉優子）,小倉優子さん,name_content_mismatch
EP-251201641,PF61FA8A,きんさんぎんさん（蟹江ぎん）,蟹江ぎん,name_content_mismatch
EP-251201644,P33B365B,きんさんぎんさん（成田きん）,成田きん,name_content_mismatch
EP-251201722,P9BAD338,ゆうこりん（小倉優子）,小倉優子さん,name_content_mismatch
EP-251201734,PF61FA8A,きんさんぎんさん（蟹江ぎん）,蟹江ぎん,name_content_mismatch
EP-251201737,P33B365B,きんさんぎんさん（成田きん）,成田きん,name_content_mismatch
EP-251201826,PF61FA8A,きんさんぎんさん（蟹江ぎん）,蟹江ぎん,name_content_mismatch
EP-251201829,P33B365B,きんさんぎんさん（成田きん）,成田きん,name_content_mismatch
EP-251201870,P412FE98,裕仁（昭和天皇）,昭和天皇,name_content_mismatch
EP-251201887,PC4A4D22,水溜りボンド カンタ,水溜りボンドのカンタ,name_content_mismatch
EP-251201908,P9BAD338,ゆうこりん（小倉優子）,小倉優子,name_content_mismatch
EP-251201920,PF61FA8A,きんさんぎんさん（蟹江ぎん）,蟹江ぎんさん,name_content_mismatch
EP-251201923,P33B365B,きんさんぎんさん（成田きん）,成田きんさん,name_content_mismatch
EP-251202000,P9BAD338,ゆうこりん（小倉優子）,小倉優子さん,name_content_mismatch
EP-251202012,PF61FA8A,きんさんぎんさん（蟹江ぎん）,蟹江ぎん,name_content_mismatch
EP-251202015,P33B365B,きんさんぎんさん（成田きん）,成田きん,name_content_mismatch
EP-251202101,PB4A94E1,くりぃむしちゅー,上田晋也,name_content_mismatch
EP-251202104,PF61FA8A,きんさんぎんさん（蟹江ぎん）,蟹江ぎん,name_content_mismatch
EP-251202107,P33B365B,きんさんぎんさん（成田きん）,成田きん,name_content_mismatch
EP-251202183,P9BAD338,ゆうこりん（小倉優子）,小倉優子さん,name_content_mismatch
EP-251202195,PF61FA8A,きんさんぎんさん（蟹江ぎん）,蟹江ぎん,name_content_mismatch
EP-251202198,P33B365B,きんさんぎんさん（成田きん）,成田きん,name_content_mismatch
EP-251202236,P412FE98,裕仁（昭和天皇）,昭和天皇,name_content_mismatch
EP-251202253,PC4A4D22,水溜りボンド カンタ,水溜りボンドのカンタ,name_content_mismatch
EP-251202274,P9BAD338,ゆうこりん（小倉優子）,小倉優子,name_content_mismatch
EP-251202286,PF61FA8A,きんさんぎんさん（蟹江ぎん）,蟹江ぎんさん,name_content_mismatch
EP-251202289,P33B365B,きんさんぎんさん（成田きん）,成田きんさん,name_content_mismatch
EP-251202374,PB4A94E1,くりぃむしちゅー,有田哲平,name_content_mismatch
EP-251202377,PF61FA8A,きんさんぎんさん（蟹江ぎん）,蟹江ぎん,name_content_mismatch
EP-251202380,P33B365B,きんさんぎんさん（成田きん）,成田きん,name_content_mismatch
EP-251202454,P9BAD338,ゆうこりん（小倉優子）,小倉優子さん,name_content_mismatch
EP-251202463,PB4A94E1,くりぃむしちゅー,上田晋也と有田哲平,name_content_mismatch
EP-251202466,PF61FA8A,きんさんぎんさん（蟹江ぎん）,蟹江ぎん,name_content_mismatch
EP-251202469,P33B365B,きんさんぎんさん（成田きん）,成田きん,name_content_mismatch
EP-251202554,PB4A94E1,くりぃむしちゅー,上田晋也さん,name_content_mismatch
EP-251202557,PF61FA8A,きんさんぎんさん（蟹江ぎん）,蟹江ぎん,name_content_mismatch
EP-251202560,P33B365B,きんさんぎんさん（成田きん）,成田きん,name_content_mismatch
EP-251202635,P9BAD338,ゆうこりん（小倉優子）,小倉優子さん,name_content_mismatch
EP-251202644,PB4A94E1,くりぃむしちゅー,上田晋也と有田哲平,name_content_mismatch
EP-251202647,PF61FA8A,きんさんぎんさん（蟹江ぎん）,蟹江ぎん,name_content_mismatch
EP-251202650,P33B365B,きんさんぎんさん（成田きん）,成田きん,name_content_mismatch
EP-251202723,P9BAD338,ゆうこりん（小倉優子）,小倉優子さん,name_content_mismatch
EP-251202735,PF61FA8A,きんさんぎんさん（蟹江ぎん）,蟹江ぎん,name_content_mismatch
EP-251202738,P33B365B,きんさんぎんさん（成田きん）,成田きん,name_content_mismatch
EP-251202772,P412FE98,裕仁（昭和天皇）,昭和天皇,name_content_mismatch
EP-251202789,PC4A4D22,水溜りボンド カンタ,水溜りボンドのカンタ,name_content_mismatch
EP-251202810,P9BAD338,ゆうこりん（小倉優子）,小倉優子,name_content_mismatch
EP-251202822,PF61FA8A,きんさんぎんさん（蟹江ぎん）,蟹江ぎんさん,name_content_mismatch
EP-251202825,P33B365B,きんさんぎんさん（成田きん）,成田きんさん,name_content_mismatch
EP-251202859,P412FE98,裕仁（昭和天皇）,昭和天皇,name_content_mismatch
EP-251202876,PC4A4D22,水溜りボンド カンタ,水溜りボンドのカンタ,name_content_mismatch
EP-251202897,P9BAD338,ゆうこりん（小倉優子）,小倉優子,name_content_mismatch
EP-251202909,PF61FA8A,きんさんぎんさん（蟹江ぎん）,蟹江ぎんさん,name_content_mismatch
EP-251202912,P33B365B,きんさんぎんさん（成田きん）,成田きんさん,name_content_mismatch
EP-251202946,P412FE98,裕仁（昭和天皇）,昭和天皇,name_content_mismatch
EP-251202963,PC4A4D22,水溜りボンド カンタ,水溜りボンドのカンタ,name_content_mismatch
EP-251202969,P507643A,タカ,ONE OK ROCK,name_content_mismatch
EP-251202984,P9BAD338,ゆうこりん（小倉優子）,小倉優子,name_content_mismatch
EP-251202996,PF61FA8A,きんさんぎんさん（蟹江ぎん）,蟹江ぎんさん,name_content_mismatch
EP-251202999,P33B365B,きんさんぎんさん（成田きん）,成田きんさん,name_content_mismatch
EP-251203030,P412FE98,裕仁（昭和天皇）,昭和天皇,name_content_mismatch
EP-251203047,PC4A4D22,水溜りボンド カンタ,水溜りボンドのカンタ,name_content_mismatch
EP-251203053,P507643A,タカ,ONE OK ROCK,name_content_mismatch
EP-251203068,P9BAD338,ゆうこりん（小倉優子）,小倉優子,name_content_mismatch
EP-251203080,PF61FA8A,きんさんぎんさん（蟹江ぎん）,蟹江ぎんさん,name_content_mismatch
EP-251203083,P33B365B,きんさんぎんさん（成田きん）,成田きんさん,name_content_mismatch
EP-251203128,PC4A4D22,水溜りボンド カンタ,水溜りボンドのカンタ,name_content_mismatch
EP-251203149,P9BAD338,ゆうこりん（小倉優子）,小倉優子,name_content_mismatch
EP-251203161,PF61FA8A,きんさんぎんさん（蟹江ぎん）,蟹江ぎんさん,name_content_mismatch
EP-251203164,P33B365B,きんさんぎんさん（成田きん）,成田きんさん,name_content_mismatch
EP-251203228,P9BAD338,ゆうこりん（小倉優子）,小倉優子さん,name_content_mismatch
EP-251203237,PB4A94E1,くりぃむしちゅー,上田晋也と有田哲平,name_content_mismatch
EP-251203240,PF61FA8A,きんさんぎんさん（蟹江ぎん）,蟹江ぎん,name_content_mismatch
EP-251203243,P33B365B,きんさんぎんさん（成田きん）,成田きん,name_content_mismatch
EP-251203266,P412FE98,裕仁（昭和天皇）,昭和天皇,name_content_mismatch
EP-251203283,PC4A4D22,水溜りボンド カンタ,水溜りボンドのカンタ,name_content_mismatch
EP-251203304,P9BAD338,ゆうこりん（小倉優子）,小倉優子,name_content_mismatch
EP-251203316,PF61FA8A,きんさんぎんさん（蟹江ぎん）,蟹江ぎんさん,name_content_mismatch
EP-251203319,P33B365B,きんさんぎんさん（成田きん）,成田きんさん,name_content_mismatch
EP-251203380,P9BAD338,ゆうこりん（小倉優子）,小倉優子さん,name_content_mismatch
EP-251203389,PB4A94E1,くりぃむしちゅー,上田晋也と有田哲平,name_content_mismatch
EP-251203392,PF61FA8A,きんさんぎんさん（蟹江ぎん）,蟹江ぎん,name_content_mismatch
EP-251203395,P33B365B,きんさんぎんさん（成田きん）,成田きん,name_content_mismatch
EP-251203415,P412FE98,裕仁（昭和天皇）,昭和天皇,name_content_mismatch
EP-251203432,PC4A4D22,水溜りボンド カンタ,水溜りボンドのカンタ,name_content_mismatch
EP-251203453,P9BAD338,ゆうこりん（小倉優子）,小倉優子,name_content_mismatch
EP-251203465,PF61FA8A,きんさんぎんさん（蟹江ぎん）,蟹江ぎんさん,name_content_mismatch
EP-251203468,P33B365B,きんさんぎんさん（成田きん）,成田きんさん,name_content_mismatch
EP-251203502,PC4A4D22,水溜りボンド カンタ,水溜りボンドのカンタ,name_content_mismatch
EP-251203523,P9BAD338,ゆうこりん（小倉優子）,小倉優子,name_content_mismatch
EP-251203535,PF61FA8A,きんさんぎんさん（蟹江ぎん）,蟹江ぎんさん,name_content_mismatch
EP-251203538,P33B365B,きんさんぎんさん（成田きん）,成田きんさん,name_content_mismatch
EP-251203552,P412FE98,裕仁（昭和天皇）,昭和天皇,name_content_mismatch
EP-251203569,PC4A4D22,水溜りボンド カンタ,水溜りボンドのカンタ,name_content_mismatch
EP-251203575,P507643A,タカ,ONE OK ROCK,name_content_mismatch
EP-251203590,P9BAD338,ゆうこりん（小倉優子）,小倉優子,name_content_mismatch
EP-251203602,PF61FA8A,きんさんぎんさん（蟹江ぎん）,蟹江ぎんさん,name_content_mismatch
EP-251203655,P9BAD338,ゆうこりん（小倉優子）,小倉優子さん,name_content_mismatch
EP-251203664,PB4A94E1,くりぃむしちゅー,上田晋也と有田哲平,name_content_mismatch
EP-251203667,PF61FA8A,きんさんぎんさん（蟹江ぎん）,蟹江ぎん,name_content_mismatch
EP-251203682,P412FE98,裕仁（昭和天皇）,昭和天皇,name_content_mismatch
EP-251203699,PC4A4D22,水溜りボンド カンタ,水溜りボンドのカンタ,name_content_mismatch
EP-251203720,P9BAD338,ゆうこりん（小倉優子）,小倉優子,name_content_mismatch
EP-251203782,P9BAD338,ゆうこりん（小倉優子）,小倉優子,name_content_mismatch
EP-251203804,P412FE98,裕仁（昭和天皇）,昭和天皇,name_content_mismatch
EP-251203821,PC4A4D22,水溜りボンド カンタ,水溜りボンドのカンタ,name_content_mismatch
EP-251203827,P507643A,タカ,ONE OK ROCK,name_content_mismatch
EP-251203842,P9BAD338,ゆうこりん（小倉優子）,小倉優子,name_content_mismatch
EP-251203864,P412FE98,裕仁（昭和天皇）,昭和天皇,name_content_mismatch
EP-251203880,PC4A4D22,水溜りボンド カンタ,水溜りボンドのカンタ,name_content_mismatch
EP-251203901,P9BAD338,ゆうこりん（小倉優子）,小倉優子,name_content_mismatch
EP-251203941,PC4A4D22,水溜りボンド カンタ,水溜りボンドのカンタ,name_content_mismatch
EP-251203960,P9BAD338,ゆうこりん（小倉優子）,小倉優子,name_content_mismatch
EP-251203996,PC4A4D22,水溜りボンド カンタ,水溜りボンドのカンタ,name_content_mismatch
EP-251204001,P507643A,タカ,ONE OK ROCK,name_content_mismatch
EP-251204015,P9BAD338,ゆうこりん（小倉優子）,小倉優子,name_content_mismatch
EP-251204071,P9BAD338,ゆうこりん（小倉優子）,小倉優子さん,name_content_mismatch
EP-251204086,P412FE98,裕仁（昭和天皇）,昭和天皇,name_content_mismatch
EP-251204103,PC4A4D22,水溜りボンド カンタ,水溜りボンドのカンタ,name_content_mismatch
EP-251204151,PC4A4D22,水溜りボンド カンタ,水溜りボンドのカンタ,name_content_mismatch
EP-251204159,P507643A,タカ,ONE OK ROCK,name_content_mismatch
EP-251204186,P412FE98,裕仁（昭和天皇）,昭和天皇,name_content_mismatch
EP-251204203,PC4A4D22,水溜りボンド カンタ,水溜りボンドのカンタ,name_content_mismatch
EP-251204216,P507643A,タカ,ONE OK ROCK,name_content_mismatch
EP-251204284,P412FE98,裕仁（昭和天皇）,昭和天皇,name_content_mismatch
EP-251204301,PC4A4D22,水溜りボンド カンタ,水溜りボンドのカンタ,name_content_mismatch
EP-251204307,P507643A,タカ,ONE OK ROCK,name_content_mismatch
EP-251204347,PC4A4D22,水溜りボンド カンタ,水溜りボンドのカンタ,name_content_mismatch
EP-251204353,P507643A,タカ,ONE OK ROCK,name_content_mismatch
EP-251204374,P412FE98,裕仁（昭和天皇）,昭和天皇,name_content_mismatch
EP-251204391,PC4A4D22,水溜りボンド カンタ,水溜りボンドのカンタ,name_content_mismatch
EP-251204397,P507643A,タカ,ONE OK ROCK,name_content_mismatch
EP-251204436,PC4A4D22,水溜りボンド カンタ,水溜りボンドのカンタ,name_content_mismatch
EP-251204442,P507643A,タカ,ONE OK ROCK,name_content_mismatch
EP-251204481,PC4A4D22,水溜りボンド カンタ,水溜りボンドのカンタ,name_content_mismatch
EP-251204487,P507643A,タカ,ONE OK ROCK,name_content_mismatch
EP-251204503,P412FE98,裕仁（昭和天皇）,昭和天皇,name_content_mismatch
EP-251204520,PC4A4D22,水溜りボンド カンタ,水溜りボンドのカンタ,name_content_mismatch
EP-251204558,PC4A4D22,水溜りボンド カンタ,水溜りボンドのカンタ,name_content_mismatch
EP-251204572,P412FE98,裕仁（昭和天皇）,昭和天皇,name_content_mismatch
EP-251204713,P215298E,Fischer's シルクロード,Fischer'sのリーダーとして活動してきたシルクロード,name_content_mismatch
EP-251204731,P215298E,Fischer's シルクロード,Fischer'sのリーダーとして活動してきたシルクロード,name_content_mismatch
EP-251204748,P215298E,Fischer's シルクロード,Fischer'sのシルクロード,name_content_mismatch
EP-251204754,P215298E,Fischer's シルクロード,Fischer'sのシルクロード,name_content_mismatch
EP-251204775,P215298E,Fischer's シルクロード,Fischer'sのシルクロード,name_content_mismatch
EP-251204991,PB28A781,ジャック・クストー,ジャック=イヴ・クストー,name_content_mismatch
EP-251205401,PDD25135,ライト兄弟（ウィルバー）,ウィルバー・ライト,name_content_mismatch
EP-251205402,PDD25135,ライト兄弟（ウィルバー）,ウィルバー・ライト,name_content_mismatch
EP-251205403,PDD25135,ライト兄弟（ウィルバー）,ウィルバー・ライト,name_content_mismatch
EP-251205404,PDD25135,ライト兄弟（ウィルバー）,ウィルバー・ライト,name_content_mismatch
EP-251205406,P4283CB7,ライト兄弟（オーヴィル）,オーヴィル・ライト,name_content_mismatch
EP-251205407,P4283CB7,ライト兄弟（オーヴィル）,オーヴィル・ライト,name_content_mismatch
EP-251205408,P4283CB7,ライト兄弟（オーヴィル）,オーヴィル・ライト,name_content_mismatch
EP-251205409,P4283CB7,ライト兄弟（オーヴィル）,オーヴィル・ライト,name_content_mismatch
EP-251130001,P63119D0,倍賞千恵子,,duplicate_episode_id
EP-251130001,P69C9F16,岸恵子,,duplicate_episode_id
EP-251130001,P2CE3592,松坂慶子,,duplicate_episode_id
EP-251130001,P6E63A05,佐藤浩市,,duplicate_episode_id
EP-251130001,P71462E3,宮沢りえ,,duplicate_episode_id
EP-251130001,PCB6433A,深津絵里,,duplicate_episode_id
EP-251130001,P8F8A125,マーロン・ブランド,,duplicate_episode_id
EP-251130001,PFCC8E6B,ロバート・デ・ニーロ,,duplicate_episode_id
EP-251130001,P8786CCA,メリル・ストリープ,,duplicate_episode_id
EP-251130001,P1C99095,アル・パチーノ,,duplicate_episode_id
EP-251130001,P27C44EF,ジョディ・フォスター,,duplicate_episode_id
EP-251130001,P039153B,アンソニー・ホプキンス,,duplicate_episode_id
EP-251130001,PCED5781,ジュリア・ロバーツ,,duplicate_episode_id
EP-251130001,PA009BC4,トム・ハンクス,,duplicate_episode_id
EP-251130001,P4285A84,ニコール・キッドマン,,duplicate_episode_id
EP-251130001,PAEAF993,ケイト・ウィンスレット,,duplicate_episode_id
EP-251130001,PE7F445C,ジョニー・デップ,,duplicate_episode_id
EP-251130001,PC97E0BE,福山潤,,duplicate_episode_id
EP-251130001,P9BCBA4B,尾上菊之助,,duplicate_episode_id
EP-251130001,P685A067,玉木宏,,duplicate_episode_id
EP-251130001,PE6F8963,蒼井優,,duplicate_episode_id
EP-251130001,P6F7FD76,満島ひかり,,duplicate_episode_id
EP-251130001,P96872D3,二階堂ふみ,,duplicate_episode_id
EP-251130001,PA85AF93,リアーナ,,duplicate_episode_id
EP-251130001,PE06A608,ジャスティン・ビーバー,,duplicate_episode_id
EP-251130001,P4A5B04B,アリアナ・グランデ,,duplicate_episode_id
EP-251130001,PCA82608,ザ・ウィークエンド,,duplicate_episode_id
EP-251130001,P2C2924B,デュア・リパ,,duplicate_episode_id
EP-251130001,P64D4076,ビリー・アイリッシュ,,duplicate_episode_id
EP-251130001,P0637B8D,ゼンデイヤ,,duplicate_episode_id
EP-251130001,PA6A7558,今田美桜,,duplicate_episode_id
EP-251130001,PF1CB34D,中川大志,,duplicate_episode_id
EP-251130001,P3F99F4F,坂口健太郎,,duplicate_episode_id
EP-251130001,P154AAAC,池松壮亮,,duplicate_episode_id
EP-251130001,P60CF46C,清原果耶,,duplicate_episode_id
EP-251130001,PF5977B6,杉咲花,,duplicate_episode_id
EP-251130001,PECDDB59,賀来賢人,,duplicate_episode_id
EP-251130001,P51F0525,吉岡里帆,,duplicate_episode_id
EP-251130001,P7A4ADC6,トム・クルーズ,,duplicate_episode_id
EP-251130001,PE4111C1,マーゴット・ロビー,,duplicate_episode_id
EP-251130001,P268AEB8,Timothée Chalamet,,duplicate_episode_id
EP-251130001,P0637B8D,ゼンデイヤ,,duplicate_episode_id
EP-251130001,PEAF2E52,クリス・エヴァンス,,duplicate_episode_id
EP-251130001,P4A5B04B,アリアナ・グランデ,,duplicate_episode_id
EP-251130001,PCE6CB84,ホーキング博士,,duplicate_episode_id
EP-251130001,PC1D4BB0,キューリー夫人,,duplicate_episode_id
EP-251130001,PC112983,渋川春海,,duplicate_episode_id
EP-251130001,P59C64A8,ホーキング,,duplicate_episode_id
EP-251130001,P97A6F25,マクスウェル,,duplicate_episode_id
EP-251130001,PC01ED74,フェルマー,,duplicate_episode_id
EP-251130001,P6029CA5,リーマン,,duplicate_episode_id
EP-251130001,PCA756C4,ラマヌジャン,,duplicate_episode_id
EP-251130001,P95AEE69,フィボナッチ,,duplicate_episode_id
EP-251130001,P5E6B12F,ディラック,,duplicate_episode_id
EP-251130001,P6285F7E,キュリー夫妻,,duplicate_episode_id
EP-251130001,PED9B72B,長沢工,,duplicate_episode_id
EP-251130001,P9AE400C,竹村公太郎,,duplicate_episode_id
EP-251130001,PA62788B,さかなクン,,duplicate_episode_id
EP-251130001,P3396F0B,鶴見俊輔,,duplicate_episode_id
EP-251130001,P3BFFE59,竹内好,,duplicate_episode_id
EP-251130001,PD51C86F,吉本隆明,,duplicate_episode_id
EP-251130001,P5D1F4AB,網野善彦,,duplicate_episode_id
EP-251130001,P09F13FF,石母田正,,duplicate_episode_id
EP-251130001,P7728C56,家永三郎,,duplicate_episode_id
EP-251130001,P42E6DCC,色川大吉,,duplicate_episode_id
EP-251130001,P5221853,野猿,,duplicate_episode_id
EP-251130001,PF6459FE,石野真子,,duplicate_episode_id
EP-251130001,P88AB7EA,原田知世,,duplicate_episode_id
EP-251130001,PD7C63B5,石川優子,,duplicate_episode_id
EP-251130001,P0C33E7A,岡村孝子,,duplicate_episode_id
EP-251130001,P4A92709,荒井由実,,duplicate_episode_id
EP-251130001,PD59D154,庄野真代,,duplicate_episode_id
EP-251130001,P7484B2C,作詞家阿久悠,,duplicate_episode_id
EP-251130001,P6618B38,レイ・チャールズ,,duplicate_episode_id
EP-251130001,P340315A,スティーヴィー・レイ・ヴォーン,,duplicate_episode_id
EP-251130001,P5DA1664,ジョニ・ミッチェル,,duplicate_episode_id
EP-251130001,P9B0160A,キャロル・キング,,duplicate_episode_id
EP-251130001,PF857BAB,バーバラ・ストライサンド,,duplicate_episode_id
EP-251130001,P6236D8C,ダイアナ・ロス,,duplicate_episode_id
EP-251130001,PDCF3696,グラディス・ナイト,,duplicate_episode_id
EP-251130001,PAD2D8F9,ティナ・ターナー,,duplicate_episode_id
EP-251130001,P24114F5,パティ・ラベル,,duplicate_episode_id
EP-251130001,P6762065,チャカ・カーン,,duplicate_episode_id
EP-251130001,P7369CA5,ホイットニー・ヒューストン,,duplicate_episode_id
EP-251130001,P0EEA87C,川邊健太郎,,duplicate_episode_id
EP-251130001,PA21CC2A,古川洋平,,duplicate_episode_id
EP-251130001,P485A56C,高橋洋,,duplicate_episode_id
EP-251130001,PC361035,黒川清,,duplicate_episode_id
EP-251130001,P0A36CF7,ティム・バーナーズ＝リー,,duplicate_episode_id
EP-251130001,PC73E09B,ラリー・エリソン,,duplicate_episode_id
EP-251130001,P183DBEF,アンディ・グローブ,,duplicate_episode_id
EP-251130001,P6406793,ヴィント・サーフ,,duplicate_episode_id
EP-251130001,P9068215,レイ・トムリンソン,,duplicate_episode_id
EP-251130001,P649A25A,ダグラス・エンゲルバート,,duplicate_episode_id
EP-251130001,PBC3C340,ジョン・フォン・ノイマン,,duplicate_episode_id
EP-251130001,P635A73B,アラン・ケイ,,duplicate_episode_id
EP-251130001,P01EFDA1,ミッチ・ケイパー,,duplicate_episode_id
EP-251130001,P1AA5997,フィリップ・カーン,,duplicate_episode_id
EP-251130001,P5F98C1E,ノーラン・ブッシュネル,,duplicate_episode_id
EP-251130001,P4A3045B,ゴードン・ベル,,duplicate_episode_id
EP-251130001,P24F9F03,ロバート・メトカーフ,,duplicate_episode_id
EP-251130001,P680842A,ホイットフィールド・ディフィー,,duplicate_episode_id
EP-251130001,P5770BDB,アイバン・サザランド,,duplicate_episode_id
EP-251130001,PF555B2F,イバン・レンドル,,duplicate_episode_id
EP-251130001,P84FEBD4,ステファン・エドベリ,,duplicate_episode_id
EP-251130001,P1E38788,マッツ・ヴィランデル,,duplicate_episode_id
EP-251130001,P0FA45D4,パット・ラフター,,duplicate_episode_id
EP-251130001,P35B1CEB,ジム・クーリエ,,duplicate_episode_id
EP-251130001,P558DAE5,前田智徳,,duplicate_episode_id
EP-251130001,PC140220,江藤智,,duplicate_episode_id
EP-251130001,PD001957,宮本和知,,duplicate_episode_id
EP-251130001,P2A288EF,山本昌,,duplicate_episode_id
EP-251130001,PFA7FC94,川上憲伸,,duplicate_episode_id
EP-251130001,PDB957BF,三浦大輔,,duplicate_episode_id
EP-251130001,PAA75719,中村紀洋,,duplicate_episode_id
EP-251130001,P7690920,松中信彦,,duplicate_episode_id
EP-251130001,PE6D23C7,小笠原道大,,duplicate_episode_id
EP-251130001,P6648340,田中賢介,,duplicate_episode_id
EP-251130001,P614B0AC,稲葉篤紀,,duplicate_episode_id
EP-251130001,P1D466E9,二岡智宏,,duplicate_episode_id
EP-251130001,PB5C65FF,仁志敏久,,duplicate_episode_id
EP-251130001,P5720A9F,高橋由伸,,duplicate_episode_id
EP-251130001,P4ABD01C,工藤公康,,duplicate_episode_id
EP-251130001,P37CF2A4,斉藤雅樹,,duplicate_episode_id
EP-251130001,P2A75CE6,桑原謙太朗,,duplicate_episode_id
EP-251130001,P39D00EF,谷佳知,,duplicate_episode_id
EP-251130001,P954A0E1,中島裕之,,duplicate_episode_id
EP-251130001,P512D9AF,片岡易之,,duplicate_episode_id
EP-251130001,PA060425,和田一浩,,duplicate_episode_id
EP-251130001,P8F9702E,森野将彦,,duplicate_episode_id
EP-251130001,P7AAB2C9,野際陽子,,duplicate_episode_id
EP-251130001,PF127006,江波杏子,,duplicate_episode_id
EP-251130001,PF553FDA,柳葉敏郎,,duplicate_episode_id
EP-251130001,PC9A5F9C,水野晴郎,,duplicate_episode_id
EP-251130001,PA2CAA7A,小日向文世,,duplicate_episode_id
EP-251130001,P3F8E300,中川雅也,,duplicate_episode_id
EP-251130001,P0DB0143,松田美由紀,,duplicate_episode_id
EP-251130001,P6B01F5B,井浦新,,duplicate_episode_id
EP-251130001,P12B0E6B,安藤政信,,duplicate_episode_id
EP-251130001,P33B2D6D,田畑智子,,duplicate_episode_id
EP-251130001,P74C2CC6,市川亀治郎,,duplicate_episode_id
EP-251130001,P44C56AF,安田成美,,duplicate_episode_id
EP-251130001,PBF21743,豊川悦司,,duplicate_episode_id
EP-251130001,P51FFB84,ロザムンド・パイク,,duplicate_episode_id
EP-251130001,P617DDAE,グレタ・ガーウィグ,,duplicate_episode_id
EP-251130001,PFA2CB13,ジョーダン・ピール,,duplicate_episode_id
EP-251130001,PFC8C8E9,ライアン・ジョンソン,,duplicate_episode_id
EP-251130001,P0A4DA19,バリー・ジェンキンス,,duplicate_episode_id
EP-251130001,P86F949B,Chloé Zhao,,duplicate_episode_id
EP-251130001,P162D10C,ドゥニ・ヴィルヌーヴ,,duplicate_episode_id
EP-251130002,P5A077D2,東郷平八郎,,duplicate_episode_id
EP-251130002,P8B27270,乃木希典,,duplicate_episode_id
EP-251130002,P79FEDAB,吉田松陰,,duplicate_episode_id
EP-251130002,PE9F520C,ナポレオン・ボナパルト,,duplicate_episode_id
EP-251130002,PF3F6841,ジュリアス・シーザー,,duplicate_episode_id
EP-251130002,P19A674B,アレクサンダー大王,,duplicate_episode_id
EP-251130002,PC0D194A,クレオパトラ7世,,duplicate_episode_id
EP-251130002,PC8D5EBA,エイブラハム・リンカーン,,duplicate_episode_id
EP-251130002,PA175324,ジョージ・ワシントン,,duplicate_episode_id
EP-251130002,P3D93F26,マルティン・ルター・キング,,duplicate_episode_id
EP-251130002,P904B25F,チンギス・ハン,,duplicate_episode_id
EP-251130002,PFE00A05,松山ケンイチ,,duplicate_episode_id
EP-251130002,P600A360,岡田将生,,duplicate_episode_id
EP-251130002,PA347C13,宮迫博之,,duplicate_episode_id
EP-251130002,P985709B,杏,,duplicate_episode_id
EP-251130002,PA02B39D,マイケル・セラ,,duplicate_episode_id
EP-251130002,PC0EFD98,エマ・ワトソン,,duplicate_episode_id
EP-251130002,PDA2EB95,アン・ハサウェイ,,duplicate_episode_id
EP-251130002,P0E3086E,瀬戸康史,,duplicate_episode_id
EP-251130002,P7E0B0B5,ブラッドリー・クーパー,,duplicate_episode_id
EP-251130002,P8C16D8D,ジェニファー・アニストン,,duplicate_episode_id
EP-251130002,PA603B89,リース・ウィザースプーン,,duplicate_episode_id
EP-251130002,P8541F04,マーク・ウォールバーグ,,duplicate_episode_id
EP-251130002,PF6D5CE1,竹内力,,duplicate_episode_id
EP-251130002,P3DD7AC5,松重豊,,duplicate_episode_id
EP-251130002,PA6E4B33,エイミー・アダムス,,duplicate_episode_id
EP-251130002,P7676B67,ジェシー・アイゼンバーグ,,duplicate_episode_id
EP-251130002,P3E3040F,柄本佑,,duplicate_episode_id
EP-251130002,PA78BD9C,水川あさみ,,duplicate_episode_id
EP-251130002,P4832F96,ジェイク・ギレンホール,,duplicate_episode_id
EP-251130002,P3E6976A,ホアキン・フェニックス,,duplicate_episode_id
EP-251130002,PD3909CB,森山未來,,duplicate_episode_id
EP-251130002,PE3BB0AF,クリスチャン・ベール,,duplicate_episode_id
EP-251130002,P28DDBA6,オスカー・アイザック,,duplicate_episode_id
EP-251130002,P7A817DB,諸星大二郎,,duplicate_episode_id
EP-251130002,PE58C8B2,志田未来,,duplicate_episode_id
EP-251130002,P593EA54,内田有紀,,duplicate_episode_id
EP-251130002,P9A675D3,佐々木蔵之介,,duplicate_episode_id
EP-251130002,P2B13C99,田中哲司,,duplicate_episode_id
EP-251130002,P5E43F60,楽しんご,,duplicate_episode_id
EP-251130002,P5A76D43,ヘレン・ミレン,,duplicate_episode_id
EP-251130002,PAEAF993,ケイト・ウィンスレット,,duplicate_episode_id
EP-251130002,PFA1A82D,大悟,,duplicate_episode_id
EP-251130002,P9DB483E,ノブ,,duplicate_episode_id
EP-251130002,PB4255F2,濱家,,duplicate_episode_id
EP-251130002,P1C5FB79,山内,,duplicate_episode_id
EP-251130002,PDC77BF6,ガンバレルーヤ・よしこ,,duplicate_episode_id
EP-251130002,P3D3982A,ガンバレルーヤ・まひる,,duplicate_episode_id
EP-251130002,P7820C90,永野,,duplicate_episode_id
EP-251130002,P426178C,小峠英二,,duplicate_episode_id
EP-251130002,P73D5E82,西村瑞樹,,duplicate_episode_id
EP-251130002,P4601553,ピコ太郎,,duplicate_episode_id
EP-251130002,P9C005AE,ロバート・秋山,,duplicate_episode_id
EP-251130002,PA32FCFC,次長課長・河本,,duplicate_episode_id
EP-251130002,P6B341C5,ダンディ坂野,,duplicate_episode_id
EP-251130002,PB9C443F,佐野ひなこ,,duplicate_episode_id
EP-251130002,P166C0A9,トレンディエンジェル・斎藤,,duplicate_episode_id
EP-251130002,P77695FD,トレンディエンジェル・たかし,,duplicate_episode_id
EP-251130002,PFB8A69F,クリス・ロック,,duplicate_episode_id
EP-251130002,P0608255,ティナ・フェイ,,duplicate_episode_id
EP-251130002,P7A98607,スティーブ・カレル,,duplicate_episode_id
EP-251130002,PFD7E09B,ジミー・ファロン,,duplicate_episode_id
EP-251130002,P156DACA,エレン・デジェネレス,,duplicate_episode_id
EP-251130002,PE1C0E5F,コナン・オブライエン,,duplicate_episode_id
EP-251130002,PA0BEF8D,日枝久,,duplicate_episode_id
EP-251130002,P3E304C4,堀潤,,duplicate_episode_id
EP-251130002,PC7153A3,田嶋陽子,,duplicate_episode_id
EP-251130002,PE679F94,金美齢,,duplicate_episode_id
EP-251130002,PEE1F772,岩上安身,,duplicate_episode_id
EP-251130002,P17D7025,原口一博,,duplicate_episode_id
EP-251130002,PB87AC3F,長妻昭,,duplicate_episode_id
EP-251130002,PD61340E,小沢一郎,,duplicate_episode_id
EP-251130002,P3BA9735,石原良純,,duplicate_episode_id
EP-251130002,P3C9E50C,ナンシー・ペロシ,,duplicate_episode_id
EP-251130002,PB11777C,ジャレド・クシュナー,,duplicate_episode_id
EP-251130002,P9FB4C49,サンダース上院議員,,duplicate_episode_id
EP-251130002,P19BE00C,タッカー・カールソン,,duplicate_episode_id
EP-251130002,P383D18A,鳩山威一郎,,duplicate_episode_id
EP-251130002,P43C18FC,二宮清純,,duplicate_episode_id
EP-251130002,P09B7820,柳沢伯夫,,duplicate_episode_id
EP-251130002,PB8804CB,石井一,,duplicate_episode_id
EP-251130002,PD1DD41D,平沼赳夫,,duplicate_episode_id
EP-251130002,PB246F36,伊吹文明,,duplicate_episode_id
EP-251130002,P852FCD7,町村信孝,,duplicate_episode_id
EP-251130002,P203F812,逢沢一郎,,duplicate_episode_id
EP-251130002,PCB29D6D,甘利明,,duplicate_episode_id
EP-251130002,P753E12D,石田真敏,,duplicate_episode_id
EP-251130002,PC58057D,河村建夫,,duplicate_episode_id
EP-251130002,PE724CF8,エロン・マスク,,duplicate_episode_id
EP-251130003,P04DA829,小泉今日子,,duplicate_episode_id
EP-251130003,P450D8E3,中谷美紀,,duplicate_episode_id
EP-251130003,PA199A34,松嶋菜々子,,duplicate_episode_id
EP-251130003,PD73C945,大沢たかお,,duplicate_episode_id
EP-251130003,PEEAE42D,レオナルド・ディカプリオ,,duplicate_episode_id
EP-251130003,P8786CCA,メリル・ストリープ,,duplicate_episode_id
EP-251130003,PCED5781,ジュリア・ロバーツ,,duplicate_episode_id
EP-251130003,PFCC8E6B,ロバート・デ・ニーロ,,duplicate_episode_id
EP-251130003,P98BEB37,アンジェリーナ・ジョリー,,duplicate_episode_id
EP-251130003,P23B617A,ブラッド・ピット,,duplicate_episode_id
EP-251130003,P023444C,スカーレット・ヨハンソン,,duplicate_episode_id
EP-251130003,PE7F445C,ジョニー・デップ,,duplicate_episode_id
EP-251130003,P4285A84,ニコール・キッドマン,,duplicate_episode_id
EP-251130003,P27252C6,ウィル・スミス,,duplicate_episode_id
EP-251130003,P2FC9276,ジェニファー・ローレンス,,duplicate_episode_id
EP-251130003,PBCB339A,源氏物語の紫式部,,duplicate_episode_id
EP-251130003,P0CE77D2,徳川光圀,,duplicate_episode_id
EP-251130003,P1BB452B,上杉景勝,,duplicate_episode_id
EP-251130003,P7734E80,真田昌幸,,duplicate_episode_id
EP-251130003,P3772CA8,細川忠興,,duplicate_episode_id
EP-251130003,PD0758DA,柴田勝家,,duplicate_episode_id
EP-251130003,PA3902F7,加藤清正,,duplicate_episode_id
EP-251130003,PA041809,小早川隆景,,duplicate_episode_id
EP-251130003,P804FECD,徳川秀忠,,duplicate_episode_id
EP-251130003,P32893DA,徳川家光,,duplicate_episode_id
EP-251130003,PDC3A18C,徳川吉宗,,duplicate_episode_id
EP-251130003,PA43965D,大石内蔵助,,duplicate_episode_id
EP-251130003,PA32E92F,近藤勇,,duplicate_episode_id
EP-251130003,P08CF536,沖田総司,,duplicate_episode_id
EP-251130003,PF38DAAC,カエサル・アウグストゥス,,duplicate_episode_id
EP-251130003,P106E042,ダンテ,,duplicate_episode_id
EP-251130003,P55F81DB,エディソン,,duplicate_episode_id
EP-251130003,P35B7EC3,ジェフ・ベソス,,duplicate_episode_id
EP-251130003,P644C8B7,李嘉誠,,duplicate_episode_id
EP-251130003,P5FD7EF4,アマンシオ・オルテガ,,duplicate_episode_id
EP-251130003,PB59FE92,ベルナール・アルノー,,duplicate_episode_id
EP-251130003,PB54F883,フランソワーズ・ベタンクール・マイヤーズ,,duplicate_episode_id
EP-251130003,PCD26459,馬化騰,,duplicate_episode_id
EP-251130003,P3821058,張一鳴,,duplicate_episode_id
EP-251130003,PE3F4579,豊田章三郎,,duplicate_episode_id
EP-251130003,PE0DEA30,永田雅一,,duplicate_episode_id
EP-251130003,PBE368C7,中内功,,duplicate_episode_id
EP-251130003,PF93B0D5,岩崎小弥太,,duplicate_episode_id
EP-251130003,P445B6E4,住友友純,,duplicate_episode_id
EP-251130003,P3FB36E4,古河虎之助,,duplicate_episode_id
EP-251130003,P9327525,安田保善,,duplicate_episode_id
EP-251130003,PB20B6C0,大倉孫兵衛,,duplicate_episode_id
EP-251130003,PC38E508,川崎正蔵,,duplicate_episode_id
EP-251130003,PE08E40C,スティーブ・ウォズニアック,,duplicate_episode_id
EP-251130003,PD331311,ラリー・ページ,,duplicate_episode_id
EP-251130003,PDD67354,ウーバー創業者ギャレット・キャンプ,,duplicate_episode_id
EP-251130003,PE46C012,カール・アイカーン,,duplicate_episode_id
EP-251130004,P1073C09,平清盛,,duplicate_episode_id
EP-251130004,P8BCA4FA,足利義満,,duplicate_episode_id
EP-251130004,P97D2BFA,アレクサンドロス大王,,duplicate_episode_id
EP-251130004,P208FF4E,ガンディー,,duplicate_episode_id
EP-251130004,PA045EB3,毛沢東,,duplicate_episode_id
EP-251130004,PCE7043D,竹中直人,,duplicate_episode_id
EP-251130004,P32E0BE7,松田龍平,,duplicate_episode_id
EP-251130004,P595D475,寺島しのぶ,,duplicate_episode_id
EP-251130004,P008794E,柄本明,,duplicate_episode_id
EP-251130004,P9F8EA6C,市原隼人,,duplicate_episode_id
EP-251130004,P69366C9,常盤貴子,,duplicate_episode_id
EP-251130004,PF677EBC,鈴木保奈美,,duplicate_episode_id
EP-251130004,PAC8CF5F,オダギリジョー,,duplicate_episode_id
EP-251130004,P0404C3E,瑛太,,duplicate_episode_id
EP-251130004,PAD76002,エイミー・ポーラー,,duplicate_episode_id
EP-251130004,PCEF1569,イドリス・エルバ,,duplicate_episode_id
EP-251130004,PBCA7B5D,ティルダ・スウィントン,,duplicate_episode_id
EP-251130004,PFB08CF8,ルピタ・ニョンゴ,,duplicate_episode_id
EP-251130004,P037C07F,マイケル・ファスベンダー,,duplicate_episode_id
EP-251130004,PAF990D6,ヴィオラ・デイヴィス,,duplicate_episode_id
EP-251130004,P70D8313,シアーシャ・ローナン,,duplicate_episode_id
EP-251130004,P79C3253,アダム・ドライバー,,duplicate_episode_id
EP-251130004,PFA450BD,フランシス・マクドーマンド,,duplicate_episode_id
EP-251130004,P4CCDD5B,石田純一,,duplicate_episode_id
EP-251130004,P8170CE3,ビリー・ワイルダー,,duplicate_episode_id
EP-251130004,PF892AFF,ジャック・ニコルソン,,duplicate_episode_id
EP-251130004,PCC67E67,北斎,,duplicate_episode_id
EP-251130004,PCD4254E,狩野芳崖,,duplicate_episode_id
EP-251130004,PA1813DE,円山応挙,,duplicate_episode_id
EP-251130004,PF04FCF1,尾形光琳,,duplicate_episode_id
EP-251130004,P3B61DC6,桂春団治,,duplicate_episode_id
EP-251130004,P52203C6,谷文晁,,duplicate_episode_id
EP-251130004,PB34B6FD,雪舟,,duplicate_episode_id
EP-251130004,P0DCD603,小林古径,,duplicate_episode_id
EP-251130004,P783B0EF,橋本雅邦,,duplicate_episode_id
EP-251130004,PD13C827,森川許六,,duplicate_episode_id
EP-251130004,P8D9C3DD,菱田春草,,duplicate_episode_id
EP-251130004,P9CCAD6B,下村観山,,duplicate_episode_id
EP-251130004,P1562D94,河竹黙阿弥,,duplicate_episode_id
EP-251130004,P93B9697,並河靖之,,duplicate_episode_id
EP-251130004,P763C86F,津田青楓,,duplicate_episode_id
EP-251130004,PF1B8F92,青木繁,,duplicate_episode_id
EP-251130004,P886F664,レオナルド・ダヴィンチ,,duplicate_episode_id
EP-251130004,PF53E0B9,ヴィンセント・ファン・ゴッホ,,duplicate_episode_id
EP-251130004,P1CDEAC3,ジョアン・ミロ,,duplicate_episode_id
EP-251130004,P0921407,エドガー・ドガ,,duplicate_episode_id
EP-251130004,P2DBB036,アンセル・アダムス,,duplicate_episode_id
EP-251130004,P9DCFAF5,マン・レイ,,duplicate_episode_id
EP-251130004,P131D082,エドワード・ウェストン,,duplicate_episode_id
EP-251130004,PA330517,アルフレッド・ステーグリッツ,,duplicate_episode_id
EP-251130004,P171F5F3,ル・コルビュジエ,,duplicate_episode_id
EP-251130004,PECADA74,アントニ・ガウディ,,duplicate_episode_id
EP-251130004,P41787DA,ルートヴィヒ・ミース・ファン・デル・ローエ,,duplicate_episode_id
EP-251130005,PA5B78DE,源義経,,duplicate_episode_id
EP-251130005,P6477989,北条時宗,,duplicate_episode_id
EP-251130005,P97AF510,昭和天皇,,duplicate_episode_id
EP-251130005,P1B30288,ユリウス・カエサル,,duplicate_episode_id
EP-251130005,P4714F40,マルコ・ポーロ,,duplicate_episode_id
EP-251130005,PBCB04BA,コロンブス,,duplicate_episode_id
EP-251130005,PC27B507,マルティン・ルター,,duplicate_episode_id
EP-251130005,P8FFA861,布袋寅泰,,duplicate_episode_id
EP-251130005,PEB3E6D5,谷江常雄,,duplicate_episode_id
EP-251130005,P5827B70,工藤静香,,duplicate_episode_id
EP-251130005,P5000E99,森高千里,,duplicate_episode_id
EP-251130005,PCD63208,福原美穂,,duplicate_episode_id
EP-251130005,PA21A202,秋川雅史,,duplicate_episode_id
EP-251130005,P2258996,竜真知子,,duplicate_episode_id
EP-251130005,P7A11AAC,岡村靖幸,,duplicate_episode_id
EP-251130005,P3EDD828,カニエ・ウェスト,,duplicate_episode_id
EP-251130005,PEFFBBBD,エミネム,,duplicate_episode_id
EP-251130005,P1A94F38,ジェイ・Z,,duplicate_episode_id
EP-251130005,PEC4591E,森山直太朗,,duplicate_episode_id
EP-251130005,P4E2DF51,鬼束ちひろ,,duplicate_episode_id
EP-251130005,P9C7576C,バンク・バンド,,duplicate_episode_id
EP-251130005,PCE130CD,奥井雅美,,duplicate_episode_id
EP-251130005,PA5A777E,スターリン,,duplicate_episode_id
EP-251130005,P7FFB8CA,孫文,,duplicate_episode_id
EP-251130005,P20DA2D9,鎌倉幕府執権北条泰時,,duplicate_episode_id
EP-251130005,PCEBF204,豊臣秀頼,,duplicate_episode_id
EP-251130005,P09EDBD1,平家物語の平重盛,,duplicate_episode_id
EP-251130005,P769B4CA,足利義昭,,duplicate_episode_id
EP-251130005,PC4BE787,武田勝頼,,duplicate_episode_id
EP-251130005,PD3744D4,今川氏真,,duplicate_episode_id
EP-251130005,P4590DC1,長宗我部元親,,duplicate_episode_id
EP-251130005,P356BE29,毛利輝元,,duplicate_episode_id
EP-251130005,P4854070,島津義弘,,duplicate_episode_id
EP-251130005,PF0E05D0,大友宗麟,,duplicate_episode_id
EP-251130005,P1A8F0E5,細川勝元,,duplicate_episode_id
EP-251130005,P51CC0BB,山名宗全,,duplicate_episode_id
EP-251130005,P98FB5B0,徳川綱吉,,duplicate_episode_id
EP-251130005,P2FC64B8,田沼意次,,duplicate_episode_id
EP-251130005,P2F15986,水野忠邦,,duplicate_episode_id
EP-251130005,PDA6E766,桂小五郎,,duplicate_episode_id
EP-251130005,PFA6C136,久坂玄瑞,,duplicate_episode_id
EP-251130005,PC306980,中岡慎太郎,,duplicate_episode_id
EP-251130005,P5F09115,後藤象二郎,,duplicate_episode_id
EP-251130005,PEC34CFF,黒田清隆,,duplicate_episode_id
EP-251130005,PB32DFA5,小村寿太郎,,duplicate_episode_id
EP-251130006,P81AD59C,宮沢賢治,,duplicate_episode_id
EP-251130006,PC239DD8,石川啄木,,duplicate_episode_id
EP-251130006,P30278AE,よしもとばなな,,duplicate_episode_id
EP-251130006,PC2D8EC3,江戸川乱歩,,duplicate_episode_id
EP-251130006,PDE9442F,ウィリアム・シェイクスピア,,duplicate_episode_id
EP-251130006,P1AA60EA,チャールズ・ディケンズ,,duplicate_episode_id
EP-251130006,P2595B54,アーネスト・ヘミングウェイ,,duplicate_episode_id
EP-251130006,P50CB213,フョードル・ドストエフスキー,,duplicate_episode_id
EP-251130006,P4BD0257,レフ・トルストイ,,duplicate_episode_id
EP-251130006,P8E6D623,ジョージ・オーウェル,,duplicate_episode_id
EP-251130006,P76108A7,J・K・ローリング,,duplicate_episode_id
EP-251130006,PE2FAD8,スティーヴン・キング,,duplicate_episode_id
EP-251130006,P9A63709,マーガレット・アトウッド,,duplicate_episode_id
EP-251130006,P7E2047A,サリンジャー,,duplicate_episode_id
EP-251130006,PADA1372,アルバート・アインシュタイン,,duplicate_episode_id
EP-251130006,P4646874,牧野富太郎,,duplicate_episode_id
EP-251130006,PE3C1C6F,寺田寅彦,,duplicate_episode_id
EP-251130006,P07A2369,西田幾多郎,,duplicate_episode_id
EP-251130006,P84A70DE,湯浅年子,,duplicate_episode_id
EP-251130006,P9A88DFD,中谷宇吉郎,,duplicate_episode_id
EP-251130006,PB3FDE26,イサック・ニュートン,,duplicate_episode_id
EP-251130006,PE17624B,岡潔,,duplicate_episode_id
EP-251130006,P282F99D,ワトソン・クリック,,duplicate_episode_id
EP-251130006,PA559CEA,木村資生,,duplicate_episode_id
EP-251130006,P0BD07F7,ライナス・ポーリング,,duplicate_episode_id
EP-251130006,P813ED66,朝比奈貞一,,duplicate_episode_id
EP-251130006,PBC3C340,ジョン・フォン・ノイマン,,duplicate_episode_id
EP-251130006,PC082694,黒田玲子,,duplicate_episode_id
EP-251130006,P5979571,佐藤幹夫,,duplicate_episode_id
EP-251130006,P920164A,ジェームズ・ワトソン,,duplicate_episode_id
EP-251130006,P819FD9B,竹内均,,duplicate_episode_id
EP-251130006,PF231F39,バーバラ・マクリントック,,duplicate_episode_id
EP-251130006,PE97748B,今西錦司,,duplicate_episode_id
EP-251130006,P961217D,ロザリンド・フランクリン,,duplicate_episode_id
EP-251130006,P3441571,猪瀬博,,duplicate_episode_id
EP-251130006,P8702A25,小谷正雄,,duplicate_episode_id
EP-251130006,P4DFC317,渡部昇一,,duplicate_episode_id
EP-251130006,P25D7434,華佗,,duplicate_episode_id
EP-251130006,PCF8786B,橋本左内,,duplicate_episode_id
EP-251130006,P2C64484,佐久間象山,,duplicate_episode_id
EP-251130006,P4FD1792,高野長英,,duplicate_episode_id
EP-251130006,PD0EFEFE,アルキメデス,,duplicate_episode_id
EP-251130006,P15A4170,アレクサンドロス大王の軍医,,duplicate_episode_id
EP-251130006,PCBAFBBC,ピタゴラス,,duplicate_episode_id
EP-251130006,P744B0CA,エラトステネス,,duplicate_episode_id
EP-251130006,PAD74694,プトレマイオス,,duplicate_episode_id
EP-251130006,P2AB5806,イブン・シーナー,,duplicate_episode_id
EP-251130006,P2FFE469,ユークリッド,,duplicate_episode_id
EP-251130006,P060331F,ジョン・ハンター,,duplicate_episode_id
EP-251130006,P97073B5,アンドレアス・ヴェサリウス,,duplicate_episode_id
EP-251130006,PE82FA9F,ロバート・フック,,duplicate_episode_id
EP-251130006,P2344AB9,ウィリアム・モートン,,duplicate_episode_id
EP-251130007,P664A19D,新選組土方歳三,,duplicate_episode_id
EP-251130007,P4AAA19D,フランクリン・ルーズベルト,,duplicate_episode_id
EP-251130007,PAE1BAC4,マルティン・ルター・キング・Jr,,duplicate_episode_id
EP-251130007,PDFDF9D5,久保帯人,,duplicate_episode_id
EP-251130007,PF09ED33,富樫義博,,duplicate_episode_id
EP-251130007,P0132F3E,冨樫義博,,duplicate_episode_id
EP-251130007,P3683923,臼井儀人,,duplicate_episode_id
EP-251130007,PF4D533E,車田正美,,duplicate_episode_id
EP-251130007,PF64C34D,原哲夫,,duplicate_episode_id
EP-251130007,PC32F1A4,武内直子,,duplicate_episode_id
EP-251130007,PECF301F,クランプ,,duplicate_episode_id
EP-251130007,P4DD53D0,ジャック・カービー,,duplicate_episode_id
EP-251130007,PE7F8A67,トッド・マクファーレン,,duplicate_episode_id
EP-251130007,PC51C671,フランク・ミラー,,duplicate_episode_id
EP-251130007,PDFEC810,アラン・ムーア,,duplicate_episode_id
EP-251130007,PD2AC0BA,ジョン・ラセター,,duplicate_episode_id
EP-251130007,P0ACE5AF,マット・グレイニング,,duplicate_episode_id
EP-251130007,P3A752F6,トレイ・パーカー,,duplicate_episode_id
EP-251130007,P534E6B0,マット・ストーン,,duplicate_episode_id
EP-251130007,P163880B,稲船敬二,,duplicate_episode_id
EP-251130007,PE4A8336,横尾太郎,,duplicate_episode_id
EP-251130007,P9C8F190,水瀬いのり,,duplicate_episode_id
EP-251130007,PFCB5177,石井慧,,duplicate_episode_id
EP-251130007,PE753CBA,山田恵里,,duplicate_episode_id
EP-251130007,PFEA7B05,荒井広宙,,duplicate_episode_id
EP-251130007,P19F0451,吉田優利,,duplicate_episode_id
EP-251130007,P4658E2A,村田修一,,duplicate_episode_id
EP-251130007,PC62F2E7,田中雅昭,,duplicate_episode_id
EP-251130007,P6BDB233,石川雄洋,,duplicate_episode_id
EP-251130007,P53FE619,橋本大地,,duplicate_episode_id
EP-251130007,P8AD0108,渡邉陵我,,duplicate_episode_id
EP-251130007,P54EBD19,富田洋之,,duplicate_episode_id
EP-251130007,P375EB4A,土性沙羅,,duplicate_episode_id
EP-251130007,P286A519,加賀美希昇,,duplicate_episode_id
EP-251130007,P69797F1,田知本遥,,duplicate_episode_id
EP-251130007,P7113B2D,廣瀬花子,,duplicate_episode_id
EP-251130007,P49DB209,秋山翔吾,,duplicate_episode_id
EP-251130007,P4B36CD5,ロベルト・クレメンテ,,duplicate_episode_id
EP-251130007,P916462D,ジョー・ディマジオ,,duplicate_episode_id
EP-251130007,PEF77B5E,テッド・ウィリアムズ,,duplicate_episode_id
EP-251130007,P93CFA87,ロッド・レーバー,,duplicate_episode_id
EP-251130007,PB682CCE,ビリー・ジーン・キング,,duplicate_episode_id
EP-251130007,P8B441AE,カリーム・アブドゥル=ジャバー,,duplicate_episode_id
EP-251130008,P5F56DEF,浅野忠信,,duplicate_episode_id
EP-251130008,P1C99095,アル・パチーノ,,duplicate_episode_id
EP-251130008,P039153B,アンソニー・ホプキンス,,duplicate_episode_id
EP-251130008,P70DC70C,ケイト・ブランシェット,,duplicate_episode_id
EP-251130008,PBA364C3,ナタリー・ポートマン,,duplicate_episode_id
EP-251130008,P716A9BA,梶井基次郎,,duplicate_episode_id
EP-251130008,P0C9629B,中島敦,,duplicate_episode_id
EP-251130008,PC28A8BC,有島武郎,,duplicate_episode_id
EP-251130008,P0011025,室生犀星,,duplicate_episode_id
EP-251130008,P0DC243A,田山花袋,,duplicate_episode_id
EP-251130008,P013FF1B,武者小路実篤,,duplicate_episode_id
EP-251130008,P4D24599,堀辰雄,,duplicate_episode_id
EP-251130008,P982441B,宮本百合子,,duplicate_episode_id
EP-251130008,P32C9D7B,串田孫一,,duplicate_episode_id
EP-251130008,P0BE5FCE,小林秀雄,,duplicate_episode_id
EP-251130008,PC3663D2,加藤周一,,duplicate_episode_id
EP-251130008,P78F3F12,筒井康隆,,duplicate_episode_id
EP-251130008,P88ECD59,星新一,,duplicate_episode_id
EP-251130008,PF32508A,ハーマン・メルヴィル,,duplicate_episode_id
EP-251130008,P4FF2624,エドガー・アラン・ポー,,duplicate_episode_id
EP-251130008,PBFB5A30,ウォルト・ホイットマン,,duplicate_episode_id
EP-251130008,P3D7A477,エミリー・ディキンソン,,duplicate_episode_id
EP-251130008,P805E572,トマス・ハーディ,,duplicate_episode_id
EP-251130008,PD94F063,ヴィクトル・ユーゴー,,duplicate_episode_id
EP-251130008,P6E95BA9,ギュスターヴ・フローベール,,duplicate_episode_id
EP-251130008,P6E44117,マルセル・プルースト,,duplicate_episode_id
EP-251130008,PC6AD881,ジェームズ・ジョイス,,duplicate_episode_id
EP-251130008,PFBF0C13,アルベール・カミュ,,duplicate_episode_id
EP-251130008,P8A875EA,ジャン=ポール・サルトル,,duplicate_episode_id
EP-251130008,PEA131A3,リヒャルト・ワーグナー,,duplicate_episode_id
EP-251130008,P2A59F0A,長谷川きよし,,duplicate_episode_id
EP-251130008,P0C288EB,エリック・サティ,,duplicate_episode_id
EP-251130008,P9B75038,チェット・ベイカー,,duplicate_episode_id
EP-251130008,P04340E1,カルロス・サンタナ,,duplicate_episode_id
EP-251130008,P5EC7B3A,岡林信康,,duplicate_episode_id
EP-251130008,P1425E04,ニーノ・ロータ,,duplicate_episode_id
EP-251130008,PE332B24,南こうせつ,,duplicate_episode_id
EP-251130008,PAC7E5E6,レッド・ホット・チリ・ペッパーズ,,duplicate_episode_id
EP-251130008,P62765E9,井上陽水,,duplicate_episode_id
EP-251130008,PDBF31E3,泉谷しげる,,duplicate_episode_id
EP-251130008,PCBC91AD,ライオネル・リッチー,,duplicate_episode_id
EP-251130008,P2A344FE,リンキン・パーク,,duplicate_episode_id
EP-251130008,P02E2998,アンドレア・ボチェッリ,,duplicate_episode_id
EP-251130008,PCB14C46,世良公則,,duplicate_episode_id
EP-251130008,P5C17031,ジョニー・マー,,duplicate_episode_id
EP-251130008,PD707888,浜田省吾,,duplicate_episode_id
EP-251130008,P340E333,スティーヴ・ヴァイ,,duplicate_episode_id
EP-251130009,P87D226D,藤原道長,,duplicate_episode_id
EP-251130009,P1C29CD8,菅原道真,,duplicate_episode_id
EP-251130009,PE3FE4BF,ハンニバル,,duplicate_episode_id
EP-251130009,P5B17F17,始皇帝,,duplicate_episode_id
EP-251130009,P1C9D468,孔子,,duplicate_episode_id
EP-251130009,P9E1E40F,マイケル・ファラデー,,duplicate_episode_id
EP-251130009,PBDC3D74,ヴェルナー・フォン・ブラウン,,duplicate_episode_id
EP-251130009,PF7CC537,ジョゼフ・リスター,,duplicate_episode_id
EP-251130009,P0035135,グレゴール・メンデル,,duplicate_episode_id
EP-251130009,P241F7E1,仁村修平,,duplicate_episode_id
EP-251130009,P7E95EF2,古川俊治,,duplicate_episode_id
EP-251130009,PA94086F,田所勇,,duplicate_episode_id
EP-251130009,PCB6A88B,竹内薫,,duplicate_episode_id
EP-251130009,P412B629,佐々木正洋,,duplicate_episode_id
EP-251130009,PBBEF310,榊佳之,,duplicate_episode_id
EP-251130009,P15231EE,加藤茂明,,duplicate_episode_id
EP-251130009,P461D29E,岡野光夫,,duplicate_episode_id
EP-251130009,P53D345F,月尾嘉男,,duplicate_episode_id
EP-251130009,P159556F,江刺正喜,,duplicate_episode_id
EP-251130009,PCCBF74D,アレクサンダー・グラハム・ベル,,duplicate_episode_id
EP-251130009,P362E2B2,ジェームズ・クレーク・マクスウェル,,duplicate_episode_id
EP-251130009,P3B12DD0,ダーウィン,,duplicate_episode_id
EP-251130009,PAC4FBA3,ヨハネス・ケプラー,,duplicate_episode_id
EP-251130009,P1B3E695,アントニ・ファン・レーウェンフック,,duplicate_episode_id
EP-251130009,P3B511D5,イグナーツ・ゼンメルワイス,,duplicate_episode_id
EP-251130009,P50537BD,ドミトリ・メンデレーエフ,,duplicate_episode_id
EP-251130009,PD192D09,リンドン・ラルー,,duplicate_episode_id
EP-251130009,P95CCCE1,ヴィンターニッツ,,duplicate_episode_id
EP-251130009,PE1E5DFB,フェルミ,,duplicate_episode_id
EP-251130009,P37CF9B4,遠山啓,,duplicate_episode_id
EP-251130009,P3FCAD02,清水幹夫,,duplicate_episode_id
EP-251130009,PE3BF185,小宮山宏,,duplicate_episode_id
EP-251130009,PDBE71C0,草刈正雄,,duplicate_episode_id
EP-251130009,P802E210,川栄李奈,,duplicate_episode_id
EP-251130009,P73948A6,小島瑠璃子,,duplicate_episode_id
EP-251130009,PB46084C,峯田和伸,,duplicate_episode_id
EP-251130009,P06790F6,木村カエラ,,duplicate_episode_id
EP-251130009,P37E7C40,水原希子,,duplicate_episode_id
EP-251130009,P5E98719,池田エライザ,,duplicate_episode_id
EP-251130009,P1DEBFEE,白濱亜嵐,,duplicate_episode_id
EP-251130009,PC70304D,門脇麦,,duplicate_episode_id
EP-251130009,PC1F583C,森川葵,,duplicate_episode_id
EP-251130009,PBE17697,中条あやみ,,duplicate_episode_id
EP-251130009,PEA5EA92,間宮祥太朗,,duplicate_episode_id
EP-251130009,P40796CE,山本美月,,duplicate_episode_id
EP-251130009,PC2A7B17,安田顕,,duplicate_episode_id
EP-251130009,PEE6B59E,アリシア・ヴィキャンデル,,duplicate_episode_id
EP-251130009,PC040D25,デヴ・パテル,,duplicate_episode_id
EP-251130009,PEE54DD6,リズ・アーメッド,,duplicate_episode_id
EP-251130009,PDA88480,ジェレミー・ストロング,,duplicate_episode_id
EP-251130009,P413B67B,サラ・スヌーク,,duplicate_episode_id
EP-251130009,P01B5D51,キーラン・カルキン,,duplicate_episode_id
EP-251130010,P4075660,岸惠子,,duplicate_episode_id
EP-251130010,PEC7C95E,松田優作,,duplicate_episode_id
EP-251130010,PF96039C,寺尾聰,,duplicate_episode_id
EP-251130010,P37B9FE7,マット・デイモン,,duplicate_episode_id
EP-251130010,P710D6C8,江頭2:50,,duplicate_episode_id
EP-251130010,P5FB1BF3,内村光良,,duplicate_episode_id
EP-251130010,P6CB3CEC,剛力彩芽,,duplicate_episode_id
EP-251130010,P8C1671E,山里亮太,,duplicate_episode_id
EP-251130010,PF3CCAC5,劇団ひとり,,duplicate_episode_id
EP-251130010,P12BD932,武井咲,,duplicate_episode_id
EP-251130010,P7FC1220,設楽統,,duplicate_episode_id
EP-251130010,P599063A,広末涼子,,duplicate_episode_id
EP-251130010,P046D44A,日村勇紀,,duplicate_episode_id
EP-251130010,P7C541E4,蛍原徹,,duplicate_episode_id
EP-251130010,P837FE6E,クリス・ヘムズワース,,duplicate_episode_id
EP-251130010,P7F26787,マシュー・マコノヒー,,duplicate_episode_id
EP-251130010,PC3B6AF6,阿部サダヲ,,duplicate_episode_id
EP-251130010,P8986ACB,桃井かおり,,duplicate_episode_id
EP-251130010,P67FF887,ユースケ・サンタマリア,,duplicate_episode_id
EP-251130010,P5107783,篠原涼子,,duplicate_episode_id
EP-251130010,P837FE6E,クリス・ヘムズワース,,duplicate_episode_id
EP-251130010,P5747A91,石橋貴明,,duplicate_episode_id
EP-251130010,P212B7B2,木梨憲武,,duplicate_episode_id
EP-251130010,PEBFE09F,田村淳,,duplicate_episode_id
EP-251130010,P7FC1220,設楽統,,duplicate_episode_id
EP-251130010,P046D44A,日村勇紀,,duplicate_episode_id
EP-251130010,P5FB1BF3,内村光良,,duplicate_episode_id
EP-251130010,PCD8508D,南原清隆,,duplicate_episode_id
EP-251130010,P7EBA7EC,遠藤憲一,,duplicate_episode_id
EP-251130010,PC3B6AF6,阿部サダヲ,,duplicate_episode_id
EP-251130010,PE144E8C,生田斗真,,duplicate_episode_id
EP-251130010,P59B0EF6,相武紗季,,duplicate_episode_id
EP-251130010,P9510F55,クリス・プラット,,duplicate_episode_id
EP-251130010,P837FE6E,クリス・ヘムズワース,,duplicate_episode_id
EP-251130010,P5208A2E,鈴木忠雄,,duplicate_episode_id
EP-251130010,PB080713,江副浩正,,duplicate_episode_id
EP-251130010,P72A1920,西武鉄道創業者堤康次郎,,duplicate_episode_id
EP-251130010,P3C17835,カシオ樫尾忠雄,,duplicate_episode_id
EP-251130010,P36E2DD4,ダイエー創業者中内功,,duplicate_episode_id
EP-251130010,P09B7AE3,ロッテ創業者重光武雄,,duplicate_episode_id
EP-251130010,PDACE09B,ファーストリテイリング創業者柳井等,,duplicate_episode_id
EP-251130010,P8517239,竹中工務店創業者竹中藤右衛門,,duplicate_episode_id
EP-251130010,P294EBF7,清水建設創業者清水喜助,,duplicate_episode_id
EP-251130010,P8A90C25,大成建設創業者大倉喜七郎,,duplicate_episode_id
EP-251130010,P9230D2E,鹿島建設創業者鹿島岩吉,,duplicate_episode_id
EP-251130010,P6111469,積水ハウス創業者和田完二,,duplicate_episode_id
EP-251130010,P2630F80,ロバート・キヨサキ,,duplicate_episode_id
EP-251130010,PD6388C6,トム・ピータース,,duplicate_episode_id
EP-251130010,P09340BA,稲田直樹,,duplicate_episode_id
EP-251130010,P3C1C2C6,鹿島守之助,,duplicate_episode_id
EP-251130010,P3631F87,大橋光夫,,duplicate_episode_id
EP-251130010,P6FD9BEF,塚本幸一,,duplicate_episode_id
EP-251130010,P556EC81,福井威夫,,duplicate_episode_id
EP-251130010,PABDE1FC,小倉昌男,,duplicate_episode_id
EP-251130010,P2ACF03B,大山健太郎,,duplicate_episode_id
EP-251130010,P35AC7A0,安藤宏基,,duplicate_episode_id
EP-251130010,PC78778A,星野リゾート星野佳路,,duplicate_episode_id
EP-251130010,P5196EF1,青山学院大学,,duplicate_episode_id
EP-251130010,PA338D01,J・P・モルガン,,duplicate_episode_id
EP-251130010,P06F487B,コーネリアス・ヴァンダービルト,,duplicate_episode_id
EP-251130010,PB32775B,デイブ・トーマス,,duplicate_episode_id
EP-251130010,P28E36BC,フレッド・スミス,,duplicate_episode_id
EP-251130010,P87D4020,メラニー・パーキンス,,duplicate_episode_id
EP-251130010,P0DEEDD3,ホイットニー・ウルフ・ヘルド,,duplicate_episode_id
EP-251130011,P6602989,クリストファー・コロンブス,,duplicate_episode_id
EP-251130011,P8CA195D,バスコ・ダ・ガマ,,duplicate_episode_id
EP-251130011,P818FCAD,フェルディナンド・マゼラン,,duplicate_episode_id
EP-251130011,P53FF33B,ジェームズ・クック,,duplicate_episode_id
EP-251130011,P4CCE098,アーネスト・シャクルトン,,duplicate_episode_id
EP-251130011,P0931B36,ユーリ・ガガーリン,,duplicate_episode_id
EP-251130011,P74A3AAC,ジャック・クストー,,duplicate_episode_id
EP-251130011,PD2089EC,中山雅史,,duplicate_episode_id
EP-251130011,PA9896DA,深田久弥,,duplicate_episode_id
EP-251130011,P9D92F34,長谷川恒男,,duplicate_episode_id
EP-251130011,PB672FE7,ドビュッシー,,duplicate_episode_id
EP-251130011,P0B8695D,ラヴェル,,duplicate_episode_id
EP-251130011,PAD39CEB,チャイコフスキー,,duplicate_episode_id
EP-251130011,P8898B06,リスト,,duplicate_episode_id
EP-251130011,PB1C262A,ブラームス,,duplicate_episode_id
EP-251130011,P69EEC09,シューベルト,,duplicate_episode_id
EP-251130011,P5FF885B,ヴィヴァルディ,,duplicate_episode_id
EP-251130011,P4B72CD5,福田こうへい,,duplicate_episode_id
EP-251130011,P23C8EAB,島津亜矢,,duplicate_episode_id
EP-251130011,P1A29DFD,天童よしみ,,duplicate_episode_id
EP-251130011,PA57E67F,水森かおり,,duplicate_episode_id
EP-251130011,P0CE25CC,山内惠介,,duplicate_episode_id
EP-251130011,P3760666,堂本光一,,duplicate_episode_id
EP-251130011,PD9113C9,堂本剛,,duplicate_episode_id
EP-251130011,P9C26533,長山洋子,,duplicate_episode_id
EP-251130011,PBD3D9E5,市川由紀乃,,duplicate_episode_id
EP-251130011,PD2DE87D,竹島宏,,duplicate_episode_id
EP-251130011,P1D251ED,ダフト・パンク,,duplicate_episode_id
EP-251130011,P3EDD828,カニエ・ウェスト,,duplicate_episode_id
EP-251130011,PCAC884A,ショーン・メンデス,,duplicate_episode_id
EP-251130011,P64D4076,ビリー・アイリッシュ,,duplicate_episode_id
EP-251130011,P3ED3110,サム・スミス,,duplicate_episode_id
EP-251130011,P4BF6991,シーア,,duplicate_episode_id
EP-251130011,P96D8EB8,松崎邦男,,duplicate_episode_id
EP-251130011,PCAB9B3F,藤原洋,,duplicate_episode_id
EP-251130011,P5C4E72E,木下是雄,,duplicate_episode_id
EP-251130011,PD45A009,古田貴之,,duplicate_episode_id
EP-251130011,P1D58B4A,マイケル・クライトン,,duplicate_episode_id
EP-251130011,P8E1E83F,B.F.スキナー,,duplicate_episode_id
EP-251130011,P96B92F2,フランシス・コリンズ,,duplicate_episode_id
EP-251130011,P88BA38E,カタリン・カリコ,,duplicate_episode_id
EP-251130011,PEE18412,ヴァーナー・フォン・ブラウン,,duplicate_episode_id
EP-251130011,PC4022E3,ジョナス・ソーク,,duplicate_episode_id
EP-251130011,P6574113,グレゴリー・ベイトソン,,duplicate_episode_id
EP-251130011,P61DE7C4,ダニエル・カーネマン,,duplicate_episode_id
EP-251130011,PD79EB37,エドワード・ウィルソン,,duplicate_episode_id
EP-251130011,P32EFD7F,リン・マーグリス,,duplicate_episode_id
EP-251130011,P99EC04E,ジェームス・ハンセン,,duplicate_episode_id
EP-251130011,PF113264,リチャード・ドーキンス,,duplicate_episode_id
EP-251130012,P16A1F1E,中島みゆき,,duplicate_episode_id
EP-251130012,P777A8A2,森田一義,,duplicate_episode_id
EP-251130012,P8160B1F,スティーヴン・スピルバーグ,,duplicate_episode_id
EP-251130012,P9CF2EE,マイケル・ジャクソン,,duplicate_episode_id
EP-251130012,PC800CED,ウォルト・ディズニー,,duplicate_episode_id
EP-251130012,PC54F136,エルヴィス・プレスリー,,duplicate_episode_id
EP-251130012,P5172E80,チャーリー・チャップリン,,duplicate_episode_id
EP-251130012,PA80CA7,マリリン・モンロー,,duplicate_episode_id
EP-251130012,PE205D7C,アルフレッド・ヒッチコック,,duplicate_episode_id
EP-251130012,P7DC4E25,マドンナ,,duplicate_episode_id
EP-251130012,P7E4501B,オプラ・ウィンフリー,,duplicate_episode_id
EP-251130012,P7ABD035,ロビン・ウィリアムズ,,duplicate_episode_id
EP-251130012,P0C4F00C,ケネディ,,duplicate_episode_id
EP-251130012,P0BEFACC,後藤新平,,duplicate_episode_id
EP-251130012,PB59B3AC,原敬,,duplicate_episode_id
EP-251130012,P74C4541,幣原喜重郎,,duplicate_episode_id
EP-251130012,P2CF9AEC,フランクリン・D・ローズベルト,,duplicate_episode_id
EP-251130012,PAD8E8CF,サッチャー,,duplicate_episode_id
EP-251130012,P980372A,山県有朋,,duplicate_episode_id
EP-251130012,PD21672E,トルーマン,,duplicate_episode_id
EP-251130012,P4395ED4,石橋湛山,,duplicate_episode_id
EP-251130012,PF5FF6D0,ジョン・F・ケネディ,,duplicate_episode_id
EP-251130012,P9622E6A,犬養毅,,duplicate_episode_id
EP-251130012,P3C43180,レーガン,,duplicate_episode_id
EP-251130012,PE06B4A2,片山哲,,duplicate_episode_id
EP-251130012,P311913E,クリントン,,duplicate_episode_id
EP-251130012,P648948F,加藤高明,,duplicate_episode_id
EP-251130012,PCE43307,若槻礼次郎,,duplicate_episode_id
EP-251130012,PFC7E811,ニクソン,,duplicate_episode_id
EP-251130012,P7761D12,浜口雄幸,,duplicate_episode_id
EP-251130012,PAB47572,フォード,,duplicate_episode_id
EP-251130012,P39836BE,斎藤実,,duplicate_episode_id
EP-251130012,PE28D5B4,ブッシュ,,duplicate_episode_id
EP-251130012,PA709E37,東条英機,,duplicate_episode_id
EP-251130012,PC33A8DA,近衛文麿,,duplicate_episode_id
EP-251130012,P6896A99,広田弘毅,,duplicate_episode_id
EP-251130012,P2359A0B,岡田啓介,,duplicate_episode_id
EP-251130012,P61AE577,米内光政,,duplicate_episode_id
EP-251130012,P8A31559,紀貫之,,duplicate_episode_id
EP-251130012,P4BF68FA,在原業平,,duplicate_episode_id
EP-251130012,P81B8144,世阿弥,,duplicate_episode_id
EP-251130012,P755509B,本阿弥光悦,,duplicate_episode_id
EP-251130012,P2A228C3,俵屋宗達,,duplicate_episode_id
EP-251130012,P4613E36,歌川国芳,,duplicate_episode_id
EP-251130012,P819093A,エミール・ガレ,,duplicate_episode_id
EP-251130012,P860C144,オーギュスト・コント,,duplicate_episode_id
EP-251130012,P5F8FDDA,ヘンデル,,duplicate_episode_id
EP-251130012,PB828439,エルネスト・ヘミングウェイ,,duplicate_episode_id
EP-251130012,P46036A3,ジャン・ポール・サルトル,,duplicate_episode_id
EP-251130012,PDD3C37C,綾小路きみまろ,,duplicate_episode_id
EP-251130012,P8EBE626,ヘップバーン,,duplicate_episode_id
EP-251130012,P7ABD035,ロビン・ウィリアムズ,,duplicate_episode_id
EP-251130012,P3290DD2,ジム・キャリー,,duplicate_episode_id
EP-251130012,P2C5D871,ディカプリオ,,duplicate_episode_id
EP-251130012,P19F29D2,長塚京三,,duplicate_episode_id
EP-251130012,PD33B1E5,石橋蓮司,,duplicate_episode_id
EP-251130012,P551888A,スティーヴィー・ワンダー,,duplicate_episode_id
EP-251130012,PB093F64,ルチアーノ・パヴァロッティ,,duplicate_episode_id
EP-251130012,P4941C66,マリア・カラス,,duplicate_episode_id
EP-251130012,P4B0C3C0,ヨーヨー・マ,,duplicate_episode_id
EP-251130012,P27DF633,イツァーク・パールマン,,duplicate_episode_id
EP-251130013,PBB3E573,マルティン・ルター・キング・ジュニア,,duplicate_episode_id
EP-251130013,P581CC3D,ジャック・ウェルチ,,duplicate_episode_id
EP-251130013,PF10767C,コカ・コーラ創業者エイサ・キャンドラー,,duplicate_episode_id
EP-251130013,PE4E43E0,レイ・クロック,,duplicate_episode_id
EP-251130013,P68E00B1,ウォルマート創業者サム・ウォルトン,,duplicate_episode_id
EP-251130013,P956DDF4,アンドリュー・カーネギー,,duplicate_episode_id
EP-251130013,P3F0FD18,ジョン・ロックフェラー,,duplicate_episode_id
EP-251130013,PC73E09B,ラリー・エリソン,,duplicate_episode_id
EP-251130013,PF25B2AC,マイケル・デル,,duplicate_episode_id
EP-251130013,P1FC0A66,安田善次郎,,duplicate_episode_id
EP-251130013,PBB21C83,住友政友,,duplicate_episode_id
EP-251130013,P3D8382B,森ビル創業者森泰吉郎,,duplicate_episode_id
EP-251130013,P17FE168,カルロス・ゴーン,,duplicate_episode_id
EP-251130013,PF2F0C09,セルゲイ・ブリン,,duplicate_episode_id
EP-251130013,P9360E3D,リード・ヘイスティングス,,duplicate_episode_id
EP-251130013,P0517B86,ジェフ・イメルト,,duplicate_episode_id
EP-251130013,PA29EFC5,マーク・ベニオフ,,duplicate_episode_id
EP-251130013,P9750F72,ダニエル・エク,,duplicate_episode_id
EP-251130013,P4DF900E,トラビス・カラニック,,duplicate_episode_id
EP-251130013,P4653E4C,ブライアン・チェスキー,,duplicate_episode_id
EP-251130013,P027D017,パトリック・コリソン,,duplicate_episode_id
EP-251130013,P4B723C7,野中郁次郎,,duplicate_episode_id
EP-251130013,P6649FB8,楽天創業者三木谷浩史,,duplicate_episode_id
EP-251130013,P2977839,セブン&アイ創業者伊藤雅俊,,duplicate_episode_id
EP-251130013,P887D990,土佐ノ海敏生,,duplicate_episode_id
EP-251130013,PA3F23EB,船木誠勝,,duplicate_episode_id
EP-251130013,P3E4F28A,エディ・ゲレロ,,duplicate_episode_id
EP-251130013,P8E7C4DF,アンナ・クルニコワ,,duplicate_episode_id
EP-251130013,PD26C312,中野友加里,,duplicate_episode_id
EP-251130013,P3BE1E25,高橋成美,,duplicate_episode_id
EP-251130013,PA8BCD44,フローレンス・ジョイナー,,duplicate_episode_id
EP-251130013,P972C987,クリスティアノ・ロナウド,,duplicate_episode_id
EP-251130013,P8D5DEDF,デビッド・ベッカム,,duplicate_episode_id
EP-251130013,PD105E59,ロベルト・バッジョ,,duplicate_episode_id
EP-251130013,P8AEB03D,中田浩二,,duplicate_episode_id
EP-251130013,PA664998,ガレス・ベイル,,duplicate_episode_id
EP-251130013,PC39740F,スティーブン・ジェラード,,duplicate_episode_id
EP-251130013,P2A5C9A7,アンドレア・ピルロ,,duplicate_episode_id
EP-251130013,P2C96D79,フランチェスコ・トッティ,,duplicate_episode_id
EP-251130013,P4BBCE41,ラウール,,duplicate_episode_id
EP-251130013,PA7D299B,エムバペ,,duplicate_episode_id
EP-251130014,P14505B4,ジャンヌ・ダルク,,duplicate_episode_id
EP-251130014,P7D97736,ワシントン,,duplicate_episode_id
EP-251130014,P2DBA7FA,谷川流,,duplicate_episode_id
EP-251130014,PE3BC8A7,佐野洋子,,duplicate_episode_id
EP-251130014,P181C9DC,田口ランディ,,duplicate_episode_id
EP-251130014,P8616426,重松清,,duplicate_episode_id
EP-251130014,P4E490ED,河瀬直美,,duplicate_episode_id
EP-251130014,P8D71DD0,周防正行,,duplicate_episode_id
EP-251130014,P920AA4C,マルティン・スコセッシ,,duplicate_episode_id
EP-251130014,PD62AB36,ジャン＝リュック・ゴダール,,duplicate_episode_id
EP-251130014,P6EC69A9,イングマール・ベルイマン,,duplicate_episode_id
EP-251130014,P27873EE,フェデリコ・フェリーニ,,duplicate_episode_id
EP-251130014,P72DA736,ウディ・アレン,,duplicate_episode_id
EP-251130014,PE3107ED,リドリー・スコット,,duplicate_episode_id
EP-251130014,P5C5A3C2,ダニー・ボイル,,duplicate_episode_id
EP-251130014,P1481792,ペドロ・アルモドバル,,duplicate_episode_id
EP-251130014,P65A55B5,ジェームズ・キャメロン,,duplicate_episode_id
EP-251130014,PA5353B0,ウォン・カーウァイ,,duplicate_episode_id
EP-251130014,P2AAB14A,アンドレイ・タルコフスキー,,duplicate_episode_id
EP-251130014,P390FD71,ウィリアム・フォークナー,,duplicate_episode_id
EP-251130014,PAB0FE41,マヤ・アンジェロウ,,duplicate_episode_id
EP-251130014,PD00F847,内田康夫,,duplicate_episode_id
EP-251130014,PF4D3438,チヌア・アチェベ,,duplicate_episode_id
EP-251130014,P4B9C7C2,津原泰水,,duplicate_episode_id
EP-251130014,P04D1563,赤川次郎,,duplicate_episode_id
EP-251130014,P6A03A69,ウンベルト・エーコ,,duplicate_episode_id
EP-251130014,P3E89C14,瀬戸内晴美,,duplicate_episode_id
EP-251130014,P8EBFC83,ジョン・アーヴィング,,duplicate_episode_id
EP-251130014,P8A892A5,柳美里,,duplicate_episode_id
EP-251130014,P2EE8050,イーディス・ウォートン,,duplicate_episode_id
EP-251130014,P7A52998,フラナリー・オコナー,,duplicate_episode_id
EP-251130014,PDB80E7E,リチャード・フォード,,duplicate_episode_id
EP-251130014,P817804C,古井由吉,,duplicate_episode_id
EP-251130014,PB6E3551,アリス・マンロー,,duplicate_episode_id
EP-251130014,P2336BC3,庄野潤三,,duplicate_episode_id
EP-251130014,P1C8EE59,トビアス・ウォルフ,,duplicate_episode_id
EP-251130014,PB448B30,田中小実昌,,duplicate_episode_id
EP-251130014,P0995FC3,イアン・マキューアン,,duplicate_episode_id
EP-251130014,P56608EE,尾辻克彦,,duplicate_episode_id
EP-251130014,P9EA64D7,ジェニファー・イーガン,,duplicate_episode_id
EP-251130014,P40164C3,庄司薫,,duplicate_episode_id
EP-251130014,PAE9AEE5,ルイーズ・アードリック,,duplicate_episode_id
EP-251130014,P1E5CA82,後藤明生,,duplicate_episode_id
EP-251130015,PF25FA02,シャーリーズ・セロン,,duplicate_episode_id
EP-251130015,P0EB468C,大リーグ養成ギプス,,duplicate_episode_id
EP-251130015,P18D7280,井端弘和,,duplicate_episode_id
EP-251130015,P8AA64E1,和田毅,,duplicate_episode_id
EP-251130015,P2802679,青木宣親,,duplicate_episode_id
EP-251130015,PDE6A27A,川﨑宗則,,duplicate_episode_id
EP-251130015,P57224C6,田澤純一,,duplicate_episode_id
EP-251130015,PD164577,石井一久,,duplicate_episode_id
EP-251130015,PD047AB7,伊東勤,,duplicate_episode_id
EP-251130015,P70EDD01,古田敦也,,duplicate_episode_id
EP-251130015,PC40FB17,緒方孝市,,duplicate_episode_id
EP-251130015,PD031847,野村謙二郎,,duplicate_episode_id
EP-251130015,PE79CB49,梨田昌孝,,duplicate_episode_id
EP-251130015,P95DCE75,星野仙一,,duplicate_episode_id
EP-251130015,PBF3E00E,ノバク・ジョコビッチ,,duplicate_episode_id
EP-251130015,P5122D20,ラファエル・ナダル,,duplicate_episode_id
EP-251130015,PB08701B,アンディ・ロディック,,duplicate_episode_id
EP-251130015,PA2221EA,ステフィ・グラフ,,duplicate_episode_id
EP-251130015,P8E7761B,マルチナ・ナブラチロワ,,duplicate_episode_id
EP-251130015,PDB708B3,レブロン・ジェームズ,,duplicate_episode_id
EP-251130015,P487526C,ステフィン・カリー,,duplicate_episode_id
EP-251130015,P6327068,ケビン・デュラント,,duplicate_episode_id
EP-251130015,P75966DE,シャキール・オニール,,duplicate_episode_id
EP-251130015,PE2988A3,マジック・ジョンソン,,duplicate_episode_id
EP-251130015,P1F22070,トム・ブレイディ,,duplicate_episode_id
EP-251130015,PA83858A,ペイトン・マニング,,duplicate_episode_id
EP-251130015,P5E6B8F2,アロン・ロジャース,,duplicate_episode_id
EP-251130015,PB85E6D4,ルイス・ファン・ハール,,duplicate_episode_id
EP-251130015,P588C5F5,ペップ・グアルディオラ,,duplicate_episode_id
EP-251130015,PFD9E2A7,勝野洋,,duplicate_episode_id
EP-251130015,P388A8CF,伊東四朗,,duplicate_episode_id
EP-251130015,PA3D978B,山田五十鈴,,duplicate_episode_id
EP-251130015,P1E7E752,笠智衆,,duplicate_episode_id
EP-251130015,P401FC95,岩下志麻,,duplicate_episode_id
EP-251130015,PC790547,京マチ子,,duplicate_episode_id
EP-251130015,PD023280,若尾文子,,duplicate_episode_id
EP-251130015,PE402720,八千草薫,,duplicate_episode_id
EP-251130015,PAEF6DFC,草笛光子,,duplicate_episode_id
EP-251130015,PA05DE7A,キャサリン・ヘプバーン,,duplicate_episode_id
EP-251130015,PC60B02B,グレース・ケリー,,duplicate_episode_id
EP-251130015,PE61768B,エリザベス・テイラー,,duplicate_episode_id
EP-251130015,P344F87F,シドニー・ルメット,,duplicate_episode_id
EP-251130015,P8170CE3,ビリー・ワイルダー,,duplicate_episode_id
EP-251130015,P4D08E70,ジョン・フォード,,duplicate_episode_id
EP-251130015,PCB1B61F,ジョージ・キューカー,,duplicate_episode_id
EP-251130015,P3B3B39E,ウィリアム・ワイラー,,duplicate_episode_id
EP-251130015,PCD165F6,デヴィッド・リーン,,duplicate_episode_id
EP-251130015,PC3777AA,エリア・カザン,,duplicate_episode_id
EP-251130015,P8DD4CB1,ジョン・ヒューストン,,duplicate_episode_id
EP-251130015,P6BFAE34,レイフ・ファインズ,,duplicate_episode_id
EP-251130016,P6904966,吉川英治,,duplicate_episode_id
EP-251130016,PC03E0F4,マーク・トウェイン,,duplicate_episode_id
EP-251130016,P6663CD5,ジェーン・オースティン,,duplicate_episode_id
EP-251130016,P184FE24,ヴァージニア・ウルフ,,duplicate_episode_id
EP-251130016,P7310829,ゲーテ,,duplicate_episode_id
EP-251130016,P7F5AD5C,カフカ,,duplicate_episode_id
EP-251130016,P8CDF69E,舘ひろし,,duplicate_episode_id
EP-251130016,P7524791,柴田恭兵,,duplicate_episode_id
EP-251130016,P83655D3,鈴木京香,,duplicate_episode_id
EP-251130016,P597C41A,田中美佐子,,duplicate_episode_id
EP-251130016,P576EFC0,佐藤B作,,duplicate_episode_id
EP-251130016,P6AA8C3A,岸部一徳,,duplicate_episode_id
EP-251130016,PCF9E7FD,余貴美子,,duplicate_episode_id
EP-251130016,P377D000,もたいまさこ,,duplicate_episode_id
EP-251130016,PE3F2871,國村隼,,duplicate_episode_id
EP-251130016,P43006BF,堤真一,,duplicate_episode_id
EP-251130016,P048AEBD,永瀬正敏,,duplicate_episode_id
EP-251130016,PDDF534C,美輪明宏,,duplicate_episode_id
EP-251130016,P417D3BA,ロバート・レッドフォード,,duplicate_episode_id
EP-251130016,PFDFA0AF,ジェーン・フォンダ,,duplicate_episode_id
EP-251130016,PD3692B6,ジーン・ハックマン,,duplicate_episode_id
EP-251130016,P8A978BD,ダスティン・ホフマン,,duplicate_episode_id
EP-251130016,P5BF5BA4,ダイアン・キートン,,duplicate_episode_id
EP-251130016,PDCB77B3,グレン・クローズ,,duplicate_episode_id
EP-251130016,P04FDBB9,ケビン・コスナー,,duplicate_episode_id
EP-251130016,P9E59DA7,ハリソン・フォード,,duplicate_episode_id
EP-251130016,P2663EE7,ミシェル・ファイファー,,duplicate_episode_id
EP-251130016,P27C44EF,ジョディ・フォスター,,duplicate_episode_id
EP-251130016,P7A985CD,ケビン・スペイシー,,duplicate_episode_id
EP-251130016,P8E44054,ラッセル・クロウ,,duplicate_episode_id
EP-251130016,PC6415A2,キャサリン・ゼタ=ジョーンズ,,duplicate_episode_id
EP-251130016,P7AF08BA,時枝誠記,,duplicate_episode_id
EP-251130016,PE906FC0,板倉聖宣,,duplicate_episode_id
EP-251130016,P3B12DD0,ダーウィン,,duplicate_episode_id
EP-251130016,PA647C8E,ガリレオ・ガリレイ,,duplicate_episode_id
EP-251130016,P886F664,レオナルド・ダ・ヴィンチ,,duplicate_episode_id
EP-251130016,PE939CC5,アレクサンダー・フレミング,,duplicate_episode_id
EP-251130016,P8EE140E,マリー・キュリー,,duplicate_episode_id
EP-251130016,P56E484,スティーヴン・ホーキング,,duplicate_episode_id
EP-251130016,PFDE3B22,レイチェル・カーソン,,duplicate_episode_id
EP-251130016,P8BC14C4,ジェーン・グドール,,duplicate_episode_id
EP-251130016,P877BAD,カール・セーガン,,duplicate_episode_id
EP-251130016,P704E88,リチャード・ファインマン,,duplicate_episode_id
EP-251130016,PED4DBC2,ニコラ・テスラ,,duplicate_episode_id
EP-251130016,P5CF6345,メンデレーエフ,,duplicate_episode_id
EP-251130016,P5E9B9C0,クロード・シャノン,,duplicate_episode_id
EP-251130016,P4954218,アラン・チューリング,,duplicate_episode_id
EP-251130016,P961217D,ロザリンド・フランクリン,,duplicate_episode_id
EP-251130016,PF231F39,バーバラ・マクリントック,,duplicate_episode_id
EP-251130017,P55B9C19,石田ゆり子,,duplicate_episode_id
EP-251130017,P9BBCBB4,エマ・ストーン,,duplicate_episode_id
EP-251130017,P452D3E6,ライアン・ゴズリング,,duplicate_episode_id
EP-251130017,P24EFA98,ジョン・フランクリン,,duplicate_episode_id
EP-251130017,P95343B6,リヴィングストン,,duplicate_episode_id
EP-251130017,P603A2D7,スコット・フィッシャー,,duplicate_episode_id
EP-251130017,PF147BA3,ロブ・ホール,,duplicate_episode_id
EP-251130017,PD616F8D,加藤文太郎,,duplicate_episode_id
EP-251130017,PB61C8B8,辻村太郎,,duplicate_episode_id
EP-251130017,P643D834,槙有恒,,duplicate_episode_id
EP-251130017,P9542988,田部重治,,duplicate_episode_id
EP-251130017,P769B81E,冠松次郎,,duplicate_episode_id
EP-251130017,P65C7C08,ウォルター・ローリー,,duplicate_episode_id
EP-251130017,P1B65452,ハドソン,,duplicate_episode_id
EP-251130017,PC888387,フランシス・ドレイク,,duplicate_episode_id
EP-251130017,PFB2952A,エルナン・コルテス,,duplicate_episode_id
EP-251130017,PAB98A77,フランシスコ・ピサロ,,duplicate_episode_id
EP-251130017,PD80FDAC,鳥居観音,,duplicate_episode_id
EP-251130017,P867AD0B,河口仙之助,,duplicate_episode_id
EP-251130017,PC3F72A6,荻原碌山,,duplicate_episode_id
EP-251130017,P2D4955A,笹川良一,,duplicate_episode_id
EP-251130017,PD252BC0,シャルル・ダーウィン,,duplicate_episode_id
EP-251130017,PDE7AAC9,アレクサンダー・フォン・フンボルト,,duplicate_episode_id
EP-251130017,PB29019F,デイヴィッド・アッテンボロー,,duplicate_episode_id
EP-251130017,P16341B8,ジェラルド・ダレル,,duplicate_episode_id
EP-251130017,P75A3467,ベア・グリルス,,duplicate_episode_id
EP-251130017,P38FB528,スタンリー,,duplicate_episode_id
EP-251130017,PCA5DE22,ジム・ウィテカー,,duplicate_episode_id
EP-251130017,P0E0B62A,ワレン・ハーディング,,duplicate_episode_id
EP-251130017,P01B504E,クリス・ボニントン,,duplicate_episode_id
EP-251130017,P7067795,丹羽宇一郎,,duplicate_episode_id
EP-251130017,PF0F5C5D,荻上チキ,,duplicate_episode_id
EP-251130017,P39CAE75,岸博幸,,duplicate_episode_id
EP-251130017,PCECA073,竹田恒泰,,duplicate_episode_id
EP-251130017,P6D48B9A,三浦瑠麗,,duplicate_episode_id
EP-251130017,PC1E4B2A,高橋洋一,,duplicate_episode_id
EP-251130017,PFDB171A,飯田泰之,,duplicate_episode_id
EP-251130017,PA4A9572,勝間和代,,duplicate_episode_id
EP-251130017,PDDA000E,コフィ・アナン,,duplicate_episode_id
EP-251130017,P49AD4C5,三木武夫,,duplicate_episode_id
EP-251130017,P64594FC,美濃部亮吉,,duplicate_episode_id
EP-251130017,PE33F303,朝河貫一,,duplicate_episode_id
EP-251130017,P3CA1093,ジョン・ロールズ,,duplicate_episode_id
EP-251130017,P8DD847D,コンドルセ侯爵,,duplicate_episode_id
EP-251130017,P767A633,ハンナ・アーレント,,duplicate_episode_id
EP-251130017,P385E712,ジェーン・アダムス,,duplicate_episode_id
EP-251130017,P66FBF26,エリナー・ルーズベルト,,duplicate_episode_id
EP-251130017,PB77515F,スーザン・B・アンソニー,,duplicate_episode_id
EP-251130017,P649A484,ベティ・フリーダン,,duplicate_episode_id
EP-251130017,P557EDDF,ロザ・パークス,,duplicate_episode_id
EP-251130017,PEF05E2B,ラルフ・バンチ,,duplicate_episode_id
EP-251130017,P3BB1D9B,ワンガリ・マータイ,,duplicate_episode_id
EP-251130017,P511C132,デズモンド・ツツ,,duplicate_episode_id
EP-251130017,P33EEE4D,高木仁三郎,,duplicate_episode_id
EP-251130017,PED024BC,清沢洌,,duplicate_episode_id
EP-251130017,P1C12113,河合栄治郎,,duplicate_episode_id
EP-251130017,P5AFBD1B,矢内原忠雄,,duplicate_episode_id
EP-251130017,P7BA3387,安岡正篤,,duplicate_episode_id
EP-251130017,PC2234AC,吉野作造,,duplicate_episode_id
EP-251130017,PEE431E1,美濃口坦,,duplicate_episode_id
EP-251130018,PBEC1492,明智光秀,,duplicate_episode_id
EP-251130018,PB7F9667,福澤諭吉,,duplicate_episode_id
EP-251130018,PF7FD906,シーザー,,duplicate_episode_id
EP-251130018,P286A1CC,クレオパトラ,,duplicate_episode_id
EP-251130018,PE7003B3,チャーチル,,duplicate_episode_id
EP-251130018,PF46C23E,項羽,,duplicate_episode_id
EP-251130018,P80186AB,劉邦,,duplicate_episode_id
EP-251130018,PA4A2F95,夏川草介,,duplicate_episode_id
EP-251130018,PC07CD6C,柚月裕子,,duplicate_episode_id
EP-251130018,P85207F4,万城目学,,duplicate_episode_id
EP-251130018,P2CED767,有川浩,,duplicate_episode_id
EP-251130018,PC7D9A0D,住野よる,,duplicate_episode_id
EP-251130018,P5272DB6,小野不由美,,duplicate_episode_id
EP-251130018,P0175371,荻原規子,,duplicate_episode_id
EP-251130018,P7969C50,竹本孝之,,duplicate_episode_id
EP-251130018,P42A2FC5,片山杜秀,,duplicate_episode_id
EP-251130018,PF79B6B4,細野晴臣,,duplicate_episode_id
EP-251130018,PA98C7A5,高橋幸宏,,duplicate_episode_id
EP-251130018,PB4E3859,佐久間正英,,duplicate_episode_id
EP-251130018,P2975AFD,津田匠子,,duplicate_episode_id
EP-251130018,P77A4DF7,林田健司,,duplicate_episode_id
EP-251130018,PF12D1D2,J.K.リベット,,duplicate_episode_id
EP-251130018,P77CC592,昆汀・塔倫天奴,,duplicate_episode_id
EP-251130018,P22160C4,ティム・バートン,,duplicate_episode_id
EP-251130018,P3F7E67C,デヴィッド・フィンチャー,,duplicate_episode_id
EP-251130018,P8A03084,つんく♂,,duplicate_episode_id
EP-251130018,P674D5C8,近藤真彦,,duplicate_episode_id
EP-251130018,PA97B176,松浦亜弥,,duplicate_episode_id
EP-251130018,PCCCF551,ブリトニー・スピアーズ,,duplicate_episode_id
EP-251130018,PFABA8D4,50 Cent,,duplicate_episode_id
EP-251130018,P968C10F,スヌープ・ドッグ,,duplicate_episode_id
EP-251130018,PD5FD1F4,ドクター・ドレー,,duplicate_episode_id
EP-251130018,P32731A0,江口のりこ,,duplicate_episode_id
EP-251130018,P625A26B,木村佳乃,,duplicate_episode_id
EP-251130018,P838867B,紳助,,duplicate_episode_id
EP-251130018,P9F63FA0,ヒロ,,duplicate_episode_id
EP-251130018,P577A486,佐藤隆太,,duplicate_episode_id
EP-251130018,P33EDB26,及川光博,,duplicate_episode_id
EP-251130018,PF67D08A,松本伊代,,duplicate_episode_id
EP-251130018,PEFDFB8A,篠原ともえ,,duplicate_episode_id
EP-251130018,P577A486,佐藤隆太,,duplicate_episode_id
EP-251130018,PCE34E71,ムロツヨシ,,duplicate_episode_id
EP-251130018,PB5ADACF,小出恵介,,duplicate_episode_id
EP-251130018,PBFE9DF9,三浦翔平,,duplicate_episode_id
EP-251130018,PBCA4B74,溝端淳平,,duplicate_episode_id
EP-251130018,P59E633E,城田優,,duplicate_episode_id
EP-251130018,P1AB9CB8,水嶋ヒロ,,duplicate_episode_id
EP-251130018,P9B63302,小西真奈美,,duplicate_episode_id
EP-251130018,P611BC2D,ベン・アフレック,,duplicate_episode_id
EP-251130018,PDFAA815,アダム・サンドラー,,duplicate_episode_id
EP-251130018,PF3AE631,エディ・マーフィー,,duplicate_episode_id
EP-251130018,P39C84B9,マイク・マイヤーズ,,duplicate_episode_id
EP-251130018,PE28DD02,ベン・スティラー,,duplicate_episode_id
EP-251130018,PA3DA674,オーウェン・ウィルソン,,duplicate_episode_id
EP-251130018,P4718C15,ヴィンス・ヴォーン,,duplicate_episode_id
EP-251130019,P3B2AB27,勘三郎,,duplicate_episode_id
EP-251130019,PF743F20,片岡仁左衛門,,duplicate_episode_id
EP-251130019,P453FC08,マーティン・スコセッシ,,duplicate_episode_id
EP-251130019,PD0FAF68,フランシス・フォード・コッポラ,,duplicate_episode_id
EP-251130019,P72DA736,ウディ・アレン,,duplicate_episode_id
EP-251130019,P8F8A125,マーロン・ブランド,,duplicate_episode_id
EP-251130019,PF9FDC03,ローレンス・オリヴィエ,,duplicate_episode_id
EP-251130019,PEFA9242,オーソン・ウェルズ,,duplicate_episode_id
EP-251130019,P3B6029A,千昌夫,,duplicate_episode_id
EP-251130019,PEDEFBE9,ジョニー・キャッシュ,,duplicate_episode_id
EP-251130019,P42FC1AA,岡本真夜,,duplicate_episode_id
EP-251130019,P1F4EB70,森田つぐみ,,duplicate_episode_id
EP-251130019,P061C05A,尾形大作,,duplicate_episode_id
EP-251130019,P87DA276,都はるみ,,duplicate_episode_id
EP-251130019,PAE981E9,小柳ルミ子,,duplicate_episode_id
EP-251130019,P86517B0,クリス・ブラウン,,duplicate_episode_id
EP-251130019,PEC9F594,島倉千代子,,duplicate_episode_id
EP-251130019,P259A8D8,シャキーラ,,duplicate_episode_id
EP-251130019,PE40C0F6,西城秀樹,,duplicate_episode_id
EP-251130019,P9E245B3,ジャネット・ジャクソン,,duplicate_episode_id
EP-251130019,PBAD9E46,山本リンダ,,duplicate_episode_id
EP-251130019,P038E0E8,セリーヌ・ディオン,,duplicate_episode_id
EP-251130019,PE3866CE,ジョージ・マイケル,,duplicate_episode_id
EP-251130019,PA79381E,エイミー・ワインハウス,,duplicate_episode_id
EP-251130019,P560AC9A,アリシア・キーズ,,duplicate_episode_id
EP-251130020,P40A18F5,山下智久,,duplicate_episode_id
EP-251130020,PBCA0133,ジョコビッチ,,duplicate_episode_id
EP-251130020,P9D4DCF8,スティーブン・カリー,,duplicate_episode_id
EP-251130020,P540928A,福岡ソフトバンクホークス工藤公康,,duplicate_episode_id
EP-251130020,PC3BD2CA,パトリック・チャン,,duplicate_episode_id
EP-251130020,P920AE1D,エヴァ・ロンゴリア,,duplicate_episode_id
EP-251130020,PF9A242C,ダニエル・クビアト,,duplicate_episode_id
EP-251130020,P75C6938,山田久志,,duplicate_episode_id
EP-251130020,P020ADA5,鈴木亜由子,,duplicate_episode_id
EP-251130020,P8266AA4,平野綾,,duplicate_episode_id
EP-251130020,PF54CFAF,橋爪功,,duplicate_episode_id
EP-251130020,PDED3634,ファン・ペルシー,,duplicate_episode_id
EP-251130020,P11D9096,アリソン・フェリックス,,duplicate_episode_id
EP-251130020,P3AA3EBC,チェコ・ペレス,,duplicate_episode_id
EP-251130020,P0B126FB,カリム・ベンゼマ,,duplicate_episode_id
EP-251130020,P50A1A53,田臥勇太,,duplicate_episode_id
EP-251130020,P2EB548F,谷口雄也,,duplicate_episode_id
EP-251130020,P7F43D55,ダニー・リカルド,,duplicate_episode_id
EP-251130020,P7ADA8B5,アリシア・サクラモーン,,duplicate_episode_id
EP-251130020,PB99C5B2,谷本歩実,,duplicate_episode_id
EP-251130020,P0ACABC0,ラモス瑠偉,,duplicate_episode_id
EP-251130020,P03BC8E7,菊池涼介,,duplicate_episode_id
EP-251130020,P3BD6594,カイリー・アービング,,duplicate_episode_id
EP-251130021,P8CB969A,中島らも,,duplicate_episode_id
EP-251130021,P91A8582,竹内まりや,,duplicate_episode_id
EP-251130021,P7DC4E25,マドンナ,,duplicate_episode_id
EP-251130021,P32BB33,ジョン・レノン,,duplicate_episode_id
EP-251130021,P76D1E99,スタン・リー,,duplicate_episode_id
EP-251130021,P7DB4978,ジョージ・ルーカス,,duplicate_episode_id
EP-251130021,PEAC9BF5,許斐剛,,duplicate_episode_id
EP-251130021,P9B374BF,永井豪,,duplicate_episode_id
EP-251130021,P612D6E5,藤田和日郎,,duplicate_episode_id
EP-251130021,P418BE35,橋本孝,,duplicate_episode_id
EP-251130021,P79D9098,中裕司,,duplicate_episode_id
EP-251130021,P9B73427,横山智佐,,duplicate_episode_id
EP-251130021,P81F556E,手塚治虫,,duplicate_episode_id
EP-251130021,PAEC0A93,高橋留美子,,duplicate_episode_id
EP-251130021,P9B374BF,永井豪,,duplicate_episode_id
EP-251130021,P596E029,石ノ森章太郎,,duplicate_episode_id
EP-251130021,P569EDC7,真島ヒロ,,duplicate_episode_id
EP-251130021,P8057B58,三浦建太郎,,duplicate_episode_id
EP-251130021,PC32F1A4,武内直子,,duplicate_episode_id
EP-251130021,P119A237,麻枝准,,duplicate_episode_id
EP-251130021,PBAE1780,鈴木裕,,duplicate_episode_id
EP-251130021,P66EB2CB,ジョン・ロメロ,,duplicate_episode_id
EP-251130021,PCE29A41,クリフ・ブレジンスキー,,duplicate_episode_id
EP-251130021,P2ADD0C2,アンドリュー・スタントン,,duplicate_episode_id
EP-251130022,PE1B780,オードリー・ヘプバーン,,duplicate_episode_id
EP-251130022,PF892AFF,ジャック・ニコルソン,,duplicate_episode_id
EP-251130022,PD5F4214,ワット,,duplicate_episode_id
EP-251130022,P3E52A1B,ベンツ,,duplicate_episode_id
EP-251130022,P975B2FB,コッホ,,duplicate_episode_id
EP-251130022,P8921120,ゼンメルワイス,,duplicate_episode_id
EP-251130022,P4ABFA9A,デカルト,,duplicate_episode_id
EP-251130022,PD1B48C5,エルヴィン・シュレーディンガー,,duplicate_episode_id
EP-251130022,P518B205,マックス・ボルン,,duplicate_episode_id
EP-251130022,P38F4CAC,タイコ・ブラーエ,,duplicate_episode_id
EP-251130022,P39D1E4B,ゴットフリート・ライプニッツ,,duplicate_episode_id
EP-251130022,PF2154C6,アンドレ・マリー・アンペア,,duplicate_episode_id
EP-251130022,P70A1255,ハインリッヒ・ヘルツ,,duplicate_episode_id
EP-251130022,PCDA6598,アントワーヌ・ラヴォアジエ,,duplicate_episode_id
EP-251130022,PEEE4921,ジョン・ダルトン,,duplicate_episode_id
EP-251130022,P96D3302,青色LED開発チーム,,duplicate_episode_id
EP-251130022,P437C035,ASIMO開発チーム,,duplicate_episode_id
EP-251130022,PB875522,甘利俊一,,duplicate_episode_id
EP-251130022,P2AC8021,田中好子,,duplicate_episode_id
EP-251130023,P5172E80,チャーリー・チャップリン,,duplicate_episode_id
EP-251130023,PEEAE42D,レオナルド・ディカプリオ,,duplicate_episode_id
EP-251130023,P32BB33,ジョン・レノン,,duplicate_episode_id
EP-251130023,P0FBF29E,ヒュー・グラント,,duplicate_episode_id
EP-251130023,P27F3D53,レイチェル・マクアダムス,,duplicate_episode_id
EP-251130023,P5767334,ジェイミー・フォックス,,duplicate_episode_id
EP-251130023,PC64AD36,キリアン・マーフィー,,duplicate_episode_id
EP-251130023,P4BDE86E,伊藤美咲,,duplicate_episode_id
EP-251130023,P9DC76A6,藤原竜也,,duplicate_episode_id
EP-251130023,P8B1BE7C,松岡昌宏,,duplicate_episode_id
EP-251130023,PAA2B45F,伊藤淳史,,duplicate_episode_id
EP-251130023,P689305E,玉山鉄二,,duplicate_episode_id
EP-251130023,P0C1793C,塚本高史,,duplicate_episode_id
EP-251130023,PF733BA6,宮藤官九郎,,duplicate_episode_id
EP-251130023,PA603B89,リース・ウィザースプーン,,duplicate_episode_id
EP-251130023,PEAF2E52,クリス・エヴァンス,,duplicate_episode_id
EP-251130023,P023444C,スカーレット・ヨハンソン,,duplicate_episode_id
EP-251130023,PB6035E9,ザック・エフロン,,duplicate_episode_id
EP-251130023,PADDB2D6,ケイラ・ナイトレイ,,duplicate_episode_id
EP-251130023,P37B9FE7,マット・デイモン,,duplicate_episode_id
EP-251130023,P611BC2D,ベン・アフレック,,duplicate_episode_id
EP-251130023,PD756B74,ヒュー・ジャックマン,,duplicate_episode_id
EP-251130023,P4832F96,ジェイク・ギレンホール,,duplicate_episode_id
EP-251130023,PDFBB148,ジェニファー・ガーナー,,duplicate_episode_id
EP-251130023,P27F3D53,レイチェル・マクアダムス,,duplicate_episode_id
EP-251130023,P9CC8ECE,キーラ・ナイトレイ,,duplicate_episode_id
EP-251130023,PDB6E67A,オーランド・ブルーム,,duplicate_episode_id
EP-251130023,P287BF9A,キーファー・サザーランド,,duplicate_episode_id
EP-251130023,P9025638,フォレスト・ウィテカー,,duplicate_episode_id
EP-251130023,P99143B2,ダニエル・デイ=ルイス,,duplicate_episode_id
EP-251130023,PF0D50E2,ショーン・ペン,,duplicate_episode_id
EP-251130023,PA6E4B33,エイミー・アダムス,,duplicate_episode_id
EP-251130023,P006A642,ビル・マーレイ,,duplicate_episode_id
EP-251130024,P20B599B,さくらんぼ,,duplicate_episode_id
EP-251130024,PEDDDC1C,安田美沙子,,duplicate_episode_id
EP-251130024,P787FA1D,エルビス・プレスリー,,duplicate_episode_id
EP-251130024,PA1898D6,スタンリー・キューブリック,,duplicate_episode_id
EP-251130024,PC2923E6,フランク・シナトラ,,duplicate_episode_id
EP-251130024,P57C1AF6,内田百閒,,duplicate_episode_id
EP-251130024,P88AE3E1,色川武大,,duplicate_episode_id
EP-251130024,PE350A2B,宮本常一,,duplicate_episode_id
EP-251130024,P54B090E,立原道造,,duplicate_episode_id
EP-251130024,PE6E15F2,中原淳一,,duplicate_episode_id
EP-251130024,PC821183,丸谷才一,,duplicate_episode_id
EP-251130024,PC9D952F,種村季弘,,duplicate_episode_id
EP-251130024,P0B3D944,澁澤龍彦,,duplicate_episode_id
EP-251130024,P641A725,眉村卓,,duplicate_episode_id
EP-251130024,P29B35AD,オクタビオ・パス,,duplicate_episode_id
EP-251130024,P99C89E9,ミラン・クンデラ,,duplicate_episode_id
EP-251130024,PF6A8D3E,ジャン・ジオノ,,duplicate_episode_id
EP-251130024,PFD846D1,レイモン・ラディゲ,,duplicate_episode_id
EP-251130024,P7999C0A,フランソワーズ・サガン,,duplicate_episode_id
EP-251130024,PFDC38B0,アナイス・ニン,,duplicate_episode_id
EP-251130024,P6011B55,マルグリット・デュラス,,duplicate_episode_id
EP-251130024,P0058EDD,フリオ・コルタサル,,duplicate_episode_id
EP-251130024,P17F08E6,レイナルド・アレナス,,duplicate_episode_id
EP-251130024,PD7365BD,セサル・アイラ,,duplicate_episode_id
EP-251130024,PAEB73EC,イザベラ・アジェンデ,,duplicate_episode_id
EP-251130024,PC5EF431,ロベルト・ボラーニョ,,duplicate_episode_id
EP-251130024,PB061003,パオロ・ジョルダーノ,,duplicate_episode_id
EP-251130025,PDBB26E1,ホルヘ・ルイス・ボルヘス,,duplicate_episode_id
EP-251130025,PEB29B9A,トヨタ自動車創業者豊田佐吉,,duplicate_episode_id
EP-251130025,PB4F7642,松島正昭,,duplicate_episode_id
EP-251130025,P2C0051B,味の素創業者池田菊苗,,duplicate_episode_id
EP-251130025,PFD78EEE,マクドナルド創業者レイ・クロック,,duplicate_episode_id
EP-251130025,PFDB5E8B,イケア創業者イングヴァル・カンプラード,,duplicate_episode_id
EP-251130025,P23CB539,ザラ創業者アマンシオ・オルテガ,,duplicate_episode_id
EP-251130025,PFFE9B42,ナイキ創業者フィル・ナイト,,duplicate_episode_id
EP-251130025,PDE9E9A6,スターバックス創業者ハワード・シュルツ,,duplicate_episode_id
EP-251130025,P1E012A3,デル創業者マイケル・デル,,duplicate_episode_id
EP-251130025,P791AF35,オラクル創業者ラリー・エリソン,,duplicate_episode_id
EP-251130025,PAD682A5,セールスフォース創業者マーク・ベニオフ,,duplicate_episode_id
EP-251130025,PBE5BF13,エアビーアンドビー創業者ブライアン・チェスキー,,duplicate_episode_id
EP-251130025,P6F60FA9,テスラ創業者イーロン・マスク,,duplicate_episode_id
EP-251130025,P46FB487,スペースX創業者イーロン・マスク,,duplicate_episode_id
EP-251130025,PB9E61F4,ヴァージン創業者リチャード・ブランソン,,duplicate_episode_id
EP-251130025,P6B043DB,バークシャー・ハサウェイ会長ウォーレン・バフェット,,duplicate_episode_id
EP-251130025,P35FA931,ソフトバンク創業者孫正義,,duplicate_episode_id
EP-251130025,P875467C,ファーストリテイリング会長柳井正,,duplicate_episode_id
EP-251130025,PFFE7371,セブンイレブン創業者鈴木敏文,,duplicate_episode_id
EP-251130025,PCD41A16,日産自動車元会長カルロス・ゴーン,,duplicate_episode_id
EP-251130025,P28165F7,キーエンス創業者滝崎武光,,duplicate_episode_id
EP-251130025,P43B3FBD,ソニー創業者井深大,,duplicate_episode_id
EP-251130025,P48DD33A,パナソニック創業者松下幸之助,,duplicate_episode_id
EP-251130026,P22213C9,二宮和也,,duplicate_episode_id
EP-251130026,P41FF181,宮崎あおい,,duplicate_episode_id
EP-251130026,PBCC77AA,マルコ・ヴェラッティ,,duplicate_episode_id
EP-251130026,P10D22AF,ズビグニェフ・ボニエク,,duplicate_episode_id
EP-251130026,P0CA275C,セルヒオ・ブスケツ,,duplicate_episode_id
EP-251130026,P2A9583C,アンヘル・ディ・マリア,,duplicate_episode_id
EP-251130026,P425115A,ヴィルジル・ファン・ダイク,,duplicate_episode_id
EP-251130026,P71BEF0D,サディオ・マネ,,duplicate_episode_id
EP-251130026,P6E6A6D7,ジョーダン・ヘンダーソン,,duplicate_episode_id
EP-251130026,P8B944E4,ケヴィン・デ・ブライネ,,duplicate_episode_id
EP-251130026,P131BF2D,ハリー・ケイン,,duplicate_episode_id
EP-251130026,P067C464,ヌーノ・メンデス,,duplicate_episode_id
EP-251130026,PA40D0AA,ペドロ・アコスタ,,duplicate_episode_id
EP-251130026,P9D590B6,稀勢の里寛,,duplicate_episode_id
EP-251130026,PF5A887D,中村光一,,duplicate_episode_id
EP-251130026,P8965139,前田健,,duplicate_episode_id
EP-251130026,P5420FBE,舞の海秀平,,duplicate_episode_id
EP-251130026,P8F6D70A,森末慎二,,duplicate_episode_id
EP-251130026,P524E2EE,輪島大士,,duplicate_episode_id
EP-251130026,P77BA0A1,千代大海龍二,,duplicate_episode_id
EP-251130026,PF1C4BC9,服部勇馬,,duplicate_episode_id
EP-251130026,PC60B884,谷川聡,,duplicate_episode_id
EP-251130026,PFCCAD6F,川内優輝,,duplicate_episode_id
EP-251130026,P2EB795A,水泳飛込み寺内健,,duplicate_episode_id
EP-251130026,P8ABDC2F,ゲイリー・プレーヤー,,duplicate_episode_id
EP-251130026,PB38CE8D,イアン・ソープ,,duplicate_episode_id
EP-251130026,PBCBF233,リンフォード・クリスティ,,duplicate_episode_id
EP-251130026,P9FBE62C,ピーター・シルクス,,duplicate_episode_id
EP-251130026,P1305D8F,ハッケンシュミット,,duplicate_episode_id
EP-251130026,P1A6151B,マルコ・パンターニ,,duplicate_episode_id
EP-251130026,PC645E3F,ヤン・ウルリッヒ,,duplicate_episode_id
EP-251130026,P1BD4896,レミー・ボンヤスキー,,duplicate_episode_id
EP-251130027,PBC3682D,トルストイ,,duplicate_episode_id
EP-251130027,PAA0EDAE,オーウェル,,duplicate_episode_id
EP-251130027,P393AE5A,ガルシア・マルケス,,duplicate_episode_id
EP-251130027,P07D0243,ディケンズ,,duplicate_episode_id
EP-251130027,P72F314E,チェーホフ,,duplicate_episode_id
EP-251130027,PC631F74,服部良一,,duplicate_episode_id
EP-251130027,PC6DDCB6,古賀政男,,duplicate_episode_id
EP-251130027,P9EA2571,中山晋平,,duplicate_episode_id
EP-251130027,P1D70908,山田耕筰,,duplicate_episode_id
EP-251130027,P763B855,滝廉太郎,,duplicate_episode_id
EP-251130027,P33A2F1E,平原まこと,,duplicate_episode_id
EP-251130027,PF8563AB,エディ・ヴァン・ヘイレン,,duplicate_episode_id
EP-251130027,P24F152F,リッチー・ブラックモア,,duplicate_episode_id
EP-251130027,P6781967,イングヴェイ・マルムスティーン,,duplicate_episode_id
EP-251130027,P7126BDD,スラッシュ,,duplicate_episode_id
EP-251130027,PBC348C5,アクセル・ローズ,,duplicate_episode_id
EP-251130027,P6595309,レニー・クラヴィッツ,,duplicate_episode_id
EP-251130027,P28DE1FE,ジョン・フルシアンテ,,duplicate_episode_id
EP-251130027,PA33937B,アンソニー・キーディス,,duplicate_episode_id
EP-251130027,P03B629B,フリー,,duplicate_episode_id
EP-251130027,P5015667,ザック・デ・ラ・ロチャ,,duplicate_episode_id
EP-251130027,P6457BDD,トム・モレロ,,duplicate_episode_id
EP-251130027,PB08BBFF,モービー,,duplicate_episode_id
EP-251130027,P1032E8B,ケミカル・ブラザーズ,,duplicate_episode_id
EP-251130027,PC4F09F2,アンダーワールド,,duplicate_episode_id
EP-251130027,PDA202F0,プロディジー,,duplicate_episode_id
EP-251130027,P571C5CC,ファットボーイ・スリム,,duplicate_episode_id
EP-251130027,PF1BA457,ポール・オークンフォルド,,duplicate_episode_id
EP-251130027,P5A2324C,一十三十一,,duplicate_episode_id
EP-251130028,P5EAC013,さんま,,duplicate_episode_id
EP-251130028,P65A55B5,ジェームズ・キャメロン,,duplicate_episode_id
EP-251130028,P05E161B,大谷昭宏,,duplicate_episode_id
EP-251130028,P6901CA4,金田正泰,,duplicate_episode_id
EP-251130028,PC70BAC6,江本孟紀,,duplicate_episode_id
EP-251130028,P62C3403,掛布雅之,,duplicate_episode_id
EP-251130028,P84ACF7F,岡田彰布,,duplicate_episode_id
EP-251130028,P7AC63D3,権田修一,,duplicate_episode_id
EP-251130028,P7FAA8BE,酒井宏樹,,duplicate_episode_id
EP-251130028,P87A5170,田中陽子,,duplicate_episode_id
EP-251130028,P58923CD,木村沙織,,duplicate_episode_id
EP-251130028,P7DC6277,大林素子,,duplicate_episode_id
EP-251130028,P783A8BB,浅野拓磨,,duplicate_episode_id
EP-251130028,P25B2939,東尾理子,,duplicate_episode_id
EP-251130028,P7503ECD,古閑美保,,duplicate_episode_id
EP-251130028,PB75ECE9,有村智恵,,duplicate_episode_id
EP-251130028,PF373260,竹原慎二,,duplicate_episode_id
EP-251130028,P572F93D,畑山隆則,,duplicate_episode_id
EP-251130028,PE9E63B5,セルヒオ・ラモス,,duplicate_episode_id
EP-251130028,PC046A0C,ケビン・デ・ブライネ,,duplicate_episode_id
EP-251130028,PD9053A5,ヴィラット・コーリ,,duplicate_episode_id
EP-251130028,P41316B0,ロジャー・クレメンス,,duplicate_episode_id
EP-251130028,PF35F4AD,アレックス・ロドリゲス,,duplicate_episode_id
EP-251130028,PCADF868,ランディ・ジョンソン,,duplicate_episode_id
EP-251130028,P1FA4188,シモーナ・ハレプ,,duplicate_episode_id
EP-251130028,PBE2507B,ガルビネ・ムグルサ,,duplicate_episode_id
EP-251130028,PC58039F,カロリーナ・プリスコバ,,duplicate_episode_id
EP-251130028,P60EA7E4,アンジェリク・ケルバー,,duplicate_episode_id
EP-251130028,P2F399C9,ダニエル・リカルド,,duplicate_episode_id
EP-251130028,P8824515,マックス・フェルスタッペン,,duplicate_episode_id
EP-251130028,PFF26C1F,金田一京助,,duplicate_episode_id
EP-251130028,P29080E7,マックス・ウェーバー,,duplicate_episode_id
EP-251130028,PEAB6E25,スティーブン・ピンカー,,duplicate_episode_id
EP-251130028,P2D8B3D6,丸山真男,,duplicate_episode_id
EP-251130028,PD673309,レヴィ=ストロース,,duplicate_episode_id
EP-251130028,P6742861,三浦朱門,,duplicate_episode_id
EP-251130028,P982092B,喜安朗,,duplicate_episode_id
EP-251130028,PFC43783,ミシェル・フーコー,,duplicate_episode_id
EP-251130028,P102B153,ユルゲン・ハーバーマス,,duplicate_episode_id
EP-251130028,PCA3BA90,エドワード・サイード,,duplicate_episode_id
EP-251130028,PEA55556,ベネディクト・アンダーソン,,duplicate_episode_id
EP-251130028,PF2A1E17,エドガー・シャイン,,duplicate_episode_id
EP-251130028,P478E81B,アマルティア・セン,,duplicate_episode_id
EP-251130028,P2E81B3E,ルース・ベネディクト,,duplicate_episode_id
EP-251130028,P1CC2643,筒井康隆,,duplicate_episode_id
EP-251130028,P3E0B25C,河合雅雄,,duplicate_episode_id
EP-251130028,PC373200,青木薫,,duplicate_episode_id
EP-251130028,P4D7C57B,黒田東彦,,duplicate_episode_id
EP-251130028,P47992D0,土井美和子,,duplicate_episode_id
EP-251130028,P6EC1FF3,ヴェルナー・ハイゼンベルク,,duplicate_episode_id
EP-251130028,PA6C915E,エンリコ・フェルミ,,duplicate_episode_id
EP-251130028,P4327AFA,チム・バーナーズ=リー,,duplicate_episode_id
EP-251130028,PDF93CB1,エドガー・ダイクストラ,,duplicate_episode_id
EP-251130028,P3885DF9,中沢正隆,,duplicate_episode_id
EP-251130029,PE66FAD9,市川團十郎,,duplicate_episode_id
EP-251130029,PE2FAD8,スティーヴン・キング,,duplicate_episode_id
EP-251130029,P19D6ABF,ジョージ・R・R・マーティン,,duplicate_episode_id
EP-251130029,PA1898D6,スタンリー・キューブリック,,duplicate_episode_id
EP-251130029,PE3107ED,リドリー・スコット,,duplicate_episode_id
EP-251130029,PC386F03,ジェームズ・ホーナー,,duplicate_episode_id
EP-251130029,P84628A9,ハンス・ジマー,,duplicate_episode_id
EP-251130029,P2D1FC7B,ダニー・エルフマン,,duplicate_episode_id
EP-251130029,PE436FE2,江角マキコ,,duplicate_episode_id
EP-251130029,PD1E9EA3,窪田正孝,,duplicate_episode_id
EP-251130029,P9914F36,高橋一生,,duplicate_episode_id
EP-251130029,P303BA9C,松岡茉優,,duplicate_episode_id
EP-251130029,P5E359EC,森七菜,,duplicate_episode_id
EP-251130029,P6C2D45F,平手友梨奈,,duplicate_episode_id
EP-251130029,P1C82BEE,白石麻衣,,duplicate_episode_id
EP-251130029,P059F982,齋藤飛鳥,,duplicate_episode_id
EP-251130029,PF70558C,真剣佑,,duplicate_episode_id
EP-251130029,P5D09B13,野村周平,,duplicate_episode_id
EP-251130029,P7006AEF,岸谷五朗,,duplicate_episode_id
EP-251130029,PC9EE877,田中要次,,duplicate_episode_id
EP-251130029,P1679182,坂上忍,,duplicate_episode_id
EP-251130029,PE2491ED,藤木直人,,duplicate_episode_id
EP-251130029,PEE8C5EA,桑名正博,,duplicate_episode_id
EP-251130029,PC9DF800,片岡鶴太郎,,duplicate_episode_id
EP-251130029,P4F8D9AE,いかりや長介,,duplicate_episode_id
EP-251130029,PA221EBD,志垣太郎,,duplicate_episode_id
EP-251130029,P149F628,松平健,,duplicate_episode_id
EP-251130029,P729B510,沢田研二,,duplicate_episode_id
EP-251130029,PCC2402C,郷ひろみ,,duplicate_episode_id
EP-251130029,P17DBD4A,リチャード・スタルマン,,duplicate_episode_id
EP-251130029,P3FBF46E,黒川温,,duplicate_episode_id
EP-251130029,P7F05098,西垣通,,duplicate_episode_id
EP-251130029,PDE15305,アルフレッド・ウォレス,,duplicate_episode_id
EP-251130029,PE551969,坂井利之,,duplicate_episode_id
EP-251130029,P6CCFE0A,岡野栄之,,duplicate_episode_id
EP-251130029,P02B40D5,竹内啓,,duplicate_episode_id
EP-251130029,P5A8280A,中島秀之,,duplicate_episode_id
EP-251130029,P0FF51E0,アレクサンダー・ボロディン,,duplicate_episode_id
EP-251130029,PC2A5FD4,佐藤健太郎,,duplicate_episode_id
EP-251130029,PF94E3CF,安田幸一,,duplicate_episode_id
EP-251130029,P5DCF43B,エミー・ネーター,,duplicate_episode_id
EP-251130029,PE71B587,近藤滋,,duplicate_episode_id
EP-251130029,P47C92B8,グスタフ・キルヒホフ,,duplicate_episode_id
EP-251130029,P822BCE9,柳田充弘,,duplicate_episode_id
EP-251130029,PFBADADA,ジョゼフ・フーリエ,,duplicate_episode_id
EP-251130029,PA64F66B,河岡義裕,,duplicate_episode_id
EP-251130029,P5C4D618,ジョン・バード,,duplicate_episode_id
EP-251130029,P4ABF365,ジョルジュ・ルメートル,,duplicate_episode_id
EP-251130030,P339AF3E,クエンティン・タランティーノ,,duplicate_episode_id
EP-251130030,PE261076,アデル,,duplicate_episode_id
EP-251130030,PD1143AA,ジョン・ウィリアムズ,,duplicate_episode_id
EP-251130030,P123562,エルトン・ジョン,,duplicate_episode_id
EP-251130030,P1414A45,沢村一樹,,duplicate_episode_id
EP-251130030,PAE75401,吉田羊,,duplicate_episode_id
EP-251130030,P1A44701,仲里依紗,,duplicate_episode_id
EP-251130030,P13EBABC,三浦友和,,duplicate_episode_id
EP-251130030,PB540E27,デヴィ夫人,,duplicate_episode_id
EP-251130030,PF04206C,八嶋智人,,duplicate_episode_id
EP-251130030,PF5EB8D9,大竹まこと,,duplicate_episode_id
EP-251130030,PA3A5120,ほっしゃん。,,duplicate_episode_id
EP-251130030,PDC6ADB6,ラサール石井,,duplicate_episode_id
EP-251130030,PFC86959,つまみ枝豆,,duplicate_episode_id
EP-251130030,PBD87372,浅草キッド,,duplicate_episode_id
EP-251130030,P972C987,クリスティアーノ・ロナウド,,duplicate_episode_id
EP-251130030,PEC7974C,リオネル・メッシ,,duplicate_episode_id
EP-251130030,PDB708B3,レブロン・ジェームズ,,duplicate_episode_id
EP-251130030,PB8BE564,コービー・ブライアント,,duplicate_episode_id
EP-251130030,P5122D20,ラファエル・ナダル,,duplicate_episode_id
EP-251130030,PBF3E00E,ノバク・ジョコビッチ,,duplicate_episode_id
EP-251130030,PFDF7A0B,ウサイン・ボルト,,duplicate_episode_id
EP-251130030,P7FB205A,マイケル・フェルプス,,duplicate_episode_id
EP-251130030,PFAB8241,シモーン・バイルズ,,duplicate_episode_id
EP-251130030,P1F22070,トム・ブレイディ,,duplicate_episode_id
EP-251130030,P8DA8C7B,ウェイン・グレツキー,,duplicate_episode_id
EP-251130030,P75966DE,シャキール・オニール,,duplicate_episode_id
EP-251130030,PFE0B530,デヴィッド・ベッカム,,duplicate_episode_id
EP-251130030,P01AC30C,Zlatan Ibrahimović,,duplicate_episode_id
EP-251130030,P06D3588,ネイマール・ジュニオール,,duplicate_episode_id
EP-251130030,P8DEB733,Kylian Mbappé,,duplicate_episode_id
EP-251130030,P487526C,ステフィン・カリー,,duplicate_episode_id
EP-251130030,P6327068,ケビン・デュラント,,duplicate_episode_id
EP-251130030,P48007C9,ヤニス・アデトクンボ,,duplicate_episode_id
EP-251130031,P5CD351D,岩井俊二,,duplicate_episode_id
EP-251130031,P9ADF126,鈴木忠志,,duplicate_episode_id
EP-251130031,PA1898D6,スタンリー・キューブリック,,duplicate_episode_id
EP-251130031,P1E57577,テネシー・ウィリアムズ,,duplicate_episode_id
EP-251130031,PE8A55DA,夏目友人帳・緑川ゆき,,duplicate_episode_id
EP-251130031,P4A400B8,新房昭之,,duplicate_episode_id
EP-251130031,PF04C2C5,坂元裕二,,duplicate_episode_id
EP-251130031,P8B3F8B4,奥浩哉,,duplicate_episode_id
EP-251130031,P7BB6434,小田切譲,,duplicate_episode_id
EP-251130031,P171225B,田島昭宇,,duplicate_episode_id
EP-251130031,P5495248,浅野いにお,,duplicate_episode_id
EP-251130031,P399A1DB,田中圭一,,duplicate_episode_id
EP-251130031,PB1BA6F0,福本伸行,,duplicate_episode_id
EP-251130031,P7FB13C4,トーマス・ハリス,,duplicate_episode_id
EP-251130031,P7E65AD9,ニール・ゲイマン,,duplicate_episode_id
EP-251130031,PDFEC810,アラン・ムーア,,duplicate_episode_id
EP-251130031,PC51C671,フランク・ミラー,,duplicate_episode_id
EP-251130031,PE7F8A67,トッド・マクファーレン,,duplicate_episode_id
EP-251130031,PFA41490,ティム・ボートン,,duplicate_episode_id
EP-251130032,P95DECD5,松本潤,,duplicate_episode_id
EP-251130032,PD38615B,ロバート・ダウニー・ジュニア,,duplicate_episode_id
EP-251130032,P1705386,マイケル・ベイ,,duplicate_episode_id
EP-251130032,PCEF1569,イドリス・エルバ,,duplicate_episode_id
EP-251130032,P10DABF6,ザック・スナイダー,,duplicate_episode_id
EP-251130032,P3808D56,田中裕子,,duplicate_episode_id
EP-251130032,P9546B3C,稲森いずみ,,duplicate_episode_id
EP-251130032,P48B516D,観月ありさ,,duplicate_episode_id
EP-251130032,P3808D56,田中裕子,,duplicate_episode_id
EP-251130032,P28DDBA6,オスカー・アイザック,,duplicate_episode_id
EP-251130032,P738355F,ドナルド・グローヴァー,,duplicate_episode_id
EP-251130032,P8E8C84C,市川中車,,duplicate_episode_id
EP-251130032,P55E13E9,串田和美,,duplicate_episode_id
EP-251130032,PA87A924,鴻上尚史,,duplicate_episode_id
EP-251130032,PAE045D2,安藤サクラ,,duplicate_episode_id
EP-251130032,P3808D56,田中裕子,,duplicate_episode_id
EP-251130032,P32DCFA7,田口浩正,,duplicate_episode_id
EP-251130032,P9CCDD33,板谷由夏,,duplicate_episode_id
EP-251130032,P9303EDE,石橋凌,,duplicate_episode_id
EP-251130032,PCB93473,木村多江,,duplicate_episode_id
EP-251130032,PA457E72,段田安則,,duplicate_episode_id
EP-251130032,PC98413C,白石和彌,,duplicate_episode_id
EP-251130032,P6E050E2,岡田惠和,,duplicate_episode_id
EP-251130032,P13061C8,矢口史靖,,duplicate_episode_id
EP-251130032,P97F3D64,ジェームズ・ディーン,,duplicate_episode_id
EP-251130032,P22BF022,ポール・ニューマン,,duplicate_episode_id
EP-251130032,P4B6FDF6,グレゴリー・ペック,,duplicate_episode_id
EP-251130032,P71A6560,ジミー・スチュワート,,duplicate_episode_id
EP-251130032,P61266E1,ベティ・デイヴィス,,duplicate_episode_id
EP-251130032,P0B18FD1,ケーリー・グラント,,duplicate_episode_id
EP-251130032,P48EA2A5,ハンフリー・ボガート,,duplicate_episode_id
EP-251130032,PE4CFCC5,クラーク・ゲーブル,,duplicate_episode_id
EP-251130033,P1278EF8,秋元康,,duplicate_episode_id
EP-251130033,PD58FEE3,ボブ・ディラン,,duplicate_episode_id
EP-251130033,P6B8FC27,徳川尊康,,duplicate_episode_id
EP-251130033,P757881B,平安時代の藤原頼通,,duplicate_episode_id
EP-251130033,P134A546,源義家,,duplicate_episode_id
EP-251130033,PA816B5E,北条時政,,duplicate_episode_id
EP-251130033,PAABFBD5,足利義輝,,duplicate_episode_id
EP-251130033,P981A1F8,織田信秀,,duplicate_episode_id
EP-251130033,P8998A23,毛利元就,,duplicate_episode_id
EP-251130033,P752ACC2,島津義久,,duplicate_episode_id
EP-251130033,P119492A,本多忠勝,,duplicate_episode_id
EP-251130033,PF880C3F,桂小太郎,,duplicate_episode_id
EP-251130033,P76F8493,大村益次郎,,duplicate_episode_id
EP-251130033,P5701315,井伊直弼,,duplicate_episode_id
EP-251130033,P3A64118,ルートヴィヒ・ヴァン・ベートーヴェン,,duplicate_episode_id
EP-251130033,P1DFEF43,ヴォルフガング・アマデウス・モーツァルト,,duplicate_episode_id
EP-251130033,PB6418FB,ヨハン・セバスチャン・バッハ,,duplicate_episode_id
EP-251130034,P5577B57,中臣鎌足,,duplicate_episode_id
EP-251130034,P384B818,諸葛亮,,duplicate_episode_id
EP-251130034,P4BE5BD3,田中将人,,duplicate_episode_id
EP-251130034,P56F71D0,吉川尚輝,,duplicate_episode_id
EP-251130034,P5045016,増田明美,,duplicate_episode_id
EP-251130034,P57F0FE2,瀬古利彦,,duplicate_episode_id
EP-251130034,P0761E2F,千葉真子,,duplicate_episode_id
EP-251130034,PE8CAFC4,田島寧子,,duplicate_episode_id
EP-251130034,P99E40F1,中澤佑二,,duplicate_episode_id
EP-251130034,PEF94DEE,川口能活,,duplicate_episode_id
EP-251130034,P64EB5D3,楢崎正剛,,duplicate_episode_id
EP-251130034,P5D98E97,土肥洋一,,duplicate_episode_id
EP-251130034,P1C0B7AC,曙太郎,,duplicate_episode_id
EP-251130034,PF5FE4F2,武蔵丸光洋,,duplicate_episode_id
EP-251130034,PA1930DE,スティーブ・ナッシュ,,duplicate_episode_id
EP-251130034,PA7C642B,アレン・アイバーソン,,duplicate_episode_id
EP-251130034,P9486F23,ヴィンス・カーター,,duplicate_episode_id
EP-251130034,PC3E6B7D,デビッド・ロビンソン,,duplicate_episode_id
EP-251130034,P58D0BD3,スコッティ・ピッペン,,duplicate_episode_id
EP-251130034,P8029BC3,デニス・ロッドマン,,duplicate_episode_id
EP-251130034,P6D2250A,カール・マローン,,duplicate_episode_id
EP-251130034,P2C23700,ジョン・ストックトン,,duplicate_episode_id
EP-251130034,PB09D2E3,リバウド,,duplicate_episode_id
EP-251130034,P6B49777,ロマーリオ,,duplicate_episode_id
EP-251130034,PF91C5C8,ベベット,,duplicate_episode_id
EP-251130034,PCDA427C,カフー,,duplicate_episode_id
EP-251130035,P32BB33,ジョン・レノン,,duplicate_episode_id
EP-251130035,P618FF60,伊集院静,,duplicate_episode_id
EP-251130035,PE9D472F,高田郁,,duplicate_episode_id
EP-251130035,PCCE30E6,葉室麟,,duplicate_episode_id
EP-251130035,P5E8DDCE,白石一文,,duplicate_episode_id
EP-251130035,PA23D686,真藤順丈,,duplicate_episode_id
EP-251130035,P65FE5D3,津本陽,,duplicate_episode_id
EP-251130035,P4B6D799,J.D.サリンジャー,,duplicate_episode_id
EP-251130035,P913E0E9,ミヒャエル・エンデ,,duplicate_episode_id
EP-251130035,P26B3EED,レイ・ブラッドベリ,,duplicate_episode_id
EP-251130035,P60EE1CA,アイザック・アシモフ,,duplicate_episode_id
EP-251130035,PE977194,ウィリアム・ギブソン,,duplicate_episode_id
EP-251130035,P4BB7353,マーガレット・ミッチェル,,duplicate_episode_id
EP-251130035,P4DF6135,ハーパー・リー,,duplicate_episode_id
EP-251130035,P327B190,テリー・ギリアム,,duplicate_episode_id
EP-251130035,P9FC6D63,三池崇史,,duplicate_episode_id
EP-251130036,P32BB33,ジョン・レノン,,duplicate_episode_id
EP-251130036,PC2923E6,フランク・シナトラ,,duplicate_episode_id
EP-251130036,P9F14BD8,ホリエモン,,duplicate_episode_id
EP-251130036,P39CF97B,エリザベス・ウォーレン,,duplicate_episode_id
EP-251130036,PCEEAB7A,アレクサンドリア・オカシオ=コルテス,,duplicate_episode_id
EP-251130036,P123ABD7,カマラ・ハリス,,duplicate_episode_id
EP-251130036,P4989CD7,ミット・ロムニー,,duplicate_episode_id
EP-251130036,PC020D39,テッド・クルーズ,,duplicate_episode_id
EP-251130036,P398A565,マイク・ペンス,,duplicate_episode_id
EP-251130036,P3714111,ロン・デサンティス,,duplicate_episode_id
EP-251130036,P8C0E4D0,ミシェル・オバマ,,duplicate_episode_id
EP-251130036,P10D93D9,田中裕介,,duplicate_episode_id
EP-251130036,P0318962,加藤勝信,,duplicate_episode_id
EP-251130036,P79CADE8,西田昌司,,duplicate_episode_id
EP-251130036,PDB1EAC7,茂木敏充,,duplicate_episode_id
EP-251130036,P8A39FDE,松野博一,,duplicate_episode_id
EP-251130036,PBB8AF54,萩生田光一,,duplicate_episode_id
EP-251130036,P79B8A0F,高市早苗,,duplicate_episode_id
EP-251130036,P95FCF4D,稲田朋美,,duplicate_episode_id
EP-251130036,PAC0FC1A,世耕弘成,,duplicate_episode_id
EP-251130036,PA7D056F,塩崎恭久,,duplicate_episode_id
EP-251130036,P9E1F124,岸田文雄夫人,,duplicate_episode_id
EP-251130036,P0B2BE0F,野田毅,,duplicate_episode_id
EP-251130036,PAAFFD00,田村憲久,,duplicate_episode_id
EP-251130036,P32BA0F0,アレクサンドル・ルカシェンコ,,duplicate_episode_id
EP-251130036,P03F1EBE,教皇フランシスコ,,duplicate_episode_id
EP-251130036,P4E268D9,キング・チャールズ3世,,duplicate_episode_id
EP-251130036,P3D2178E,ヤシル・アラファト,,duplicate_episode_id
EP-251130036,P8103ECF,コリン・パウエル,,duplicate_episode_id
EP-251130036,P86660B1,ハンス・ディートリヒ・ゲンシャー,,duplicate_episode_id
EP-251130036,PD791BC2,レフ・ワレサ,,duplicate_episode_id
EP-251130036,P98B62C4,ヴァーツラフ・ハヴェル,,duplicate_episode_id
EP-251130037,P13C05FB,伊丹十三,,duplicate_episode_id
EP-251130037,PE83B4A3,松竹梅子,,duplicate_episode_id
EP-251130037,P3159F6D,アキラ・クロサワ,,duplicate_episode_id
EP-251130037,P6EC69A9,イングマール・ベルイマン,,duplicate_episode_id
EP-251130037,P11C54F4,鈴木貴男,,duplicate_episode_id
EP-251130037,P57C003C,中村恒也,,duplicate_episode_id
EP-251130037,P61D9E21,ジョン・D・ロックフェラー・ジュニア,,duplicate_episode_id
EP-251130037,P7698747,サム・ウォルトン,,duplicate_episode_id
EP-251130037,PFFC2B43,イングヴァル・カンプラード,,duplicate_episode_id
EP-251130037,PD10022A,正力松太郎,,duplicate_episode_id
EP-251130037,PBACE248,岡田茂吉,,duplicate_episode_id
EP-251130037,P737EB28,新井将敬,,duplicate_episode_id
EP-251130037,P6A2DEB6,金丸信,,duplicate_episode_id
EP-251130037,PD4F67B4,竹村健一,,duplicate_episode_id
EP-251130037,PF09D3AA,宮澤喜一,,duplicate_episode_id
EP-251130037,P4797C8A,羽田孜,,duplicate_episode_id
EP-251130037,P88A2240,ジェフ・ベイゾス,,duplicate_episode_id
EP-251130037,P0D2B5A9,井上弘,,duplicate_episode_id
EP-251130037,PF5734F6,豊田英二,,duplicate_episode_id
EP-251130037,PC14193F,森下仁丹,,duplicate_episode_id
EP-251130037,P0C6F2FB,西川善文,,duplicate_episode_id
EP-251130037,P2B192EB,永田町子,,duplicate_episode_id
EP-251130037,P9B01073,中嶋常雄,,duplicate_episode_id
EP-251130037,PCDE4D15,樋口武男,,duplicate_episode_id
EP-251130037,PD86259D,福嶋康博,,duplicate_episode_id
EP-251130037,P0E7B103,増田宗昭,,duplicate_episode_id
EP-251130037,P64FEF30,宮内庁長官,,duplicate_episode_id
EP-251130037,PDBC47D2,江頭豊,,duplicate_episode_id
EP-251130037,P7C7C702,稲川素子,,duplicate_episode_id
EP-251130037,P3347BB1,竹内弘高,,duplicate_episode_id
EP-251130037,P36AF516,ジェフリー・プレストン・ベゾス,,duplicate_episode_id
EP-251130037,P118D606,イーロン・リーヴ・マスク,,duplicate_episode_id
EP-251130037,PE2C5E81,マイケル・ルービン・ブルームバーグ,,duplicate_episode_id
EP-251130037,PC8CD5A8,スティーブン・ポール・ジョブズ,,duplicate_episode_id
EP-251130038,PDE9442F,ウィリアム・シェイクスピア,,duplicate_episode_id
EP-251130038,P1AA60EA,チャールズ・ディケンズ,,duplicate_episode_id
EP-251130038,PC03E0F4,マーク・トウェイン,,duplicate_episode_id
EP-251130038,P2595B54,アーネスト・ヘミングウェイ,,duplicate_episode_id
EP-251130038,P184FE24,ヴァージニア・ウルフ,,duplicate_episode_id
EP-251130038,P8E6D623,ジョージ・オーウェル,,duplicate_episode_id
EP-251130038,P76108A7,J・K・ローリング,,duplicate_episode_id
EP-251130038,P75F85C7,Gabriel García Márquez,,duplicate_episode_id
EP-251130038,PE019053,アガサ・クリスティー,,duplicate_episode_id
EP-251130038,P4BD0257,レフ・トルストイ,,duplicate_episode_id
EP-251130038,P6663CD5,ジェーン・オースティン,,duplicate_episode_id
EP-251130038,P1AA303B,中尾隆聖,,duplicate_episode_id
EP-251130038,P4743773,坂本真綾,,duplicate_episode_id
EP-251130038,PF6F3B4D,植田佳奈,,duplicate_episode_id
EP-251130038,PBCEB6E8,堀越耕平,,duplicate_episode_id
EP-251130038,PE83B7DC,板垣恵介,,duplicate_episode_id
EP-251130038,PFBE5291,ブラッド・バード,,duplicate_episode_id
EP-251130038,P594A3A5,岩田聡,,duplicate_episode_id
EP-251130038,PFFB51F3,稲葉敦志,,duplicate_episode_id
EP-251130038,P9C286F8,谷口悟朗,,duplicate_episode_id
EP-251130038,PAE07166,河森正治,,duplicate_episode_id
EP-251130038,PB851244,雷句誠,,duplicate_episode_id
EP-251130038,P569EDC7,真島ヒロ,,duplicate_episode_id
EP-251130038,P8057B58,三浦建太郎,,duplicate_episode_id
EP-251130038,PE83B7DC,板垣恵介,,duplicate_episode_id
EP-251130038,P14053E9,水島新司,,duplicate_episode_id
EP-251130038,PD40D4F1,美樹本晴彦,,duplicate_episode_id
EP-251130038,P2E72B7A,貞本義行,,duplicate_episode_id
EP-251130038,PDA2A7A9,水島精二,,duplicate_episode_id
EP-251130038,P1F8137C,佐藤順一,,duplicate_episode_id
EP-251130038,PBB81CA5,稲田浩司,,duplicate_episode_id
EP-251130038,PB41601E,チャールズ・M・シュルツ,,duplicate_episode_id
EP-251130038,P3ABB32C,ジム・デイビス,,duplicate_episode_id
EP-251130038,PCD9772C,Hergé,,duplicate_episode_id
EP-251130038,P48AB516,René Goscinny,,duplicate_episode_id
EP-251130038,PFBE5291,ブラッド・バード,,duplicate_episode_id
EP-251130038,PADDA555,ピート・ドクター,,duplicate_episode_id
EP-251130038,P28BB228,ジョン・クリックファルーシ,,duplicate_episode_id
EP-251130038,P4FA90DA,稲垣理一郎,,duplicate_episode_id
EP-251130038,PBC21E64,ワン,,duplicate_episode_id
EP-251130038,PD93E3A5,田中芳樹,,duplicate_episode_id
EP-251130039,PC6610E0,鶴田浩二,,duplicate_episode_id
EP-251130039,P4C78B64,城山三郎,,duplicate_episode_id
EP-251130039,P023411B,新田次郎,,duplicate_episode_id
EP-251130039,P64A4A06,水上勉,,duplicate_episode_id
EP-251130039,P34A7B6E,山本周五郎,,duplicate_episode_id
EP-251130039,P9AF74A8,藤子不二雄,,duplicate_episode_id
EP-251130039,PEF5FCD2,岡本かの子,,duplicate_episode_id
EP-251130039,P19B2626,里見弴,,duplicate_episode_id
EP-251130039,PB0508DF,埴谷雄高,,duplicate_episode_id
EP-251130039,P81FA5FD,シャルル・ボードレール,,duplicate_episode_id
EP-251130039,P86CE01E,アーサー・コナン・ドイル,,duplicate_episode_id
EP-251130039,PAA4ADEA,シモーヌ・ド・ボーヴォワール,,duplicate_episode_id
EP-251130039,P14914BA,ジャック・ケルアック,,duplicate_episode_id
EP-251130039,P6BB3101,ラングストン・ヒューズ,,duplicate_episode_id
EP-251130039,PEDAD5A5,アーサー・ミラー,,duplicate_episode_id
EP-251130039,P19DD7E8,オルダス・ハクスリー,,duplicate_episode_id
EP-251130039,P60EE1CA,アイザック・アシモフ,,duplicate_episode_id
EP-251130039,PB00BB78,ロアルド・ダール,,duplicate_episode_id
EP-251130039,P4DF6135,ハーパー・リー,,duplicate_episode_id
EP-251130039,P26A5A42,トルーマン・カポーティ,,duplicate_episode_id
EP-251130039,PE19F379,ジャック・ロンドン,,duplicate_episode_id
EP-251130039,P2FCB331,アイン・ランド,,duplicate_episode_id
EP-251130041,P76D1E99,スタン・リー,,duplicate_episode_id
EP-251130041,PC3EB8E4,尾崎裕哉,,duplicate_episode_id
EP-251130041,P35D91E4,岡田奈々,,duplicate_episode_id
EP-251130041,P07CEE9A,草野マサムネ,,duplicate_episode_id
EP-251130041,PCD42F3A,ケイティ・ペリー,,duplicate_episode_id
EP-251130041,P199D4EF,鬼龍院翔,,duplicate_episode_id
EP-251130041,P770724A,つじあやの,,duplicate_episode_id
EP-251130041,PED65250,チャーリー・プース,,duplicate_episode_id
EP-251130041,P1E6A5EA,竹原ピストル,,duplicate_episode_id
EP-251130041,PF6082AB,ルイス・フォンシ,,duplicate_episode_id
EP-251130041,P7763355,ダオコ,,duplicate_episode_id
EP-251130041,P0EE7A97,森川美穂,,duplicate_episode_id
EP-251130041,P28BE742,甘茶の音楽工房,,duplicate_episode_id
EP-251130041,P9A9204E,尾崎亜美,,duplicate_episode_id
EP-251130041,PD1F4115,佐野元春,,duplicate_episode_id
EP-251130041,P677739C,世良譲,,duplicate_episode_id
EP-251130041,PE3B4CF2,加藤和彦,,duplicate_episode_id
EP-251130041,P84628A9,ハンス・ジマー,,duplicate_episode_id
EP-251130041,P80CB42B,エルヴィス・コステロ,,duplicate_episode_id
EP-251130041,P1FCC221,新垣隆,,duplicate_episode_id
EP-251130041,P1FC1E03,すぎやまこういち,,duplicate_episode_id
EP-251130041,PB893FC1,服部克久,,duplicate_episode_id
EP-251130041,PE3C4D85,梶浦由記,,duplicate_episode_id
EP-251130041,P446591C,川井憲次,,duplicate_episode_id
EP-251130041,PBC31307,菅野よう子,,duplicate_episode_id
EP-251130042,PDE061DF,向井理,,duplicate_episode_id
EP-251130042,P09488A6,レディー・ガガ,,duplicate_episode_id
EP-251130042,P9735E18,間宮海峡発見者・間宮林蔵の弟子,,duplicate_episode_id
EP-251130042,P3DC0FF4,ジョン・ハント,,duplicate_episode_id
EP-251130042,PBA3236A,モーリス・エルツォーグ,,duplicate_episode_id
EP-251130042,PEFEF6D5,ジョージ・マロリー,,duplicate_episode_id
EP-251130042,P17905DF,レイナード・ハバード,,duplicate_episode_id
EP-251130042,P2340798,スヴェン・ヘディン,,duplicate_episode_id
EP-251130042,P6D46023,リチャード・フランシス・バートン,,duplicate_episode_id
EP-251130042,P5CD1B50,アレクサンダー・マッケンジー,,duplicate_episode_id
EP-251130042,PF59F487,フリチョフ・ナンセン,,duplicate_episode_id
EP-251130042,P824855F,オットー・ノルデンショルド,,duplicate_episode_id
EP-251130042,P2ED15D4,ダグラス・モーソン,,duplicate_episode_id
EP-251130042,P1DBFC45,アドリアン・ド・ゲルラシュ,,duplicate_episode_id
EP-251130042,P5C7ACB5,ヤコブス・カペテイン,,duplicate_episode_id
EP-251130042,P1B152CE,服部半蔵,,duplicate_episode_id
EP-251130042,P7395AA4,藤原審爾,,duplicate_episode_id
EP-251130042,PFFAC19E,大島康徳,,duplicate_episode_id
EP-251130042,P330D77A,笹峯愛,,duplicate_episode_id
EP-251130042,P5FA0AE6,高所順応研究者・三浦豪太,,duplicate_episode_id
EP-251130042,PA3EF757,中村進,,duplicate_episode_id
EP-251130042,PC52C48F,小西政継,,duplicate_episode_id
EP-251130042,P3FB2B1C,森田勝,,duplicate_episode_id
EP-251130042,PC167CAF,田中陽希,,duplicate_episode_id
EP-251130042,P9ECD614,風間深志,,duplicate_episode_id
EP-251130042,PB21E5DB,八木原圀明,,duplicate_episode_id
EP-251130042,PD180689,星野道夫,,duplicate_episode_id
EP-251130042,P193B963,野田知佑,,duplicate_episode_id
EP-251130044,P8C9D6DF,ガイウス・ユリウス・カエサル,,duplicate_episode_id
EP-251130044,P8B4B9CA,エリザベス1世,,duplicate_episode_id
EP-251130044,P52366A0,ルイ14世,,duplicate_episode_id
EP-251130044,P8B00765,海老蔵,,duplicate_episode_id
EP-251130044,P43B584C,渡辺美里,,duplicate_episode_id
EP-251130044,P7EC3073,佐々木主浩,,duplicate_episode_id
EP-251130044,P0142925,岸田今日子,,duplicate_episode_id
EP-251130044,P6459688,淀川長治,,duplicate_episode_id
EP-251130044,P048D1AE,木下惠介,,duplicate_episode_id
EP-251130044,P7C9B386,新藤兼人,,duplicate_episode_id
EP-251130044,PFF3645C,鈴木清順,,duplicate_episode_id
EP-251130044,P0A7B57A,横溝正史,,duplicate_episode_id
EP-251130044,P7CE8E3D,池波正太郎,,duplicate_episode_id
EP-251130044,P226446C,海老沢泰久,,duplicate_episode_id
EP-251130044,P23B617A,ブラッド・ピット,,duplicate_episode_id
EP-251130044,P27252C6,ウィル・スミス,,duplicate_episode_id
EP-251130044,PD1CEFEA,デンゼル・ワシントン,,duplicate_episode_id
EP-251130044,P0CD5252,モーガン・フリーマン,,duplicate_episode_id
EP-251130044,P52FA1F0,井上雄彦,,duplicate_episode_id
EP-251130044,PCBEAEE2,浮世絵師・歌川国芳,,duplicate_episode_id
EP-251130044,P72B391A,三島由紀夫,,duplicate_episode_id
EP-251130044,PF6C5EE4,安藤忠雄,,duplicate_episode_id
EP-251130044,P36999B0,土門拳,,duplicate_episode_id
EP-251130044,P645AD9F,三船敏郎,,duplicate_episode_id
EP-251130044,P505D34D,陶芸家・人間国宝・金重陶陽,,duplicate_episode_id
EP-251130044,P7761DC1,小津安二郎,,duplicate_episode_id
EP-251130044,PAE8B089,紫式部,,duplicate_episode_id
EP-251130044,P74846B4,狩野永徳,,duplicate_episode_id
EP-251130044,P763B855,滝廉太郎,,duplicate_episode_id
EP-251130044,PFF71A42,能楽師・世阿弥,,duplicate_episode_id
EP-251130044,PAAF9983,俳人・正岡子規,,duplicate_episode_id
EP-251130044,P1EF680A,華道家・池坊専永,,duplicate_episode_id
EP-251130044,PF60DBC3,清少納言,,duplicate_episode_id
EP-251130045,P776132D,サンドラ・ブロック,,duplicate_episode_id
EP-251130045,PD756B74,ヒュー・ジャックマン,,duplicate_episode_id
EP-251130045,PCE15AF9,角谷浩一,,duplicate_episode_id
EP-251130045,P956F730,土井正男,,duplicate_episode_id
EP-251130045,PEE7258F,永田恭介,,duplicate_episode_id
EP-251130045,P85FBD28,松井孝典,,duplicate_episode_id
EP-251130045,PB062B18,パスツール,,duplicate_episode_id
EP-251130045,P234A619,橋本治,,duplicate_episode_id
EP-251130045,P641F985,清水幾太郎,,duplicate_episode_id
EP-251130045,P525811F,佐々木毅,,duplicate_episode_id
EP-251130045,P2C726E7,猪木武徳,,duplicate_episode_id
EP-251130045,P028DE85,苅谷剛彦,,duplicate_episode_id
EP-251130045,P19D00E8,広井良典,,duplicate_episode_id
EP-251130045,PC709C2D,藤原帰一,,duplicate_episode_id
EP-251130045,P2D9E09E,御厨貴,,duplicate_episode_id
EP-251130045,P60D5D71,中西寛,,duplicate_episode_id
EP-251130045,PF7693B4,細谷雄一,,duplicate_episode_id
EP-251130045,PE259648,船橋洋一,,duplicate_episode_id
EP-251130050,P3AFAFB8,香取慎吾,,duplicate_episode_id
EP-251130050,PB59422A,稲垣吾郎,,duplicate_episode_id
EP-251130050,PF134322,ポール・マッカートニー,,duplicate_episode_id
EP-251130050,PEE74CA,フレディ・マーキュリー,,duplicate_episode_id
EP-251130050,PE7E2F23,滝崎武光,,duplicate_episode_id
EP-251130050,PB68D406,エスティ・ローダー,,duplicate_episode_id
EP-251130050,P4F2D29D,松本大,,duplicate_episode_id
EP-251130050,PBA0B8E7,藤巻健史,,duplicate_episode_id
EP-251130050,PB77E1C9,飯田亮,,duplicate_episode_id
EP-251130050,P900C508,永山治,,duplicate_episode_id
EP-251130050,P237F4A7,堀威夫,,duplicate_episode_id
EP-251130050,P1C6C41B,中谷巌,,duplicate_episode_id
EP-251130050,PC45398C,榊原英資,,duplicate_episode_id
EP-251130050,P1800B64,竹田陽一,,duplicate_episode_id
EP-251130050,PB6918CF,アラン・グリーンスパン,,duplicate_episode_id
EP-251130050,P9DF0D34,チャーリー・マンガー,,duplicate_episode_id
EP-251130050,PB1B443B,ピーター・リンチ,,duplicate_episode_id
EP-251130050,P80AA58D,ジョン・テンプルトン,,duplicate_episode_id
EP-251130050,P4F9FE6D,デビッド・ロックフェラー,,duplicate_episode_id
EP-251130050,P262B2CB,アンドリュー・メロン,,duplicate_episode_id
EP-251130050,P2C2FD3A,JPモルガン・ジュニア,,duplicate_episode_id
EP-251130050,PA603593,ヘンリー・フォード二世,,duplicate_episode_id
EP-251130050,P422CD86,リー・アイアコッカ,,duplicate_episode_id
EP-251130050,P75E7691,ジャック・トランプ,,duplicate_episode_id
EP-251130051,P168D509,鈴木みきお,,duplicate_episode_id
EP-251130051,P7BA07EF,西堀榮三郎,,duplicate_episode_id
EP-251130051,PF18BB1E,舟津圭三,,duplicate_episode_id
EP-251130051,PF526E62,エドムンド・ヒラリー,,duplicate_episode_id
EP-251130051,PB31095E,ロアルド・アムンセン,,duplicate_episode_id
EP-251130051,P7C1A689,ロバート・スコット,,duplicate_episode_id
EP-251130051,PD76F9DF,ヴァスコ・ダ・ガマ,,duplicate_episode_id
EP-251130051,P67D7AF9,デイヴィッド・リヴィングストン,,duplicate_episode_id
EP-251130051,P9F62DF8,ルイス・クラーク,,duplicate_episode_id
EP-251130051,PF8CD68E,柏原竜二,,duplicate_episode_id
EP-251130051,PFE6D8B4,田村岳斗,,duplicate_episode_id
EP-251130051,P7DEE66C,福見友子,,duplicate_episode_id
EP-251130051,PED7CF02,永井謙佑,,duplicate_episode_id
EP-251130051,P71D4BD2,佐藤敦之,,duplicate_episode_id
EP-251130051,P7880A2E,宮間あや,,duplicate_episode_id
EP-251130051,PBF1E04C,上田康太,,duplicate_episode_id
EP-251130051,PBDE9E68,内田恭子,,duplicate_episode_id
EP-251130051,P8D62BC3,青山学院大学原晋,,duplicate_episode_id
EP-251130051,P5C80183,マルコ・ロイス,,duplicate_episode_id
EP-251130051,P081B907,ラファ・ナダル,,duplicate_episode_id
EP-251130051,P03AB89B,アントワーヌ・グリーズマン,,duplicate_episode_id
EP-251130051,P6A2D131,マリア・シャラポワ,,duplicate_episode_id
EP-251130051,P195DC90,ニキ・ラウダ,,duplicate_episode_id
EP-251130051,P88D46AB,マリオ・ゲッツェ,,duplicate_episode_id
EP-251130052,P0DDD565,稲葉浩志,,duplicate_episode_id
EP-251130052,P082326D,さくらんぼの唄,,duplicate_episode_id
EP-251130052,P5D9E3D2,ビートルズ ジョン・レノン,,duplicate_episode_id
EP-251130052,P7369CA5,ホイットニー・ヒューストン,,duplicate_episode_id
EP-251130052,P6DDB41,プリンス,,duplicate_episode_id
EP-251130052,P76D13BF,テイラー・スウィフト,,duplicate_episode_id
EP-251130052,PF17D7AB,エド・シーラン,,duplicate_episode_id
EP-251130052,P68A630D,ブルーノ・マーズ,,duplicate_episode_id
EP-251130052,PE85B85F,小林桂樹,,duplicate_episode_id
EP-251130052,PE9BD8BB,田宮二郎,,duplicate_episode_id
EP-251130052,P3E21C21,丹波哲郎,,duplicate_episode_id
EP-251130052,PA216379,松方弘樹,,duplicate_episode_id
EP-251130052,P48B6814,市川右太衛門,,duplicate_episode_id
EP-251130052,PD9AC398,大河内傳次郎,,duplicate_episode_id
EP-251130052,PA6BA3A6,片岡千恵蔵,,duplicate_episode_id
EP-251130052,P280B118,長谷川一夫,,duplicate_episode_id
EP-251130052,P9EE1855,嵐寛寿郎,,duplicate_episode_id
EP-251130052,P74C89C5,市川右近,,duplicate_episode_id
EP-251130052,P016E983,ショーン・コネリー,,duplicate_episode_id
EP-251130052,P871CB7C,マイケル・ダグラス,,duplicate_episode_id
EP-251130052,PAE468B5,ジーン・ワイルダー,,duplicate_episode_id
EP-251130052,PCE8586E,スティーブ・マーティン,,duplicate_episode_id
EP-251130052,PA7EF463,ジョン・トラボルタ,,duplicate_episode_id
EP-251130052,PBAFC9AB,シルヴェスター・スタローン,,duplicate_episode_id
EP-251130052,P64A8AD,アーノルド・シュワルツェネッガー,,duplicate_episode_id
EP-251130052,P006A642,ビル・マーレイ,,duplicate_episode_id
EP-251130052,P573F6D8,リチャード・ギア,,duplicate_episode_id
EP-251130052,P0BACC07,ウォーレン・ベイティ,,duplicate_episode_id
EP-251130053,P7DB4978,ジョージ・ルーカス,,duplicate_episode_id
EP-251130053,P51D71B8,想田和弘,,duplicate_episode_id
EP-251130053,P40A86BC,西川美和,,duplicate_episode_id
EP-251130053,P03F4135,深川栄洋,,duplicate_episode_id
EP-251130053,PE63CE40,歌舞伎俳優・中村勘九郎,,duplicate_episode_id
EP-251130053,P1C53DEE,書道家・金澤翔子,,duplicate_episode_id
EP-251130053,PAF90FFA,陶芸家・十四代酒井田柿右衛門,,duplicate_episode_id
EP-251130053,PBA4F120,加山又造,,duplicate_episode_id
EP-251130053,P97A090E,谷口吉生,,duplicate_episode_id
EP-251130053,P07B83A4,音楽家・千住明,,duplicate_episode_id
EP-251130053,P5A093B6,染織家・志村ふくみ,,duplicate_episode_id
EP-251130053,PAA3B86A,籔内佐斗司,,duplicate_episode_id
EP-251130053,P03245EA,漆芸家・室瀬和美,,duplicate_episode_id
EP-251130053,PB0ABEEE,現代美術家・杉本博司,,duplicate_episode_id
EP-251130053,PB0054BD,版画家・池田満寿夫,,duplicate_episode_id
EP-251130053,P339C643,陶芸家・樂吉左衞門,,duplicate_episode_id
EP-251130053,P25BF8BD,日本画家・千住博,,duplicate_episode_id
EP-251130053,P6E7E522,妹島和世,,duplicate_episode_id
EP-251130053,P096C8D3,作庭家・重森三玲,,duplicate_episode_id
EP-251130053,PDD5C93A,華道家・假屋崎省吾,,duplicate_episode_id
EP-251130053,P5A83EEE,現代美術家・村上隆,,duplicate_episode_id
EP-251130053,P717B4DE,書家・石川九楊,,duplicate_episode_id
EP-251130053,P6D494CD,日本画家・上村松園,,duplicate_episode_id
EP-251130053,P6C3D17A,ヴィンセント・ヴァン・ゴッホ,,duplicate_episode_id
EP-251130053,P7ED53F1,ロダン,,duplicate_episode_id
EP-251130053,P59DF525,イヴ・サン=ローラン,,duplicate_episode_id
EP-251130053,P4651A9A,バーバラ・ハプワース,,duplicate_episode_id
EP-251130053,P4D84829,ザハ・ハディッド,,duplicate_episode_id
EP-251130053,P6B54ECD,アニー・リーボヴィッツ,,duplicate_episode_id
EP-251130053,PB937E5E,デイヴィッド・ボウイ,,duplicate_episode_id
EP-251130054,P69630F4,森田芳光,,duplicate_episode_id
EP-251130054,P8241F94,寺山修司,,duplicate_episode_id
EP-251130054,P27873EE,フェデリコ・フェリーニ,,duplicate_episode_id
EP-251130054,PE3B8951,近藤淳,,duplicate_episode_id
EP-251130054,P11DAFEA,谷山豊,,duplicate_episode_id
EP-251130054,PD3D7718,戸塚洋二,,duplicate_episode_id
EP-251130054,P728C54F,橘玲,,duplicate_episode_id
EP-251130054,P8F82C24,池田信夫,,duplicate_episode_id
EP-251130054,P8A6C5C5,苫米地英人,,duplicate_episode_id
EP-251130054,PECEDBB6,スティーブン・グールド,,duplicate_episode_id
EP-251130054,P0472A6B,ミチオ・カク,,duplicate_episode_id
EP-251130054,P9212125,ニール・ドグラース・タイソン,,duplicate_episode_id
EP-251130054,P258C928,ヨアヒム・フランク,,duplicate_episode_id
EP-251130054,P7163E2B,ブライアン・グリーン,,duplicate_episode_id
EP-251130054,P597A583,リサ・ランドール,,duplicate_episode_id
EP-251130054,PFB11550,エリック・ランダー,,duplicate_episode_id
EP-251130054,P142F8AE,クレイグ・ベンター,,duplicate_episode_id
EP-251130054,PD60598B,テレンス・タオ,,duplicate_episode_id
EP-251130059,P6E3E9B6,ライアン・レイノルズ,,duplicate_episode_id
EP-251130059,P5835E4F,土井利忠,,duplicate_episode_id
EP-251130059,P0AE5F09,飯島宗一,,duplicate_episode_id
EP-251130059,P88BB57D,城戸淳二,,duplicate_episode_id
EP-251130059,PE2DAC0A,末松安晴,,duplicate_episode_id
EP-251130059,PF2EFB1B,岡崎恒子,,duplicate_episode_id
EP-251130059,P07E99A0,山田昌尚,,duplicate_episode_id
EP-251130059,P6CB7745,増田靖,,duplicate_episode_id
EP-251130059,P5C3984A,古川俊夫,,duplicate_episode_id
EP-251130059,P912569D,小野寺秀俊,,duplicate_episode_id
EP-251130059,P96B92F2,フランシス・コリンズ,,duplicate_episode_id
EP-251130059,P446F8BF,ジェニファー・ダウドナ,,duplicate_episode_id
EP-251130059,P40575D6,Katalin Karikó,,duplicate_episode_id
EP-251130059,P4938741,ジェフリー・ヒントン,,duplicate_episode_id
EP-251130059,P2A1817A,デミス・ハサビス,,duplicate_episode_id
EP-251130059,P142F8AE,クレイグ・ベンター,,duplicate_episode_id
EP-251130059,PEA6D476,ジョン・バーディーン,,duplicate_episode_id
EP-251130059,P0E4AC59,デニス・リッチー,,duplicate_episode_id
EP-251130059,P6EC13D8,チャールズ・ダーウィン,,duplicate_episode_id
EP-251130059,P0035135,グレゴール・メンデル,,duplicate_episode_id
EP-251130060,P3C9ABA8,古市憲寿,,duplicate_episode_id
EP-251130060,PF906A8D,金子勇,,duplicate_episode_id
EP-251130060,PBB03AB8,松永真,,duplicate_episode_id
EP-251130060,PD0FABD2,佐々木俊尚,,duplicate_episode_id
EP-251130060,PA2EF3E4,乙武洋匡,,duplicate_episode_id
EP-251130060,P554B3D4,齋藤精一,,duplicate_episode_id
EP-251130060,P1697EF1,真鍋大度,,duplicate_episode_id
EP-251130060,P85E311A,リーナス・トーバルズ,,duplicate_episode_id
EP-251130060,PE08E40C,スティーブ・ウォズニアック,,duplicate_episode_id
EP-251130060,PCD0E7FE,ティム・クック,,duplicate_episode_id
EP-251130060,P1116CA0,サティア・ナデラ,,duplicate_episode_id
EP-251130060,P9360E3D,リード・ヘイスティングス,,duplicate_episode_id
EP-251130060,P938D089,ジェンスン・フアン,,duplicate_episode_id
EP-251130060,P577CD51,スーザン・ウォジスキー,,duplicate_episode_id
EP-251130060,P23AE666,サンダー・ピチャイ,,duplicate_episode_id
EP-251130060,PAAC4A9F,ジャック・ドーシー,,duplicate_episode_id
EP-251130060,P61DE7C4,ダニエル・カーネマン,,duplicate_episode_id
EP-251130060,P06E8966,ユヴァル・ノア・ハラリ,,duplicate_episode_id
EP-251130060,P9212125,ニール・ドグラース・タイソン,,duplicate_episode_id
EP-251130060,P0472A6B,ミチオ・カク,,duplicate_episode_id
EP-251130060,P825D22D,ブライアン・コックス,,duplicate_episode_id
EP-251130060,PF9E325A,ブルーハーツ,,duplicate_episode_id
EP-251130060,P3E2109E,徳永英明,,duplicate_episode_id
EP-251130060,P69BE10A,チューリップ,,duplicate_episode_id
EP-251130060,PB3811EC,サン・プラザ中野くん,,duplicate_episode_id
EP-251130060,P8896B61,加護亜依,,duplicate_episode_id
EP-251130060,P1DD830B,クリスタル・ケイ,,duplicate_episode_id
EP-251130060,P0D99444,平井大,,duplicate_episode_id
EP-251130060,P78055FB,サッズ,,duplicate_episode_id
EP-251130060,P09E2D46,清水翔太,,duplicate_episode_id
EP-251130060,P9B0160A,キャロル・キング,,duplicate_episode_id
EP-251130060,PCF53DC2,フリートウッド・マック,,duplicate_episode_id
EP-251130060,P2A54911,ザ・キュアー,,duplicate_episode_id
EP-251130060,P16A968C,レディオヘッド,,duplicate_episode_id
EP-251130060,P9D7F352,ニルヴァーナ,,duplicate_episode_id
EP-251130060,PFD67E73,パール・ジャム,,duplicate_episode_id
EP-251130060,P6A0B873,アリス・イン・チェインズ,,duplicate_episode_id
EP-251130060,P725418E,サウンドガーデン,,duplicate_episode_id
EP-251130060,PEE55358,フー・ファイターズ,,duplicate_episode_id
EP-251130060,PBB28F52,グリーン・デイ,,duplicate_episode_id
EP-251130060,PAC7E5E6,レッド・ホット・チリ・ペッパーズ,,duplicate_episode_id
EP-251130060,P8B0EE5A,メタリカ,,duplicate_episode_id
EP-251130060,P2284399,AC/DC,,duplicate_episode_id
EP-251130061,PF05F443,メンデル,,duplicate_episode_id
EP-251130061,P0096BE1,ジークムント・フロイト,,duplicate_episode_id
EP-251130061,P2218008,エジソン,,duplicate_episode_id
EP-251130061,P0593923,湯浅光朝,,duplicate_episode_id
EP-251130061,PE875672,佐藤忠良,,duplicate_episode_id
EP-251130061,PD4EEF30,ドナルド・クヌース,,duplicate_episode_id
EP-251130061,PA5FE6A3,チューリング,,duplicate_episode_id
EP-251130061,P4063066,フランシス・クリック,,duplicate_episode_id
EP-251130061,P408B7F2,コペルニクス,,duplicate_episode_id
EP-251130061,P9FD76A6,ケプラー,,duplicate_episode_id
EP-251130061,P10A1E08,上田正仁,,duplicate_episode_id
EP-251130061,P8055221,伊藤穰一,,duplicate_episode_id
EP-251130061,PE932D66,西成活裕,,duplicate_episode_id
EP-251130061,P3582F17,清水富雄,,duplicate_episode_id
EP-251130061,P9F1F50C,居里夫人,,duplicate_episode_id
EP-251130061,PDDF17DD,二宮尊徳,,duplicate_episode_id
EP-251130061,P838D5D4,杉田敏,,duplicate_episode_id
EP-251130061,P6D023F3,内田樹,,duplicate_episode_id
EP-251130061,P4063066,フランシス・クリック,,duplicate_episode_id
EP-251130061,PB45DC2C,シグムント・フロイト,,duplicate_episode_id
EP-251130061,P5FCB0A5,エミール・デュルケーム,,duplicate_episode_id
EP-251130061,P954793A,ジョーゼフ・シュンペーター,,duplicate_episode_id
EP-251130061,P29080E7,マックス・ヴェーバー,,duplicate_episode_id
EP-251130061,P97F3D64,ジェームズ・ディーン,,duplicate_episode_id
EP-251130061,PC60B02B,グレース・ケリー,,duplicate_episode_id
EP-251130061,PE61768B,エリザベス・テイラー,,duplicate_episode_id
EP-251130061,P0B18FD1,ケーリー・グラント,,duplicate_episode_id
EP-251130061,P48EA2A5,ハンフリー・ボガート,,duplicate_episode_id
EP-251130061,P0E8CB6F,速水もこみち,,duplicate_episode_id
EP-251130061,P0E49912,要潤,,duplicate_episode_id
EP-251130061,PD2B9626,釈由美子,,duplicate_episode_id
EP-251130061,PD6D3E43,檀れい,,duplicate_episode_id
EP-251130061,P7FB134B,ドリュー・バリモア,,duplicate_episode_id
EP-251130061,P9D22C14,ジェニファー・コネリー,,duplicate_episode_id
EP-251130061,PECDE08E,酒井法子,,duplicate_episode_id
EP-251130061,P7FB134B,ドリュー・バリモア,,duplicate_episode_id
EP-251130061,P620D676,シャロン・ストーン,,duplicate_episode_id
EP-251130061,P3BE5435,グウィネス・パルトロー,,duplicate_episode_id
EP-251130061,P9CC8ECE,キーラ・ナイトレイ,,duplicate_episode_id
EP-251130061,PFCDB4A5,エミリー・ブラント,,duplicate_episode_id
EP-251130061,P4430295,松下奈緒,,duplicate_episode_id
EP-251130061,P0F9CE45,石田ひかり,,duplicate_episode_id
EP-251130061,P0E8CB6F,速水もこみち,,duplicate_episode_id
EP-251130062,PEB231FA,忌野清志郎,,duplicate_episode_id
EP-251130062,PDD3361D,甲斐よしひろ,,duplicate_episode_id
EP-251130062,PD326E72,因幡晃,,duplicate_episode_id
EP-251130062,P53D6DBA,財津和夫,,duplicate_episode_id
EP-251130062,PDD98F04,吉田美奈子,,duplicate_episode_id
EP-251130062,PDF9FBDA,竹内電気,,duplicate_episode_id
EP-251130062,PF2E944A,谷山浩子,,duplicate_episode_id
EP-251130062,P3943D87,ユーエー,,duplicate_episode_id
EP-251130062,PDFF88DB,真心ブラザーズ,,duplicate_episode_id
EP-251130062,P56020BA,長谷川白紙,,duplicate_episode_id
EP-251130062,P3C7C3C7,坂本美雨,,duplicate_episode_id
EP-251130062,P09E50C1,ジャニス・ジョプリン,,duplicate_episode_id
EP-251130062,P83955A4,ニール・ヤング,,duplicate_episode_id
EP-251130062,P0785150,パティ・スミス,,duplicate_episode_id
EP-251130062,P5BD4481,レナード・コーエン,,duplicate_episode_id
EP-251130062,PE83A74B,ニック・ドレイク,,duplicate_episode_id
EP-251130062,P2C7C0B1,ヴァン・モリソン,,duplicate_episode_id
EP-251130062,P40EF514,ライ・クーダー,,duplicate_episode_id
EP-251130062,PFDAF54D,トム・ウェイツ,,duplicate_episode_id
EP-251130062,PDBA490D,ローリー・アンダーソン,,duplicate_episode_id
EP-251130062,P2C92290,スティーヴ・ライヒ,,duplicate_episode_id
EP-251130062,PC7CD943,フィリップ・グラス,,duplicate_episode_id
EP-251130062,P417473C,ジョン・ケージ,,duplicate_episode_id
EP-251130062,PC572CA7,エンヤ,,duplicate_episode_id
EP-251130062,PE58B105,ビョーク,,duplicate_episode_id
EP-251130062,P0F4CECA,シガー・ロス,,duplicate_episode_id
EP-251130062,PA6855FE,岩崎弥之助,,duplicate_episode_id
EP-251130062,P2E9C7C4,鳥井道夫,,duplicate_episode_id
EP-251130062,P9440C74,大塚製薬創業者大塚正士,,duplicate_episode_id
EP-251130062,P628283C,花王創業者長瀬富郎,,duplicate_episode_id
EP-251130062,P12F897F,山田昇,,duplicate_episode_id
EP-251130062,P49FD883,田中則雄,,duplicate_episode_id
EP-251130062,PD223182,森浩生,,duplicate_episode_id
EP-251130062,P4EDF2AD,竹中工務店現会長竹中統一,,duplicate_episode_id
EP-251130062,P94FABC9,安田善次郎の孫安田一,,duplicate_episode_id
EP-251130062,P1A357CB,大倉喜七郎,,duplicate_episode_id
EP-251130062,PC903ECE,住友友成,,duplicate_episode_id
EP-251130062,P0B30191,古河潤吉,,duplicate_episode_id
EP-251130062,P3E3E364,川崎八右衛門,,duplicate_episode_id
EP-251130062,P6470211,ウォーレン・エドワード・バフェット・ジュニア,,duplicate_episode_id
EP-251130062,PFAD29E1,ジョン・ピアポント・モルガン・ジュニア,,duplicate_episode_id
EP-251130062,P0D18B34,エドセル・フォード,,duplicate_episode_id
EP-251130062,P1E83BC8,チャールズ・シュワブ,,duplicate_episode_id
EP-251130062,P621FD79,ジョン・ロックフェラー・ジュニア,,duplicate_episode_id
EP-251130062,P80685E2,コカ・コーラ創業者ジョン・ペンバートン,,duplicate_episode_id
EP-251130062,P251D7FF,ロブ・ウォルトン,,duplicate_episode_id
EP-251130062,P0CBDA41,フレッド・ターナー,,duplicate_episode_id
EP-251130062,PF1AFFC9,マティアス・カンプラード,,duplicate_episode_id
EP-251130062,PB16D15A,アマンシオ・オルテガの娘マルタ・オルテガ,,duplicate_episode_id
EP-251130062,P5371601,アントワーヌ・アルノー,,duplicate_episode_id
EP-251130062,P41A32E6,フランソワ・ピノー,,duplicate_episode_id
EP-251130062,P50FAF32,アクセル・スプリンガー,,duplicate_episode_id
EP-251130062,PBF6D1E0,ルパート・マードック,,duplicate_episode_id
EP-251130062,PFB9F4CA,マイケル・ブルームバーグの同僚トーマス・セケンドルフ,,duplicate_episode_id
EP-251130063,PAAC4A9F,ジャック・ドーシー,,duplicate_episode_id
EP-251130063,P2E9D5BF,マーク・キューバン,,duplicate_episode_id
EP-251130063,PE9988B0,ピーター・ティール,,duplicate_episode_id
EP-251130063,P489FB88,スチュアート・バターフィールド,,duplicate_episode_id
EP-251130063,P3D2BE85,ドリュー・ヒューストン,,duplicate_episode_id
EP-251130063,P18F0D8D,ロビン・チェイス,,duplicate_episode_id
EP-251130063,P92EC6FE,レイ・ダリオ,,duplicate_episode_id
EP-251130063,P5A7D733,マイケル・ブルームバーグ,,duplicate_episode_id
EP-251130063,P81B51E4,サラ・ブレイクリー,,duplicate_episode_id
EP-251130063,P50DA01E,南波智秀,,duplicate_episode_id
EP-251130063,PA454D2F,藤田恭嗣,,duplicate_episode_id
EP-251130063,PA737F8A,西川徹,,duplicate_episode_id
EP-251130063,PF3784B1,竹中統一,,duplicate_episode_id
EP-251130063,P3E0AE50,小飼弾,,duplicate_episode_id
EP-251130063,P2B27403,吉田浩一郎,,duplicate_episode_id
EP-251130063,PBDC97D3,高野秀敏,,duplicate_episode_id
EP-251130063,PF1A5BA1,新野淳一,,duplicate_episode_id
EP-251130063,P8615566,青柳直樹,,duplicate_episode_id
EP-251130063,PE4297BA,西田宗千佳,,duplicate_episode_id
EP-251130063,PD6C5500,森川博之,,duplicate_episode_id
EP-251130063,P3C5412E,尾原和啓,,duplicate_episode_id
EP-251130063,P6210982,谷原章介,,duplicate_episode_id
EP-251130063,P3E5BDC1,久本雅美,,duplicate_episode_id
EP-251130063,PED3F1F7,さとう珠緒,,duplicate_episode_id
EP-251130063,P51DB463,林家ペー・パー子,,duplicate_episode_id
EP-251130063,P6F47B28,キャメロン・ディアス,,duplicate_episode_id
EP-251130063,P96E15AC,藤井隆,,duplicate_episode_id
EP-251130063,P6A18171,真矢ミキ,,duplicate_episode_id
EP-251130063,P580540B,小倉優子,,duplicate_episode_id
EP-251130063,PAC6384D,アダム・レヴィーン,,duplicate_episode_id
EP-251130063,PAD420BC,菊川怜,,duplicate_episode_id
EP-251130063,P478EB4D,夏木マリ,,duplicate_episode_id
EP-251130063,P2451372,宮崎美子,,duplicate_episode_id
EP-251130063,P8CDD31B,ポール・ラッド,,duplicate_episode_id
EP-251130063,P4E6A09A,アンソニー・マッキー,,duplicate_episode_id
EP-251130063,PCC4BC96,セバスチャン・スタン,,duplicate_episode_id
EP-251130063,P66D89F4,尾野真千子,,duplicate_episode_id
EP-251130063,PA98D088,高橋英樹,,duplicate_episode_id
EP-251130063,P43F5B15,岸田森,,duplicate_episode_id
EP-251130063,P987F6E6,伊武雅刀,,duplicate_episode_id
EP-251130063,P0FF555E,神田正輝,,duplicate_episode_id
EP-251130063,PFBDDA1D,千葉真一,,duplicate_episode_id
EP-251130063,P868F454,杉田智和,,duplicate_episode_id
EP-251130063,PA938D95,スティーヴン・タイラー,,duplicate_episode_id
EP-251130063,PA6CFA8,デヴィッド・ボウイ,,duplicate_episode_id
EP-251130063,PF857BAB,バーブラ・ストライサンド,,duplicate_episode_id
EP-251130069,P72EBC8B,沢木耕太郎,,duplicate_episode_id
EP-251130069,P62E08C7,林真理子,,duplicate_episode_id
EP-251130069,P837A910,椎名誠,,duplicate_episode_id
EP-251130069,P61FB916,中野孝次,,duplicate_episode_id
EP-251130069,PBC4834F,保坂和志,,duplicate_episode_id
EP-251130069,P38061E1,青木淳悟,,duplicate_episode_id
EP-251130069,P7068FC4,古川日出男,,duplicate_episode_id
EP-251130069,P26B3EED,レイ・ブラッドベリ,,duplicate_episode_id
EP-251130069,PE31230B,カート・ヴォネガット,,duplicate_episode_id
EP-251130069,P1F7AAA2,サルマン・ラシュディ,,duplicate_episode_id
EP-251130069,P4A817F3,フィリップ・ロス,,duplicate_episode_id
EP-251130069,P6B20E13,ドン・デリーロ,,duplicate_episode_id
EP-251130069,P9A63709,マーガレット・アトウッド,,duplicate_episode_id
EP-251130069,PDD24D69,ゼイディー・スミス,,duplicate_episode_id
EP-251130069,PBB23345,ジョナサン・フランゼン,,duplicate_episode_id
EP-251130069,PF9B1366,チママンダ・ンゴズィ・アディーチェ,,duplicate_episode_id
EP-251130069,P3851A5A,エレナ・フェッランテ,,duplicate_episode_id
EP-251130069,PE7FDEA8,アニー・プルー,,duplicate_episode_id
EP-251130069,P93E61A1,ドナ・タート,,duplicate_episode_id
EP-251130069,PD70FAAE,コルソン・ホワイトヘッド,,duplicate_episode_id
EP-251130069,P638F4DA,ハンヤ・ヤナギハラ,,duplicate_episode_id
EP-251130069,PA269075,司葉子,,duplicate_episode_id
EP-251130069,PEEF41C3,浅丘ルリ子,,duplicate_episode_id
EP-251130069,PF85C7E7,山本富士子,,duplicate_episode_id
EP-251130069,P02043B1,宝田明,,duplicate_episode_id
EP-251130069,P5F8D366,佐久間良子,,duplicate_episode_id
EP-251130069,P23B7EA5,平幹二朗,,duplicate_episode_id
EP-251130069,PAA28777,赤木春恵,,duplicate_episode_id
EP-251130069,PCDA71A6,ジャック・レモン,,duplicate_episode_id
EP-251130069,P714DEC9,ピーター・セラーズ,,duplicate_episode_id
EP-251130069,P27142CF,ロッド・スタイガー,,duplicate_episode_id
EP-251130069,PBBA7939,ジョージ・C・スコット,,duplicate_episode_id
EP-251130069,P721B2A0,マクシミリアン・シェル,,duplicate_episode_id
EP-251130069,PBC898D4,ジョン・フランケンハイマー,,duplicate_episode_id
EP-251130069,PBE7BE6B,シドニー・ポラック,,duplicate_episode_id
EP-251130069,PB55BF65,アーサー・ペン,,duplicate_episode_id
EP-251130069,P835309D,マイク・ニコルズ,,duplicate_episode_id
EP-251130069,PD8B0546,ハル・アシュビー,,duplicate_episode_id
EP-251130069,PA623B11,ロバート・ワイズ,,duplicate_episode_id
EP-251130069,P8C7485D,ジョージ・スティーヴンス,,duplicate_episode_id
EP-251130069,P6E436BE,ジョシュア・ローガン,,duplicate_episode_id
EP-251130069,P4E8B47B,ヴィンセント・ミネリ,,duplicate_episode_id
EP-251130069,P7BCA720,キャロル・リード,,duplicate_episode_id
EP-251130083,P2381BE3,田中邦衛,,duplicate_episode_id
EP-251130083,P0E1232F,寺田農,,duplicate_episode_id
EP-251130083,P1523952,加瀬亮,,duplicate_episode_id
EP-251130083,PE626874,中井貴惠,,duplicate_episode_id
EP-251130083,PAD1D55F,室井滋,,duplicate_episode_id
EP-251130083,PE41C2D4,ジェニファー・ロペス,,duplicate_episode_id
EP-251130083,P0443B14,ジョージ・クルーニー,,duplicate_episode_id
EP-251130083,PF0D50E2,ショーン・ペン,,duplicate_episode_id
EP-251130083,P8154EAF,ハル・ベリー,,duplicate_episode_id
EP-251130083,P1FE1022,エドワード・ノートン,,duplicate_episode_id
EP-251130083,P2CF74D2,フィリップ・シーモア・ホフマン,,duplicate_episode_id
EP-251130083,P99DE14B,ヘレナ・ボナム・カーター,,duplicate_episode_id
EP-251130083,PC11B491,のん,,duplicate_episode_id
EP-251130083,P0A72B69,ベネディクト・カンバーバッチ,,duplicate_episode_id
EP-251130083,PEE46C60,マハーシャラ・アリ,,duplicate_episode_id
EP-251130083,PAE9D812,マイケル・シャノン,,duplicate_episode_id
EP-251130083,PDC99615,レジーナ・キング,,duplicate_episode_id
EP-251130083,PEE1A986,マット・ルブラン,,duplicate_episode_id
EP-251130083,PB59862E,松雪泰子,,duplicate_episode_id
EP-251130083,P6FA490C,天海祐希,,duplicate_episode_id
EP-251130083,P480984E,エディ・レッドメイン,,duplicate_episode_id
EP-251130083,PD7553D3,中山美穂,,duplicate_episode_id
EP-251130083,P3EDF7AA,マイケル・B・ジョーダン,,duplicate_episode_id
EP-251130083,P0A72B69,ベネディクト・カンバーバッチ,,duplicate_episode_id
EP-251130083,P022F195,マーク・ラファロ,,duplicate_episode_id
EP-251130083,PC42D3C1,田中麗奈,,duplicate_episode_id
EP-251130083,P9556AF6,フローレンス・ピュー,,duplicate_episode_id
EP-251130083,PF5E7E71,田辺誠一,,duplicate_episode_id
EP-251130083,PCC6B033,永作博美,,duplicate_episode_id
EP-251130083,PAE50FA7,榮倉奈々,,duplicate_episode_id
EP-251130083,P7ED7058,テル,,duplicate_episode_id
EP-251130083,PE7C6E14,平野紫耀,,duplicate_episode_id
EP-251130083,P211AFAB,三浦大知,,duplicate_episode_id
EP-251130083,P233E74F,アーマ・ハマー,,duplicate_episode_id
EP-251130083,P6FA490C,天海祐希,,duplicate_episode_id
EP-251130083,P90E4AC0,浅利慶太,,duplicate_episode_id
EP-251130083,P658811F,落語家・立川談志,,duplicate_episode_id
EP-251130083,P0A9BBAE,歌舞伎・市川海老蔵,,duplicate_episode_id
EP-251130083,PF498D36,アニメ声優・悟空役野沢雅子,,duplicate_episode_id
EP-251130083,P83EEC63,コメディアン・爆笑問題田中,,duplicate_episode_id
EP-251130083,PF4FF1F9,深田恭子,,duplicate_episode_id
EP-251130083,P3019E3E,小栗旬,,duplicate_episode_id
EP-251130083,P7C678C5,AKB48指原莉乃,,duplicate_episode_id
EP-251130083,P0DC0587,マジシャン・セロ,,duplicate_episode_id
EP-251130083,PB530AD8,ジョン・レジェンド,,duplicate_episode_id
EP-251130083,P10DE637,岡田准一,,duplicate_episode_id
EP-251130083,P55B9C19,石田ゆり子,,duplicate_episode_id
EP-251130083,P0D36ECC,阿部寛,,duplicate_episode_id
EP-251130083,P6FA490C,天海祐希,,duplicate_episode_id
EP-251130083,P8034109,内野聖陽,,duplicate_episode_id
EP-251130083,P71A481E,米倉涼子,,duplicate_episode_id
EP-251130083,P6E63A05,佐藤浩市,,duplicate_episode_id
EP-251130083,P83655D3,鈴木京香,,duplicate_episode_id
EP-251130083,P8772CEA,お笑い・とんねるず石橋貴明,,duplicate_episode_id
EP-251130083,PDE37F3D,お笑い・とんねるず木梨憲武,,duplicate_episode_id
EP-251130084,PF0BB9C6,マリー・アントワネット,,duplicate_episode_id
EP-251130084,P00F4681,足利義政,,duplicate_episode_id
EP-251130084,P7EAE36D,フリードリヒ・ニーチェ,,duplicate_episode_id
EP-251130084,P04A5F33,小野妹子,,duplicate_episode_id
EP-251130084,PCB1853F,北条政子,,duplicate_episode_id
EP-251130084,PD15CB0E,ベンジャミン・フランクリン,,duplicate_episode_id
EP-251130084,P7B12D25,平将門,,duplicate_episode_id
EP-251130084,PF0C69C9,徳川慶喜,,duplicate_episode_id
EP-251130084,PA87E849,ルイ16世,,duplicate_episode_id
EP-251130084,PB985210,楠木正成,,duplicate_episode_id
EP-251130084,P760EBC5,セオドア・ルーズベルト,,duplicate_episode_id
EP-251130084,P5C8518D,源頼政,,duplicate_episode_id
EP-251130084,P453A85B,オットー・フォン・ビスマルク,,duplicate_episode_id
EP-251130084,P0A5E7FD,藤原秀衡,,duplicate_episode_id
EP-251130084,P20EB40F,ヨーゼフ・スターリン,,duplicate_episode_id
EP-251130084,P2C70422,エリザベス2世,,duplicate_episode_id
EP-251130084,P3929D9A,後白河法皇,,duplicate_episode_id
EP-251130084,P944DF29,ウラジーミル・レーニン,,duplicate_episode_id
EP-251130084,P70705A5,ヨハネ・パウロ2世,,duplicate_episode_id
EP-251130084,P62F93CE,シモン・ボリバル,,duplicate_episode_id
EP-251130084,P93EB38A,和気清麻呂,,duplicate_episode_id
EP-251130084,P9C55FBE,ホー・チ・ミン,,duplicate_episode_id
EP-251130084,P64356F7,新木優子,,duplicate_episode_id
EP-251130084,PC47C3AE,トム・ホランド,,duplicate_episode_id
EP-251130084,P2D9DC09,ティモシー・シャラメ,,duplicate_episode_id
EP-251130084,P5047632,トム・ハーディ,,duplicate_episode_id
EP-251130084,P113DE21,ジェームズ・マカヴォイ,,duplicate_episode_id
EP-251130084,P0B928E6,コリン・ファース,,duplicate_episode_id
EP-251130084,P5344ECC,ダニエル・カルーヤ,,duplicate_episode_id
EP-251130084,P3BE1A5D,ジョン・ボイエガ,,duplicate_episode_id
EP-251130084,P82B6AEF,トーマシン・マッケンジー,,duplicate_episode_id
EP-251130084,PA984A5E,テッサ・トンプソン,,duplicate_episode_id
EP-251130084,PF42D6A7,平岡祐太,,duplicate_episode_id
EP-251130084,PD4E3B8F,松下由樹,,duplicate_episode_id
EP-251130084,P71F068B,檀ふみ,,duplicate_episode_id
EP-251130084,P4E17F72,黒木華,,duplicate_episode_id
EP-251130089,P6FA490C,天海祐希,,duplicate_episode_id
EP-251130089,P659948C,小林聡美,,duplicate_episode_id
EP-251130089,P478916A,武田鉄矢,,duplicate_episode_id
EP-251130089,P8F0C743,中川家,,duplicate_episode_id
EP-251130089,PE52BCA3,ナイナイ岡村,,duplicate_episode_id
EP-251130089,P6F684E9,麒麟・川島,,duplicate_episode_id
EP-251130089,P3C4603A,世界のナベアツ,,duplicate_episode_id
EP-251130089,P1104276,品川祐,,duplicate_episode_id
EP-251130089,P51885C7,青木さやか,,duplicate_episode_id
EP-251130089,PEFE22D2,友近,,duplicate_episode_id
EP-251130089,PD37CA02,森三中・大島,,duplicate_episode_id
EP-251130089,P2F2966C,おかずクラブ,,duplicate_episode_id
EP-251130089,P9518E13,ダニエル・ラドクリフ,,duplicate_episode_id
EP-251130089,PADDBD5F,板尾創路,,duplicate_episode_id
EP-251130089,P0025540,相葉雅紀,,duplicate_episode_id
EP-251130089,P4FF5E7F,柏木由紀,,duplicate_episode_id
EP-251130089,PDD6413E,横山由依,,duplicate_episode_id
EP-251130089,P0518B15,渡部建,,duplicate_episode_id
EP-251130089,PDCF7F3F,児嶋一哉,,duplicate_episode_id
EP-251130089,PA619699,クリス・パイン,,duplicate_episode_id
EP-251130089,PF2AD96F,佐々木希,,duplicate_episode_id
EP-251130089,P155993D,博多華丸・大吉,,duplicate_episode_id
EP-251130089,P1D13A2D,りんたろー。,,duplicate_episode_id
EP-251130089,PA42B2FB,兼近大樹,,duplicate_episode_id
EP-251130089,PC26FA1F,野田クリスタル,,duplicate_episode_id
EP-251130089,P8B30951,小雪,,duplicate_episode_id
EP-251130089,P7E53442,華原朋美,,duplicate_episode_id
EP-251130089,P49D9DE1,ザ・ロック,,duplicate_episode_id
EP-251130089,P9BB463F,ストラディヴァリ,,duplicate_episode_id
EP-251130089,P931157A,歌川国貞,,duplicate_episode_id
EP-251130089,P46A68C9,狩野正信,,duplicate_episode_id
EP-251130089,PCF3D014,河合敦,,duplicate_episode_id
EP-251130089,P90B1E9F,イケガミアキラ,,duplicate_episode_id
EP-251130089,P6EAD262,押見修造,,duplicate_episode_id
EP-251130089,PAE5E623,新井英樹,,duplicate_episode_id
EP-251130089,PD3E9F71,ヒッチコック,,duplicate_episode_id
EP-251130089,P09CC63E,デ・ニーロ,,duplicate_episode_id
EP-251130089,PD3119D8,ワーグナー,,duplicate_episode_id
EP-251130089,PAF1BC4D,ストラヴィンスキー,,duplicate_episode_id
EP-251130089,P31BC7EE,オペラ歌手マリア・カラス,,duplicate_episode_id
EP-251130089,PF6C517F,バルトーク,,duplicate_episode_id
EP-251130089,P320D56B,ガウディ,,duplicate_episode_id
EP-251130089,P91F49EB,リヒテンシュタイン,,duplicate_episode_id
EP-251130089,P751C614,津田寛治,,duplicate_episode_id
EP-251130089,PFBA981B,オノ・ヨーコ,,duplicate_episode_id
EP-251130089,P6F254F4,岡田美里,,duplicate_episode_id
EP-251130089,P4D2E1F8,キアヌ・リーブス,,duplicate_episode_id
EP-251130089,PE3BB0AF,クリスチャン・ベール,,duplicate_episode_id
EP-251130089,P480984E,エディ・レッドメイン,,duplicate_episode_id
EP-251130089,P0A72B69,ベネディクト・カンバーバッチ,,duplicate_episode_id
EP-251130089,P8E44054,ラッセル・クロウ,,duplicate_episode_id
EP-251130089,P8626E2A,ジェラール・ドパルデュー,,duplicate_episode_id
EP-251130095,P3026EC2,諌山創,,duplicate_episode_id
EP-251130095,PC3B2529,芥見下々,,duplicate_episode_id
EP-251130095,PE0A74A1,吾峠呼世晴,,duplicate_episode_id
EP-251130095,PD8C7595,江川達也,,duplicate_episode_id
EP-251130095,PD18144F,弘兼憲史,,duplicate_episode_id
EP-251130095,P578A749,森川ジョージ,,duplicate_episode_id
EP-251130095,P9BE69D5,藤本タツキ,,duplicate_episode_id
EP-251130095,P7971B6A,安野モヨコ,,duplicate_episode_id
EP-251130095,P106C879,平野耕太,,duplicate_episode_id
EP-251130095,P0DC1A93,今川泰宏,,duplicate_episode_id
EP-251130095,P9D98143,渡邊政治,,duplicate_episode_id
EP-251130095,P981672F,坂上秋成,,duplicate_episode_id
EP-251130095,P7F88681,宮崎駿,,duplicate_episode_id
EP-251130095,P496C0C3,ジョン・カーマック,,duplicate_episode_id
EP-251130095,PB8C371B,小島秀夫,,duplicate_episode_id
EP-251130095,PF9D83FE,チャック・ジョーンズ,,duplicate_episode_id
EP-251130095,P2294A97,ラルフ・ベア,,duplicate_episode_id
EP-251130095,P22160C4,ティム・バートン,,duplicate_episode_id
EP-251130095,PBE7F860,シド・マイヤー,,duplicate_episode_id
EP-251130095,PBD6D739,ウィル・ライト,,duplicate_episode_id
EP-251130095,PF0355BB,ピーター・モリニュー,,duplicate_episode_id
EP-251130095,P5EAB529,クリス・メッツェン,,duplicate_episode_id
EP-251130095,P31FCA2F,トッド・ハワード,,duplicate_episode_id
EP-251130095,P134F982,ニール・ドラックマン,,duplicate_episode_id
EP-251130095,P0E7610D,坂口博信,,duplicate_episode_id
EP-251130095,P90872B1,アルベルト・シュヴァイツァー,,duplicate_episode_id
EP-251130095,P6BA04DD,エウクレイデス,,duplicate_episode_id
EP-251130095,P7191986,秋山仁,,duplicate_episode_id
EP-251130095,PC3A80E9,エリザベス・キューブラー＝ロス,,duplicate_episode_id
EP-251130095,PF1C4EAE,ハンス・セリエ,,duplicate_episode_id
EP-251130095,PD1AA26C,チョムスキー,,duplicate_episode_id
EP-251130095,P5CF866A,スタンレー・ミルグラム,,duplicate_episode_id
EP-251130095,P90AC188,フリーマン・ダイソン,,duplicate_episode_id
EP-251130095,P7554735,ハロルド・ユーリー,,duplicate_episode_id
EP-251130095,P26BD743,西脇順三郎,,duplicate_episode_id
EP-251130095,PA227BAA,竹山道雄,,duplicate_episode_id
EP-251130095,P458E479,エラスムス,,duplicate_episode_id
EP-251130095,P990E7F4,スティーブン・ジェイ・グールド,,duplicate_episode_id
EP-251130095,P4218841,ハンス・ロスリング,,duplicate_episode_id
EP-251130095,P5D5DD04,エドワード・オズボーン・ウィルソン,,duplicate_episode_id
EP-251130095,P7EEAEA9,ジャン・ルソー,,duplicate_episode_id
EP-251130095,PBA8D55D,井上円了,,duplicate_episode_id
EP-251130095,P465B3AF,田邊元,,duplicate_episode_id
EP-251130095,P46110E2,木村栄,,duplicate_episode_id
EP-251130095,PF13A247,ユング,,duplicate_episode_id
EP-251130095,PF56B983,アドラー,,duplicate_episode_id
EP-251130095,P6CFADBA,エーリッヒ・フロム,,duplicate_episode_id
EP-251130095,P2395602,クルト・レヴィン,,duplicate_episode_id
EP-251130095,PBE73B88,アブラハム・マズロー,,duplicate_episode_id
EP-251130095,P8DE4364,カール・ロジャーズ,,duplicate_episode_id
EP-251130095,P845503C,ジェローム・ブルーナー,,duplicate_episode_id
EP-251130096,P62A1D54,天野喜孝,,duplicate_episode_id
EP-251130096,PCF882DA,一青窈,,duplicate_episode_id
EP-251130096,PE9BA1F5,内藤廣,,duplicate_episode_id
EP-251130096,P4BF49D5,江上波夫,,duplicate_episode_id
EP-251130096,P99A1242,大林宣彦,,duplicate_episode_id
EP-251130096,PA1E0869,篠田桃紅,,duplicate_episode_id
EP-251130096,P437E8BA,竹久夢二,,duplicate_episode_id
EP-251130096,P47D479E,田中一光,,duplicate_episode_id
EP-251130096,PBD995F6,永六輔,,duplicate_episode_id
EP-251130096,P21BF987,山口晃,,duplicate_episode_id
EP-251130096,P755BB89,ダ・ヴィンチ,,duplicate_episode_id
EP-251130096,PC744D1A,レンブラント,,duplicate_episode_id
EP-251130096,P60711AD,セザンヌ,,duplicate_episode_id
EP-251130096,P2CE13BF,ゴーギャン,,duplicate_episode_id
EP-251130096,P39C1BA8,マティス,,duplicate_episode_id
EP-251130096,PC642830,カンディンスキー,,duplicate_episode_id
EP-251130096,P77AADF8,シャガール,,duplicate_episode_id
EP-251130096,P8FD4481,ポロック,,duplicate_episode_id
EP-251130096,PECFDFE3,バスキア,,duplicate_episode_id
EP-251130096,P80F6D7E,クリムト,,duplicate_episode_id
EP-251130096,P89D9215,エッシャー,,duplicate_episode_id
EP-251130096,P3C704CF,コルビュジエ,,duplicate_episode_id
EP-251130096,P14F9B0B,カルロス・ガルデル,,duplicate_episode_id
EP-251130096,P66DD96C,アーロン・コープランド,,duplicate_episode_id
EP-251130096,P8764D40,ニーナ・ハーゲン,,duplicate_episode_id
EP-251130096,PF4B5836,ジョルジュ・ビゼー,,duplicate_episode_id
EP-251130096,P3D36D56,ジュリアン・ロイド・ウェバー,,duplicate_episode_id
EP-251130096,P3D87E68,ガブリエル・フォーレ,,duplicate_episode_id
EP-251130096,P6812A75,ニック・ケイヴ,,duplicate_episode_id
EP-251130096,PC625F77,カール・オルフ,,duplicate_episode_id
EP-251130096,PC432AC5,ジョシュア・ベル,,duplicate_episode_id
EP-251130096,P194098D,レナード・バーンスタイン,,duplicate_episode_id
EP-251130096,PBD62A0F,ハインツ・ホリガー,,duplicate_episode_id
EP-251130096,PD109328,エンリコ・カルーソー,,duplicate_episode_id
EP-251130096,P0A7B73A,リムスキー＝コルサコフ,,duplicate_episode_id
EP-251130096,PBB85BE8,アルチュール・ルービンシュタイン,,duplicate_episode_id
EP-251130096,P4142CE2,パブロ・カザルス,,duplicate_episode_id
EP-251130097,PD49E4B2,安倍昭恵,,duplicate_episode_id
EP-251130097,P626F1DE,舛添要一,,duplicate_episode_id
EP-251130097,P0CBDCE7,蓮池薫,,duplicate_episode_id
EP-251130097,PDD8E185,古館伊知郎,,duplicate_episode_id
EP-251130097,P607CC94,鳥越俊太郎,,duplicate_episode_id
EP-251130097,PD17C4D4,東国原英夫,,duplicate_episode_id
EP-251130097,P3B4CB96,猪瀬直樹,,duplicate_episode_id
EP-251130097,P58A8B0A,細野豪志,,duplicate_episode_id
EP-251130097,P86C9FD0,前原誠司,,duplicate_episode_id
EP-251130097,P53CB0AD,玉木雄一郎,,duplicate_episode_id
EP-251130097,PF3326E7,維新松井一郎,,duplicate_episode_id
EP-251130097,PDB1FBE2,森ゆうこ,,duplicate_episode_id
EP-251130097,PA48BBB5,山本一太,,duplicate_episode_id
EP-251130097,P22A0493,ドナルド・トランプ,,duplicate_episode_id
EP-251130097,P2CB0746,ジョー・バイデン,,duplicate_episode_id
EP-251130097,P86E84FC,ヒラリー・クリントン,,duplicate_episode_id
EP-251130097,PE222762,ベルナルド・サンダース,,duplicate_episode_id
EP-251130097,P7997C15,テレサ・メイ,,duplicate_episode_id
EP-251130097,P6E06129,ジャスティン・トルドー,,duplicate_episode_id
EP-251130097,PDDA000E,コフィー・アナン,,duplicate_episode_id
EP-251130097,P12996EF,バン・キムン,,duplicate_episode_id
EP-251130097,P8A456C1,アントニオ・グテーレス,,duplicate_episode_id
EP-251130097,PA1704B9,金正恩,,duplicate_episode_id
EP-251130097,P36CE7A2,文在寅,,duplicate_episode_id
EP-251130097,PC59CFDB,尹錫悦,,duplicate_episode_id
EP-251130097,P3971B5F,李明博,,duplicate_episode_id
EP-251130097,PDD87601,朴槿恵,,duplicate_episode_id
EP-251130097,P88054D6,蔡英文,,duplicate_episode_id
EP-251130097,PC88CC2C,馬英九,,duplicate_episode_id
EP-251130097,P56C98FC,李登輝,,duplicate_episode_id
EP-251130097,P35CF8B1,ジンバブエ・ムガベ,,duplicate_episode_id
EP-251130097,PB180CDB,ネタニヤフ,,duplicate_episode_id
EP-251130097,P38BBD12,エルドアン,,duplicate_episode_id
EP-251130097,P354C711,モディ,,duplicate_episode_id
EP-251130097,PB3119B8,ボルソナロ,,duplicate_episode_id
EP-251130097,PE0DD0C8,ルラ,,duplicate_episode_id
EP-251130097,PC04F0A9,サルコジ,,duplicate_episode_id
EP-251130097,PE6C0E35,オランド,,duplicate_episode_id
EP-251130097,P072B941,ベルルスコーニ,,duplicate_episode_id
EP-251130097,P2515802,コンテ,,duplicate_episode_id
EP-251130097,P6532650,サルヴィーニ,,duplicate_episode_id
EP-251130097,PB0591CA,オルバーン,,duplicate_episode_id
EP-251130097,P293CCB1,ドゥダ,,duplicate_episode_id
EP-251130097,PE077027,フォンデアライエン,,duplicate_episode_id
EP-251130097,PC8A65B9,ボレル,,duplicate_episode_id
EP-251130097,PE39CAB2,シュルツ,,duplicate_episode_id
EP-251130102,P875218D,さだまさし,,duplicate_episode_id
EP-251130102,PCF882DA,一青窈,,duplicate_episode_id
EP-251130102,P09F5967,森山良子,,duplicate_episode_id
EP-251130102,PEBD3A37,夏川りみ,,duplicate_episode_id
EP-251130102,P3EBAB63,石川智晶,,duplicate_episode_id
EP-251130102,P5D6106E,サザンオールスターズ桑田佳祐以外メンバー,,duplicate_episode_id
EP-251130102,P080ECF4,アレサ・フランクリン,,duplicate_episode_id
EP-251130102,P21DA3BF,ワンダイレクション,,duplicate_episode_id
EP-251130102,P1E87D8D,カーリー・レイ・ジェプセン,,duplicate_episode_id
EP-251130102,P1742336,ドージャ・キャット,,duplicate_episode_id
EP-251130102,PCFCFD4D,リル・ナズ・X,,duplicate_episode_id
EP-251130102,PE24170E,カーディ・B,,duplicate_episode_id
EP-251130102,PC026455,メーガン・ジー・スタリオン,,duplicate_episode_id
EP-251130102,P73D2360,エスゼットエー,,duplicate_episode_id
EP-251130102,PA4C510A,ハー,,duplicate_episode_id
EP-251130102,P9FF3899,オリヴィア・ロドリゴ,,duplicate_episode_id
EP-251130102,PD819CB8,ビリー・ジョエル,,duplicate_episode_id
EP-251130116,P4E1CEDB,小津映司,,duplicate_episode_id
EP-251130116,P6434A5A,本木雅弘,,duplicate_episode_id
EP-251130116,P23D1538,エマ・トンプソン,,duplicate_episode_id
EP-251130116,P012FD3A,マリオン・コティヤール,,duplicate_episode_id
EP-251130116,P869B1DC,アニャ・テイラー＝ジョイ,,duplicate_episode_id
EP-251130116,PF3CBFD3,野村芳太郎,,duplicate_episode_id
EP-251130116,PB6C3DF8,藤田敏八,,duplicate_episode_id
EP-251130116,P82F7E69,根津甚八,,duplicate_episode_id
EP-251130116,PF4AFD28,野田地図,,duplicate_episode_id
EP-251130116,P0C97942,夏八木勲,,duplicate_episode_id
EP-251130116,P9BEE770,平田オリザ,,duplicate_episode_id
EP-251130116,P586B6AE,ロバート・アルトマン,,duplicate_episode_id
EP-251130116,P327B190,テリー・ギリアム,,duplicate_episode_id
EP-251130116,P77A7434,ゲイリー・オールドマン,,duplicate_episode_id
EP-251130116,P4C07D04,コーエン兄弟,,duplicate_episode_id
EP-251130116,P2CF74D2,フィリップ・シーモア・ホフマン,,duplicate_episode_id
EP-251130116,P4448CF2,ダニエル・デイ＝ルイス,,duplicate_episode_id
EP-251130116,PF7705AD,イザベル・ユペール,,duplicate_episode_id
EP-251130116,P01959F7,ラース・フォン・トリアー,,duplicate_episode_id
EP-251130116,PC682B9B,テレンス・マリック,,duplicate_episode_id
EP-251130116,PE8F2F0B,ポール・トーマス・アンダーソン,,duplicate_episode_id
EP-251130116,PB1B0F77,チャーリー・カウフマン,,duplicate_episode_id
EP-251130116,PD11512E,マイク・リー,,duplicate_episode_id
EP-251130116,P55D01F7,ケン・ローチ,,duplicate_episode_id
EP-251130116,PBF67761,アッバス・キアロスタミ,,duplicate_episode_id
EP-251130116,PA5353B0,ウォン・カーウァイ,,duplicate_episode_id
EP-251130116,P2AAB14A,アンドレイ・タルコフスキー,,duplicate_episode_id
EP-251130116,PD62AB36,ジャン＝リュック・ゴダール,,duplicate_episode_id
EP-251130116,P333EFC3,François Truffaut,,duplicate_episode_id
EP-251130116,P774B9E9,ミケランジェロ・アントニオーニ,,duplicate_episode_id
EP-251130117,P42F81AF,田中恒成,,duplicate_episode_id
EP-251130117,P2296EFB,鈴木武蔵,,duplicate_episode_id
EP-251130117,P3CCAF74,町田樹,,duplicate_episode_id
EP-251130117,PCB5EE74,髙梨沙羅,,duplicate_episode_id
EP-251130117,P90AB2D9,小平智,,duplicate_episode_id
EP-251130117,P9773C77,伊澤利光,,duplicate_episode_id
EP-251130117,PBE84A36,丸山茂樹,,duplicate_episode_id
EP-251130117,P3D702EE,片山晋呉,,duplicate_episode_id
EP-251130117,PA1C9ECE,横峯さくら,,duplicate_episode_id
EP-251130117,P8799187,新井貴浩,,duplicate_episode_id
EP-251130117,PE056C42,阿部慎之助,,duplicate_episode_id
EP-251130117,P47FE494,田口壮,,duplicate_episode_id
EP-251130117,P63BA681,ミゲル・カブレラ,,duplicate_episode_id
EP-251130117,P4608341,アルバート・プホルス,,duplicate_episode_id
EP-251130117,P4C6BC7A,アンドレ・アガシ,,duplicate_episode_id
EP-251130117,PA4989E0,マルチナ・ヒンギス,,duplicate_episode_id
EP-251130117,PF826A9E,ボリス・ベッカー,,duplicate_episode_id
EP-251130117,P1CE014F,ジミー・コナーズ,,duplicate_episode_id
EP-251130117,P5DFE8D7,ジョン・マッケンロー,,duplicate_episode_id
EP-251130117,P7856134,シャキーラ・ピケ,,duplicate_episode_id
EP-251130117,P68C2B1C,ジェラード,,duplicate_episode_id
EP-251130117,PFF78BB8,フランク・ランパード,,duplicate_episode_id
EP-251130117,PD50D4B1,ロベルト・カルロス,,duplicate_episode_id
EP-251130117,P92CBB0D,ロナウジーニョ,,duplicate_episode_id
EP-251130117,P0D55E70,カカ,,duplicate_episode_id
EP-251130117,PB75091B,ズラタン・イブラヒモビッチ,,duplicate_episode_id
EP-251130117,PB1A85F0,モドリッチ,,duplicate_episode_id
EP-251130117,P0058CCE,エンバペ,,duplicate_episode_id
EP-251130118,P6D0FBD6,小保方晴子,,duplicate_episode_id
EP-251130118,PAC115F7,笹井芳樹,,duplicate_episode_id
EP-251130118,P2A20AD0,竹市雅俊,,duplicate_episode_id
EP-251130118,P69403C2,西森秀稔,,duplicate_episode_id
EP-251130118,P6545562,古澤明,,duplicate_episode_id
EP-251130118,PBB5DADC,十倉好紀,,duplicate_episode_id
EP-251130118,PEB725E2,細野秀雄,,duplicate_episode_id
EP-251130118,P801BFBC,柳田敏雄,,duplicate_episode_id
EP-251130118,P2E3BA84,永井良三,,duplicate_episode_id
EP-251130118,P7BC97F4,森和俊,,duplicate_episode_id
EP-251130118,P9F5AB84,竹内昌治,,duplicate_episode_id
EP-251130118,P5A8E99B,松尾清一,,duplicate_episode_id
EP-251130118,P14C7C84,水本哲弥,,duplicate_episode_id
EP-251130118,P8ECD1D3,香取秀俊,,duplicate_episode_id
EP-251130118,P791D365,レイ・カーツワイル,,duplicate_episode_id
EP-251130118,P5FFF462,リード・ホフマン,,duplicate_episode_id
EP-251130118,PB28DE2D,エヴァン・シュピーゲル,,duplicate_episode_id
EP-251130123,P8D8CA51,ジョン・ロックフェラー・ジュニア,,duplicate_episode_id
EP-251130123,P7CFD801,カーネル・サンダース,,duplicate_episode_id
EP-251130123,P475941D,カール・ラガーフェルド,,duplicate_episode_id
EP-251130123,PC5B2A53,イヴ・サンローラン,,duplicate_episode_id
EP-251130123,P57B6EAD,ラルフ・ローレン,,duplicate_episode_id
EP-251130123,PC685238,リチャード・ブランソン卿,,duplicate_episode_id
EP-251130123,P4FC351A,ハワード・シュルツ,,duplicate_episode_id
EP-251130123,P7B7F385,マイケル・ブルームバーグ元市長,,duplicate_episode_id
EP-251130123,P08D1B02,田中義一,,duplicate_episode_id
EP-251130123,P6175D8A,鈴木茂雄,,duplicate_episode_id
EP-251130123,PF5F6939,岡田卓也,,duplicate_episode_id
EP-251130123,P3AB76B8,毒島邦雄,,duplicate_episode_id
EP-251130123,P45081D7,重光昭夫,,duplicate_episode_id
EP-251130123,PB5A7C1E,福武總一郎,,duplicate_episode_id
EP-251130123,PE1ADC36,竹田和平,,duplicate_episode_id
EP-251130123,P13198F3,谷口義晴,,duplicate_episode_id
EP-251130123,PA6E9B91,滝田洋一,,duplicate_episode_id
EP-251130123,PCB75E0D,笹川陽平,,duplicate_episode_id
EP-251130123,P6AC1BD0,秋山咲恵,,duplicate_episode_id
EP-251130123,P556E054,エリザベス・ホームズ,,duplicate_episode_id
EP-251130123,PE39CBAE,シェリル・サンドバーグ,,duplicate_episode_id
EP-251130123,P6DEE86E,マリッサ・メイヤー,,duplicate_episode_id
EP-251130123,P0CB1C95,ジニー・ロメッティ,,duplicate_episode_id
EP-251130123,PD3777E7,メアリー・バーラ,,duplicate_episode_id
EP-251130123,PB6EF6E8,スーザン・ウォシッキー,,duplicate_episode_id
EP-251130123,P89DC01D,アビゲイル・ジョンソン,,duplicate_episode_id
EP-251130123,PC6A4A11,ローリーン・パウエル・ジョブズ,,duplicate_episode_id
EP-251130124,P765816C,ノーム・チョムスキー,,duplicate_episode_id
EP-251130124,PA5FCADB,カール・ガウス,,duplicate_episode_id
EP-251130124,P46B12F0,新井白石,,duplicate_episode_id
EP-251130124,PEB447DE,荻生徂徠,,duplicate_episode_id
EP-251130124,P6116925,西田幾太郎,,duplicate_episode_id
EP-251130124,P50AFF83,九鬼周造,,duplicate_episode_id
EP-251130124,P6CD8311,和辻哲郎,,duplicate_episode_id
EP-251130124,P695D5DD,田辺元,,duplicate_episode_id
EP-251130124,PCACF351,三木清,,duplicate_episode_id
EP-251130124,P6ADAAD1,リンダ・バック,,duplicate_episode_id
EP-251130124,PB24C289,バーバラ・ジョーダン,,duplicate_episode_id
EP-251130124,P9BCD34D,イマニュエル・カント,,duplicate_episode_id
EP-251130124,P4C91A44,ゲオルク・ヘーゲル,,duplicate_episode_id
EP-251130124,P68DE217,ジョン・スチュアート・ミル,,duplicate_episode_id
EP-251130124,PF11A26D,エミリー・デュ・シャトレ,,duplicate_episode_id
EP-251130124,P2B7DA8C,ロザリンド・ヤロー,,duplicate_episode_id
EP-251130124,P3BF0976,メアリー・リーキー,,duplicate_episode_id
EP-251130124,P053F58A,クラウディア・ゴールディン,,duplicate_episode_id
EP-251130124,P78B6B6B,エスター・デュフロ,,duplicate_episode_id
EP-251130124,P446F8BF,ジェニファー・ダウドナ,,duplicate_episode_id
EP-251130124,PB7D523C,エマニュエル・シャルパンティエ,,duplicate_episode_id
EP-251130125,P59EB907,津田左右吉,,duplicate_episode_id
EP-251130125,PC6F7DA3,谷口治郎,,duplicate_episode_id
EP-251130125,PFA87726,塚本晋也,,duplicate_episode_id
EP-251130125,P5311801,田中敦子,,duplicate_episode_id
EP-251130125,P41F44E2,山田康雄,,duplicate_episode_id
EP-251130125,PB88F1F2,坂東三津五郎,,duplicate_episode_id
EP-251130125,P1DCE9F2,市川左團次,,duplicate_episode_id
EP-251130125,PC9AE26B,中村橋之助,,duplicate_episode_id
EP-251130125,P5527DE9,尾上松也,,duplicate_episode_id
EP-251130125,PE901B53,片岡孝太郎,,duplicate_episode_id
EP-251130125,P3E5CA4E,フランソワ・トリュフォー,,duplicate_episode_id
EP-251130125,P12C010B,ヴィム・ヴェンダース,,duplicate_episode_id
EP-251130125,P64BFAC8,ルキノ・ヴィスコンティ,,duplicate_episode_id
EP-251130125,PDE12052,ロベルト・ベニーニ,,duplicate_episode_id
EP-251130125,PFFECFE6,ペドロ・パラモ,,duplicate_episode_id
EP-251130125,P6A03A69,ウンベルト・エーコ,,duplicate_episode_id
EP-251130125,PB8F6F8B,イタロ・カルヴィーノ,,duplicate_episode_id
EP-251130125,P53D9DD7,マリオ・バルガス・リョサ,,duplicate_episode_id
EP-251130125,PA3FE8CA,イザベル・アジェンデ,,duplicate_episode_id
EP-251130125,P4A28994,トニ・モリスン,,duplicate_episode_id
EP-251130125,P5FD1A36,佐伯祐三,,duplicate_episode_id
EP-251130126,PF547087,大谷大志,,duplicate_episode_id
EP-251130126,PD6BE1B1,森保一,,duplicate_episode_id
EP-251130126,PBC09C19,平井康翔,,duplicate_episode_id
EP-251130126,PEDE7118,田嶋幸三,,duplicate_episode_id
EP-251130126,PC482AF6,大橋悠依,,duplicate_episode_id
EP-251130126,P5BC910E,橋本英郎,,duplicate_episode_id
EP-251130126,P6ECB641,森岡薫,,duplicate_episode_id
EP-251130126,PA86F6D4,小島よしお,,duplicate_episode_id
EP-251130126,P4BBD9D9,セバスチャン・ベッテル,,duplicate_episode_id
EP-251130126,P727D75B,マルセロ・ビエルサ,,duplicate_episode_id
EP-251130126,PF780598,ノヴァク・ジョコビッチ,,duplicate_episode_id
EP-251130126,P0D81A46,山本草太,,duplicate_episode_id
EP-251130126,PCC1F28D,石川祐希,,duplicate_episode_id
EP-251130126,PFE8560A,西村拳,,duplicate_episode_id
EP-251130126,PAFA6C00,カイル・ラーソン,,duplicate_episode_id
EP-251130126,P6EA0542,田中希実,,duplicate_episode_id
EP-251130126,P2CC53FA,ジョシュア・キミッヒ,,duplicate_episode_id
EP-251130126,PA175007,古川高晴,,duplicate_episode_id
EP-251130126,P2CEA202,グリーズマン,,duplicate_episode_id
EP-251130126,P18D37F4,橋岡優輝,,duplicate_episode_id
EP-251130126,P246C9C8,エルリング・ハーランド,,duplicate_episode_id
EP-251130126,P4803CDD,高藤直寿,,duplicate_episode_id
EP-251130126,P3FBD374,カスパー・ルード,,duplicate_episode_id
EP-251130126,P1D58175,須崎優衣,,duplicate_episode_id
EP-251130126,P3C81234,ファビオ・クアルタラロ,,duplicate_episode_id
EP-251130126,P5AEBC6D,新谷仁美,,duplicate_episode_id
EP-251130126,P6FBA3FA,キリアン・エムバペ,,duplicate_episode_id
EP-251130127,P512E1F9,パスカル,,duplicate_episode_id
EP-251130127,P3FE51C6,ファラデー,,duplicate_episode_id
EP-251130127,P8DFA541,ワトソン,,duplicate_episode_id
EP-251130127,P7C23172,クリック,,duplicate_episode_id
EP-251130127,P4BD5CA5,フランクリン,,duplicate_episode_id
EP-251130127,P257F75F,ハッブル,,duplicate_episode_id
EP-251130127,PE959F3B,シュレーディンガー,,duplicate_episode_id
EP-251130127,PC6BFEBE,ボルン,,duplicate_episode_id
EP-251130127,PB49E4A1,ハイゼンベルク,,duplicate_episode_id
EP-251130127,P66F6005,キュリー夫人,,duplicate_episode_id
EP-251130127,PD4F5843,松本清,,duplicate_episode_id
EP-251130127,P53D8DF9,高柳健次郎,,duplicate_episode_id
EP-251130127,PDE4AFB1,藤岡市助,,duplicate_episode_id
EP-251130127,P72CD347,島津源蔵,,duplicate_episode_id
EP-251130127,PB1348D6,田口玄一,,duplicate_episode_id
EP-251130127,P88F4120,関孝和,,duplicate_episode_id
EP-251130128,PE416E39,田中真紀子,,duplicate_episode_id
EP-251130128,P7A44176,古賀誠,,duplicate_episode_id
EP-251130128,P66161D4,加藤紘一,,duplicate_episode_id
EP-251130128,P3D10BDE,野中広務,,duplicate_episode_id
EP-251130128,PA274267,亀井静香,,duplicate_episode_id
EP-251130128,PA237F8C,石原伸晃,,duplicate_episode_id
EP-251130128,P6DADECE,谷垣禎一,,duplicate_episode_id
EP-251130128,P7DB6573,福田赳夫,,duplicate_episode_id
EP-251130128,PA3A0CA2,田中眞紀子,,duplicate_episode_id
EP-251130128,PA959EAB,野田聖子,,duplicate_episode_id
EP-251130128,P9893841,土井たか子,,duplicate_episode_id
EP-251130128,P3556406,福島みずほ,,duplicate_episode_id
EP-251130128,P702BA5A,桜井よしこ,,duplicate_episode_id
EP-251130128,P20A719C,二階俊博,,duplicate_episode_id
EP-251130128,P6421FDC,ビル・クリントン,,duplicate_episode_id
EP-251130128,PF4A7532,ジョージ・ブッシュ,,duplicate_episode_id
EP-251130128,P799A008,ロナルド・レーガン,,duplicate_episode_id
EP-251130128,PDD944E6,リチャード・ニクソン,,duplicate_episode_id
EP-251130128,PD08590B,ミハイル・ゴルバチョフ,,duplicate_episode_id
EP-251130128,PFFD032C,コンドリーザ・ライス,,duplicate_episode_id
EP-251130128,PFBFF507,マデリーン・オルブライト,,duplicate_episode_id
EP-251130128,PC276A8D,ジャック・シラク,,duplicate_episode_id
EP-251130128,P77A7265,フランソワ・ミッテラン,,duplicate_episode_id
EP-251130128,P4F5BE7E,シモン・ペレス,,duplicate_episode_id
EP-251130128,P7CF7960,イツハク・ラビン,,duplicate_episode_id
EP-251130128,P881DD53,ヘルムート・コール,,duplicate_episode_id
EP-251130128,P5CBBA33,ヴィリー・ブラント,,duplicate_episode_id
EP-251130129,PE24A1E3,竹下景子,,duplicate_episode_id
EP-251130129,P063E301,小池栄子,,duplicate_episode_id
EP-251130129,PF869A28,小栗旬の妻山田優,,duplicate_episode_id
EP-251130129,PC19F982,桜庭和志,,duplicate_episode_id
EP-251130129,PDDCA276,亀田興毅,,duplicate_episode_id
EP-251130129,PCA8C5A5,小川直也,,duplicate_episode_id
EP-251130129,PF5D1604,長州力,,duplicate_episode_id
EP-251130129,P9956537,橋本真也,,duplicate_episode_id
EP-251130129,P635D1CF,クラッシュ・ギャルズ,,duplicate_episode_id
EP-251130129,P0A82B6B,ジャッキー・チェン,,duplicate_episode_id
EP-251130129,P56DCDF3,ジェット・リー,,duplicate_episode_id
EP-251130129,PB5FA008,ドニー・イェン,,duplicate_episode_id
EP-251130129,PD4F1865,トニー・ジャー,,duplicate_episode_id
EP-251130129,PDC248B2,マイク・タイソン,,duplicate_episode_id
EP-251130129,P4540FE3,モハメド・アリ,,duplicate_episode_id
EP-251130129,PA4E5C6D,フロイド・メイウェザー,,duplicate_episode_id
EP-251130129,PFA05071,マニー・パッキャオ,,duplicate_episode_id
EP-251130129,P042775F,コナー・マクレガー,,duplicate_episode_id
EP-251130129,P5325E2C,アンデウソン・シウバ,,duplicate_episode_id
EP-251130129,P17898FC,ヒョードル・エメリヤーエンコ,,duplicate_episode_id
EP-251130129,P355AB49,ホイス・グレイシー,,duplicate_episode_id
EP-251130129,P44942E5,ケン・シャムロック,,duplicate_episode_id
EP-251130129,P40612AC,ティト・オーティズ,,duplicate_episode_id
EP-251130129,PE82D9EE,チャック・リデル,,duplicate_episode_id
EP-251130129,P5295DCE,ストーン・コールド・スティーブ・オースチン,,duplicate_episode_id
EP-251130129,P492998C,ジョン・シナ,,duplicate_episode_id
EP-251130129,PB11F03D,ハルク・ホーガン,,duplicate_episode_id
EP-251130129,P2BF4862,ジ・アンダーテイカー,,duplicate_episode_id
EP-251130129,P806D168,トリプルH,,duplicate_episode_id
EP-251130129,PA29CC64,ショーン・マイケルズ,,duplicate_episode_id
EP-251130130,P0F9492A,カラヤン,,duplicate_episode_id
EP-251130130,PDDB48CF,森田童子,,duplicate_episode_id
EP-251130130,PC8F6B3C,吉田拓郎,,duplicate_episode_id
EP-251130130,PD1143AA,ジョン・ウィリアムズ,,duplicate_episode_id
EP-251130130,P549E157,尾藤イサオ,,duplicate_episode_id
EP-251130130,PF134322,ポール・マッカートニー,,duplicate_episode_id
EP-251130130,P6A6824B,中田喜直,,duplicate_episode_id
EP-251130130,PEE5B790,ピンク,,duplicate_episode_id
EP-251130130,PB271220,ラフマニノフ,,duplicate_episode_id
EP-251130130,PEF81F3F,U2のボノ,,duplicate_episode_id
EP-251130130,PB6616C0,テレサ・テン,,duplicate_episode_id
EP-251130130,P81279F8,ドヴォルザーク,,duplicate_episode_id
EP-251130130,P1409B36,アイコ,,duplicate_episode_id
EP-251130130,P26AFC95,アッシャー,,duplicate_episode_id
EP-251130130,P404FFB7,森昌子,,duplicate_episode_id
EP-251130130,PF22C778,ニッキー・ミナージュ,,duplicate_episode_id
EP-251130130,P6E40DCC,筒美京平,,duplicate_episode_id
EP-251130131,P940F8D1,谷口吉郎,,duplicate_episode_id
EP-251130131,PAEB5342,津川雅寿,,duplicate_episode_id
EP-251130131,PA8048DA,野坂昭如,,duplicate_episode_id
EP-251130131,P52400F0,水谷豊,,duplicate_episode_id
EP-251130131,P7149A5B,アンリ・カルティエ=ブレッソン,,duplicate_episode_id
EP-251130131,PBCA6C0A,ジョージア・オキーフ,,duplicate_episode_id
EP-251130131,P59CFC88,バジル・ラスボーン,,duplicate_episode_id
EP-251130131,PC3777AA,エリア・カザン,,duplicate_episode_id
EP-251130131,P8D79EFF,フランク・ロイド・ライト,,duplicate_episode_id
EP-251130131,P7BAAF6E,ガートルード・スタイン,,duplicate_episode_id
EP-251130131,P1E99B84,マーサ・グレアム,,duplicate_episode_id
EP-251130131,PEFA9242,オーソン・ウェルズ,,duplicate_episode_id
EP-251130131,P6A013AD,ノーマン・ロックウェル,,duplicate_episode_id
EP-251130131,PC54ADC7,ミース・ファン・デル・ローエ,,duplicate_episode_id
EP-251130131,P8D44A00,ヴァシリー・カンディンスキー,,duplicate_episode_id
EP-251130131,P1E57577,テネシー・ウィリアムズ,,duplicate_episode_id
EP-251130131,P26A5A42,トルーマン・カポーティ,,duplicate_episode_id
EP-251130131,P51475C6,ジャクソン・ポロック,,duplicate_episode_id
EP-251130132,PA3BBA64,竹中半兵衛,,duplicate_episode_id
EP-251130132,P1D5F62E,岡本薫,,duplicate_episode_id
EP-251130132,P6DA3803,豊田章一郎,,duplicate_episode_id
EP-251130132,P0CAF715,永野重雄,,duplicate_episode_id
EP-251130132,P45C2F04,ジム・ベゾス,,duplicate_episode_id
EP-251130132,PEB6791A,松永安左エ門,,duplicate_episode_id
EP-251130132,PD71B843,土光敏夫,,duplicate_episode_id
EP-251130132,PD734572,西室泰三,,duplicate_episode_id
EP-251130132,P480D060,鈴木修,,duplicate_episode_id
EP-251130132,P003C5F1,経団連会長の米倉弘昌,,duplicate_episode_id
EP-251130132,P7052731,小林喜光,,duplicate_episode_id
EP-251130132,PE8DD01C,張富士夫,,duplicate_episode_id
EP-251130132,P97C0F15,奥田碩,,duplicate_episode_id
EP-251130132,P9E77D2A,中村邦夫,,duplicate_episode_id
EP-251130132,P3675C1D,カーロス・スリム,,duplicate_episode_id
EP-251130132,P6DA3803,豊田章一郎,,duplicate_episode_id
EP-251130132,PD734572,西室泰三,,duplicate_episode_id
EP-251130132,P480D060,鈴木修,,duplicate_episode_id
EP-251130132,P0CAF715,永野重雄,,duplicate_episode_id
EP-251130132,PD71B843,土光敏夫,,duplicate_episode_id
EP-251130132,PE266D21,中山素平,,duplicate_episode_id
EP-251130132,P97C0F15,奥田碩,,duplicate_episode_id
EP-251130132,PE8DD01C,張富士夫,,duplicate_episode_id
EP-251130132,PCF91064,佐治敬三,,duplicate_episode_id
EP-251130132,P69CE02A,小林一雅,,duplicate_episode_id
EP-251130132,P604D85D,フィル・ナイト,,duplicate_episode_id
EP-251130132,P6039C47,ジョン・D・ロックフェラー,,duplicate_episode_id
EP-251130133,P5CF6345,メンデレーエフ,,duplicate_episode_id
EP-251130133,PEDBF928,ヒポクラテス,,duplicate_episode_id
EP-251130133,P2235914,フランシス・ベーコン,,duplicate_episode_id
EP-251130133,PA8B9D38,ジョン・ロック,,duplicate_episode_id
EP-251130133,P602CA1A,スピノザ,,duplicate_episode_id
EP-251130133,PA3293CA,ルネ・デカルト,,duplicate_episode_id
EP-251130133,PD4B0E64,ライプニッツ,,duplicate_episode_id
EP-251130133,P955F5B7,ヴォルテール,,duplicate_episode_id
EP-251130133,PC74BDF5,ルソー,,duplicate_episode_id
EP-251130133,P58F7B83,モンテスキュー,,duplicate_episode_id
EP-251130133,PC31A4BC,アダム・スミス,,duplicate_episode_id
EP-251130133,P09B604E,ケインズ,,duplicate_episode_id
EP-251130133,PC169827,フリードマン,,duplicate_episode_id
EP-251130133,P4CC0E77,サミュエルソン,,duplicate_episode_id
EP-251130133,PF992D00,熊谷組,,duplicate_episode_id
EP-251130134,PBC1E70E,ヨハネス・グーテンベルク,,duplicate_episode_id
EP-251130134,PD292DAF,ワトソンとクリック,,duplicate_episode_id
EP-251130134,P966852C,メアリー・ウォルストンクラフト,,duplicate_episode_id
EP-251130134,PD055B21,ジェームズ・マクスウェル,,duplicate_episode_id
EP-251130134,P236EB68,フォン・ノイマン,,duplicate_episode_id
EP-251130134,PFC7E2E1,エイダ・ラブレス,,duplicate_episode_id
EP-251130134,PA692A42,ルイ・ブライユ,,duplicate_episode_id
EP-251130134,P1EC6FC7,ハーマン・ホレリス,,duplicate_episode_id
EP-251130134,PA4CA677,グレース・ホッパー,,duplicate_episode_id
EP-251130134,PEFC6701,島津製作所創業者,,duplicate_episode_id
EP-251130134,P59B6114,鳥井道夫,,duplicate_episode_id
EP-251130134,PF533CB3,早川徳次,,duplicate_episode_id
EP-251130134,P1AE7F88,林雄二郎,,duplicate_episode_id
EP-251130134,P39BF425,富士フイルム創業者,,duplicate_episode_id
EP-251130134,P25131D6,松下正治,,duplicate_episode_id
EP-251130135,P07BAFCF,大迫勇也,,duplicate_episode_id
EP-251130135,P69B2BC0,堂林翔太,,duplicate_episode_id
EP-251130135,PB30ECB6,横山典弘,,duplicate_episode_id
EP-251130135,P98599F6,川井梨紗子,,duplicate_episode_id
EP-251130135,P070FB7B,向井康二,,duplicate_episode_id
EP-251130135,P169A0FF,田中理恵,,duplicate_episode_id
EP-251130135,PE795FBF,江畑幸子,,duplicate_episode_id
EP-251130135,PD3A5996,アンドレス・イニエスタ,,duplicate_episode_id
EP-251130135,PA4E5C6D,フロイド・メイウェザー,,duplicate_episode_id
EP-251130135,PFA05071,マニー・パッキャオ,,duplicate_episode_id
EP-251130135,P60572DD,ジェンソン・バトン,,duplicate_episode_id
EP-251130135,P80C8BFE,セリーナ・ゴメス,,duplicate_episode_id
EP-251130135,P4B4B8C6,ジョン・ダリー,,duplicate_episode_id
EP-251130135,PF22C321,ベン・ホーガン,,duplicate_episode_id
EP-251130135,P905B8C9,田畑精一,,duplicate_episode_id
EP-251130135,P59D3D4E,奥原希望,,duplicate_episode_id
EP-251130135,PB6B4F6E,高橋礼華,,duplicate_episode_id
EP-251130135,PA553B99,松友美佐紀,,duplicate_episode_id
EP-251130135,P9C74F8E,中野浩一,,duplicate_episode_id
EP-251130135,PB70CD3B,今井正人,,duplicate_episode_id
EP-251130135,PA5475A3,斉藤和巳,,duplicate_episode_id
EP-251130135,P755D4E2,ノヴィツキー,,duplicate_episode_id
EP-251130135,PE595613,ティム・ダンカン,,duplicate_episode_id
EP-251130135,P8930E6D,フィル・ミケルソン,,duplicate_episode_id
EP-251130135,P91DB75B,ニコ・ロズベルグ,,duplicate_episode_id
EP-251130135,PC088757,柳沢敦,,duplicate_episode_id
EP-251130136,P1AE796D,津田塾,,duplicate_episode_id
EP-251130136,PEBBB73D,勅使川原三郎,,duplicate_episode_id
EP-251130136,P49712A0,いわさきちひろ,,duplicate_episode_id
EP-251130136,PCC2C1FF,藤城清治,,duplicate_episode_id
EP-251130136,PF6D931F,田河水泡,,duplicate_episode_id
EP-251130136,P13D76CA,白洲正子,,duplicate_episode_id
EP-251130136,P0C19256,柳家さん喬,,duplicate_episode_id
EP-251130136,P73E798D,金春安明,,duplicate_episode_id
EP-251130136,PAED3B78,三輪明宏,,duplicate_episode_id
EP-251130136,PA6EC284,長谷川等伯,,duplicate_episode_id
EP-251130136,P74846B4,狩野永徳,,duplicate_episode_id
EP-251130136,P7C67771,河井寛次郎,,duplicate_episode_id
EP-251130136,PBB0D31F,濱田庄司,,duplicate_episode_id
EP-251130136,PE019053,アガサ・クリスティー,,duplicate_episode_id
EP-251130136,P40AA4C8,ガルシア・ロルカ,,duplicate_episode_id
EP-251130136,P70C103E,ジェフ・クーンズ,,duplicate_episode_id
EP-251130136,PA87B2E4,デイヴィッド・ホックニー,,duplicate_episode_id
EP-251130136,P5326A12,イヴ・クライン,,duplicate_episode_id
EP-251130136,P825BF88,ジャン・ミシェル・バスキア,,duplicate_episode_id
EP-251130137,P31FB53E,秋本治,,duplicate_episode_id
EP-251130137,PFF46B6D,久保田雅人,,duplicate_episode_id
EP-251130137,P3511361,小山茉美,,duplicate_episode_id
EP-251130137,PDA89A1C,田中秀幸,,duplicate_episode_id
EP-251130137,PF6B4935,古川登志夫,,duplicate_episode_id
EP-251130137,P57CAE0C,神谷明,,duplicate_episode_id
EP-251130137,PF3B6C18,野沢那智,,duplicate_episode_id
EP-251130137,P20C0C25,銀河万丈,,duplicate_episode_id
EP-251130137,P3E4E217,石川英郎,,duplicate_episode_id
EP-251130137,PABED904,スティーブ・ジョブズ,,duplicate_episode_id
EP-251130137,P52C7886,宮本茂,,duplicate_episode_id
EP-251130137,PC6B9A38,ビル・ゲイツ,,duplicate_episode_id
EP-251130137,PDF965C1,チャック・ノリス,,duplicate_episode_id
EP-251130137,P659FDC0,鳥山明,,duplicate_episode_id
EP-251130137,PD6CF0DA,岸本斉史,,duplicate_episode_id
EP-251130137,P55270BC,川尻善昭,,duplicate_episode_id
EP-251130137,P4F4866D,大友克洋,,duplicate_episode_id
EP-251130137,P11AD686,今敏,,duplicate_episode_id
EP-251130137,PCDDC643,押井守,,duplicate_episode_id
EP-251130137,P0A11058,りんたろう,,duplicate_episode_id
EP-251130137,PDE2F08C,松本零士,,duplicate_episode_id
EP-251130138,P00E60E9,森口博子,,duplicate_episode_id
EP-251130138,PC1129F4,石井竜也,,duplicate_episode_id
EP-251130138,P0127810,岡田有希子,,duplicate_episode_id
EP-251130138,P4335BAE,チャゲ,,duplicate_episode_id
EP-251130138,P4B9751F,角松敏生,,duplicate_episode_id
EP-251130138,PAA30275,荻野目洋子,,duplicate_episode_id
EP-251130138,PF1329F3,河合奈保子,,duplicate_episode_id
EP-251130138,P1BF7582,平沢進,,duplicate_episode_id
EP-251130138,PE83FEC7,綾戸智恵,,duplicate_episode_id
EP-251130138,P8DB50AA,大貫妙子,,duplicate_episode_id
EP-251130138,PA509EDE,岩崎宏美,,duplicate_episode_id
EP-251130138,P7445D49,ウィークエンド,,duplicate_episode_id
EP-251130138,P789CD00,ジョン・メイヤー,,duplicate_episode_id
EP-251130138,P560AC9A,アリシア・キーズ,,duplicate_episode_id
EP-251130138,P027963E,ファレル・ウィリアムス,,duplicate_episode_id
EP-251130138,PB530AD8,ジョン・レジェンド,,duplicate_episode_id
EP-251130138,PEFEB011,ケリー・クラークソン,,duplicate_episode_id
EP-251130138,PAC6384D,アダム・レヴィーン,,duplicate_episode_id
EP-251130138,P5FA88AD,クリス・マーティン,,duplicate_episode_id
EP-251130138,PA79381E,エイミー・ワインハウス,,duplicate_episode_id
EP-251130139,P401D0BC,清水義範,,duplicate_episode_id
EP-251130139,P9A35FF1,津村記久子,,duplicate_episode_id
EP-251130139,PCB00494,小川洋子,,duplicate_episode_id
EP-251130139,P1673F56,佐藤正午,,duplicate_episode_id
EP-251130139,P07C0624,道尾秀介,,duplicate_episode_id
EP-251130139,P3F69AD6,米澤穂信,,duplicate_episode_id
EP-251130139,PE416DD3,瀬尾まいこ,,duplicate_episode_id
EP-251130139,PE111E29,本谷有希子,,duplicate_episode_id
EP-251130139,PCE39FE1,ウラジーミル・ナボコフ,,duplicate_episode_id
EP-251130139,P4A28994,トニ・モリスン,,duplicate_episode_id
EP-251130139,PC84DAF6,ジョン・スタインベック,,duplicate_episode_id
EP-251130139,PDBB26E1,ホルヘ・ルイス・ボルヘス,,duplicate_episode_id
EP-251130139,PF57751,オスカー・ワイルド,,duplicate_episode_id
EP-251130139,P77FB628,シルヴィア・プラス,,duplicate_episode_id
EP-251130139,PF1D2054,ゾラ・ニール・ハーストン,,duplicate_episode_id
EP-251130139,PB8F6F8B,イタロ・カルヴィーノ,,duplicate_episode_id
EP-251130139,P99C89E9,ミラン・クンデラ,,duplicate_episode_id
EP-251130139,PA42863D,イサベル・アジェンデ,,duplicate_episode_id
EP-251130139,P0A13A58,ポール・オースター,,duplicate_episode_id
EP-251130139,PEE19063,アニー・ディラード,,duplicate_episode_id
EP-251130139,P6E625E1,ジュンパ・ラヒリ,,duplicate_episode_id
EP-251130140,PD8399AD,グリゴリー・ラスプーチン,,duplicate_episode_id
EP-251130140,P78C3DCF,マルコス・アウレリウス,,duplicate_episode_id
EP-251130140,P0E26591,聖女ヌルハチ,,duplicate_episode_id
EP-251130140,PE4E9B32,織田信忠,,duplicate_episode_id
EP-251130140,PB10B04B,グスタフ・アドルフ,,duplicate_episode_id
EP-251130140,PB8F81C2,楊貴妃,,duplicate_episode_id
EP-251130140,P735A5E8,石田三成,,duplicate_episode_id
EP-251130140,P5AD921B,シャルルマーニュ,,duplicate_episode_id
EP-251130140,P9FD2F20,細川ガラシャ,,duplicate_episode_id
EP-251130140,P40C943F,サラディン,,duplicate_episode_id
EP-251130140,PDCCA0FA,小早川秀秋,,duplicate_episode_id
EP-251130140,PD23F2A1,ニコロ・マキャヴェッリ,,duplicate_episode_id
EP-251130140,P5676A70,直江兼続,,duplicate_episode_id
EP-251130140,P7D26136,ポカホンタス,,duplicate_episode_id
EP-251130140,P165B1E5,立花道雪,,duplicate_episode_id
EP-251130140,P25A201B,小早川隆元,,duplicate_episode_id
EP-251130140,P3EE76E9,フィデル・カストロ,,duplicate_episode_id
EP-251130140,P9C9B734,藤原氏長者,,duplicate_episode_id
EP-251130140,PAC29FD1,アンネ・フランク,,duplicate_episode_id
EP-251130140,P2D60EB4,蜂須賀正勝,,duplicate_episode_id
EP-251130140,P21080AE,イヴァン雷帝,,duplicate_episode_id
EP-251130140,PDA34867,今川義元,,duplicate_episode_id
EP-251130141,P04DA54C,山田涼介,,duplicate_episode_id
EP-251130141,PE63C5D7,中川翔子,,duplicate_episode_id
EP-251130141,PD780456,中島健人,,duplicate_episode_id
EP-251130141,PF9E2D24,錦戸亮,,duplicate_episode_id
EP-251130141,P841789A,長谷川博己,,duplicate_episode_id
EP-251130141,P5E662C0,三浦春馬,,duplicate_episode_id
EP-251130141,P570E9A8,柳原可奈子,,duplicate_episode_id
EP-251130141,PE7C6E14,平野紫耀,,duplicate_episode_id
EP-251130141,P4C934FA,ドウェイン・ジョンソン,,duplicate_episode_id
EP-251130141,P34CE62F,マイケル・ジョーダン,,duplicate_episode_id
EP-251130141,PE195C51,タイガー・ウッズ,,duplicate_episode_id
EP-251130141,PE5F0F37,セリーナ・ウィリアムズ,,duplicate_episode_id
EP-251130141,PDC2C57E,ロジャー・フェデラー,,duplicate_episode_id
EP-251130141,P5CC6E9F,古田新太,,duplicate_episode_id
EP-251130141,P9BBA413,麻生久美子,,duplicate_episode_id
EP-251130141,P4BBCA4C,加藤茶,,duplicate_episode_id
EP-251130141,P9089CE4,仲本工事,,duplicate_episode_id
EP-251130141,PE3EA538,欽ちゃん,,duplicate_episode_id
EP-251130141,P30511B4,桂文枝,,duplicate_episode_id
EP-251130141,P0580055,三遊亭好楽,,duplicate_episode_id
EP-251130141,P8505C64,毒蝮三太夫,,duplicate_episode_id
EP-251130141,P5BD6C43,上島竜兵,,duplicate_episode_id
EP-251130141,P151FBBC,肥後克広,,duplicate_episode_id
EP-251130141,PB080E48,寺門ジモン,,duplicate_episode_id
EP-251130141,P05A04C4,笑福亭仁鶴,,duplicate_episode_id
EP-251130141,P7B1EE14,桂三枝,,duplicate_episode_id
EP-251130141,P2C434C5,ジェレミー・レナー,,duplicate_episode_id
EP-251130142,P183DBEF,アンディ・グローブ,,duplicate_episode_id
EP-251130142,PF5F6CFD,マイケル・ポーター,,duplicate_episode_id
EP-251130142,P532CE94,ピーター・ドラッカー,,duplicate_episode_id
EP-251130142,PE6D0DC5,近藤太香巳,,duplicate_episode_id
EP-251130142,P8C1245F,猪子寿之,,duplicate_episode_id
EP-251130142,P7769EFC,佐治信忠,,duplicate_episode_id
EP-251130142,P08A3594,鶴見和雄,,duplicate_episode_id
EP-251130142,P6514E38,中島聡,,duplicate_episode_id
EP-251130142,PDE72D86,岡本行夫,,duplicate_episode_id
EP-251130142,P6C9F1E4,里見治,,duplicate_episode_id
EP-251130142,P5417E74,樋口泰行,,duplicate_episode_id
EP-251130142,P5E2EE89,藤森義明,,duplicate_episode_id
EP-251130142,P77C9370,ベン・ホロウィッツ,,duplicate_episode_id
EP-251130142,PAEE64F5,マーク・アンドリーセン,,duplicate_episode_id
EP-251130142,P8803DCF,サフラ・カッツ,,duplicate_episode_id
EP-251130142,P57AD10A,エリック・シュミット,,duplicate_episode_id
EP-251130142,PC4E6878,ジャン=ポール・アゴン,,duplicate_episode_id
EP-251130143,P6FA7E30,ワットソン,,duplicate_episode_id
EP-251130143,PFDC0BC9,フレミング,,duplicate_episode_id
EP-251130143,P476BE02,ハーバー,,duplicate_episode_id
EP-251130143,PA74B16A,高木貞治,,duplicate_episode_id
EP-251130143,P8E66869,黒川光博,,duplicate_episode_id
EP-251130143,PDFCE210,島正博,,duplicate_episode_id
EP-251130143,P3B77E73,早川種三,,duplicate_episode_id
EP-251130143,PA9F61D8,湯木貞一,,duplicate_episode_id
EP-251130143,P1DF3F1A,菊池正士,,duplicate_episode_id
EP-251130143,PC337D58,糸川英夫,,duplicate_episode_id
EP-251130143,P47CC417,長岡正男,,duplicate_episode_id
EP-251130143,P6C02FDE,田中久重,,duplicate_episode_id
EP-251130143,P61EC972,ボイル,,duplicate_episode_id
EP-251130143,PD035F91,ハレー,,duplicate_episode_id
EP-251130143,PAF422C7,オイラー,,duplicate_episode_id
EP-251130143,PFE7B1B2,リンネ,,duplicate_episode_id
EP-251130143,P0224306,フック,,duplicate_episode_id
EP-251130143,P91DE2B9,ケルヴィン卿,,duplicate_episode_id
EP-251130143,PE082E99,アボガドロ,,duplicate_episode_id
EP-251130144,PD385FA8,ボブ・マーリー,,duplicate_episode_id
EP-251130144,PD612686,谷村新司,,duplicate_episode_id
EP-251130144,P9B2E242,富田靖子,,duplicate_episode_id
EP-251130144,PEB37FB9,日野皓正,,duplicate_episode_id
EP-251130144,P11C6BE5,秋吉敏子,,duplicate_episode_id
EP-251130144,PF4A52AA,白鳳,,duplicate_episode_id
EP-251130144,P23CF32C,大鵬,,duplicate_episode_id
EP-251130144,P617830F,古今亭志ん朝,,duplicate_episode_id
EP-251130144,P4901994,古今亭志ん生,,duplicate_episode_id
EP-251130144,P0F5F35F,林家正蔵,,duplicate_episode_id
EP-251130144,P3E236D7,狂言師野村万之丞,,duplicate_episode_id
EP-251130144,P37A4B52,市川染五郎,,duplicate_episode_id
EP-251130144,PFDDF3E6,ラベル,,duplicate_episode_id
EP-251130144,PB741369,セルバンテス,,duplicate_episode_id
EP-251130144,P2D76475,プルースト,,duplicate_episode_id
EP-251130144,PE1EC601,ボルヘス,,duplicate_episode_id
EP-251130144,P6337ED6,カミュ,,duplicate_episode_id
EP-251130144,P0BF8BD0,サルトル,,duplicate_episode_id
EP-251130144,PEE0EBF5,ジョイス,,duplicate_episode_id
EP-251130144,P8E9D69E,トーマス・マン,,duplicate_episode_id
EP-251130144,P137AD1A,ホメロス,,duplicate_episode_id
EP-251130144,P7ED6C89,ルノワール,,duplicate_episode_id
EP-251130144,P5871B70,マネ,,duplicate_episode_id
EP-251130144,P5801BC8,ドガ,,duplicate_episode_id
EP-251130144,PF8E6FD7,カラヴァッジョ,,duplicate_episode_id
EP-251130145,PD46D3FF,柔道篠原信一,,duplicate_episode_id
EP-251130145,PBF39F7D,競泳松田丈志,,duplicate_episode_id
EP-251130145,PCBA308E,体操内村航平,,duplicate_episode_id
EP-251130145,PAB81F82,陸上朝原宣治,,duplicate_episode_id
EP-251130145,P0E94FBF,野球上原浩治,,duplicate_episode_id
EP-251130145,P4117A44,サッカー長谷部誠,,duplicate_episode_id
EP-251130145,PBFABCE9,テニス沢松奈生子,,duplicate_episode_id
EP-251130145,PFA42C71,スケート岡崎朋美,,duplicate_episode_id
EP-251130145,P19E43EB,柔道小川直也,,duplicate_episode_id
EP-251130145,P9EB779F,競泳千葉すず,,duplicate_episode_id
EP-251130145,P7FABEB5,野球工藤公康,,duplicate_episode_id
EP-251130145,P8D5F4BB,マラソン瀬古利彦,,duplicate_episode_id
EP-251130145,P3B1192F,体操塚原直也,,duplicate_episode_id
EP-251130145,PCDF7401,卓球福原愛,,duplicate_episode_id
EP-251130145,P18DEA44,サッカー中山雅史,,duplicate_episode_id
EP-251130145,P96A4FBB,相撲千代の富士,,duplicate_episode_id
EP-251130145,PE3563C9,バスケ田臥勇太,,duplicate_episode_id
EP-251130145,P7E7A628,ゴルフ樋口久子,,duplicate_episode_id
EP-251130145,P341B169,セルヒオ・アグエロ,,duplicate_episode_id
EP-251130145,P60450B0,トニー・クロース,,duplicate_episode_id
EP-251130145,P2B267DC,ケイティ・レデツキー,,duplicate_episode_id
EP-251130145,PB69D9A5,ジョナサン・エドワーズ,,duplicate_episode_id
EP-251130145,PE4EBEFF,セルゲイ・ブブカ,,duplicate_episode_id
EP-251130145,P3C101C2,フロイド・メイウェザー・ジュニア,,duplicate_episode_id
EP-251130145,PBF3F5C9,ヴィーナス・ウィリアムズ,,duplicate_episode_id
EP-251130145,PFAB8241,シモーン・バイルズ,,duplicate_episode_id
EP-251130145,P8C632D7,ウェイン・ルーニー,,duplicate_episode_id
EP-251130145,PA6EA43F,ロベルト・ベッティーガ,,duplicate_episode_id
EP-251130145,P6539DFC,マイケル・ジョンソン,,duplicate_episode_id
EP-251130145,PD3CE7D3,シェーン・ウォーン,,duplicate_episode_id
EP-251130146,PD2BED0B,マリ・キュリー,,duplicate_episode_id
EP-251130146,P0EE4C87,坂本太郎,,duplicate_episode_id
EP-251130146,P1261CA2,ワーナー・ハイゼンベルク,,duplicate_episode_id
EP-251130146,P919956D,丸山眞男,,duplicate_episode_id
EP-251130146,PF4779F7,ロバート・オッペンハイマー,,duplicate_episode_id
EP-251130146,P7C426EF,吉川幸次郎,,duplicate_episode_id
EP-251130146,PF96EDCE,西村真琴,,duplicate_episode_id
EP-251130146,P8961B79,ヴァネヴァー・ブッシュ,,duplicate_episode_id
EP-251130146,P6482E11,折口信夫,,duplicate_episode_id
EP-251130146,P0E83A71,カール・ユング,,duplicate_episode_id
EP-251130146,P4FEF9CF,石田英一郎,,duplicate_episode_id
EP-251130146,PECB5C9D,河合隼雄,,duplicate_episode_id
EP-251130146,P8CFE93D,柄谷行人,,duplicate_episode_id
EP-251130146,P9232B6E,マーガレット・ミード,,duplicate_episode_id
EP-251130146,P8C41F14,今道友信,,duplicate_episode_id
EP-251130146,P101109D,ドロシー・ホジキン,,duplicate_episode_id
EP-251130147,PDF8D09B,青山繁晴,,duplicate_episode_id
EP-251130147,P5CBC9DC,櫻井よしこ,,duplicate_episode_id
EP-251130147,P365AA64,有本香,,duplicate_episode_id
EP-251130147,P5FC8726,安田浩一,,duplicate_episode_id
EP-251130147,P0EBD718,江川紹子,,duplicate_episode_id
EP-251130147,PBC97880,金子勝,,duplicate_episode_id
EP-251130147,P3990B5B,森永卓郎,,duplicate_episode_id
EP-251130147,P670771F,萱野稔人,,duplicate_episode_id
EP-251130147,P75D8527,宮台真司,,duplicate_episode_id
EP-251130147,P63CEE87,姜尚中,,duplicate_episode_id
EP-251130147,P732BEFA,ウラジーミル・ゼレンスキー,,duplicate_episode_id
EP-251130147,PE633151,シー・ジンピン,,duplicate_episode_id
EP-251130147,P29B8DBC,アレクサンドリア・オカシオ・コルテス,,duplicate_episode_id
EP-251130147,P0DB7D1B,ポール・クルーグマン,,duplicate_episode_id
EP-251130147,P58BFA84,古田織部,,duplicate_episode_id
EP-251130147,P2B4328E,黒田清輝,,duplicate_episode_id
EP-251130147,P21700BF,鳩山一郎,,duplicate_episode_id
EP-251130147,PF143DA0,田中康夫,,duplicate_episode_id
EP-251130147,PBC791CA,青木理,,duplicate_episode_id
EP-251130147,PBC97880,金子勝,,duplicate_episode_id
EP-251130147,P7A3343D,寺島実郎,,duplicate_episode_id
EP-251130147,PF501C08,飯田哲也,,duplicate_episode_id
EP-251130147,PDD75147,古賀茂明,,duplicate_episode_id
EP-251130147,P92051A6,トーマス・ジェファーソン,,duplicate_episode_id
EP-251130147,PCD38CAE,ウッドロー・ウィルソン,,duplicate_episode_id
EP-251130147,P873EEEE,シャルル・ド・ゴール,,duplicate_episode_id
EP-251130147,PC73E94D,李光耀,,duplicate_episode_id
EP-251130147,P1658C3E,スカルノ,,duplicate_episode_id
EP-251130148,P7F1EFC0,橋田壽賀子,,duplicate_episode_id
EP-251130148,P9CE85EE,浅田美代子,,duplicate_episode_id
EP-251130148,PD5783C6,片桐はいり,,duplicate_episode_id
EP-251130148,PABC77D1,内田也哉子,,duplicate_episode_id
EP-251130148,PBF29E48,生瀬勝久,,duplicate_episode_id
EP-251130148,PEFD8AA7,浅野温子,,duplicate_episode_id
EP-251130148,P779AA9A,小林薫,,duplicate_episode_id
EP-251130148,P6F47B28,キャメロン・ディアス,,duplicate_episode_id
EP-251130148,PDDD2285,ケビン・ベーコン,,duplicate_episode_id
EP-251130148,P6B66C7D,ペネロペ・クルス,,duplicate_episode_id
EP-251130148,P9A6DFAE,ハビエル・バルデム,,duplicate_episode_id
EP-251130148,P1481792,ペドロ・アルモドバル,,duplicate_episode_id
EP-251130148,P6345DFA,ケネス・ブラナー,,duplicate_episode_id
EP-251130148,PE02C435,犬童一心,,duplicate_episode_id
EP-251130148,P6DF20B8,萩原健一,,duplicate_episode_id
EP-251130148,PA6FBCCD,斎藤工,,duplicate_episode_id
EP-251130148,P3CB8E2C,菊地凛子,,duplicate_episode_id
EP-251130148,P257FC0F,田中泯,,duplicate_episode_id
EP-251130148,PD5783C6,片桐はいり,,duplicate_episode_id
EP-251130148,PE5395CD,風間杜夫,,duplicate_episode_id
EP-251130148,P302DB93,市川猿之助,,duplicate_episode_id
EP-251130148,P9359417,尾上松緑,,duplicate_episode_id
EP-251130149,PF6F6AEC,吉田美和,,duplicate_episode_id
EP-251130149,P1A4473A,平原綾香,,duplicate_episode_id
EP-251130149,P0C1B121,水野良樹,,duplicate_episode_id
EP-251130149,PDBBF8BA,小渕健太郎,,duplicate_episode_id
EP-251130149,P1B9D487,スキマスイッチ・大橋卓弥,,duplicate_episode_id
EP-251130149,PC4066C2,ジェイソン・マラーズ,,duplicate_episode_id
EP-251130149,PD307403,ノラ・ジョーンズ,,duplicate_episode_id
EP-251130149,PE0E806C,ジャック・ジョンソン,,duplicate_episode_id
EP-251130149,P56AB6FC,アラニス・モリセット,,duplicate_episode_id
EP-251130149,P038E0E8,セリーヌ・ディオン,,duplicate_episode_id
EP-251130149,P809F9BB,マライア・キャリー,,duplicate_episode_id
EP-251130149,PF857BAB,バーブラ・ストライサンド,,duplicate_episode_id
EP-251130149,P5BD7DFB,スティング,,duplicate_episode_id
EP-251130149,P4A2CE5A,ボン・ジョヴィ,,duplicate_episode_id
EP-251130149,P18706F0,ブルース・スプリングスティーン,,duplicate_episode_id
EP-251130149,PBB0379E,フィル・コリンズ,,duplicate_episode_id
EP-251130149,PE3866CE,ジョージ・マイケル,,duplicate_episode_id
EP-251130149,PEAA22AF,アニー・レノックス,,duplicate_episode_id
EP-251130150,PDB97156,角川歴彦,,duplicate_episode_id
EP-251130150,PE9E11D0,新貝康司,,duplicate_episode_id
EP-251130150,PFA938AB,木村拓也,,duplicate_episode_id
EP-251130150,P261C25F,ボビー・コティック,,duplicate_episode_id
EP-251130150,PFAE2AF8,アリババ創業者ダニエル・チャン,,duplicate_episode_id
EP-251130150,P77D3A4B,イーロン・マスク,,duplicate_episode_id
EP-251130150,P51F5559,岩崎弥一,,duplicate_episode_id
EP-251130150,PA7686AA,ジョン・ピアポント・モルガン,,duplicate_episode_id
EP-251130150,P211E08B,鳥井信一郎,,duplicate_episode_id
EP-251130150,PB539CFD,安田善雄,,duplicate_episode_id
EP-251130150,P03A1CF3,マーガレット・サッチャー,,duplicate_episode_id
EP-251130150,P7BED8D6,鈴木道雄,,duplicate_episode_id
EP-251130150,P23C9453,住友友以,,duplicate_episode_id
EP-251130150,P7AFE171,中山悦治,,duplicate_episode_id
EP-251130150,P85DAF41,古河市兵衛,,duplicate_episode_id
EP-251130150,P6C5FC68,浅野総一郎,,duplicate_episode_id
EP-251130150,P32D0BA6,ヴェラ・ワン,,duplicate_episode_id
EP-251130150,P39F8504,大倉喜八郎,,duplicate_episode_id
EP-251130150,P1BF70E2,野村徳七,,duplicate_episode_id
EP-251130150,P286C8DE,メリンダ・ゲイツ,,duplicate_episode_id
EP-251130150,PE45B125,藤原銀次郎,,duplicate_episode_id
EP-251130150,PE2E6A0A,中島知久平,,duplicate_episode_id
EP-251130150,PCCEDEF9,アリババ・ジャック・マー,,duplicate_episode_id
EP-251130150,PFC6E41A,木村惠司,,duplicate_episode_id
EP-251130150,P37CFEC8,フェイスブック・マーク・ザッカーバーグ,,duplicate_episode_id
EP-251130150,PF1E9A42,石坂泰三,,duplicate_episode_id
EP-251130150,P67971B0,ジャネット・イエレン,,duplicate_episode_id
EP-251130150,P35C98A3,土橋正二郎,,duplicate_episode_id
EP-251130151,PFAD936B,パブロフ,,duplicate_episode_id
EP-251130151,PF263831,フロイト,,duplicate_episode_id
EP-251130151,P1BE9087,榎本武揚,,duplicate_episode_id
EP-251130151,P4DB03E0,島津斉彬,,duplicate_episode_id
EP-251130151,P3841A61,森永太一郎,,duplicate_episode_id
EP-251130151,P01D4B5B,高峰秀子,,duplicate_episode_id
EP-251130151,PBADC9DF,竹中工務店創業者,,duplicate_episode_id
EP-251130151,PDA1217D,オッペンハイマー,,duplicate_episode_id
EP-251130151,P439995F,カーネギー,,duplicate_episode_id
EP-251130151,P94661CE,ロックフェラー,,duplicate_episode_id
EP-251130151,P6EF5DAB,ベル,,duplicate_episode_id
EP-251130151,P81650A6,マルコーニ,,duplicate_episode_id
EP-251130151,P8819533,シーメンス,,duplicate_episode_id
EP-251130151,P74C6E25,クルップ,,duplicate_episode_id
EP-251130151,PF651010,ディーゼル,,duplicate_episode_id
EP-251130152,P6C01F7F,千葉雄大,,duplicate_episode_id
EP-251130152,P1EEA1FC,薬師丸ひろ子,,duplicate_episode_id
EP-251130152,P4D2E1F8,キアヌ・リーブス,,duplicate_episode_id
EP-251130152,P08454A3,江原啓之,,duplicate_episode_id
EP-251130152,P215BE6B,細木数子,,duplicate_episode_id
EP-251130152,PDDA1201,小林幸子,,duplicate_episode_id
EP-251130152,PAE9E893,佐野史郎,,duplicate_episode_id
EP-251130152,PBFFAF29,萬田久子,,duplicate_episode_id
EP-251130152,PCAC884A,ショーン・メンデス,,duplicate_episode_id
EP-251130152,P4CDA770,カミラ・カベロ,,duplicate_episode_id
EP-251130152,P436C0B6,佐藤二朗,,duplicate_episode_id
EP-251130152,PAC69109,伊沢拓司,,duplicate_episode_id
EP-251130152,PE7204FD,押切もえ,,duplicate_episode_id
EP-251130152,PC0E08DC,コムアイ,,duplicate_episode_id
EP-251130152,PA0D9AA2,サンシャイン池崎,,duplicate_episode_id
EP-251130152,PCFE118F,野性爆弾くっきー,,duplicate_episode_id
EP-251130152,P1C4A151,狩野英孝,,duplicate_episode_id
EP-251130152,PCCECFE2,ゆりやんレトリィバァ,,duplicate_episode_id
EP-251130152,PC14F326,小籔千豊,,duplicate_episode_id
EP-251130152,P1DCBFA9,野田洋次郎,,duplicate_episode_id
EP-251130152,P536296E,ドレイク,,duplicate_episode_id
EP-251130152,PDC7D3CA,Beyoncé,,duplicate_episode_id
EP-251130152,P6792464,ジャスティン・ティンバーレイク,,duplicate_episode_id
EP-251130152,P875DD3C,ポスト・マローン,,duplicate_episode_id
EP-251130152,P4E2489C,ケンドリック・ラマー,,duplicate_episode_id
EP-251130153,P8FB23D0,上戸彩,,duplicate_episode_id
EP-251130153,P924D47A,沢尻エリカ,,duplicate_episode_id
EP-251130153,PC905659,松田翔太,,duplicate_episode_id
EP-251130153,P6C91EB8,仲間由紀恵,,duplicate_episode_id
EP-251130153,P8034109,内野聖陽,,duplicate_episode_id
EP-251130153,PE9DBAE7,サンドラ・オー,,duplicate_episode_id
EP-251130153,PDDB5E6B,ダニエル・クレイグ,,duplicate_episode_id
EP-251130153,P5F34AD4,綾野剛,,duplicate_episode_id
EP-251130153,P43978FA,伊勢谷友介,,duplicate_episode_id
EP-251130153,P42B5C77,松本まりか,,duplicate_episode_id
EP-251130153,P6C9540C,多部未華子,,duplicate_episode_id
EP-251130153,P5F34AD4,綾野剛,,duplicate_episode_id
EP-251130153,P4BB0CCF,菅野美穂,,duplicate_episode_id
EP-251130153,P70DC70C,ケイト・ブランシェット,,duplicate_episode_id
EP-251130153,P9A30006,ジェシカ・チャステイン,,duplicate_episode_id
EP-251130153,P309BC55,伊藤英明,,duplicate_episode_id
EP-251130153,P1A2DF2F,吉瀬美智子,,duplicate_episode_id
EP-251130153,P820E672,鈴木亮平,,duplicate_episode_id
EP-251130153,P42B5C77,松本まりか,,duplicate_episode_id
EP-251130153,P924D47A,沢尻エリカ,,duplicate_episode_id
EP-251130153,P6C91EB8,仲間由紀恵,,duplicate_episode_id
EP-251130153,P72BB151,ケビン・ハート,,duplicate_episode_id
EP-251130153,P2829266,ラミ・マレック,,duplicate_episode_id
EP-251130153,P593D0FE,ガル・ガドット,,duplicate_episode_id
EP-251130153,PB85F50A,ブリー・ラーソン,,duplicate_episode_id
EP-251130153,PC303158,エリザベス・モス,,duplicate_episode_id
EP-251130153,P3195A92,スターリング・K・ブラウン,,duplicate_episode_id
EP-251130153,P850B02C,ラキース・スタンフィールド,,duplicate_episode_id
EP-251130154,P25D3A1C,万田邦敏,,duplicate_episode_id
EP-251130154,PDEA3849,中村歌右衛門,,duplicate_episode_id
EP-251130154,P7EBDDC8,林家たい平,,duplicate_episode_id
EP-251130154,PFA40B13,春風亭一之輔,,duplicate_episode_id
EP-251130154,PAE96371,狂言師茂山千作,,duplicate_episode_id
EP-251130154,P70DC70C,ケイト・ブランシェット,,duplicate_episode_id
EP-251130154,PBA364C3,ナタリー・ポートマン,,duplicate_episode_id
EP-251130154,P10CDC0D,フランク・ゲーリー,,duplicate_episode_id
EP-251130154,P57C9372,アニエス・ヴァルダ,,duplicate_episode_id
EP-251130154,P8B11DD0,エミール・ゾラ,,duplicate_episode_id
EP-251130154,P67B9F25,内藤礼,,duplicate_episode_id
EP-251130154,PC591B4E,セルゲイ・エイゼンシュテイン,,duplicate_episode_id
EP-251130154,PE685B93,バウハウス・ヴァルター・グロピウス,,duplicate_episode_id
EP-251130154,PD2EE893,マルセル・デュシャン,,duplicate_episode_id
EP-251130154,P7E86634,アンリ・マティス,,duplicate_episode_id
EP-251130154,P26C270E,福田平八郎,,duplicate_episode_id
EP-251130154,P0E0E8D9,ジャン・コクトー,,duplicate_episode_id
EP-251130154,P7CE3F26,イングリッド・バーグマン,,duplicate_episode_id
EP-251130154,P3D941F2,オーギュスト・ルノワール,,duplicate_episode_id
EP-251130154,PF482C14,三木のり平,,duplicate_episode_id
EP-251130154,PE78C4EE,ジャン・ジュネ,,duplicate_episode_id
EP-251130154,P4853AA2,オルハン・パムク,,duplicate_episode_id
EP-251130154,P3CE8882,赤井英和,,duplicate_episode_id
EP-251130154,P793905B,モディリアーニ,,duplicate_episode_id
EP-251130154,P169B4D2,千住博,,duplicate_episode_id
EP-251130154,P24B4003,ジーン・ケリー,,duplicate_episode_id
EP-251130154,PA23F121,さいとうたかを,,duplicate_episode_id
EP-251130155,PC3FDBD1,朝原宣治,,duplicate_episode_id
EP-251130155,P3BCB867,石毛宏典,,duplicate_episode_id
EP-251130155,P7C7879E,岩崎恭子,,duplicate_episode_id
EP-251130155,PB424601,江川卓,,duplicate_episode_id
EP-251130155,PFEECC64,木村一八,,duplicate_episode_id
EP-251130155,P2608907,黒木純司,,duplicate_episode_id
EP-251130155,P345B678,古賀淳也,,duplicate_episode_id
EP-251130155,P40C054B,佐藤次郎,,duplicate_episode_id
EP-251130155,PB432716,清水聡,,duplicate_episode_id
EP-251130155,PE5A1D09,高橋陽一,,duplicate_episode_id
EP-251130155,P43BD6C6,谷口浩美,,duplicate_episode_id
EP-251130155,PFEEA2B0,中西哲生,,duplicate_episode_id
EP-251130155,PBBA5489,橋本聖子,,duplicate_episode_id
EP-251130155,P71BF190,トニー・ホーク,,duplicate_episode_id
EP-251130155,PDC248B2,マイク・タイソン,,duplicate_episode_id
EP-251130155,PD44C641,ディエゴ・マラドーナ,,duplicate_episode_id
EP-251130155,P3D40055,ヨハン・クライフ,,duplicate_episode_id
EP-251130155,P806ABD1,エドソン・ペレ,,duplicate_episode_id
EP-251130155,P9082122,ルー・ゲーリッグ,,duplicate_episode_id
EP-251130155,PADFA5C7,ジョー・モンタナ,,duplicate_episode_id
EP-251130155,P5460B52,アイルトン・セナ,,duplicate_episode_id
EP-251130155,PC6662A1,ビョルン・ボルグ,,duplicate_episode_id
EP-251130156,PA7BC1AE,シュリニヴァーサ・ラマヌジャン,,duplicate_episode_id
EP-251130156,P9689C06,リタ・レーヴィ＝モンタルチーニ,,duplicate_episode_id
EP-251130156,PE1A396B,クリスパー・カス9共同開発者エマニュエル・シャルパンティエ,,duplicate_episode_id
EP-251130156,P9E934B5,グレゴール・ヨハン・メンデル,,duplicate_episode_id
EP-251130156,PAE13E0A,大隅典子,,duplicate_episode_id
EP-251130156,PF81E85E,ロバート・コッホ,,duplicate_episode_id
EP-251130156,P1C7E3E8,山岸明彦,,duplicate_episode_id
EP-251130156,P650A457,堀越桂,,duplicate_episode_id
EP-251130156,P46B1379,竹内郁雄,,duplicate_episode_id
EP-251130156,P7E95417,中島啓,,duplicate_episode_id
EP-251130156,P3D46802,ウィリアム・ハーヴェイ,,duplicate_episode_id
EP-251130156,P4E86483,マリー・アントワーヌ・ラヴォアジエ,,duplicate_episode_id
EP-251130156,P775437D,浅島誠,,duplicate_episode_id
EP-251130156,P6464BDE,ジョン・メンデル・ケインズ,,duplicate_episode_id
EP-251130156,PBCA8C60,首藤文代,,duplicate_episode_id
EP-251130156,PD63C730,川人光男,,duplicate_episode_id
EP-251130156,PB7A33FA,谷口維紹,,duplicate_episode_id
EP-251130157,PF40A274,イザベラ・バード,,duplicate_episode_id
EP-251130157,P9E53202,西岡京治,,duplicate_episode_id
EP-251130157,PBE935C1,ジョン・ウェズリー・パウエル,,duplicate_episode_id
EP-251130157,P231B0C9,デヴィッド・アッテンボロー卿,,duplicate_episode_id
EP-251130157,PC1BAB1C,アルフレッド・ウォーレス,,duplicate_episode_id
EP-251130157,P766140C,蝦夷地探検家松田伝十郎,,duplicate_episode_id
EP-251130157,P18A1019,ロバート・オハラ・バーク,,duplicate_episode_id
EP-251130157,PAC660AE,横山祐太郎,,duplicate_episode_id
EP-251130157,P82B797B,リチャード・バートン,,duplicate_episode_id
EP-251130157,P2BD2ECF,菅江真澄,,duplicate_episode_id
EP-251130157,P6C45C42,ジョン・スピーク,,duplicate_episode_id
EP-251130157,P336BE3F,志賀重昂,,duplicate_episode_id
EP-251130157,PF76162A,アルバート・シュバイツァー,,duplicate_episode_id
EP-251130157,P2FADEBA,ヘンリー・モートン・スタンリー,,duplicate_episode_id
EP-251130157,P922415C,古川古松軒,,duplicate_episode_id
EP-251130157,P854D43F,ランドルフ・ファインズ,,duplicate_episode_id
EP-251130157,P51C32CA,青木大輔,,duplicate_episode_id
EP-251130157,PBF8FD73,アニー・スミス・ペック,,duplicate_episode_id
EP-251130157,P42426FC,菊地大麓,,duplicate_episode_id
EP-251130157,P711AE6E,ジョセフ・ロック,,duplicate_episode_id
EP-251130157,P717620F,大谷光瑞師,,duplicate_episode_id
EP-251130157,P46D9A3E,ウィルフレッド・テシガー,,duplicate_episode_id
EP-251130157,P34639DB,長沼雄,,duplicate_episode_id
EP-251130157,PAF8C3A0,エドワード・ウィンパー,,duplicate_episode_id
EP-251130158,PF094034,島谷ひとみ,,duplicate_episode_id
EP-251130158,P4313820,ジュジュ,,duplicate_episode_id
EP-251130158,P69AB8E1,鈴木雅之,,duplicate_episode_id
EP-251130158,P5902354,田島貴男,,duplicate_episode_id
EP-251130158,P81E5DCE,アンジェラ・アキ,,duplicate_episode_id
EP-251130158,P6792464,ジャスティン・ティンバーレイク,,duplicate_episode_id
EP-251130158,P5EB972D,エルビス・コステロ,,duplicate_episode_id
EP-251130158,P8882934,ニーナ・シモン,,duplicate_episode_id
EP-251130158,P6618B38,レイ・チャールズ,,duplicate_episode_id
EP-251130158,PEDEFBE9,ジョニー・キャッシュ,,duplicate_episode_id
EP-251130158,P76D7DDE,デレク・アンド・ザ・ドミノス,,duplicate_episode_id
EP-251130158,P70C14CE,カーペンターズ,,duplicate_episode_id
EP-251130158,P86E64A9,イーグルス,,duplicate_episode_id
EP-251130158,PEE74CA,フレディ・マーキュリー,,duplicate_episode_id
EP-251130158,P0F4A3E8,ジミー・ペイジ,,duplicate_episode_id
EP-251130158,PB93C470,ロジャー・ウォーターズ,,duplicate_episode_id
EP-251130158,PCF53DC2,フリートウッド・マック,,duplicate_episode_id
EP-251130158,P5E37EC4,スティーヴィー・ニックス,,duplicate_episode_id
EP-251130159,PDDD48A3,青木盛久,,duplicate_episode_id
EP-251130159,P60F9C80,福田己津央,,duplicate_episode_id
EP-251130159,PA1935D5,斎藤圭一郎,,duplicate_episode_id
EP-251130159,P701305F,Valve・Gabe Newell,,duplicate_episode_id
EP-251130159,P8AE28B5,Rockstar・Sam Houser,,duplicate_episode_id
EP-251130159,PD32C721,Epic Games・Tim Sweeney,,duplicate_episode_id
EP-251130159,PE9F84B5,ジェフ・キニー,,duplicate_episode_id
EP-251130159,P44E4191,スコット・マクラウド,,duplicate_episode_id
EP-251130159,PFED7262,真島浩,,duplicate_episode_id
EP-251130159,PB9A2633,田畠裕基,,duplicate_episode_id
EP-251130159,P1B7ED27,ufotable・近藤光,,duplicate_episode_id
EP-251130159,PEEB2057,WIT STUDIO・和田丈嗣,,duplicate_episode_id
EP-251130159,P7E24D82,カプコン・辻本憲三,,duplicate_episode_id
EP-251130159,P30C2F7E,スクウェア・エニックス・松田洋祐,,duplicate_episode_id
EP-251130159,P20076EF,バンダイナムコ・三宅陽一郎,,duplicate_episode_id
EP-251130159,P028FABA,コナミ・上月景正,,duplicate_episode_id
EP-251130159,PB163C36,任天堂・古川俊太郎,,duplicate_episode_id
EP-251130159,P71A0413,Bethesda・Todd Howard,,duplicate_episode_id
EP-251130159,PF47E76F,CD Projekt・Marcin Iwiński,,duplicate_episode_id
EP-251130159,P7EF860A,Ubisoft・Yves Guillemot,,duplicate_episode_id
EP-251130159,PA0B6696,Electronic Arts・Andrew Wilson,,duplicate_episode_id
EP-251130159,P78E040F,Activision・Bobby Kotick,,duplicate_episode_id
EP-251130159,P03CA0C5,空知英秋,,duplicate_episode_id
EP-251130159,P8E084A2,古舘春一,,duplicate_episode_id
EP-251130159,P423C578,赤坂アカ,,duplicate_episode_id
EP-251130159,PE5E5DC3,河野史代,,duplicate_episode_id
EP-251130160,PC55C628,レイモンド・チャンドラー,,duplicate_episode_id
EP-251130160,P86CE01E,アーサー・コナン・ドイル,,duplicate_episode_id
EP-251130160,P25AB01E,サン＝テグジュペリ,,duplicate_episode_id
EP-251130160,PFBF0C13,アルベール・カミュ,,duplicate_episode_id
EP-251130160,P5ADDE95,津島佑子,,duplicate_episode_id
EP-251130160,PE31230B,カート・ヴォネガット,,duplicate_episode_id
EP-251130160,P57CA6BA,ジョン・アップダイク,,duplicate_episode_id
EP-251130160,PEA87787,佐藤愛子,,duplicate_episode_id
EP-251130160,P0995FC3,イアン・マキューアン,,duplicate_episode_id
EP-251130160,P0C0A5C6,車谷長吉,,duplicate_episode_id
EP-251130160,PA916E60,フィリップ・K・ディック,,duplicate_episode_id
EP-251130160,P951526D,高樹のぶ子,,duplicate_episode_id
EP-251130160,P9372C00,J・D・サリンジャー,,duplicate_episode_id
EP-251130160,PDBF66C6,北村薫,,duplicate_episode_id
EP-251130160,PD35504D,真梨幸子,,duplicate_episode_id
EP-251130160,PA550164,ジュリアン・バーンズ,,duplicate_episode_id
EP-251130160,P8E9B808,坂東眞砂子,,duplicate_episode_id
EP-251130160,P00CA940,パール・バック,,duplicate_episode_id
EP-251130160,PB0ED38F,桜庭一樹,,duplicate_episode_id
EP-251130040,P1D9237A,フェルディナント・マゼラン,,duplicate_episode_id
EP-251130040,P5200C44,グレゴリー・メンデル,,duplicate_episode_id
EP-251130040,P5611150,島津製作所田中耕一,,duplicate_episode_id
EP-251130040,P49F493A,川崎重工業創業者川崎正蔵,,duplicate_episode_id
EP-251130040,P7E16309,八木宏,,duplicate_episode_id
EP-251130040,P78F1854,ハーリー・アール,,duplicate_episode_id
EP-251130040,PA9021FE,尾池和夫,,duplicate_episode_id
EP-251130040,PF45B572,マーガレット・ハミルトン,,duplicate_episode_id
EP-251130040,P81F1C8C,青山禎一,,duplicate_episode_id
EP-251130040,P19B0AE3,カール・リンネ,,duplicate_episode_id
EP-251130040,P9635FF4,中島董一郎,,duplicate_episode_id
EP-251130040,PCB98C44,ヴァージニア・アプガー,,duplicate_episode_id
EP-251130040,P458F77B,森田道博,,duplicate_episode_id
EP-251130040,P4D14E3E,ジョージ・イーストマン,,duplicate_episode_id
EP-251130040,P8F144A9,小松昭夫,,duplicate_episode_id
EP-251130040,P8D1D913,キャサリン・ジョンソン,,duplicate_episode_id
EP-251130043,P3286C8B,千原兄弟・千原浩史,,duplicate_episode_id
EP-251130043,P12B8ED7,桜井翔,,duplicate_episode_id
EP-251130043,P611D093,松潤,,duplicate_episode_id
EP-251130043,PF7027B9,ローラ・イングラハム,,duplicate_episode_id
EP-251130043,PB32B92D,長瀬智也,,duplicate_episode_id
EP-251130043,P167A9A8,城島茂,,duplicate_episode_id
EP-251130043,P0A0D207,小山慶一郎,,duplicate_episode_id
EP-251130043,P52FD4E7,手越祐也,,duplicate_episode_id
EP-251130043,P99CD51C,加藤シゲアキ,,duplicate_episode_id
EP-251130043,P438D66C,増田貴久,,duplicate_episode_id
EP-251130043,P94FCA28,マシュー・ブロデリック,,duplicate_episode_id
EP-251130043,PA3672AB,イッコー,,duplicate_episode_id
EP-251130043,P9A8B2DE,楽天・田中将大,,duplicate_episode_id
EP-251130043,P681D160,江崎史恵,,duplicate_episode_id
EP-251130043,P67595C9,川口春奈,,duplicate_episode_id
EP-251130043,PDA7CFA9,森泉,,duplicate_episode_id
EP-251130043,P9944562,波瑠,,duplicate_episode_id
EP-251130043,P32E3E6A,尾木ママ,,duplicate_episode_id
EP-251130043,P856B278,高田純次,,duplicate_episode_id
EP-251130043,P9E8CDD7,野々村真,,duplicate_episode_id
EP-251130043,P2129C10,林家三平,,duplicate_episode_id
EP-251130043,P7EE32CE,美川憲一,,duplicate_episode_id
EP-251130043,PA35E47A,デーモン閣下,,duplicate_episode_id
EP-251130043,P2E67267,つるの剛士,,duplicate_episode_id
EP-251130046,P51753B4,フランツ・ベッケンバウアー,,duplicate_episode_id
EP-251130046,PA0900F2,川崎宗則,,duplicate_episode_id
EP-251130046,P8B0BBDC,ミハエル・シューマッハ,,duplicate_episode_id
EP-251130046,P5DD645A,ナディア・コマネチ,,duplicate_episode_id
EP-251130046,P8047D85,バレンティーノ・ロッシ,,duplicate_episode_id
EP-251130046,P7EB3BBC,土佐ノ海,,duplicate_episode_id
EP-251130046,P6828B27,猪熊功,,duplicate_episode_id
EP-251130046,PAD7299B,竹田恆和,,duplicate_episode_id
EP-251130046,P9165F5D,新井千鶴,,duplicate_episode_id
EP-251130046,P40AEB2C,素根輝,,duplicate_episode_id
EP-251130046,P5F7B982,髙藤直寿,,duplicate_episode_id
EP-251130046,P97A8009,ウルフアロン,,duplicate_episode_id
EP-251130046,PEA2D4DE,吉田戦車,,duplicate_episode_id
EP-251130046,PE252BD4,船木和喜,,duplicate_episode_id
EP-251130046,PCF59D5F,黒木知宏,,duplicate_episode_id
EP-251130046,P3B9153C,篠原信一,,duplicate_episode_id
EP-251130046,PBEB3F68,千葉すず,,duplicate_episode_id
EP-251130046,P114EC05,沢松奈生子,,duplicate_episode_id
EP-251130046,PB689780,樋口久子,,duplicate_episode_id
EP-251130046,P8ADD8E8,塚原直也,,duplicate_episode_id
EP-251130046,P5C9ED00,カシアス・クレイ,,duplicate_episode_id
EP-251130046,P9777E01,シュガー・レイ・ロビンソン,,duplicate_episode_id
EP-251130046,P946D655,ロッキー・マルシアノ,,duplicate_episode_id
EP-251130046,P53B1524,ジャック・ニクラス,,duplicate_episode_id
EP-251130047,P33ED008,久夛良木健,,duplicate_episode_id
EP-251130047,P6D3E792,レナード・ニモイ,,duplicate_episode_id
EP-251130047,P74A3AAC,ジャック・クストー,,duplicate_episode_id
EP-251130047,PB01B285,デイビッド・アッテンボロー,,duplicate_episode_id
EP-251130047,P90AC188,フリーマン・ダイソン,,duplicate_episode_id
EP-251130047,P5CAB8FF,スティーヴン・ジェイ・グールド,,duplicate_episode_id
EP-251130047,P999B472,オリヴァー・サックス,,duplicate_episode_id
EP-251130047,PC94B18B,テンプル・グランディン,,duplicate_episode_id
EP-251130047,P1FBE9EA,キャリー・マリス,,duplicate_episode_id
EP-251130047,P8D1D913,キャサリン・ジョンソン,,duplicate_episode_id
EP-251130047,PFC7E2E1,エイダ・ラブレス,,duplicate_episode_id
EP-251130047,PA4CA677,グレース・ホッパー,,duplicate_episode_id
EP-251130047,PDF1F619,青山学院大学名誉教授・末松安晴,,duplicate_episode_id
EP-251130047,P5F13A4E,西田亙,,duplicate_episode_id
EP-251130047,PA00CA10,佐治晴夫,,duplicate_episode_id
EP-251130047,P1530846,中須賀真一,,duplicate_episode_id
EP-251130047,PFDE3B22,レイチェル・カーソン,,duplicate_episode_id
EP-251130047,PF72BA3A,ハーバート・サイモン,,duplicate_episode_id
EP-251130047,P635A73B,アラン・ケイ,,duplicate_episode_id
EP-251130047,P649A25A,ダグラス・エンゲルバート,,duplicate_episode_id
EP-251130047,P80BBC57,ジェフ・ディーン,,duplicate_episode_id
EP-251130047,PD146CE2,フィリップ・ジマーマン,,duplicate_episode_id
EP-251130047,P490201F,ブルース・シュナイアー,,duplicate_episode_id
EP-251130047,P680842A,ホイットフィールド・ディフィー,,duplicate_episode_id
EP-251130047,P50C4270,ロナルド・リベスト,,duplicate_episode_id
EP-251130048,PB2BDFF7,さくらんぼの小坊主,,duplicate_episode_id
EP-251130048,P4964940,鈴木奈々,,duplicate_episode_id
EP-251130048,P5B9C143,柳沢慎吾,,duplicate_episode_id
EP-251130048,P030BF4F,平愛梨,,duplicate_episode_id
EP-251130048,P93F96BB,土田晃之,,duplicate_episode_id
EP-251130048,P8C1671E,山里亮太,,duplicate_episode_id
EP-251130048,P3E077D3,アキラ,,duplicate_episode_id
EP-251130048,PFCE4856,岩田剛典,,duplicate_episode_id
EP-251130048,P38870FE,エイミー・シューマー,,duplicate_episode_id
EP-251130048,P819E2AF,"Dwayne ""The Rock"" Johnson",,duplicate_episode_id
EP-251130048,P51AE3A9,プリヤンカー・チョープラー,,duplicate_episode_id
EP-251130048,PFD230E7,山本耕史,,duplicate_episode_id
EP-251130048,PDFEEB98,堀内孝雄,,duplicate_episode_id
EP-251130048,P9758FB0,杉良太郎,,duplicate_episode_id
EP-251130048,PEF4A249,氣志團,,duplicate_episode_id
EP-251130048,PD39784B,野口五郎,,duplicate_episode_id
EP-251130048,PDE55A4B,林家木久扇,,duplicate_episode_id
EP-251130048,P66C887B,草なぎ剛,,duplicate_episode_id
EP-251130048,P41C72A0,長澤正美,,duplicate_episode_id
EP-251130048,PA244F25,唐田えりか,,duplicate_episode_id
EP-251130048,PF1EA421,染谷将太,,duplicate_episode_id
EP-251130048,P44DE843,菊池風磨,,duplicate_episode_id
EP-251130048,P452D3E6,ライアン・ゴズリング,,duplicate_episode_id
EP-251130048,P78B8200,ロバート・ダウニー・Jr,,duplicate_episode_id
EP-251130048,P98BEB37,アンジェリーナ・ジョリー,,duplicate_episode_id
EP-251130048,P5FA88AD,クリス・マーティン,,duplicate_episode_id
EP-251130048,PC2F520D,ガンズ・アンド・ローゼズ,,duplicate_episode_id
EP-251130048,P1A94F38,ジェイ・Z,,duplicate_episode_id
EP-251130048,PEFFBBBD,エミネム,,duplicate_episode_id
EP-251130049,PDBBF8BA,小渕健太郎,,duplicate_episode_id
EP-251130049,P259A8D8,シャキーラ,,duplicate_episode_id
EP-251130049,PEE9F937,リンダ・ロンシュタット,,duplicate_episode_id
EP-251130049,P15FB6DC,ジョージ・ハリスン,,duplicate_episode_id
EP-251130049,PA691886,リンゴ・スター,,duplicate_episode_id
EP-251130049,P5266D5D,ヨハン・シュトラウス2世,,duplicate_episode_id
EP-251130049,P45509DD,メンデルスゾーン,,duplicate_episode_id
EP-251130049,P38F7CE6,シューマン,,duplicate_episode_id
EP-251130049,P1498D1C,ヴェルディ,,duplicate_episode_id
EP-251130049,P8BC2E34,プッチーニ,,duplicate_episode_id
EP-251130049,P4F863D2,チャールス・ダーウィン,,duplicate_episode_id
EP-251130049,P24C64DD,佐藤直紀,,duplicate_episode_id
EP-251130049,P109AAD1,サイモン&ガーファンクル,,duplicate_episode_id
EP-251130049,PBC69016,ゴスペラーズ,,duplicate_episode_id
EP-251130049,PBCD47C3,オレンジレンジ,,duplicate_episode_id
EP-251130049,PACD29A6,カルメン・マキ,,duplicate_episode_id
EP-251130049,PE685E9E,岡本おさみ,,duplicate_episode_id
EP-251130049,PE00F724,阿久悠,,duplicate_episode_id
EP-251130049,P51324AE,川内康範,,duplicate_episode_id
EP-251130049,P8DBCEE1,ジュリー・アンドリュース,,duplicate_episode_id
EP-251130055,P156FA15,朝倉義景,,duplicate_episode_id
EP-251130055,P2A0F168,本多正信,,duplicate_episode_id
EP-251130055,P5F8E4CF,細川幽斎,,duplicate_episode_id
EP-251130055,P750FCC2,北条氏康,,duplicate_episode_id
EP-251130055,P6439A1A,里見義堯,,duplicate_episode_id
EP-251130055,PFDB1060,最上義光,,duplicate_episode_id
EP-251130055,P21663C2,龍造寺隆信,,duplicate_episode_id
EP-251130055,PCF79538,九鬼嘉隆,,duplicate_episode_id
EP-251130055,P3050360,蒲生氏郷,,duplicate_episode_id
EP-251130055,PB70BA26,井伊直政,,duplicate_episode_id
EP-251130055,P96DB09D,榊原康政,,duplicate_episode_id
EP-251130055,PDDCE933,酒井忠次,,duplicate_episode_id
EP-251130055,P83252A8,松永久秀,,duplicate_episode_id
EP-251130055,P59A7A30,山中鹿介,,duplicate_episode_id
EP-251130055,P1122B21,大谷吉継,,duplicate_episode_id
EP-251130055,P6578F22,ニュートン,,duplicate_episode_id
EP-251130055,P87902CD,ラファエロ,,duplicate_episode_id
EP-251130055,PB259CA9,フェルメール,,duplicate_episode_id
EP-251130055,P24D72F5,エル・グレコ,,duplicate_episode_id
EP-251130055,P418008D,ボッティチェリ,,duplicate_episode_id
EP-251130056,P7C096C0,アル・ゴア,,duplicate_episode_id
EP-251130056,P837506A,田中均,,duplicate_episode_id
EP-251130056,P7C71B2E,山尾志桜里,,duplicate_episode_id
EP-251130056,PDD7ECFB,森田実,,duplicate_episode_id
EP-251130056,P196B212,片山さつき,,duplicate_episode_id
EP-251130056,P71FF654,河野洋平,,duplicate_episode_id
EP-251130056,P1D670D6,青木幹雄,,duplicate_episode_id
EP-251130056,PA242CC8,ジョン・マケイン,,duplicate_episode_id
EP-251130056,PD449A7F,ポール・ライアン,,duplicate_episode_id
EP-251130056,PFCD0E26,チャック・シューマー,,duplicate_episode_id
EP-251130056,PB4ADA4E,ディック・チェイニー,,duplicate_episode_id
EP-251130056,P9C493AE,ズビグニェフ・ブレジンスキー,,duplicate_episode_id
EP-251130056,PF3C11C9,マルガレーテ・テッチャー,,duplicate_episode_id
EP-251130056,P0A34897,ゴルバチョフ,,duplicate_episode_id
EP-251130056,PF9C1B7F,エリツィン,,duplicate_episode_id
EP-251130056,P63C44FD,レヒ・ワレサ,,duplicate_episode_id
EP-251130056,P282192D,ヴァーツラフ・ハベル,,duplicate_episode_id
EP-251130056,P2B3F50B,潘基文,,duplicate_episode_id
EP-251130056,PAC035FD,マハティール・モハマド,,duplicate_episode_id
EP-251130056,P79E6EB1,リー・クアンユー,,duplicate_episode_id
EP-251130056,PA510664,スハルト,,duplicate_episode_id
EP-251130057,P87EC325,ケイティ・レデッキー,,duplicate_episode_id
EP-251130057,P851D102,エリウド・キプチョゲ,,duplicate_episode_id
EP-251130057,PF5500BB,カニエロ・アルバレス,,duplicate_episode_id
EP-251130057,PC14188E,ロバート・レヴァンドフスキ,,duplicate_episode_id
EP-251130057,PFA1176C,カイル・リッチー,,duplicate_episode_id
EP-251130057,P042775F,コナー・マクレガー,,duplicate_episode_id
EP-251130057,PEC868BC,シェイン・ロウリー,,duplicate_episode_id
EP-251130057,P00824C5,佐藤綾乃,,duplicate_episode_id
EP-251130057,P4A2F40D,須貝龍,,duplicate_episode_id
EP-251130057,P3A44A04,樋口新葉,,duplicate_episode_id
EP-251130057,P6D763B4,奥川恭伸,,duplicate_episode_id
EP-251130057,P30C6243,佐々木麟太郎,,duplicate_episode_id
EP-251130057,PC0F729E,芝田璃子,,duplicate_episode_id
EP-251130057,PAC50F17,川井友香子,,duplicate_episode_id
EP-251130057,P1361DEC,ステファン・カリー,,duplicate_episode_id
EP-251130057,P63D0572,ナオミ・オオサカ,,duplicate_episode_id
EP-251130057,P7460CF6,シドニー・クロスビー,,duplicate_episode_id
EP-251130057,PEF52C3C,パトリック・マホームズ,,duplicate_episode_id
EP-251130057,P3949FB5,ジョーダン・スピース,,duplicate_episode_id
EP-251130057,PEBDA668,ヤニス・アデトクンポ,,duplicate_episode_id
EP-251130057,PC07E608,ソニア・オサリバン,,duplicate_episode_id
EP-251130058,PC417E63,井原西鶴,,duplicate_episode_id
EP-251130058,P9090FCB,尾崎紅葉,,duplicate_episode_id
EP-251130058,PE36EDB8,国木田独歩,,duplicate_episode_id
EP-251130058,P8A9B144,田中英光,,duplicate_episode_id
EP-251130058,P2BEB488,佐藤春夫,,duplicate_episode_id
EP-251130058,P51DF85B,ミゲル・デ・セルバンテス,,duplicate_episode_id
EP-251130058,P9FE2A83,アレクサンドル・デュマ,,duplicate_episode_id
EP-251130058,PD94F063,ヴィクトル・ユーゴー,,duplicate_episode_id
EP-251130058,PE71C0DE,エミリー・ブロンテ,,duplicate_episode_id
EP-251130058,P6B75469,ルイス・キャロル,,duplicate_episode_id
EP-251130058,P6E7AB73,アントン・チェーホフ,,duplicate_episode_id
EP-251130058,P01F42E8,イワン・ツルゲーネフ,,duplicate_episode_id
EP-251130058,P00C1626,ジュール・ヴェルヌ,,duplicate_episode_id
EP-251130058,PE81E084,J・R・R・トールキン,,duplicate_episode_id
EP-251130058,P63B8D82,C・S・ルイス,,duplicate_episode_id
EP-251130058,PDEADDE3,パウロ・コエーリョ,,duplicate_episode_id
EP-251130064,PFF5CA9E,小川泰弘,,duplicate_episode_id
EP-251130064,PB3D7B62,松田宣浩,,duplicate_episode_id
EP-251130064,P0AF9C57,女子レスリング吉田沙保里,,duplicate_episode_id
EP-251130064,PAE0CCF5,古橋廣之進,,duplicate_episode_id
EP-251130064,PE60A5AE,室田伊緒,,duplicate_episode_id
EP-251130064,PF447E3C,大谷室,,duplicate_episode_id
EP-251130064,P5F09DF0,幌村尚,,duplicate_episode_id
EP-251130064,P0605FDD,鈴木誠也,,duplicate_episode_id
EP-251130064,P2015983,田中順也,,duplicate_episode_id
EP-251130064,P9D84D36,松永共広,,duplicate_episode_id
EP-251130064,P5B65618,ロニー・オサリバン,,duplicate_episode_id
EP-251130064,P23A724D,シャルル・ルクレール,,duplicate_episode_id
EP-251130064,PA789281,ケイト・レデッキー,,duplicate_episode_id
EP-251130064,PF7CC6B4,ラム・ロドリゲス,,duplicate_episode_id
EP-251130064,P3727A95,ヤニック・シナー,,duplicate_episode_id
EP-251130064,PB3E4E4C,カルロス・アルカラス,,duplicate_episode_id
EP-251130064,P7708717,パトリック・リード,,duplicate_episode_id
EP-251130064,P4F9D803,コリン・モリカワ,,duplicate_episode_id
EP-251130064,P531DF5A,ダスティン・ジョンソン,,duplicate_episode_id
EP-251130064,P97CD0FB,シモーニ・ハイヤ,,duplicate_episode_id
EP-251130064,P6E3BCAD,ライアン・クロウザー,,duplicate_episode_id
EP-251130064,PAF837A1,カーステン・ヴァルホルム,,duplicate_episode_id
EP-251130064,PB644310,エルード・キプチョゲ,,duplicate_episode_id
EP-251130065,PE81001C,今井むつみ,,duplicate_episode_id
EP-251130065,P1CCF720,戸田山和久,,duplicate_episode_id
EP-251130065,P57B56D3,橋爪大三郎,,duplicate_episode_id
EP-251130065,P1A55B4A,瀬名秀明,,duplicate_episode_id
EP-251130065,P4C9E74E,香山リカ,,duplicate_episode_id
EP-251130065,PE12FD3A,鷲田清一,,duplicate_episode_id
EP-251130065,P85D6023,加藤陽子,,duplicate_episode_id
EP-251130065,P84A1695,カール・ポパー,,duplicate_episode_id
EP-251130065,PDF28E07,トマス・ピケティ,,duplicate_episode_id
EP-251130065,P06E8966,ユヴァル・ノア・ハラリ,,duplicate_episode_id
EP-251130065,PE342EFB,ジャレド・ダイアモンド,,duplicate_episode_id
EP-251130065,P52C6819,マイケル・サンデル,,duplicate_episode_id
EP-251130065,PB612E71,フランシス・フクヤマ,,duplicate_episode_id
EP-251130065,P56664FC,クリフォード・ギアツ,,duplicate_episode_id
EP-251130065,P02EB093,イマヌエル・ヴァレーラ,,duplicate_episode_id
EP-251130065,PEA41488,アントニオ・ダマシオ,,duplicate_episode_id
EP-251130065,P58E305B,ヴィルヘルム・ヴント,,duplicate_episode_id
EP-251130065,P1B6A14C,エリザベス・ブラックバーン,,duplicate_episode_id
EP-251130066,PB14E443,神海英雄,,duplicate_episode_id
EP-251130066,P9916CB3,増田順一,,duplicate_episode_id
EP-251130066,P8AEF724,テックス・エイヴリー,,duplicate_episode_id
EP-251130066,PC910999,ゲイブ・ニューウェル,,duplicate_episode_id
EP-251130066,P9FFA179,宮崎英高,,duplicate_episode_id
EP-251130066,P6913FDA,鬼頭明里,,duplicate_episode_id
EP-251130066,P55B6CC2,桜井政博,,duplicate_episode_id
EP-251130066,PD1D159D,加藤一彦,,duplicate_episode_id
EP-251130066,PE149D28,石森章太郎,,duplicate_episode_id
EP-251130066,P8E2D58A,やなせたかし,,duplicate_episode_id
EP-251130066,PB6FC550,松野泰己,,duplicate_episode_id
EP-251130066,P20C0265,植松伸夫,,duplicate_episode_id
EP-251130066,P7C293C5,ショーン・レヴィ,,duplicate_episode_id
EP-251130066,PC910999,ゲイブ・ニューウェル,,duplicate_episode_id
EP-251130066,PD5D1CCF,マルクス・ペルソン,,duplicate_episode_id
EP-251130066,P12E18CF,田中公平,,duplicate_episode_id
EP-251130066,PE8312FC,神前暁,,duplicate_episode_id
EP-251130066,PA03D6C8,澤野弘之,,duplicate_episode_id
EP-251130066,P850CC3D,エメ,,duplicate_episode_id
EP-251130067,PEA0D029,上村松園,,duplicate_episode_id
EP-251130067,PC2F7B5F,岡本敏明,,duplicate_episode_id
EP-251130067,PEA0D029,上村松園,,duplicate_episode_id
EP-251130067,P36999B0,土門拳,,duplicate_episode_id
EP-251130067,P7856819,池田満寿夫,,duplicate_episode_id
EP-251130067,P47296A6,金重陶陽,,duplicate_episode_id
EP-251130067,PD0BF065,円谷英二,,duplicate_episode_id
EP-251130067,P00FAA88,小泉八雲,,duplicate_episode_id
EP-251130067,P75190D3,谷口恒雄,,duplicate_episode_id
EP-251130067,P2C7A0E7,緒方拳,,duplicate_episode_id
EP-251130067,PCDF3127,宝塚歌劇団創設者小林一三,,duplicate_episode_id
EP-251130067,P98FEC31,ミケランジェロ・ブオナローティ,,duplicate_episode_id
EP-251130067,P6226629,フェデリコ・ガルシア・ロルカ,,duplicate_episode_id
EP-251130067,PC9A938E,フィンセント・ファン・ゴッホ,,duplicate_episode_id
EP-251130067,P2CF956B,ガブリエル・シャネル,,duplicate_episode_id
EP-251130067,PF385043,フレデリック・ショパン,,duplicate_episode_id
EP-251130067,P27E9AC6,ルドルフ・ヌレエフ,,duplicate_episode_id
EP-251130067,P56B3F2E,イサドラ・ダンカン,,duplicate_episode_id
EP-251130068,P8DED959,所眞理雄,,duplicate_episode_id
EP-251130068,PA7C7ECB,カール・ベンツ,,duplicate_episode_id
EP-251130068,PBF68AA6,トーマス・アルバ・エジソン,,duplicate_episode_id
EP-251130068,P4D22047,ダニエル・ベルヌーイ,,duplicate_episode_id
EP-251130068,P8C11705,イワン・パブロフ,,duplicate_episode_id
EP-251130068,PC48F81D,リーゼ・マイトナー,,duplicate_episode_id
EP-251130068,P0157E09,藤田誠,,duplicate_episode_id
EP-251130068,PC70FD03,中西重忠,,duplicate_episode_id
EP-251130068,PFA810F1,桜井政成,,duplicate_episode_id
EP-251130068,P18845A4,林崎良英,,duplicate_episode_id
EP-251130068,PF1F52DB,新井紀子,,duplicate_episode_id
EP-251130068,PE41F778,東中竜一郎,,duplicate_episode_id
EP-251130068,P08E6E21,辻井潤一,,duplicate_episode_id
EP-251130068,PBBC738B,柴田崇徳,,duplicate_episode_id
EP-251130068,PC2EDFE4,古井貞煕,,duplicate_episode_id
EP-251130068,PD28B9A4,アイザック・ニュートン,,duplicate_episode_id
EP-251130068,P1B0144C,ルイ・パスツール,,duplicate_episode_id
EP-251130068,PCDA6598,アントワーヌ・ラヴォアジエ,,duplicate_episode_id
EP-251130068,PD15CB0E,ベンジャミン・フランクリン,,duplicate_episode_id
EP-251130068,P50537BD,ドミトリ・メンデレーエフ,,duplicate_episode_id
EP-251130068,P9E1E40F,マイケル・ファラデー,,duplicate_episode_id
EP-251130068,PAC4FBA3,ヨハネス・ケプラー,,duplicate_episode_id
EP-251130068,PBB3EAC0,マックス・プランク,,duplicate_episode_id
EP-251130068,P6EC1FF3,ヴェルナー・ハイゼンベルク,,duplicate_episode_id
EP-251130068,PD0EFEFE,アルキメデス,,duplicate_episode_id
EP-251130070,PD4230E7,田中秀征,,duplicate_episode_id
EP-251130070,P19A66AB,古川元久,,duplicate_episode_id
EP-251130070,PFE46928,阿川佐和子,,duplicate_episode_id
EP-251130070,P66E86A4,武田邦彦,,duplicate_episode_id
EP-251130070,P2436C75,細川護煕,,duplicate_episode_id
EP-251130070,PDBF3846,ジャック・アタリ,,duplicate_episode_id
EP-251130070,P7C1D7AD,ナディア・ムラド,,duplicate_episode_id
EP-251130070,P50993EB,福山哲郎,,duplicate_episode_id
EP-251130070,P5A09416,猪口邦子,,duplicate_episode_id
EP-251130070,P8F89B3D,与謝野馨,,duplicate_episode_id
EP-251130070,PF05034D,後藤田正晴,,duplicate_episode_id
EP-251130070,PBD295B5,大平正芳,,duplicate_episode_id
EP-251130070,PD4230E7,田中秀征,,duplicate_episode_id
EP-251130070,P9F06F4E,大越健介,,duplicate_episode_id
EP-251130070,P454E1CA,鈴木宗男,,duplicate_episode_id
EP-251130070,P9B6F2EE,加藤の乱加藤紘一,,duplicate_episode_id
EP-251130070,PCA745ED,渡辺恒雄,,duplicate_episode_id
EP-251130070,P9F11A79,塩川正十郎,,duplicate_episode_id
EP-251130070,PBF056B9,石井紘基,,duplicate_episode_id
EP-251130070,P7E48A37,ジェシー・ジャクソン,,duplicate_episode_id
EP-251130070,PA5E879E,ヒューゴ・チャベス,,duplicate_episode_id
EP-251130070,PE968CD1,ルラ・ダ・シルヴァ,,duplicate_episode_id
EP-251130070,P9EE489A,シモーヌ・ヴェイユ,,duplicate_episode_id
EP-251130070,PB354DD8,ベナジル・ブット,,duplicate_episode_id
EP-251130070,P86BBBAB,シリン・エバーディー,,duplicate_episode_id
EP-251130070,P47522E2,デスモンド・ツツ,,duplicate_episode_id
EP-251130071,PF515297,渡嘉敷来夢,,duplicate_episode_id
EP-251130071,P2783F34,永瀬貴規,,duplicate_episode_id
EP-251130071,P5C6234B,佐藤友祈,,duplicate_episode_id
EP-251130071,P1673162,高木菜那,,duplicate_episode_id
EP-251130071,P93019A0,小祝さくら,,duplicate_episode_id
EP-251130071,P59D2029,中野英雄,,duplicate_episode_id
EP-251130071,PE560FD8,船津徹志,,duplicate_episode_id
EP-251130071,P233F121,野原将志,,duplicate_episode_id
EP-251130071,PCB37899,北野勝久,,duplicate_episode_id
EP-251130071,P740AAF7,岡野雅行,,duplicate_episode_id
EP-251130071,P4F321BA,秋山成勲,,duplicate_episode_id
EP-251130071,P8B313CB,菊地直哉,,duplicate_episode_id
EP-251130071,P8A93173,小島太,,duplicate_episode_id
EP-251130071,PBB278FE,小原佳太,,duplicate_episode_id
EP-251130071,P28CFB2C,野間口貴彦,,duplicate_episode_id
EP-251130071,PD1CF25D,森田理香子,,duplicate_episode_id
EP-251130071,P9ED4719,小谷実可子,,duplicate_episode_id
EP-251130071,PB05C0E0,飯塚翔太,,duplicate_episode_id
EP-251130071,PB9A12D6,藤森由香,,duplicate_episode_id
EP-251130071,PCE3C02C,竹村真琴,,duplicate_episode_id
EP-251130071,P5B8F255,ステファニー・グラフ,,duplicate_episode_id
EP-251130071,P8047D85,バレンティノ・ロッシ,,duplicate_episode_id
EP-251130071,PF86307A,ランス・アームストロング,,duplicate_episode_id
EP-251130071,PAC82218,マーク・スピッツ,,duplicate_episode_id
EP-251130071,P4FA034A,エディー・マーフィー,,duplicate_episode_id
EP-251130071,P4E7434F,マリオ・アンドレッティ,,duplicate_episode_id
EP-251130071,P53B1524,ジャック・ニクラウス,,duplicate_episode_id
EP-251130071,P1E088DD,ペリー・ヤング,,duplicate_episode_id
EP-251130071,P7232A4A,ジョージ・フォアマン,,duplicate_episode_id
EP-251130071,P9DECC31,ジョー・ナマス,,duplicate_episode_id
EP-251130072,P8C19E4D,チャーリー・プット,,duplicate_episode_id
EP-251130072,PE2B3FFC,スザンヌ・ヴェガ,,duplicate_episode_id
EP-251130072,PFDB2A77,五月みどり,,duplicate_episode_id
EP-251130072,PC32C13E,カーリー・サイモン,,duplicate_episode_id
EP-251130072,P7B67D57,あいだももか,,duplicate_episode_id
EP-251130072,P3D4E40F,ジューダス・プリースト,,duplicate_episode_id
EP-251130072,P1692642,アラン・ウォーカー,,duplicate_episode_id
EP-251130072,PE99C650,島津冴子,,duplicate_episode_id
EP-251130072,PD4DC992,デペッシュ・モード,,duplicate_episode_id
EP-251130072,P385481C,矢野顕子,,duplicate_episode_id
EP-251130072,PFD5FAAE,シンディ・ローパー,,duplicate_episode_id
EP-251130072,PB3866C3,ザ・チェインスモーカーズ,,duplicate_episode_id
EP-251130072,P5C4BBA5,ロビー・ウィリアムス,,duplicate_episode_id
EP-251130072,P617680D,秋元順子,,duplicate_episode_id
EP-251130072,P8B0EE5A,メタリカ,,duplicate_episode_id
EP-251130072,P54C1B0F,カーティス・メイフィールド,,duplicate_episode_id
EP-251130072,PB0A9C05,般若,,duplicate_episode_id
EP-251130072,P2CF6187,フェアリーズ,,duplicate_episode_id
EP-251130072,P786EAEE,ワム!,,duplicate_episode_id
EP-251130073,P342017F,鬼滅の刃・吾峠呼世晴,,duplicate_episode_id
EP-251130073,PD1AE5E9,寺田克也,,duplicate_episode_id
EP-251130073,PA8878B4,一澤信三郎,,duplicate_episode_id
EP-251130073,P828BBDB,左卜全,,duplicate_episode_id
EP-251130073,P5355BCA,萩尾望都,,duplicate_episode_id
EP-251130073,PD013771,三國連太郎,,duplicate_episode_id
EP-251130073,PD873DC0,ローリング・ストーンズ・ミック・ジャガー,,duplicate_episode_id
EP-251130073,P20C429C,コロー,,duplicate_episode_id
EP-251130073,P92DF315,イサム・ノグチ,,duplicate_episode_id
EP-251130073,P7CE9F6B,桂文楽,,duplicate_episode_id
EP-251130073,P2998BD2,ティツィアーノ,,duplicate_episode_id
EP-251130073,P77CEF9E,野村万蔵,,duplicate_episode_id
EP-251130073,PF49C97F,エルンスト,,duplicate_episode_id
EP-251130073,P293B373,坂東巳之助,,duplicate_episode_id
EP-251130073,P56B6904,エゴン・シーレ,,duplicate_episode_id
EP-251130073,P504D96B,デューラー,,duplicate_episode_id
EP-251130073,P0BEC9E1,尾上梅幸,,duplicate_episode_id
EP-251130073,P5D81A35,ジェフ・ウォール,,duplicate_episode_id
EP-251130073,PB1A6DE4,古今亭菊之丞,,duplicate_episode_id
EP-251130073,PA85E61E,コンスタブル,,duplicate_episode_id
EP-251130073,PCAA00F3,中村富十郎,,duplicate_episode_id
EP-251130073,PD798DA5,エドヴァルド・ムンク,,duplicate_episode_id
EP-251130073,PEA60888,柳家小さん,,duplicate_episode_id
EP-251130073,P69DDB48,カラヴァッジオ,,duplicate_episode_id
EP-251130073,PAEC2CCE,市川新十郎,,duplicate_episode_id
EP-251130073,P1B3A0FF,ウォーホル,,duplicate_episode_id
EP-251130073,P906F5C3,春風亭柳橋,,duplicate_episode_id
EP-251130073,P89BCDF3,ロートレック,,duplicate_episode_id
EP-251130073,PE2D7006,片岡我當,,duplicate_episode_id
EP-251130073,PEC747C3,リキテンシュタイン,,duplicate_episode_id
EP-251130074,PB816DCE,劇場版コナン声優・山崎和佳奈,,duplicate_episode_id
EP-251130074,P54841D5,夏帆,,duplicate_episode_id
EP-251130074,P3B576A5,蒼井そら,,duplicate_episode_id
EP-251130074,PFC41C55,高良健吾,,duplicate_episode_id
EP-251130074,PEBEB93F,夏目雅子,,duplicate_episode_id
EP-251130074,P776132D,サンドラ・ブロック,,duplicate_episode_id
EP-251130074,P9E59DA7,ハリソン・フォード,,duplicate_episode_id
EP-251130074,P04FDBB9,ケビン・コスナー,,duplicate_episode_id
EP-251130074,P016E983,ショーン・コネリー,,duplicate_episode_id
EP-251130074,P2F36839,ピアース・ブロスナン,,duplicate_episode_id
EP-251130074,P224EFA1,秋野暢子,,duplicate_episode_id
EP-251130074,P70057C2,松野明美,,duplicate_episode_id
EP-251130074,P8F2D464,ガダルカナル・タカ,,duplicate_episode_id
EP-251130074,P14C4F68,江守徹,,duplicate_episode_id
EP-251130074,P0059DA4,桃太郎侍・高橋英樹,,duplicate_episode_id
EP-251130074,P9F6C108,小松政夫,,duplicate_episode_id
EP-251130074,PAC6753A,あき竹城,,duplicate_episode_id
EP-251130074,P70535B0,欽ちゃん・萩本欽一,,duplicate_episode_id
EP-251130074,P19721D3,加賀まりこ,,duplicate_episode_id
EP-251130074,P6B66C7D,ペネロペ・クルス,,duplicate_episode_id
EP-251130074,P579EA0C,勝俣州和,,duplicate_episode_id
EP-251130074,P9A30006,ジェシカ・チャステイン,,duplicate_episode_id
EP-251130074,PB99A355,蛭子能収,,duplicate_episode_id
EP-251130074,PA121185,アマンダ・セイフライド,,duplicate_episode_id
EP-251130075,PB8BE874,阿川弘之,,duplicate_episode_id
EP-251130075,P89EDE56,赤瀬川原平,,duplicate_episode_id
EP-251130075,PD75EA83,景山民夫,,duplicate_episode_id
EP-251130075,PEC54375,柄刀一,,duplicate_episode_id
EP-251130075,PECFAB9C,真保裕一,,duplicate_episode_id
EP-251130075,P84BFE5B,乙一,,duplicate_episode_id
EP-251130075,P92A1C58,島本理生,,duplicate_episode_id
EP-251130075,P48B0FDA,平野啓一郎,,duplicate_episode_id
EP-251130075,P47D5280,丸山健二,,duplicate_episode_id
EP-251130075,P57CA6BA,ジョン・アップダイク,,duplicate_episode_id
EP-251130075,PA916E60,フィリップ・K・ディック,,duplicate_episode_id
EP-251130075,P9782D6B,アレン・ギンズバーグ,,duplicate_episode_id
EP-251130075,P39D2CF0,山田風太郎,,duplicate_episode_id
EP-251130075,P9C4DBC7,天童荒太,,duplicate_episode_id
EP-251130075,P3C33CC3,奥田英朗,,duplicate_episode_id
EP-251130075,PD764CA3,京極夏彦,,duplicate_episode_id
EP-251130075,P3DA6DB5,ウィラ・キャザー,,duplicate_episode_id
EP-251130075,PE0594CB,パトリシア・ハイスミス,,duplicate_episode_id
EP-251130075,P9782D6B,アレン・ギンズバーグ,,duplicate_episode_id
EP-251130075,P37F0CB0,ラルフ・エリスン,,duplicate_episode_id
EP-251130075,P57CA6BA,ジョン・アップダイク,,duplicate_episode_id
EP-251130075,PA916E60,フィリップ・K・ディック,,duplicate_episode_id
EP-251130075,PF63BF0C,トマス・ピンチョン,,duplicate_episode_id
EP-251130075,P9EC4F8F,ジョイス・キャロル・オーツ,,duplicate_episode_id
EP-251130076,P2212D3A,川崎重工創業者川崎正蔵,,duplicate_episode_id
EP-251130076,PE561BEC,豊田織機創業者豊田佐吉,,duplicate_episode_id
EP-251130076,P073D85D,京セラ創業者稲盛和夫,,duplicate_episode_id
EP-251130076,PC2E0672,カシオ創業者樫尾忠雄,,duplicate_episode_id
EP-251130076,P987E1E8,ヤマト運輸中興の祖小倉昌男,,duplicate_episode_id
EP-251130076,P980C91B,セコム創業者飯田亮,,duplicate_episode_id
EP-251130076,P2D6C3A1,ニトリ創業者似鳥昭雄,,duplicate_episode_id
EP-251130076,P68A0ADD,ユニ・チャーム創業者高原慶一朗,,duplicate_episode_id
EP-251130076,P08FBF9C,エイチ・アイ・エス創業者澤田秀雄,,duplicate_episode_id
EP-251130076,P3A0B6C7,ロート製薬創業者山田安民,,duplicate_episode_id
EP-251130076,PDDC727B,大正製薬創業者上原正吉,,duplicate_episode_id
EP-251130076,P4DE9BC4,コロワイド創業者蔵人金男,,duplicate_episode_id
EP-251130076,PF12A6FD,ワコール創業者塚本幸一,,duplicate_episode_id
EP-251130076,PA94A435,カルビー創業者松尾孝,,duplicate_episode_id
EP-251130076,P2E5A169,不二家創業者藤井林右衛門,,duplicate_episode_id
EP-251130076,PD72DF96,ロッキード・マーティンCEOマリリン・ヒューソン,,duplicate_episode_id
EP-251130076,P0F41763,ゼネラル・モーターズCEOメアリー・バーラ,,duplicate_episode_id
EP-251130076,PF46FB51,IBM元CEOバージニア・ロメッティ,,duplicate_episode_id
EP-251130076,P4852C39,YouTube創業者チャド・ハーリー,,duplicate_episode_id
EP-251130076,PF392573,LinkedIn創業者リード・ホフマン,,duplicate_episode_id
EP-251130076,P705160A,パタゴニア創業者イヴォン・シュイナード,,duplicate_episode_id
EP-251130076,P70635DC,ザッポス創業者トニー・シェイ,,duplicate_episode_id
EP-251130076,PDD18080,ソフトウェアAG創業者ペーター・シュナイダー,,duplicate_episode_id
EP-251130076,P4EB219C,BMWグループCEOオリバー・ツィプセ,,duplicate_episode_id
EP-251130076,PE92CCA4,ルイ・ヴィトン創業者ルイ・ヴィトン,,duplicate_episode_id
EP-251130076,P3AC0724,フェデックス創業者フレデリック・スミス,,duplicate_episode_id
EP-251130076,PD2DFF9C,カーネギー・スチール創業者アンドリュー・カーネギー,,duplicate_episode_id
EP-251130076,P5B2C55E,フォード・モーター創業者ヘンリー・フォード,,duplicate_episode_id
EP-251130077,PC9F08C7,森本雅樹,,duplicate_episode_id
EP-251130077,P693983B,ジガ・ヴェルトハイマー,,duplicate_episode_id
EP-251130077,P1267696,ローザ・パークス,,duplicate_episode_id
EP-251130077,PCAE4108,ジョン・メイナード・ケインズ,,duplicate_episode_id
EP-251130077,P58A3909,ミルトン・フリードマン,,duplicate_episode_id
EP-251130077,P1849690,ジョセフ・スティグリッツ,,duplicate_episode_id
EP-251130077,P0FA2E45,ベンヤミン・フランクリン,,duplicate_episode_id
EP-251130077,P7EC8C7F,イヴァン・パブロフ,,duplicate_episode_id
EP-251130077,P01DA34C,カール・グスタフ・ユング,,duplicate_episode_id
EP-251130077,PAB5B665,ジャン・ジャック・ルソー,,duplicate_episode_id
EP-251130077,P5F77568,イマヌエル・カント,,duplicate_episode_id
EP-251130077,PDD1D606,フリードリッヒ・ニーチェ,,duplicate_episode_id
EP-251130077,P87F2362,山極勝三郎,,duplicate_episode_id
EP-251130077,PF3425E4,アルフレッド・ウェゲナー,,duplicate_episode_id
EP-251130077,PC9756E5,ミハイ・チクセントミハイ,,duplicate_episode_id
EP-251130077,P6A7F0B7,ハワード・ガードナー,,duplicate_episode_id
EP-251130077,P59A6F39,中嶋尚,,duplicate_episode_id
EP-251130077,P6893B96,古在由秀,,duplicate_episode_id
EP-251130077,PE197534,有馬朗人,,duplicate_episode_id
EP-251130077,P6E435DB,小田稔,,duplicate_episode_id
EP-251130077,P3B0B39B,長倉三郎,,duplicate_episode_id
EP-251130077,PE9138D8,外村彰,,duplicate_episode_id
EP-251130077,P38A2F32,加藤和也,,duplicate_episode_id
EP-251130077,PDE1790F,柏原正樹,,duplicate_episode_id
EP-251130077,P29D3133,エドワード・ウィッテン,,duplicate_episode_id
EP-251130077,PA1655ED,キャロル・グライダー,,duplicate_episode_id
EP-251130077,PB0A0DC5,スヴァンテ・ペーボ,,duplicate_episode_id
EP-251130077,PC4F79CF,ペンローズ,,duplicate_episode_id
EP-251130077,PD2C20CA,アンドリュー・ワイルズ,,duplicate_episode_id
EP-251130078,P05EA89C,ガウス,,duplicate_episode_id
EP-251130078,P422F01B,リンドバーグ,,duplicate_episode_id
EP-251130078,P83CD79E,オーヴィル・ライト,,duplicate_episode_id
EP-251130078,P1F0726F,ウィルバー・ライト,,duplicate_episode_id
EP-251130078,PCEE6760,駿河太郎,,duplicate_episode_id
EP-251130078,PA626B15,中江藤樹,,duplicate_episode_id
EP-251130078,PCB46D82,中村雅哉,,duplicate_episode_id
EP-251130078,P4DF1C0D,西角友宏,,duplicate_episode_id
EP-251130078,PE5ED754,樋口真嗣,,duplicate_episode_id
EP-251130078,P982C3B1,神山健治,,duplicate_episode_id
EP-251130078,P03F51EF,今石洋之,,duplicate_episode_id
EP-251130078,P302112D,渡辺信一郎,,duplicate_episode_id
EP-251130078,PBDC3D74,ヴェルナー・フォン・ブラウン,,duplicate_episode_id
EP-251130078,PD04F1CD,セルゲイ・コロリョフ,,duplicate_episode_id
EP-251130078,PA870055,ロバート・ゴダード,,duplicate_episode_id
EP-251130078,PB5DBBE4,コンスタンチン・ツィオルコフスキー,,duplicate_episode_id
EP-251130078,P200F0F8,ヘルマン・オーベルト,,duplicate_episode_id
EP-251130078,PA0F1BE5,ジャック・キルビー,,duplicate_episode_id
EP-251130078,P6DD7304,ロバート・ノイス,,duplicate_episode_id
EP-251130078,P181ADFF,フェデリコ・ファジン,,duplicate_episode_id
EP-251130078,P425B56D,ウォルター・ブラッテン,,duplicate_episode_id
EP-251130078,P7784AE9,ウィリアム・ショックレー,,duplicate_episode_id
EP-251130078,P0B947F8,シーモア・クレイ,,duplicate_episode_id
EP-251130079,P30C7143,相川七瀬,,duplicate_episode_id
EP-251130079,PA70FC97,森公美子,,duplicate_episode_id
EP-251130079,P8526054,鈴木康博,,duplicate_episode_id
EP-251130079,P451637D,チューリップ・財津和夫,,duplicate_episode_id
EP-251130079,PC7408F2,ジョン・ボンジョヴィ,,duplicate_episode_id
EP-251130079,P6513466,ロバート・ジマーマン,,duplicate_episode_id
EP-251130079,PDB15BD6,オジー・オズボーン,,duplicate_episode_id
EP-251130079,PA5D44A4,ボニー・レイット,,duplicate_episode_id
EP-251130079,P9E245B3,ジャネット・ジャクソン,,duplicate_episode_id
EP-251130079,P87E2715,キース・エマーソン,,duplicate_episode_id
EP-251130079,PDD2D891,リック・ウェイクマン,,duplicate_episode_id
EP-251130079,PB93C470,ロジャー・ウォーターズ,,duplicate_episode_id
EP-251130079,PB9C9997,デイビッド・ギルモア,,duplicate_episode_id
EP-251130079,P20415BF,大滝詠一,,duplicate_episode_id
EP-251130079,P2C370CE,小沢健二,,duplicate_episode_id
EP-251130079,PEC52465,村下孝蔵,,duplicate_episode_id
EP-251130079,P50A6582,ビング・クロスビー,,duplicate_episode_id
EP-251130079,PD0E233A,サム・クック,,duplicate_episode_id
EP-251130079,PD96B3FF,オーティス・レディング,,duplicate_episode_id
EP-251130079,P1419FEC,マーヴィン・ゲイ,,duplicate_episode_id
EP-251130079,P0533CF7,石川秀美,,duplicate_episode_id
EP-251130079,PB81077E,シャーニア・トウェイン,,duplicate_episode_id
EP-251130079,P886C44E,森口真司,,duplicate_episode_id
EP-251130079,P0333B4A,杉真理,,duplicate_episode_id
EP-251130079,PCFB7D12,かりゆし58,,duplicate_episode_id
EP-251130079,P81CE54A,ショーン・ポール,,duplicate_episode_id
EP-251130079,PEE4E73D,50セント,,duplicate_episode_id
EP-251130079,P711E5CC,ドリー・パートン,,duplicate_episode_id
EP-251130079,PDA25BD8,パティ・グリフィン,,duplicate_episode_id
EP-251130079,P5D8AAB7,鬼塚ちひろ,,duplicate_episode_id
EP-251130080,P7408BEB,落合英二,,duplicate_episode_id
EP-251130080,PC234BB8,谷沢健一,,duplicate_episode_id
EP-251130080,P98A9AF6,田中浩康,,duplicate_episode_id
EP-251130080,PEA5D45C,森脇浩司,,duplicate_episode_id
EP-251130080,P3820976,東出輝裕,,duplicate_episode_id
EP-251130080,PAE54FD1,赤星憲広,,duplicate_episode_id
EP-251130080,PD66D059,金城龍彦,,duplicate_episode_id
EP-251130080,PAAD6D08,小宮山悟,,duplicate_episode_id
EP-251130080,PFFC50D8,高津臣吾,,duplicate_episode_id
EP-251130080,PF2D774F,城島健司,,duplicate_episode_id
EP-251130080,P3F97F0A,和田豊,,duplicate_episode_id
EP-251130080,PC4AA18D,伊良部秀輝,,duplicate_episode_id
EP-251130080,P47DB75B,入来祐作,,duplicate_episode_id
EP-251130080,P02A513D,岩村明憲,,duplicate_episode_id
EP-251130080,P3048343,マーク・マグワイア,,duplicate_episode_id
EP-251130080,P5281BAC,サミー・ソーサ,,duplicate_episode_id
EP-251130080,P2E72DCA,ケン・グリフィー・ジュニア,,duplicate_episode_id
EP-251130080,PFB29DD9,フランク・トーマス,,duplicate_episode_id
EP-251130080,P698BD9B,ミゲル・テハダ,,duplicate_episode_id
EP-251130080,P7CDC5DC,エドガー・マルティネス,,duplicate_episode_id
EP-251130080,P3AA9921,イバン・ロドリゲス,,duplicate_episode_id
EP-251130080,P9A68E64,ロベルト・アロマー,,duplicate_episode_id
EP-251130080,PDAFF288,カルロス・バエルガ,,duplicate_episode_id
EP-251130080,P9311BC3,トニー・グウィン,,duplicate_episode_id
EP-251130080,P24F9B94,ウェイド・ボッグス,,duplicate_episode_id
EP-251130080,P8B4E709,リッキー・ヘンダーソン,,duplicate_episode_id
EP-251130080,PDA0EAB8,ドン・マッティングリー,,duplicate_episode_id
EP-251130081,PE150A74,中大兄皇子,,duplicate_episode_id
EP-251130081,PEBD30FD,源実朝,,duplicate_episode_id
EP-251130081,PE51CD2C,後醍醐天皇,,duplicate_episode_id
EP-251130081,P5EE53AF,新田義貞,,duplicate_episode_id
EP-251130081,P24918BF,足利義詮,,duplicate_episode_id
EP-251130081,P76E4104,太田道灌,,duplicate_episode_id
EP-251130081,P5EAC4D4,高山右近,,duplicate_episode_id
EP-251130081,P0446A50,徳川家茂,,duplicate_episode_id
EP-251130081,PBAC4468,河井継之助,,duplicate_episode_id
EP-251130081,P132E686,横井小楠,,duplicate_episode_id
EP-251130081,P01E8058,サミュエル・モールス,,duplicate_episode_id
EP-251130081,PB1E52CA,テオドール・ルーズベルト,,duplicate_episode_id
EP-251130081,P92B2059,ズールー王シャカ,,duplicate_episode_id
EP-251130081,PA6FBECA,インカ皇帝アタワルパ,,duplicate_episode_id
EP-251130081,PC524F7A,李舜臣,,duplicate_episode_id
EP-251130082,PD985DF7,ワルト・ディズニー,,duplicate_episode_id
EP-251130082,PD2AC0BA,ジョン・ラセター,,duplicate_episode_id
EP-251130082,P96E7130,留美子高橋,,duplicate_episode_id
EP-251130082,PA63D8DF,クレイグ・マクラッケン,,duplicate_episode_id
EP-251130082,P2AB7BB6,宮下裕彦,,duplicate_episode_id
EP-251130082,PC03A9FE,秋葉原系漫画家OKAMA,,duplicate_episode_id
EP-251130082,PD82E0C8,横山清正,,duplicate_episode_id
EP-251130082,PB829CD9,夢枕獏,,duplicate_episode_id
EP-251130082,PC172291,あかほりさとる,,duplicate_episode_id
EP-251130082,PD102009,荒川弘,,duplicate_episode_id
EP-251130082,P03A5DAB,西尾維新,,duplicate_episode_id
EP-251130082,PB6EA109,安彦良和,,duplicate_episode_id
EP-251130082,P9BDB004,桂正和,,duplicate_episode_id
EP-251130082,P2ECE44E,平井久司,,duplicate_episode_id
EP-251130082,PB6EBAB0,矢立肇,,duplicate_episode_id
EP-251130085,P36A4804,つげ義春,,duplicate_episode_id
EP-251130085,P2CFEBDE,フェリーニ,,duplicate_episode_id
EP-251130085,PD914648,ベルイマン,,duplicate_episode_id
EP-251130085,P24D0630,ルイ・ヴィトン,,duplicate_episode_id
EP-251130085,P59DF525,イヴ・サン・ローラン,,duplicate_episode_id
EP-251130085,PB7041C1,アレクサンダー・マックイーン,,duplicate_episode_id
EP-251130085,PFDF2E4D,ヴィヴィアン・ウエストウッド,,duplicate_episode_id
EP-251130085,P4CF4141,魯山人,,duplicate_episode_id
EP-251130085,PDF73A6E,田中一村,,duplicate_episode_id
EP-251130085,P8BC6F8E,亀井勝一郎,,duplicate_episode_id
EP-251130085,P2ABFDC1,宝塚歌劇団創始者小林一三,,duplicate_episode_id
EP-251130085,PD62AB36,ジャン=リュック・ゴダール,,duplicate_episode_id
EP-251130085,P3159F6D,アキラ・クロサワ,,duplicate_episode_id
EP-251130085,P6FBE96C,鶴田真由,,duplicate_episode_id
EP-251130085,PBB24E0A,マレーネ・ディートリヒ,,duplicate_episode_id
EP-251130086,P8B8E316,市村正親,,duplicate_episode_id
EP-251130086,PE121279,鴨志田穣,,duplicate_episode_id
EP-251130086,P8A0E07D,内田裕也,,duplicate_episode_id
EP-251130086,P431DD07,ジュリアン・ムーア,,duplicate_episode_id
EP-251130086,P26E7913,フィリップ・ベイカー・ホール,,duplicate_episode_id
EP-251130086,P3BE5650,トニ・コレット,,duplicate_episode_id
EP-251130086,PA61D2D5,ジョン・マルコヴィッチ,,duplicate_episode_id
EP-251130086,P6A3D740,ゲイリー・シニーズ,,duplicate_episode_id
EP-251130086,P51D82D1,クリストファー・ウォーケン,,duplicate_episode_id
EP-251130086,PE0AEB6E,イーサン・ホーク,,duplicate_episode_id
EP-251130086,PBAC0FEE,パーカー・ポージー,,duplicate_episode_id
EP-251130086,PA15530A,ウィリアム・H・メイシー,,duplicate_episode_id
EP-251130086,PF0339E2,岩松了,,duplicate_episode_id
EP-251130086,P446F173,中嶋朋子,,duplicate_episode_id
EP-251130086,P8A0E07D,内田裕也,,duplicate_episode_id
EP-251130086,P6FA490C,天海祐希,,duplicate_episode_id
EP-251130086,P8B8E316,市村正親,,duplicate_episode_id
EP-251130086,PEDE357A,宮本信子,,duplicate_episode_id
EP-251130086,PCC61F86,スティーブ・マックイーン,,duplicate_episode_id
EP-251130086,P13F2958,平田満,,duplicate_episode_id
EP-251130086,P3D24FA8,スティーヴン・ソダーバーグ,,duplicate_episode_id
EP-251130086,P3F7E67C,デヴィッド・フィンチャー,,duplicate_episode_id
EP-251130086,P51D82D1,クリストファー・ウォーケン,,duplicate_episode_id
EP-251130086,PE0AEB6E,イーサン・ホーク,,duplicate_episode_id
EP-251130086,P8054744,ミシェル・ウィリアムズ,,duplicate_episode_id
EP-251130086,P431DD07,ジュリアン・ムーア,,duplicate_episode_id
EP-251130086,PB1CD9EB,ベニチオ・デル・トロ,,duplicate_episode_id
EP-251130086,PA1CD8ED,エドワード・バーンズ,,duplicate_episode_id
EP-251130086,PBAC0FEE,パーカー・ポージー,,duplicate_episode_id
EP-251130086,PE1E319A,スティーヴ・ブシェミ,,duplicate_episode_id
EP-251130087,P7425C5A,後藤謙次,,duplicate_episode_id
EP-251130087,PAADFB7D,田崎史郎,,duplicate_episode_id
EP-251130087,P1825C24,星浩,,duplicate_episode_id
EP-251130087,PAB5ED77,安田菜津紀,,duplicate_episode_id
EP-251130087,P28E9957,デヴィ・スカルノ,,duplicate_episode_id
EP-251130087,P1D79D91,金慶珠,,duplicate_episode_id
EP-251130087,PE301FD2,室井佑月,,duplicate_episode_id
EP-251130087,P7E21F01,上念司,,duplicate_episode_id
EP-251130087,P9EE9D7D,三橋貴明,,duplicate_episode_id
EP-251130087,P146F44C,岡田克也,,duplicate_episode_id
EP-251130087,P36FD064,ジュリアン・アサンジ,,duplicate_episode_id
EP-251130087,PE7A3D43,エドワード・スノーデン,,duplicate_episode_id
EP-251130087,P0E74173,アリアナ・ハフィントン,,duplicate_episode_id
EP-251130087,P16525AE,ファリード・ザカリア,,duplicate_episode_id
EP-251130087,P5A0F4E3,アンダーソン・クーパー,,duplicate_episode_id
EP-251130088,P5C5DCED,松永真理,,duplicate_episode_id
EP-251130088,P322D802,早河洋,,duplicate_episode_id
EP-251130088,P3AC00AF,見城徹,,duplicate_episode_id
EP-251130088,PD475708,重光武雄,,duplicate_episode_id
EP-251130088,PC2B3C7C,鹿島岩吉,,duplicate_episode_id
EP-251130088,P5B9CAF1,清水喜助,,duplicate_episode_id
EP-251130088,P5FEB9B7,和田完二,,duplicate_episode_id
EP-251130088,P9EC94F9,高原慶一朗,,duplicate_episode_id
EP-251130088,P9B8DFEB,澤田秀雄,,duplicate_episode_id
EP-251130088,P64EB92B,山田安民,,duplicate_episode_id
EP-251130088,P465E2E0,上原正吉,,duplicate_episode_id
EP-251130088,P653BD1F,蔵人金男,,duplicate_episode_id
EP-251130088,PA518169,松尾孝,,duplicate_episode_id
EP-251130088,P301B432,藤井林右衛門,,duplicate_episode_id
EP-251130088,P9E50C61,長瀬富郎,,duplicate_episode_id
EP-251130088,P0B83B3A,大塚正士,,duplicate_episode_id
EP-251130088,PB22581E,田中則雄,,duplicate_episode_id
EP-251130088,P6A8885C,森浩生,,duplicate_episode_id
EP-251130088,P3DDF98B,ロブ・ウォルトン,,duplicate_episode_id
EP-251130088,PD6A6C9E,フレッド・ターナー,,duplicate_episode_id
EP-251130088,P649274F,マティアス・カンプラード,,duplicate_episode_id
EP-251130088,P779C915,マルタ・オルテガ,,duplicate_episode_id
EP-251130088,P1702F6B,アントワーヌ・アルノー,,duplicate_episode_id
EP-251130088,P867A124,マリリン・ヒューソン,,duplicate_episode_id
EP-251130088,PAF7E134,チャド・ハーリー,,duplicate_episode_id
EP-251130088,PDE6A0F1,イヴォン・シュイナード,,duplicate_episode_id
EP-251130088,P58C3F38,トニー・シェイ,,duplicate_episode_id
EP-251130088,PB93827C,ペーター・シュナイダー,,duplicate_episode_id
EP-251130088,P2AD4037,オリバー・ツィプセ,,duplicate_episode_id
EP-251130088,PF4B60EA,フレデリック・スミス,,duplicate_episode_id
EP-251130090,PE82D9EE,チャック・リデル,,duplicate_episode_id
EP-251130090,PA57EED1,カロライナ・マリン,,duplicate_episode_id
EP-251130090,PB73E0C4,アダム・スコット,,duplicate_episode_id
EP-251130090,PF3B2DA7,デイモン・ヒル,,duplicate_episode_id
EP-251130090,P89E7318,黒木メイサ,,duplicate_episode_id
EP-251130090,P731B13F,西川貴教,,duplicate_episode_id
EP-251130090,P4CAA48C,谷口元一,,duplicate_episode_id
EP-251130090,PA17A1FB,川島永嗣,,duplicate_episode_id
EP-251130090,P9CD32CC,レイトン・ヒューイット,,duplicate_episode_id
EP-251130090,PD47C638,アンナ・コルニコワ,,duplicate_episode_id
EP-251130090,P7098EB2,カート・アングル,,duplicate_episode_id
EP-251130090,P2C7EDB6,ティモ・ボル,,duplicate_episode_id
EP-251130090,PC711D98,永島昭浩,,duplicate_episode_id
EP-251130090,P8CC9BE3,坂東英二,,duplicate_episode_id
EP-251130090,PECFC2B2,星野伸之,,duplicate_episode_id
EP-251130090,P78284C6,リック・フレアー,,duplicate_episode_id
EP-251130090,P09FE8EE,トルステン・フィンク,,duplicate_episode_id
EP-251130090,P4579909,ジム・エボット,,duplicate_episode_id
EP-251130090,P886B2D1,エディ・ジョーンズ,,duplicate_episode_id
EP-251130090,P7E39A7E,大畑大介,,duplicate_episode_id
EP-251130090,PDACEF31,廣瀬俊朗,,duplicate_episode_id
EP-251130091,PF7EF624,キャプテン・クック,,duplicate_episode_id
EP-251130091,P8D97422,冒険家・森田勝,,duplicate_episode_id
EP-251130091,P88E8286,レイフ・エリクソン,,duplicate_episode_id
EP-251130091,P9FC9E50,石田ゆうすけ,,duplicate_episode_id
EP-251130091,P1B7A5FC,トール・ヘイエルダール,,duplicate_episode_id
EP-251130091,PBF75841,猿橋勝子,,duplicate_episode_id
EP-251130091,PB5334F5,ヘンリー・ハドソン,,duplicate_episode_id
EP-251130091,P2C8F09D,ファニー・バルカー,,duplicate_episode_id
EP-251130091,P1409F9A,近藤等則,,duplicate_episode_id
EP-251130091,P95988CE,セバスチャン・エルカーノ,,duplicate_episode_id
EP-251130091,P299E094,吉田類,,duplicate_episode_id
EP-251130091,P19FD341,ジャック・イヴ・クストー,,duplicate_episode_id
EP-251130091,PB4D1650,タンクレッド,,duplicate_episode_id
EP-251130091,P7389265,メリウェザー・ルイス,,duplicate_episode_id
EP-251130091,PF256043,バルトロメウ・ディアス,,duplicate_episode_id
EP-251130091,P33B952A,イブン・バットゥータ,,duplicate_episode_id
EP-251130092,PCE357BB,森口繁一,,duplicate_episode_id
EP-251130092,PD292DAF,ワトソンとクリック,,duplicate_episode_id
EP-251130092,P0BD07F7,ライナス・ポーリング,,duplicate_episode_id
EP-251130092,P101109D,ドロシー・ホジキン,,duplicate_episode_id
EP-251130092,PBCDD32E,アンリ・ベクレル,,duplicate_episode_id
EP-251130092,PFE3998A,緒方正清,,duplicate_episode_id
EP-251130092,P8FEB06A,長与又郎,,duplicate_episode_id
EP-251130092,PEB6E741,佐々木隆興,,duplicate_episode_id
EP-251130092,P9A13DFE,八代嘉美,,duplicate_episode_id
EP-251130092,P60AF382,藤井厳喜,,duplicate_episode_id
EP-251130092,PB21A952,水野毅,,duplicate_episode_id
EP-251130092,PB108884,ジョゼフ・ニーダム,,duplicate_episode_id
EP-251130092,P2803674,バックミンスター・フラー,,duplicate_episode_id
EP-251130092,PCD10ADB,エルンスト・ハッケル,,duplicate_episode_id
EP-251130092,P5E0C031,イヴァン・セチェーノフ,,duplicate_episode_id
EP-251130092,PD6B73BC,フリッツ・ハーバー,,duplicate_episode_id
EP-251130092,P8AA57FF,ムハンマド・ユヌス,,duplicate_episode_id
EP-251130092,P4CB16CD,藤堂明保,,duplicate_episode_id
EP-251130092,P5062DA1,辻村みよ子,,duplicate_episode_id
EP-251130092,PFE9B797,金田一春彦,,duplicate_episode_id
EP-251130092,PFE9EEF0,倉田百三,,duplicate_episode_id
EP-251130092,P4A2F1A7,桑原武夫,,duplicate_episode_id
EP-251130093,P138899D,沢口靖子,,duplicate_episode_id
EP-251130093,PDA7AF51,青島幸男,,duplicate_episode_id
EP-251130093,P13958EF,ルシル・ボール,,duplicate_episode_id
EP-251130093,P943CAA2,ジョニー・カーソン,,duplicate_episode_id
EP-251130093,PAB2F101,ボブ・ニューハート,,duplicate_episode_id
EP-251130093,PDED08BE,キャロル・バーネット,,duplicate_episode_id
EP-251130093,PBEAE660,ジョージ・カーリン,,duplicate_episode_id
EP-251130093,PCDB73F8,リチャード・プライヤー,,duplicate_episode_id
EP-251130093,P120FA56,サミー・デイヴィス・ジュニア,,duplicate_episode_id
EP-251130093,PE015036,ジュディ・ガーランド,,duplicate_episode_id
EP-251130093,P24B4003,ジーン・ケリー,,duplicate_episode_id
EP-251130093,PC71A829,フレッド・アステア,,duplicate_episode_id
EP-251130093,P991E137,ジンジャー・ロジャース,,duplicate_episode_id
EP-251130093,PB9165C2,ジェームズ・スチュワート,,duplicate_episode_id
EP-251130093,PF9A809A,堀田真由,,duplicate_episode_id
EP-251130093,P1C27C63,清野菜名,,duplicate_episode_id
EP-251130093,PD38615B,ロバート・ダウニー・ジュニア,,duplicate_episode_id
EP-251130094,P31E16A2,徳冨蘆花,,duplicate_episode_id
EP-251130094,P8E7EA2C,横光利一,,duplicate_episode_id
EP-251130094,P92D94A0,立原正秋,,duplicate_episode_id
EP-251130094,P6DD1612,モリエール,,duplicate_episode_id
EP-251130094,P9F6237B,バルザック,,duplicate_episode_id
EP-251130094,PB150289,スタンダール,,duplicate_episode_id
EP-251130094,PEDAD5A5,アーサー・ミラー,,duplicate_episode_id
EP-251130094,P14914BA,ジャック・ケルアック,,duplicate_episode_id
EP-251130094,PCE501CD,ノーマン・メイラー,,duplicate_episode_id
EP-251130094,P6394194,リチャード・ライト,,duplicate_episode_id
EP-251130094,PABEB253,イサク・ディネーセン,,duplicate_episode_id
EP-251130094,PB365755,パブロ・ネルーダ,,duplicate_episode_id
EP-251130094,PC8D1CD3,織田作之助,,duplicate_episode_id
EP-251130094,PEAC8C7D,坂東眞理子,,duplicate_episode_id
EP-251130094,PA0F615C,柴田よしき,,duplicate_episode_id
EP-251130094,P293C2C4,奥泉光,,duplicate_episode_id
EP-251130094,P232AC5F,岩井志麻子,,duplicate_episode_id
EP-251130094,P73C1695,有栖川有栖,,duplicate_episode_id
EP-251130094,P4BB7353,マーガレット・ミッチェル,,duplicate_episode_id
EP-251130094,P6E7AB73,アントン・チェーホフ,,duplicate_episode_id
EP-251130094,PE88E31,フランツ・カフカ,,duplicate_episode_id
EP-251130094,PAD7DA8E,José Saramago,,duplicate_episode_id
EP-251130094,P53D9DD7,マリオ・バルガス・リョサ,,duplicate_episode_id
EP-251130094,P1AA5D68,ナディン・ゴーディマー,,duplicate_episode_id
EP-251130094,P29B35AD,オクタビオ・パス,,duplicate_episode_id
EP-251130094,PB365755,パブロ・ネルーダ,,duplicate_episode_id
EP-251130094,PE0F2ADE,デレク・ウォルコット,,duplicate_episode_id
EP-251130094,P5CB0A9D,シェイマス・ヒーニー,,duplicate_episode_id
EP-251130098,PEA181A5,小椋久美子,,duplicate_episode_id
EP-251130098,P656BF45,潮田玲子,,duplicate_episode_id
EP-251130098,P3AB2182,高橋治,,duplicate_episode_id
EP-251130098,P26A6E3A,山本博,,duplicate_episode_id
EP-251130098,P3F50A9C,寺川綾,,duplicate_episode_id
EP-251130098,PBA23ED6,鈴木桂治,,duplicate_episode_id
EP-251130098,P781F739,塚田真希,,duplicate_episode_id
EP-251130098,P3E85F53,ロナウド,,duplicate_episode_id
EP-251130098,PFCD5D1E,ジネディーヌ・ジダン,,duplicate_episode_id
EP-251130098,PB58576F,ディエゴ・シメオネ,,duplicate_episode_id
EP-251130098,P38CAC1A,フェルナンド・アロンソ,,duplicate_episode_id
EP-251130098,P79DCCAD,キミ・ライコネン,,duplicate_episode_id
EP-251130098,P17E46BE,ファン・マヌエル・ファンジオ,,duplicate_episode_id
EP-251130098,PB150C6B,トニー・パーカー,,duplicate_episode_id
EP-251130098,P7B3CEB9,ガルネク・ヌルマゴメドフ,,duplicate_episode_id
EP-251130098,PB2B2BFE,アントニー・ジョシュア,,duplicate_episode_id
EP-251130098,PA51E5BF,タイソン・フューリー,,duplicate_episode_id
EP-251130098,PA98BC2B,ラグビー五郎丸歩,,duplicate_episode_id
EP-251130098,PFF160B7,田中史朗,,duplicate_episode_id
EP-251130098,P2EB142E,リーチマイケル,,duplicate_episode_id
EP-251130098,P29D6F99,姫野和樹,,duplicate_episode_id
EP-251130098,P0FF0E86,流経大柏高校,,duplicate_episode_id
EP-251130098,PE73FA1D,駒大苫小牧,,duplicate_episode_id
EP-251130098,PEED44F7,早稲田実業,,duplicate_episode_id
EP-251130098,P53ED91D,智弁和歌山,,duplicate_episode_id
EP-251130099,PCFC5880,和月伸宏,,duplicate_episode_id
EP-251130099,P7F85D54,松井優征,,duplicate_episode_id
EP-251201099,PC8E74FF,椎名軽穂,,duplicate_episode_id
EP-251201099,P8F0FD69,ピーチ・ピット,,duplicate_episode_id
EP-251201099,P8FC69E6,青木U平,,duplicate_episode_id
EP-251201099,P7CE2C5B,田村由美,,duplicate_episode_id
EP-251201099,PEFC33FB,ボブ・ケイン,,duplicate_episode_id
EP-251201099,P617CE28,ジェフ・ジョーンズ,,duplicate_episode_id
EP-251201099,PB71E89E,グラント・モリソン,,duplicate_episode_id
EP-251201099,PCF2A143,ウォーレン・エリス,,duplicate_episode_id
EP-251201099,P3E5D718,田中久仁彦,,duplicate_episode_id
EP-251201099,PBB6F350,佐々木望,,duplicate_episode_id
EP-251201099,P919C9CE,關智一,,duplicate_episode_id
EP-251201099,PD683525,三石琴乃,,duplicate_episode_id
EP-251201099,P0727004,吉崎観音,,duplicate_episode_id
EP-251201099,P8AC9CCF,梅津泰臣,,duplicate_episode_id
EP-251201099,P20CE00B,田辺茂範,,duplicate_episode_id
EP-251201099,PEFC33FB,ボブ・ケイン,,duplicate_episode_id
EP-251201099,P44395AA,尾田栄一郎,,duplicate_episode_id
EP-251201099,PDFDF9D5,久保帯人,,duplicate_episode_id
EP-251201099,P30A721C,井端義雄,,duplicate_episode_id
EP-251201099,P0D5792F,中村悠一,,duplicate_episode_id
EP-251201099,PD2DE9DB,ケン・レヴィン,,duplicate_episode_id
EP-251201099,PE5DB0A3,高橋和希,,duplicate_episode_id
EP-251201099,P125383C,武内崇,,duplicate_episode_id
EP-251201099,P06512A0,奈須きのこ,,duplicate_episode_id
EP-251201099,P57C6C4D,きくちゆうき,,duplicate_episode_id
EP-251201099,P4B557E9,兄者弟者,,duplicate_episode_id
EP-251201099,P2E9170A,キヨ,,duplicate_episode_id
EP-251201099,PA53ADA6,レトルト,,duplicate_episode_id
EP-251201100,PE6CDA59,イプセン,,duplicate_episode_id
EP-251201100,PECADA74,アントニオ・ガウディ,,duplicate_episode_id
EP-251201100,PBD212E7,池上季実子,,duplicate_episode_id
EP-251201100,P0B72C6C,エディット・ピアフ,,duplicate_episode_id
EP-251201100,P4B5B9D3,十朱幸代,,duplicate_episode_id
EP-251201100,P077C719,マイルス・デイビス,,duplicate_episode_id
EP-251201100,P666C363,森田健作,,duplicate_episode_id
EP-251201100,PF134322,ポール・マッカートニー,,duplicate_episode_id
EP-251201100,P17674D2,カーペンターズ・カレン・カーペンター,,duplicate_episode_id
EP-251201100,PC57E756,原田美枝子,,duplicate_episode_id
EP-251201100,P26D797F,風吹ジュン,,duplicate_episode_id
EP-251201100,P25FB18A,ミヒャエル・ジャクソン,,duplicate_episode_id
EP-251201100,P2A12549,石田波郷,,duplicate_episode_id
EP-251201100,PB7B8338,吉田健一,,duplicate_episode_id
EP-251201100,P161DD5C,西村京太郎,,duplicate_episode_id
EP-251201100,P0D9360F,森村誠一,,duplicate_episode_id
EP-251201100,P4FF2624,エドガー・アラン・ポー,,duplicate_episode_id
EP-251201100,P9DCA17B,ダシール・ハメット,,duplicate_episode_id
EP-251201100,P63974A7,西郷輝彦,,duplicate_episode_id
EP-251201100,PA9BF686,橋幸夫,,duplicate_episode_id
EP-251201100,PE475A51,舟木一夫,,duplicate_episode_id
EP-251201101,PFF4AAE2,江戸川コナン,,duplicate_episode_id
EP-251201101,P7E0B0B5,ブラッドリー・クーパー,,duplicate_episode_id
EP-251201101,PFF4AAE2,江戸川コナン,,duplicate_episode_id
EP-251201101,P8C66222,東出昌大,,duplicate_episode_id
EP-251201101,PF4AA23E,ニコラス・ケイジ,,duplicate_episode_id
EP-251201101,PB730336,ロバート・パティンソン,,duplicate_episode_id
EP-251201101,P64E2964,サミュエル・L・ジャクソン,,duplicate_episode_id
EP-251201101,PDD0A5FB,加藤蓮,,duplicate_episode_id
EP-251201101,P6F872B7,和田正人,,duplicate_episode_id
EP-251201101,P57EEEBB,福田沙紀,,duplicate_episode_id
EP-251201101,PC4F00CE,岸谷香,,duplicate_episode_id
EP-251201101,P6DDD6AC,小池徹平,,duplicate_episode_id
EP-251201101,PCBEA8E6,ジェイソン・ステイサム,,duplicate_episode_id
EP-251201101,P1A4F114,チャニング・テイタム,,duplicate_episode_id
EP-251201101,PF71BB64,井上順,,duplicate_episode_id
EP-251201101,P9DA498D,近藤雅彦,,duplicate_episode_id
EP-251201101,PFADD00E,堀ちえみ,,duplicate_episode_id
EP-251201101,PAFFAEEB,薬丸裕英,,duplicate_episode_id
EP-251201101,PB8AABD1,野村義男,,duplicate_episode_id
EP-251201101,P70A821E,布川敏和,,duplicate_episode_id
EP-251201101,PE61CE60,哀川翔,,duplicate_episode_id
EP-251201101,P989EA10,的場浩司,,duplicate_episode_id
EP-251201101,P5B3BD9F,清水宏,,duplicate_episode_id
EP-251201101,P3DC2F85,中条きよし,,duplicate_episode_id
EP-251201101,PABF1CB9,ジョン・クラシンスキー,,duplicate_episode_id
EP-251201101,P08B39DA,デイヴ・シャペル,,duplicate_episode_id
EP-251201102,PDE1EBEB,キング牧師,,duplicate_episode_id
EP-251201102,P62C15F6,黒田如水,,duplicate_episode_id
EP-251201102,PC53624E,細川藤孝,,duplicate_episode_id
EP-251201102,PD2AAFB2,上杉景虎,,duplicate_episode_id
EP-251201102,P5F50783,真田信繁,,duplicate_episode_id
EP-251201102,P78A9B33,大塩平八郎,,duplicate_episode_id
EP-251201102,PD68AC25,安重根,,duplicate_episode_id
EP-251201102,P1A64470,安倍貞任,,duplicate_episode_id
EP-251201102,P9634631,フランシス・ザビエル,,duplicate_episode_id
EP-251201102,P655924C,イザベル1世,,duplicate_episode_id
EP-251201102,PDDAB10B,ペリクレス,,duplicate_episode_id
EP-251201102,PCAC592E,リチャード獅子心王,,duplicate_episode_id
EP-251201102,P5D037AC,小松帯刀,,duplicate_episode_id
EP-251201102,P112EA37,土方歳三,,duplicate_episode_id
EP-251201102,PA1D268D,フリードリヒ大王,,duplicate_episode_id
EP-251201102,P048A94A,カール大帝,,duplicate_episode_id
EP-251201102,P552BE33,太公望,,duplicate_episode_id
EP-251201102,P670468D,于禁,,duplicate_episode_id
EP-251201102,PEBE392A,関羽,,duplicate_episode_id
EP-251201102,P6027238,張飛,,duplicate_episode_id
EP-251201102,P72EC6CD,呂布,,duplicate_episode_id
EP-251201102,P4E60103,司馬懿,,duplicate_episode_id
EP-251201102,PE37A86D,曹操,,duplicate_episode_id
EP-251201102,PE2BD116,劉備,,duplicate_episode_id
EP-251201103,P9832FE5,アンドリュー・ガーフィールド,,duplicate_episode_id
EP-251201103,P752DC93,田中美里,,duplicate_episode_id
EP-251201103,PB1D0427,萩原聖人,,duplicate_episode_id
EP-251201103,PE4285E9,鈴木杏,,duplicate_episode_id
EP-251201103,PE53F391,市川実日子,,duplicate_episode_id
EP-251201103,P488F443,大森南朋,,duplicate_episode_id
EP-251201103,P2B70F33,ユマ・サーマン,,duplicate_episode_id
EP-251201103,P3EFA528,シガーニー・ウィーバー,,duplicate_episode_id
EP-251201103,PD80641E,メル・ギブソン,,duplicate_episode_id
EP-251201103,P85A7536,ウーピー・ゴールドバーグ,,duplicate_episode_id
EP-251201103,P2AB5819,ウィレム・デフォー,,duplicate_episode_id
EP-251201103,PC2A0B82,ジェフ・ゴールドブラム,,duplicate_episode_id
EP-251201103,PA24C976,ジョン・キューザック,,duplicate_episode_id
EP-251201103,P2621571,ジュリア・チャイルド,,duplicate_episode_id
EP-251201103,PD3709FE,King Gnu井口理,,duplicate_episode_id
EP-251201103,PB0DDEE6,志尊淳,,duplicate_episode_id
EP-251201103,P5AA9BF9,キャリー・マリガン,,duplicate_episode_id
EP-251201104,P93411CF,黄長燁,,duplicate_episode_id
EP-251201104,P5222E70,福岡伸一,,duplicate_episode_id
EP-251201104,PDBD06B7,理化学研究所の野依良治,,duplicate_episode_id
EP-251201104,P2D30A7A,佐藤勝昭,,duplicate_episode_id
EP-251201104,P153F932,ジェームズ・ダイソン,,duplicate_episode_id
EP-251201104,PBDAAB90,カール・ジマー,,duplicate_episode_id
EP-251201104,P2362577,ビル・ジョイ,,duplicate_episode_id
EP-251201104,P3D67A90,ニール・ファーガソン,,duplicate_episode_id
EP-251201104,P17A57BB,クリントン・デイヴィソン,,duplicate_episode_id
EP-251201104,P886B8D6,ジョン・ホプフィールド,,duplicate_episode_id
EP-251201104,P4562970,エルンスト・ルスカ,,duplicate_episode_id
EP-251201104,P63BCB40,アレック・ジェフリーズ,,duplicate_episode_id
EP-251201104,PE92D550,ジョン・グルーバー,,duplicate_episode_id
EP-251201104,P50A7FA3,ダヴィンチ,,duplicate_episode_id
EP-251201104,P0F100A1,オーム,,duplicate_episode_id
EP-251201104,PF419844,アンペール,,duplicate_episode_id
EP-251201104,P8679809,ボルタ,,duplicate_episode_id
EP-251201104,P63E820F,クーロン,,duplicate_episode_id
EP-251201104,PB194D17,ヘルツ,,duplicate_episode_id
EP-251201104,P4317274,ジュール,,duplicate_episode_id
EP-251201104,PF675184,ケルビン卿,,duplicate_episode_id
EP-251201104,P2A636D5,ラザフォード,,duplicate_episode_id
EP-251201105,P5A02152,長谷川等,,duplicate_episode_id
EP-251201105,P133050F,アルフレッド・ブレンデル,,duplicate_episode_id
EP-251201105,PC079A49,ヘルベルト・フォン・カラヤン,,duplicate_episode_id
EP-251201105,P79EEB26,ジョアン・バエズ,,duplicate_episode_id
EP-251201105,PFDAE0A8,アントニオ・カルロス・ジョビン,,duplicate_episode_id
EP-251201105,P11A8F7B,ナット・キング・コール,,duplicate_episode_id
EP-251201105,P2869E8C,ペギー葉山,,duplicate_episode_id
EP-251201105,P8A982C6,鳥羽一郎,,duplicate_episode_id
EP-251201105,PFD90167,水前寺清子,,duplicate_episode_id
EP-251201105,PD23C5D3,山川豊,,duplicate_episode_id
EP-251201105,P2D65B13,チェーザレ・シエピ,,duplicate_episode_id
EP-251201105,PEED3065,クラウディオ・アバド,,duplicate_episode_id
EP-251201105,P402B8BA,マルタ・アルゲリッチ,,duplicate_episode_id
EP-251201105,P7AE2A69,千住明,,duplicate_episode_id
EP-251201105,P827C847,冨田勲,,duplicate_episode_id
EP-251201105,P93F859B,リー・リトナー,,duplicate_episode_id
EP-251201105,PF3AAD44,ブランフォード・マルサリス,,duplicate_episode_id
EP-251201105,P3101577,スタン・ゲッツ,,duplicate_episode_id
EP-251201105,PFC3DFFF,アストル・ピアソラ,,duplicate_episode_id
EP-251201105,PC65F497,レイ・ブラウン,,duplicate_episode_id
EP-251201105,P544BC65,ウィントン・マルサリス,,duplicate_episode_id
EP-251201105,P5DAB755,長岡鉄男,,duplicate_episode_id
EP-251201105,PB133A40,渡辺香津美,,duplicate_episode_id
EP-251201105,P4ADE36E,松原みき,,duplicate_episode_id
EP-251201105,PB51A638,やくざ映画,,duplicate_episode_id
EP-251201106,PC550BCF,北尾吉孝,,duplicate_episode_id
EP-251201106,P130F38B,平井康文,,duplicate_episode_id
EP-251201106,P6841A63,永田豊志,,duplicate_episode_id
EP-251201106,P850F92E,藤田浩之,,duplicate_episode_id
EP-251201106,PD0B53A1,奥谷禮子,,duplicate_episode_id
EP-251201106,P87B049E,田中道昭,,duplicate_episode_id
EP-251201106,PEB3EA5D,安田隆夫,,duplicate_episode_id
EP-251201106,PA251B4C,岡藤正広,,duplicate_episode_id
EP-251201106,PFA6A902,メラニア・パーキンス,,duplicate_episode_id
EP-251201106,P6769763,ダン・シュルマン,,duplicate_episode_id
EP-251201106,PA12210B,アンディ・ジャシー,,duplicate_episode_id
EP-251201106,P9CB4F1C,パット・ゲルシンガー,,duplicate_episode_id
EP-251201106,P2FBD166,マルク・ベニオフ,,duplicate_episode_id
EP-251201106,P2FDD45D,スチュワート・バターフィールド,,duplicate_episode_id
EP-251201106,PA273929,ウィリアム・ビル・アックマン,,duplicate_episode_id
EP-251201106,PED57A2E,レオン・ブラック,,duplicate_episode_id
EP-251201106,P5AC768C,マーサ・スチュワート,,duplicate_episode_id
EP-251201106,PDA36890,チェン・ジャン,,duplicate_episode_id
EP-251201106,P31386BC,セス・ゴーディン,,duplicate_episode_id
EP-251201106,P7295B8C,ガイ・カワサキ,,duplicate_episode_id
EP-251201107,P06A90DD,柔道山下泰裕,,duplicate_episode_id
EP-251201107,PDC8B50D,バレーボール中田久美,,duplicate_episode_id
EP-251201107,P53F2655,体操白井健三,,duplicate_episode_id
EP-251201107,P39EB482,陸上桐生祥秀,,duplicate_episode_id
EP-251201107,PAD7D585,フィギュア安藤美姫,,duplicate_episode_id
EP-251201107,P2766766,競泳萩野公介,,duplicate_episode_id
EP-251201107,PD7FD454,野球田中将大,,duplicate_episode_id
EP-251201107,PFA64C79,サッカー酒井宏樹,,duplicate_episode_id
EP-251201107,P785628C,テニス大坂なおみ,,duplicate_episode_id
EP-251201107,P51AB1EC,柔道田知本遥,,duplicate_episode_id
EP-251201107,P36FAD67,競泳池江璃花子,,duplicate_episode_id
EP-251201107,P47E97AD,陸上山縣亮太,,duplicate_episode_id
EP-251201107,P98E3963,野球菅野智之,,duplicate_episode_id
EP-251201107,P7ECC723,サッカー堂安律,,duplicate_episode_id
EP-251201107,P0968DCA,フィギュア宇野昌磨,,duplicate_episode_id
EP-251201107,PB2469DD,レアル・マドリード・ベンゼマ,,duplicate_episode_id
EP-251201107,P583793A,マンチェスター・シティ・ハーランド,,duplicate_episode_id
EP-251201107,P7315D82,バルセロナ・レヴァンドフスキ,,duplicate_episode_id
EP-251201107,P62F5978,NBAヤニス・アンテトクンポ,,duplicate_episode_id
EP-251201107,P887401C,テニス・カルロス・アルカラス,,duplicate_episode_id
EP-251201107,P92AFE6E,ゴルフ・ローリー・マキロイ,,duplicate_episode_id
EP-251201107,PCDFD10D,F1・マックス・フェルスタッペン,,duplicate_episode_id
EP-251201107,PE9950A0,UFC・アレクサンダー・ボルカノフスキー,,duplicate_episode_id
EP-251201107,P7BD7B3A,NFL・ジョシュ・アレン,,duplicate_episode_id
EP-251201107,P79E765A,陸上・シドニー・マクラフリン,,duplicate_episode_id
EP-251201107,PB542C19,競泳・ケイティ・レデツキー,,duplicate_episode_id
EP-251201107,P139491F,体操・シモーン・バイルズ,,duplicate_episode_id
EP-251201107,P9FED812,アイスホッケー・コナー・マクデイビッド,,duplicate_episode_id
EP-251201107,PA4B2139,野球・マイク・トラウト,,duplicate_episode_id
EP-251201107,P3FBA0BB,バスケ・ルカ・ドンチッチ,,duplicate_episode_id
EP-251201108,P32C0157,小野寺昭,,duplicate_episode_id
EP-251201108,P646FED8,加藤剛,,duplicate_episode_id
EP-251201108,P22E43D4,里見浩太朗,,duplicate_episode_id
EP-251201108,P704445B,片平なぎさ,,duplicate_episode_id
EP-251201108,P26C8B35,大原麗子,,duplicate_episode_id
EP-251201108,P4822C24,岡田茉莉子,,duplicate_episode_id
EP-251201108,PFA3A3A6,若山富三郎,,duplicate_episode_id
EP-251201108,PC16C124,渡瀬恒彦,,duplicate_episode_id
EP-251201108,PA42966B,石田えり,,duplicate_episode_id
EP-251201108,P0821EEB,椎名桔平,,duplicate_episode_id
EP-251201108,PE6A4E63,ジェシー・プレモンス,,duplicate_episode_id
EP-251201108,P5B7B714,アリソン・ジャニー,,duplicate_episode_id
EP-251201108,PAD06BE7,今井翼,,duplicate_episode_id
EP-251201108,P6959278,ヘンリー・カヴィル,,duplicate_episode_id
EP-251201108,P20A1947,ジェイソン・モモア,,duplicate_episode_id
EP-251201108,P93B7197,エズラ・ミラー,,duplicate_episode_id
EP-251201108,P34120C6,つかこうへい,,duplicate_episode_id
EP-251201108,PF6FEC9F,唐十郎,,duplicate_episode_id
EP-251201108,PF61CDDE,佐藤信,,duplicate_episode_id
EP-251201108,P88D6FF1,キムラ緑子,,duplicate_episode_id
EP-251201108,P404555B,秋山菜津子,,duplicate_episode_id
EP-251201108,P90E4AC0,浅利慶太,,duplicate_episode_id
EP-251201108,P1A7BCC1,オリバー・ストーン,,duplicate_episode_id
EP-251201108,P917B9D0,マイケル・マン,,duplicate_episode_id
EP-251201108,P1DA2BB3,デヴィッド・リンチ,,duplicate_episode_id
EP-251201108,P3B3684A,ジュディ・デンチ,,duplicate_episode_id
EP-251201108,PE225932,マギー・スミス,,duplicate_episode_id
EP-251201108,P44207E3,イアン・マッケラン,,duplicate_episode_id
EP-251201108,PCE9495B,パトリック・スチュワート,,duplicate_episode_id
EP-251201108,P978F627,ジェレミー・アイアンズ,,duplicate_episode_id
EP-251201109,P5493CF2,今井正,,duplicate_episode_id
EP-251201109,PDCC6CC9,吉田秀和,,duplicate_episode_id
EP-251201109,P2B9FC60,辰巳琢郎,,duplicate_episode_id
EP-251201109,P67E9352,清水崇,,duplicate_episode_id
EP-251201109,P5E1E392,イーストウッド,,duplicate_episode_id
EP-251201109,P052368C,マーク・ロスコ,,duplicate_episode_id
EP-251201109,P1B3F08F,ロイ・リキテンスタイン,,duplicate_episode_id
EP-251201109,P78A78E6,キース・ヘリング,,duplicate_episode_id
EP-251201109,P59CF7DF,リチャード・アヴェドン,,duplicate_episode_id
EP-251201109,P3B70CC0,イヨ・ミン・ペイ,,duplicate_episode_id
EP-251201109,P610B893,リチャード・ロジャース,,duplicate_episode_id
EP-251201109,PA3881A5,ミキ・アンドウ,,duplicate_episode_id
EP-251201109,P8253169,田原桂一,,duplicate_episode_id
EP-251201109,P99B3638,白井晟一,,duplicate_episode_id
EP-251201109,P4A3EA93,豊島圓山,,duplicate_episode_id
EP-251201109,PA2A099C,東松照明,,duplicate_episode_id
EP-251201109,PB9E034B,青木淳,,duplicate_episode_id
EP-251201109,PC5338E2,石山修武,,duplicate_episode_id
EP-251201109,P2B83981,野又穫,,duplicate_episode_id
EP-251201109,P0DDC3CF,山口勝弘,,duplicate_episode_id
EP-251201109,PC1DDB13,河原温,,duplicate_episode_id
EP-251201109,PA18E15D,桐竹勘十郎,,duplicate_episode_id
EP-251201109,P0CD745F,イタロ・カルビーノ,,duplicate_episode_id
EP-251201109,P6E44117,マルセル・プルースト,,duplicate_episode_id
EP-251201109,P826D412,グスタフ・クリムト,,duplicate_episode_id
EP-251201109,P1E4253,フリーダ・カロ,,duplicate_episode_id
EP-251201109,PD7096AD,デイヴィッド・リンチ,,duplicate_episode_id
EP-251201109,P52BB5A5,ヨハネス・フェルメール,,duplicate_episode_id
EP-251201109,P2220C2C,ディエゴ・ベラスケス,,duplicate_episode_id
EP-251201109,PA45D5C6,ポール・セザンヌ,,duplicate_episode_id
EP-251201110,PDDE7798,ルイス・ハミルトン,,duplicate_episode_id
EP-251201110,P8824515,マックス・フェルスタッペン,,duplicate_episode_id
EP-251201110,PB2626E7,ヴァレンティーノ・ロッシ,,duplicate_episode_id
EP-251201110,P30B919,ネイマール,,duplicate_episode_id
EP-251201110,PCA28D24,ハビブ・ヌルマゴメドフ,,duplicate_episode_id
EP-251201110,P4675830,ジョン・ジョーンズ,,duplicate_episode_id
EP-251201110,P042775F,コナー・マクレガー,,duplicate_episode_id
EP-251201110,P941E261,ジョゼ・アルド,,duplicate_episode_id
EP-251201110,P385ECB0,ジョルジュ・サンピエール,,duplicate_episode_id
EP-251201110,P8155CEF,アンソニー・ジョシュア,,duplicate_episode_id
EP-251201110,P8011856,カネロ・アルバレス,,duplicate_episode_id
EP-251201110,PD197615,ゲンナディ・ゴロフキン,,duplicate_episode_id
EP-251201110,P255E080,ワシル・ロマチェンコ,,duplicate_episode_id
EP-251201110,P0B8DA64,小倉優香,,duplicate_episode_id
EP-251201110,PC3FC78D,生田絵梨花,,duplicate_episode_id
EP-251201110,P7C17261,白石聖,,duplicate_episode_id
EP-251201110,P26E37BA,紅白歌合戦司会・和田アキ子,,duplicate_episode_id
EP-251201110,P21DB817,きっと松本,,duplicate_episode_id
EP-251201110,P183011C,中田カウス・ボタン,,duplicate_episode_id
EP-251201110,P20D5AC3,やくざ映画・高倉健,,duplicate_episode_id
EP-251201110,P22AEB0D,山田花子,,duplicate_episode_id
EP-251201110,PA20F7B8,今田東野,,duplicate_episode_id
EP-251201110,P1135503,鳥居みゆき,,duplicate_episode_id
EP-251201110,P7ED7058,テル,,duplicate_episode_id
EP-251201110,PB76776D,関口和之,,duplicate_episode_id
EP-251201111,P1F318BB,本田技研創業者本田宗一郎,,duplicate_episode_id
EP-251201111,P21A241D,辛淑玉,,duplicate_episode_id
EP-251201111,PC2CE11D,落合恵子,,duplicate_episode_id
EP-251201111,P0D5A17D,田中優,,duplicate_episode_id
EP-251201111,P5591632,佐高信,,duplicate_episode_id
EP-251201111,P91951EF,ベンジャミン・フルフォード,,duplicate_episode_id
EP-251201111,P80201F3,ナオミ・クライン,,duplicate_episode_id
EP-251201111,PFE8EDC8,バーニー・サンダース,,duplicate_episode_id
EP-251201111,P281DACD,ロバート・ライシュ,,duplicate_episode_id
EP-251201111,PFBA5F35,ラルフ・ネーダー,,duplicate_episode_id
EP-251201111,PD80EDEE,アル・シャープトン,,duplicate_episode_id
EP-251201111,PC145A9D,コーネル・ウェスト,,duplicate_episode_id
EP-251201111,PA644E16,ヴァンダナ・シヴァ,,duplicate_episode_id
EP-251201111,P581FD92,ダニエル・エルズバーグ,,duplicate_episode_id
EP-251201111,P4ECF542,田勢康弘,,duplicate_episode_id
EP-251201111,P91C4D08,岸井成格,,duplicate_episode_id
EP-251201111,PBBFFF57,与良正男,,duplicate_episode_id
EP-251201111,P74012F2,末延吉正,,duplicate_episode_id
EP-251201111,P0586166,飯田浩司,,duplicate_episode_id
EP-251201111,P16C9B39,山田五郎,,duplicate_episode_id
EP-251201111,PE59865D,宮崎哲弥,,duplicate_episode_id
EP-251201111,P0AB1BB5,ヨシフ・スターリン,,duplicate_episode_id
EP-251201111,P4615DFF,フリードリヒ・ハイエク,,duplicate_episode_id
EP-251201112,P2BA7302,安田講堂,,duplicate_episode_id
EP-251201112,PFE5FA28,湯川豊,,duplicate_episode_id
EP-251201112,PB88D8B6,白鳥庫吉,,duplicate_episode_id
EP-251201112,P04F9A8C,土井晩翠,,duplicate_episode_id
EP-251201112,PB45DC2C,ジグムント・フロイト,,duplicate_episode_id
EP-251201112,PCCBF74D,アレクサンダー・グラハム・ベル,,duplicate_episode_id
EP-251201112,PF1092B8,Wilhelm Röntgen,,duplicate_episode_id
EP-251201112,P9FD850A,アーネスト・ラザフォード,,duplicate_episode_id
EP-251201112,P6FEF6EA,Erwin Schrödinger,,duplicate_episode_id
EP-251201112,P9A86289,ジェームズ・クラーク・マクスウェル,,duplicate_episode_id
EP-251201112,PA7FB1C5,ブレーズ・パスカル,,duplicate_episode_id
EP-251201112,P533EE47,ニコラウス・コペルニクス,,duplicate_episode_id
EP-251201112,P5B5F63A,辻村みちよ,,duplicate_episode_id
EP-251201112,P9B289C7,古畑種基,,duplicate_episode_id
EP-251201112,P4A6D883,田宮博,,duplicate_episode_id
EP-251201112,PDEFDE1F,秋月康夫,,duplicate_episode_id
EP-251201112,PA4B1EBF,木原均,,duplicate_episode_id
EP-251201112,P3004046,小川正孝,,duplicate_episode_id
EP-251201112,P365C794,藤原松三郎,,duplicate_episode_id
EP-251201112,P30C82AF,メアリー・キュリー,,duplicate_episode_id
EP-251201112,PDE4B2BF,レオナルド・オイラー,,duplicate_episode_id
EP-251201112,P2663ACE,カール・フリードリヒ・ガウス,,duplicate_episode_id
EP-251201112,PCDD9E44,ジャン＝バティスト・ラマルク,,duplicate_episode_id
EP-251201112,P9CDA66D,ティコ・ブラーエ,,duplicate_episode_id
EP-251201112,P533EE47,ニコラウス・コペルニクス,,duplicate_episode_id
EP-251201112,P024D682,ウィリアム・ペン,,duplicate_episode_id
EP-251201113,PF14BE6F,竹田恒和,,duplicate_episode_id
EP-251201113,PDD84917,槙原寛己,,duplicate_episode_id
EP-251201113,PA562513,レイ・アンダーソン,,duplicate_episode_id
EP-251201113,P541038C,石塚邦雄,,duplicate_episode_id
EP-251201113,P3A8C9B7,マーク・パーカー,,duplicate_episode_id
EP-251201113,P366F429,高島宏平,,duplicate_episode_id
EP-251201113,PEEDB495,チャールズ・コーク,,duplicate_episode_id
EP-251201113,PF2B556A,永谷園創業者永谷嘉男,,duplicate_episode_id
EP-251201113,PC05E2D4,サラ・フリアー,,duplicate_episode_id
EP-251201113,P7FEA4A9,古川享,,duplicate_episode_id
EP-251201113,PB317059,ロバート・アイガー,,duplicate_episode_id
EP-251201113,P507EE85,鈴木喬,,duplicate_episode_id
EP-251201113,P2AB4CD8,ジャン＝ベルナール・レヴィ,,duplicate_episode_id
EP-251201113,P29CF890,渡邉美樹,,duplicate_episode_id
EP-251201113,P7DE7EBC,ダン・ギルバート,,duplicate_episode_id
EP-251201113,PBBD68BB,白井一幸,,duplicate_episode_id
EP-251201113,P3D3AC81,マーク・ロア,,duplicate_episode_id
EP-251201114,P6A38452,愛知敬一,,duplicate_episode_id
EP-251201114,PC491FF2,富士川游,,duplicate_episode_id
EP-251201114,PD4874BF,ガリレイ,,duplicate_episode_id
EP-251201114,P9029964,アレッサンドロ・ボルタ,,duplicate_episode_id
EP-251201114,P352CDAD,米沢富美子,,duplicate_episode_id
EP-251201114,PB6EA4C8,都河明子,,duplicate_episode_id
EP-251201114,PCD43A52,中村祐輔,,duplicate_episode_id
EP-251201114,P5844C08,安田浩,,duplicate_episode_id
EP-251201114,P0E7C84B,新井民夫,,duplicate_episode_id
EP-251201114,P45D27F3,土肥健純,,duplicate_episode_id
EP-251201114,PC3B97EF,大島まり,,duplicate_episode_id
EP-251201114,P861F7CF,林良博,,duplicate_episode_id
EP-251201114,P3A5F7DF,廣川信隆,,duplicate_episode_id
EP-251201114,P336F914,長谷川修司,,duplicate_episode_id
EP-251201114,PC4A5217,横山広美,,duplicate_episode_id
EP-251201114,P1C3CC6E,鈴木康夫,,duplicate_episode_id
EP-251201114,PDC2243F,高橋政代,,duplicate_episode_id
EP-251201114,P2A5EC9C,チャールズ・バベッジ,,duplicate_episode_id
EP-251201114,P4063066,フランシス・クリック,,duplicate_episode_id
EP-251201114,PB7D523C,エマニュエル・シャルパンティエ,,duplicate_episode_id
EP-251201114,PEC1462E,キップ・ソーン,,duplicate_episode_id
EP-251201115,PD23EA75,丸山桂里奈,,duplicate_episode_id
EP-251201115,P1D3F439,田村亮子,,duplicate_episode_id
EP-251201115,P58EEE45,浅田舞,,duplicate_episode_id
EP-251201115,PE0466D6,シモーヌ・バイルズ,,duplicate_episode_id
EP-251201115,P76B88FE,東浜巨,,duplicate_episode_id
EP-251201115,P52ADF47,渡部香生子,,duplicate_episode_id
EP-251201115,P43EE893,アダム・ピーティ,,duplicate_episode_id
EP-251201115,P201D698,マルコ・アセンシオ,,duplicate_episode_id
EP-251201115,PFCA3A3C,ガビ,,duplicate_episode_id
EP-251201115,P4809415,ヤニス・アンテトクンポ,,duplicate_episode_id
EP-251201115,P0D5A1AB,ルカ・ドンチッチ,,duplicate_episode_id
EP-251201115,PD578EEE,アダム・ギルクライスト,,duplicate_episode_id
EP-251201115,PFF312FC,パク・セリ,,duplicate_episode_id
EP-251201115,PC588A81,リディア・コ,,duplicate_episode_id
EP-251201115,P1C577E6,松本麻佑,,duplicate_episode_id
EP-251201115,P2A512BA,永原和可那,,duplicate_episode_id
EP-251201115,P41B2CC3,中村美里,,duplicate_episode_id
EP-251201115,P7C6AC5D,近藤亜美,,duplicate_episode_id
EP-251201115,P403D022,朝比奈沙羅,,duplicate_episode_id
EP-251201115,PD39A7CB,萱和磨,,duplicate_episode_id
EP-251201115,P9A4CDD3,渋川飛鳥,,duplicate_episode_id
EP-251201115,P569E054,酒井夏海,,duplicate_episode_id
EP-251201115,P075F60C,本多灯,,duplicate_episode_id
EP-251201115,PFC21562,新田美波,,duplicate_episode_id
EP-251201115,PDBB22F4,井上拓真,,duplicate_episode_id
EP-251201115,PE8B897B,中谷潤人,,duplicate_episode_id
EP-251201115,P9CCF1E2,寺地拳四朗,,duplicate_episode_id
EP-251201115,P0DC5787,京口紘人,,duplicate_episode_id
EP-251201115,P905689A,田中将斗,,duplicate_episode_id
EP-251201115,P3A9090E,古橋大地,,duplicate_episode_id
EP-251201116,P0F31D14,アンパンマンのやなせたかし,,duplicate_episode_id
EP-251201116,P694ED2C,ジョー・ヘンダーソン,,duplicate_episode_id
EP-251201116,PC020FF0,スティーヴ・ハウ,,duplicate_episode_id
EP-251201116,P7C4672B,ニール・パート,,duplicate_episode_id
EP-251201116,P2B1377A,アート・テイタム,,duplicate_episode_id
EP-251201116,PEC71E51,グレン・グールド,,duplicate_episode_id
EP-251201116,PCA68119,リヒテル,,duplicate_episode_id
EP-251201116,PAAF1E61,ムラヴィンスキー,,duplicate_episode_id
EP-251201116,PC0304E0,小椋佳,,duplicate_episode_id
EP-251201116,P743BF7F,田中星児,,duplicate_episode_id
EP-251201116,P6B38CBD,ジミー・スミス,,duplicate_episode_id
EP-251201116,PC98D248,ウェス・モンゴメリー,,duplicate_episode_id
EP-251201116,PDB2A480,グラント・グリーン,,duplicate_episode_id
EP-251201116,P804D4C1,バド・パウエル,,duplicate_episode_id
EP-251201116,PA92C73F,サイモン・ガーファンクル,,duplicate_episode_id
EP-251201116,P3B70E67,パタ,,duplicate_episode_id
EP-251201116,P9D819B0,荒井由実時代の松任谷由実,,duplicate_episode_id
EP-251201116,PE779E01,オアシス・ノエル・ギャラガー,,duplicate_episode_id
EP-251201116,PC932FDF,河島英五,,duplicate_episode_id
EP-251201116,P953336C,大澤誉志幸,,duplicate_episode_id
EP-251201116,P01854E2,ボニー・タイラー,,duplicate_episode_id
EP-251201116,P58533F9,グレン・ミラー,,duplicate_episode_id
EP-251201116,P5F6D73F,高中正義,,duplicate_episode_id
EP-251201116,PCDB5AEF,カート・ゴダル,,duplicate_episode_id
EP-251201116,P726F8C1,バリー・ホワイト,,duplicate_episode_id
EP-251201117,PB367D19,フェルナンド・ボテロ,,duplicate_episode_id
EP-251201117,PABB046D,ジャン・ノーヴェル,,duplicate_episode_id
EP-251201117,PF9BFE3F,荒川修作,,duplicate_episode_id
EP-251201117,PE0594CB,パトリシア・ハイスミス,,duplicate_episode_id
EP-251201117,P97E1F14,フィリップ・スタルク,,duplicate_episode_id
EP-251201117,P51046BE,マーク・シャガール,,duplicate_episode_id
EP-251201117,PE0F6386,加賀美幸子,,duplicate_episode_id
EP-251201117,P56D01AB,千宗易,,duplicate_episode_id
EP-251201117,P9551ABC,アンナ・パヴロワ,,duplicate_episode_id
EP-251201117,P4BAD40D,フランチェスコ・ペトラルカ,,duplicate_episode_id
EP-251201117,PDCB3AE0,オルガ・コルブト,,duplicate_episode_id
EP-251201117,P98950E8,辻静雄,,duplicate_episode_id
EP-251201117,P33F2AD4,リルケ,,duplicate_episode_id
EP-251201117,PD80641E,メル・ギブソン,,duplicate_episode_id
EP-251201117,PEE19063,アニー・ディラード,,duplicate_episode_id
EP-251201117,P8178770,リチャード・プリンス,,duplicate_episode_id
EP-251201117,PB3C9C1E,アントニオ・タピエス,,duplicate_episode_id
EP-251201117,P9F25D74,横田明子,,duplicate_episode_id
EP-251201117,P3C50944,バスター・キートン,,duplicate_episode_id
EP-251201117,PB15394F,五味康祐,,duplicate_episode_id
EP-251201118,PDDB5E6B,ダニエル・クレイグ,,duplicate_episode_id
EP-251201118,P022F195,マーク・ラファロ,,duplicate_episode_id
EP-251201118,PE09673A,セロ,,duplicate_episode_id
EP-251201118,P5FA88AD,クリス・マーティン,,duplicate_episode_id
EP-251201118,P356A66B,伊集院光,,duplicate_episode_id
EP-251201118,P5FB1BF3,内村光良,,duplicate_episode_id
EP-251201118,P8D7938F,ココリコ・田中直樹,,duplicate_episode_id
EP-251201118,PE814C96,ココリコ・遠藤章造,,duplicate_episode_id
EP-251201118,P6CD0783,ロンドンブーツ1号2号・田村淳,,duplicate_episode_id
EP-251201118,P9C16E4D,ロンドンブーツ1号2号・田村亮,,duplicate_episode_id
EP-251201118,PF52ECDE,オリエンタルラジオ・中田敦彦,,duplicate_episode_id
EP-251201118,PDE15001,オリエンタルラジオ・藤森慎吾,,duplicate_episode_id
EP-251201118,P9CF033D,品川庄司・品川祐,,duplicate_episode_id
EP-251201118,PE4312FF,品川庄司・庄司智春,,duplicate_episode_id
EP-251201118,P6549FEE,TKO・木下隆行,,duplicate_episode_id
EP-251201118,PB1672E7,TKO・木本武宏,,duplicate_episode_id
EP-251201118,P1405026,アンジャッシュ・渡部建,,duplicate_episode_id
EP-251201118,PE511449,アンジャッシュ・児嶋一哉,,duplicate_episode_id
EP-251201118,P0A38984,次長課長・河本準一,,duplicate_episode_id
EP-251201118,PEC0EA8F,次長課長・井上聡,,duplicate_episode_id
EP-251201118,P7DD918D,世界のナベアツ・渡辺鐘,,duplicate_episode_id
EP-251201118,P7FC1220,設楽統,,duplicate_episode_id
EP-251201118,P046D44A,日村勇紀,,duplicate_episode_id
EP-251201118,PE800066,アメトーーク・宮迫博之,,duplicate_episode_id
EP-251201118,P0024463,雨上がり決死隊・蛍原徹,,duplicate_episode_id
EP-251201118,P9B0DBC4,ナイナイ・岡村隆史,,duplicate_episode_id
EP-251201118,PCE243C0,ナイナイ・矢部浩之,,duplicate_episode_id
EP-251201118,P1D7F4FD,デヴィッド・レターマン,,duplicate_episode_id
EP-251201118,PC64D9CE,ジェイ・レノ,,duplicate_episode_id
EP-251201118,PB903CB6,ハワード・スターン,,duplicate_episode_id
EP-251201119,P8E69C7F,松田修,,duplicate_episode_id
EP-251201119,P9C3176B,永楽雅行,,duplicate_episode_id
EP-251201119,P7339A91,岡田元也,,duplicate_episode_id
EP-251201119,P6D12DA4,田中精一,,duplicate_episode_id
EP-251201119,P3BEE7B0,船井幸雄,,duplicate_episode_id
EP-251201119,PE9B63B9,金川千尋,,duplicate_episode_id
EP-251201119,P985A292,大塚明彦,,duplicate_episode_id
EP-251201119,P02965F0,藤沢久美,,duplicate_episode_id
EP-251201119,P46C63B4,高原豪久,,duplicate_episode_id
EP-251201119,PFC385F4,松井証券松井道夫,,duplicate_episode_id
EP-251201119,PA6E74B5,武田薬品工業武田長兵衛,,duplicate_episode_id
EP-251201119,PD5FCEB8,サントリー佐治信忠,,duplicate_episode_id
EP-251201119,P19764BC,キヤノン御手洗毅,,duplicate_episode_id
EP-251201119,P77D5796,大塚製薬大塚明彦,,duplicate_episode_id
EP-251201119,P84D23B4,日本電産永守重信,,duplicate_episode_id
EP-251201119,P197C75B,花王丸田芳郎,,duplicate_episode_id
EP-251201119,P95C37D2,積水ハウス阿部俊則,,duplicate_episode_id
EP-251201119,P8E3BF19,資生堂福原義春,,duplicate_episode_id
EP-251201119,PAB7D9FB,味の素西井孝明,,duplicate_episode_id
EP-251201119,P8981CC1,ロート製薬山田邦雄,,duplicate_episode_id
EP-251201119,P6E234A7,富士フイルム古森重隆,,duplicate_episode_id
EP-251201119,P6FA91DF,テッド・ターナー,,duplicate_episode_id
EP-251201120,PC76E237,町田康,,duplicate_episode_id
EP-251201120,PC743817,島田雅彦,,duplicate_episode_id
EP-251201120,PA328E64,荻原浩,,duplicate_episode_id
EP-251201120,P7F37BA3,森絵都,,duplicate_episode_id
EP-251201120,P1B8A9C5,金城一紀,,duplicate_episode_id
EP-251201120,P48E6937,矢作俊彦,,duplicate_episode_id
EP-251201120,P297EDE1,佐伯泰英,,duplicate_episode_id
EP-251201120,P6284D24,谷津矢車,,duplicate_episode_id
EP-251201120,PC5BD04F,ゴア・ヴィダル,,duplicate_episode_id
EP-251201120,PCE501CD,ノーマン・メイラー,,duplicate_episode_id
EP-251201120,PA1C9A4A,ジョン・チーヴァー,,duplicate_episode_id
EP-251201120,PA83A90B,ドナルド・バーセルミ,,duplicate_episode_id
EP-251201120,P46E4F84,ジョーン・ディディオン,,duplicate_episode_id
EP-251201120,P1F67AA8,アン・ライス,,duplicate_episode_id
EP-251201120,P1D58B4A,マイケル・クライトン,,duplicate_episode_id
EP-251201120,PC579CD4,ロバート・ラドラム,,duplicate_episode_id
EP-251201120,P060CFCE,ジョン・グリシャム,,duplicate_episode_id
EP-251201120,P60635E5,エイミー・タン,,duplicate_episode_id
EP-251201120,P1080EAA,デイヴ・エガーズ,,duplicate_episode_id
EP-251201120,PA038EF4,ジリアン・フリン,,duplicate_episode_id
EP-251201120,P1D52F6A,ハーラン・コーベン,,duplicate_episode_id
EP-251201121,P2B605EC,シベリウス・タスマン,,duplicate_episode_id
EP-251201121,P1C89A46,ジャック・バルマ,,duplicate_episode_id
EP-251201121,P0152866,ミシェル・ペイロー,,duplicate_episode_id
EP-251201121,P4BE1F7C,蔵前仁一,,duplicate_episode_id
EP-251201121,P0FA089C,エリック・ヴァイエンマイヤー,,duplicate_episode_id
EP-251201121,PF367DE5,アルフレッド・ウェーゲナー,,duplicate_episode_id
EP-251201121,P4EEF9E5,辰野勇,,duplicate_episode_id
EP-251201121,P07F32DE,ジュンコ・タベイ,,duplicate_episode_id
EP-251201121,P5386964,小松由佳,,duplicate_episode_id
EP-251201121,P5D09448,ウォレス,,duplicate_episode_id
EP-251201121,PDF76545,ジョン・ゴダード,,duplicate_episode_id
EP-251201121,P0D6F8CE,萩原雅紀,,duplicate_episode_id
EP-251201121,PAFE1DF4,ピーター・ヒラリー,,duplicate_episode_id
EP-251201121,P1608C10,堀江敏雄,,duplicate_episode_id
EP-251201121,PAB13503,ヴァレリー・チカロフ,,duplicate_episode_id
EP-251201121,P4EF039C,高橋庄太郎,,duplicate_episode_id
EP-251201121,PA1A79A5,アン・バンクロフト,,duplicate_episode_id
EP-251201121,P0DC01A8,谷口けい,,duplicate_episode_id
EP-251201121,PE1D8D9F,ラルフ・プレイステッド,,duplicate_episode_id
EP-251201121,P2AD8C66,青山千春,,duplicate_episode_id
EP-251201121,PC325994,ウィル・スティーガー,,duplicate_episode_id
EP-251201121,P0581884,ヤン・ウェルツェル,,duplicate_episode_id
EP-251201121,PFA74E58,大場満郎,,duplicate_episode_id
EP-251201121,P35A6562,リック・リッジウェイ,,duplicate_episode_id
EP-251201122,P20819E1,森田剛,,duplicate_episode_id
EP-251201122,P5764533,夏川結衣,,duplicate_episode_id
EP-251201122,P45D04B3,レイチェル・ワイズ,,duplicate_episode_id
EP-251201122,P20819E1,森田剛,,duplicate_episode_id
EP-251201122,P939DB94,岡田義徳,,duplicate_episode_id
EP-251201122,PA0D47BC,加藤あい,,duplicate_episode_id
EP-251201122,P07D94B4,田口淳之介,,duplicate_episode_id
EP-251201122,P97FFBF8,ヴィン・ディーゼル,,duplicate_episode_id
EP-251201122,PCBEA8E6,ジェイソン・ステイサム,,duplicate_episode_id
EP-251201122,P6CD686C,ジェラルド・バトラー,,duplicate_episode_id
EP-251201122,P8201F72,リーアム・ニーソン,,duplicate_episode_id
EP-251201122,P0DE4964,ケリー・ワシントン,,duplicate_episode_id
EP-251201122,P9F0BC7E,タラジ・P・ヘンソン,,duplicate_episode_id
EP-251201122,PC070250,サラ・ジェシカ・パーカー,,duplicate_episode_id
EP-251201122,P6A3C8F5,サルマ・ハエック,,duplicate_episode_id
EP-251201122,P8BE980C,ゾーイ・サルダナ,,duplicate_episode_id
EP-251201122,P5A1825B,ミシェル・ロドリゲス,,duplicate_episode_id
EP-251201123,P9689C06,リタ・レーヴィ=モンタルチーニ,,duplicate_episode_id
EP-251201123,P20DE821,メアリー・アニング,,duplicate_episode_id
EP-251201123,P5062675,二宮忠八,,duplicate_episode_id
EP-251201123,P571CBC5,からくり儀右衛門,,duplicate_episode_id
EP-251201123,P6D1AB39,バーナード・エプスタイン,,duplicate_episode_id
EP-251201123,P0FD009F,ハーディー・ワインベルク,,duplicate_episode_id
EP-251201123,P61B549B,柴崎正勝,,duplicate_episode_id
EP-251201123,P107C403,ジョン・ワトソン,,duplicate_episode_id
EP-251201123,PAFD9900,エルンスト・マイヤー,,duplicate_episode_id
EP-251201123,P7C8FA30,ジェーン・マーセット,,duplicate_episode_id
EP-251201123,P534CFFD,グレゴリー・バテソン,,duplicate_episode_id
EP-251201123,PDEB54C9,川喜田愛郎,,duplicate_episode_id
EP-251201123,P712B33B,ジャック・モノー,,duplicate_episode_id
EP-251201123,PDB46292,ジェームズ・メンデル,,duplicate_episode_id
EP-251201123,P2F4927C,ハンス・クリスチャン・エルステッド,,duplicate_episode_id
EP-251201123,PF596905,セヴァン・スズキ,,duplicate_episode_id
EP-251201123,P72A4F6C,西島和彦,,duplicate_episode_id
EP-251201123,PBB6E959,グレッタ・トゥーンベリ,,duplicate_episode_id
EP-251201123,P496C0C3,ジョン・カーマック,,duplicate_episode_id
EP-251201123,PB33B4C3,リチャード・ストールマン,,duplicate_episode_id
EP-251201123,P18952D2,南部英雄,,duplicate_episode_id
EP-251201123,P9B4B33E,津田敏雄,,duplicate_episode_id
EP-251201123,P00BCE55,中西準子,,duplicate_episode_id
EP-251201123,PED537FD,藤田雄山,,duplicate_episode_id
EP-251201123,P6042275,ヴェントン・スミス,,duplicate_episode_id
EP-251201123,P02F642E,リチャード・ヘンダーソン,,duplicate_episode_id
EP-251201123,PED3BFE0,村上陽一郎,,duplicate_episode_id
EP-251201123,P887E5E4,小谷元子,,duplicate_episode_id
EP-251201124,P5871EA6,羽田美智子,,duplicate_episode_id
EP-251201124,PE787CA8,セルジオ・ペレス,,duplicate_episode_id
EP-251201124,P15FF979,アレクサンダー・ズベレフ,,duplicate_episode_id
EP-251201124,P04EE488,田村優,,duplicate_episode_id
EP-251201124,P6A201AE,大林太朗,,duplicate_episode_id
EP-251201124,PB7CF1BA,ビアンカ・アンドレースク,,duplicate_episode_id
EP-251201124,P78F4721,アルフォンソ・デイビス,,duplicate_episode_id
EP-251201124,PA139818,マーカス・ラシュフォード,,duplicate_episode_id
EP-251201124,PA91707F,ヨルディ・アルバ,,duplicate_episode_id
EP-251201124,P9F6F1F9,田中刑事,,duplicate_episode_id
EP-251201124,P74303A7,エレン・ファン・ディーク,,duplicate_episode_id
EP-251201124,PF038A17,西田有志,,duplicate_episode_id
EP-251201124,PF3503C4,ケーシー・ストーナー,,duplicate_episode_id
EP-251201124,P796B7B3,オスカル,,duplicate_episode_id
EP-251201124,P2677F79,イーサン・エンバペ,,duplicate_episode_id
EP-251201124,P5B648A4,ダニロ・ペレイラ,,duplicate_episode_id
EP-251201124,P5160106,渡邉陸,,duplicate_episode_id
EP-251201124,P518BC83,ヴィニシウス・ジュニオール,,duplicate_episode_id
EP-251201124,PAD97DC2,ジャック・グリーリッシュ,,duplicate_episode_id
EP-251201124,PEF81409,ランドン・ドノバン,,duplicate_episode_id
EP-251201125,P1DF2621,田中将賀,,duplicate_episode_id
EP-251201125,P748DBB8,村田雄介,,duplicate_episode_id
EP-251201125,P9199A9C,森川智之,,duplicate_episode_id
EP-251201125,P8CC692D,坂井久太,,duplicate_episode_id
EP-251201125,P9368FE4,錦織敦史,,duplicate_episode_id
EP-251201125,PEA58F8B,平松禎史,,duplicate_episode_id
EP-251201125,P08B6D2F,椛島洋介,,duplicate_episode_id
EP-251201125,PA424092,ゲンディ・タルタコフスキー,,duplicate_episode_id
EP-251201125,P9DC4AA2,レベッカ・シュガー,,duplicate_episode_id
EP-251201125,PB6263CE,ペンドルトン・ウォード,,duplicate_episode_id
EP-251201125,P20CD428,ケヴィン・コンロイ,,duplicate_episode_id
EP-251201125,P830622D,マーク・ハミル,,duplicate_episode_id
EP-251201125,PA3946C5,タラ・ストロング,,duplicate_episode_id
EP-251201125,P3B126D6,セス・マクファーレン,,duplicate_episode_id
EP-251201125,PAE93FE5,ジャスティン・ロイランド,,duplicate_episode_id
EP-251201125,P3D464EE,ダン・ハーモン,,duplicate_episode_id
EP-251201125,P20F762C,ローレン・ファウスト,,duplicate_episode_id
EP-251201126,P120B06B,ヨーロッパ・コンサート・ホール,,duplicate_episode_id
EP-251201126,P72865E1,サン=サーンス,,duplicate_episode_id
EP-251201126,PD461C55,ロッシーニ,,duplicate_episode_id
EP-251201126,P5341F79,田能村竹田,,duplicate_episode_id
EP-251201126,P033080A,コッポラ,,duplicate_episode_id
EP-251201126,P728F0BE,島村抱月,,duplicate_episode_id
EP-251201126,P5CD550B,児玉源太郎,,duplicate_episode_id
EP-251201126,P674C520,グスタフ・マーラー,,duplicate_episode_id
EP-251201126,P28031EA,リヒャルト・シュトラウス,,duplicate_episode_id
EP-251201126,P22E71CD,長塚節,,duplicate_episode_id
EP-251201126,P5BA0CB8,ユージン・オニール,,duplicate_episode_id
EP-251201126,P9499606,二代目中村吉右衛門,,duplicate_episode_id
EP-251201126,P69C28D7,荒俣宏,,duplicate_episode_id
EP-251201126,PE5D72BC,嵐山光三郎,,duplicate_episode_id
EP-251201126,P9593846,カール・ラガーフェルド,,duplicate_episode_id
EP-251201126,P388AE69,ジョルジョ・アルマーニ,,duplicate_episode_id
EP-251201126,P2D0CE17,ジャン・ヌーヴェル,,duplicate_episode_id
EP-251201126,P10812B8,オスカー・ニーマイヤー,,duplicate_episode_id
EP-251201126,PB29F778,ケイト・モス,,duplicate_episode_id
EP-251201126,PA8F253D,ピナ・バウシュ,,duplicate_episode_id
EP-251201126,P94DAFF2,トム・フォード,,duplicate_episode_id
EP-251201126,P7BD690C,李禹煥,,duplicate_episode_id
EP-251201126,PBD22D8A,ダミアン・ハースト,,duplicate_episode_id
EP-251201126,P524C940,マリナ・アブラモヴィッチ,,duplicate_episode_id
EP-251201126,P6CB0422,アイ・ウェイウェイ,,duplicate_episode_id
EP-251201126,P3AD672E,ゲルハルト・リヒター,,duplicate_episode_id
EP-251201126,P2F24784,シンディ・シャーマン,,duplicate_episode_id
EP-251201126,PF69B1E4,リチャード・セラ,,duplicate_episode_id
EP-251201126,PA74BD84,アニッシュ・カプーア,,duplicate_episode_id
EP-251201126,PB1893D4,草薙素子,,duplicate_episode_id
EP-251201127,P9EE6292,スケルトン・ワン,,duplicate_episode_id
EP-251201127,PA439385,チャールズ・ミンガス,,duplicate_episode_id
EP-251201127,PFE457A6,スナフキン,,duplicate_episode_id
EP-251201127,PF714DE1,サカナクション,,duplicate_episode_id
EP-251201127,P2D1FC7B,ダニー・エルフマン,,duplicate_episode_id
EP-251201127,P3693BD9,セルゲイ・ラフマニノフ,,duplicate_episode_id
EP-251201127,P39AE4DB,ピョートル・チャイコフスキー,,duplicate_episode_id
EP-251201127,P44173BB,アントニン・ドヴォルザーク,,duplicate_episode_id
EP-251201127,P7186F21,クロード・ドビュッシー,,duplicate_episode_id
EP-251201127,P95C70C7,岩沢厚治,,duplicate_episode_id
EP-251201127,P6B782AA,北川悠仁,,duplicate_episode_id
EP-251201127,PD37DB6A,スキマスイッチ,,duplicate_episode_id
EP-251201127,PA46DD62,長澤知之,,duplicate_episode_id
EP-251201127,PF8ACD27,チェッカーズ・藤井フミヤ,,duplicate_episode_id
EP-251201127,P4FE85EF,TMN・木根尚登,,duplicate_episode_id
EP-251201127,PB3F3455,大沢誉志幸,,duplicate_episode_id
EP-251201127,P3BB5C95,杏里,,duplicate_episode_id
EP-251201127,P4B2EE87,河村隆一,,duplicate_episode_id
EP-251201127,P9E8DF98,氣志團・綾小路翔,,duplicate_episode_id
EP-251201127,P72A72EF,シェール,,duplicate_episode_id
EP-251201127,P2E813C0,ハリー・スタイルズ,,duplicate_episode_id
EP-251201128,PD361685,岡田晴恵,,duplicate_episode_id
EP-251201128,P6AD11F0,トーマス・ピケティ,,duplicate_episode_id
EP-251201128,PB9CAAB8,ジョゼフ・スティグリッツ,,duplicate_episode_id
EP-251201128,P3A638D6,マルコム・グラッドウェル,,duplicate_episode_id
EP-251201128,PDACE01C,金大中,,duplicate_episode_id
EP-251201128,P83E3795,植木等,,duplicate_episode_id
EP-251201128,PE000ED4,カストロ,,duplicate_episode_id
EP-251201128,PA98B84E,幸徳秋水,,duplicate_episode_id
EP-251201128,P9641FEA,西園寺公望,,duplicate_episode_id
EP-251201128,PC128315,加藤友三郎,,duplicate_episode_id
EP-251201128,PD9621E0,濱口雄幸,,duplicate_episode_id
EP-251201128,P097A0C3,若槻禮次郎,,duplicate_episode_id
EP-251201128,PF03C86E,鈴木貫太郎,,duplicate_episode_id
EP-251201128,PFECFD4A,東久邇宮稔彦王,,duplicate_episode_id
EP-251201128,PA5D8DCA,芦田均,,duplicate_episode_id
EP-251201128,P0ED846B,岸信介,,duplicate_episode_id
EP-251201128,P9F384E9,宇野宗佑,,duplicate_episode_id
EP-251201128,P613526B,海部俊樹,,duplicate_episode_id
EP-251201129,P7C7F1BB,柳澤正史,,duplicate_episode_id
EP-251201129,PE34FD66,石井直方,,duplicate_episode_id
EP-251201129,P8882814,浅田稔,,duplicate_episode_id
EP-251201129,P4B12654,堀浩一,,duplicate_episode_id
EP-251201129,PC171A40,山中竹春,,duplicate_episode_id
EP-251201129,P3059300,エリック・ドゥメイン,,duplicate_episode_id
EP-251201129,P8210F16,ヤン・ルカン,,duplicate_episode_id
EP-251201129,PD4E4D49,アンドリュー・エン,,duplicate_episode_id
EP-251201129,PBCF465A,フェイフェイ・リー,,duplicate_episode_id
EP-251201129,P6979883,ピーター・ヒッグス,,duplicate_episode_id
EP-251201129,P2C0AB4D,フランシス・アーノルド,,duplicate_episode_id
EP-251201129,P8728F69,シルビア・アール,,duplicate_episode_id
EP-251201129,P37DF6BC,Christiane Nüsslein-Volhard,,duplicate_episode_id
EP-251201129,P6690158,安田靖彦,,duplicate_episode_id
EP-251201129,P3C4E220,佐藤学,,duplicate_episode_id
EP-251201129,PD96EAE9,内山勝利,,duplicate_episode_id
EP-251201129,P1682467,斎藤環,,duplicate_episode_id
EP-251201129,P044FCE8,大澤真幸,,duplicate_episode_id
EP-251201129,P496C00C,苅部直,,duplicate_episode_id
EP-251201129,P9B15FF5,佐々木力,,duplicate_episode_id
EP-251201129,P34C9493,三浦雅士,,duplicate_episode_id
EP-251201129,PFFDC679,古田武彦,,duplicate_episode_id
EP-251201129,P4648FC9,小泉義之,,duplicate_episode_id
EP-251201129,P1340927,國分功一郎,,duplicate_episode_id
EP-251201129,P765816C,ノーム・チョムスキー,,duplicate_episode_id
EP-251201129,PEAB6E25,スティーブン・ピンカー,,duplicate_episode_id
EP-251201129,P0DB7D1B,ポール・クルーグマン,,duplicate_episode_id
EP-251201129,P9A92AA4,マーサ・ヌスバウム,,duplicate_episode_id
EP-251201129,PCA3BA90,エドワード・サイード,,duplicate_episode_id
EP-251201129,PB612E71,フランシス・フクヤマ,,duplicate_episode_id
EP-251201130,PF9DB865,小林旭,,duplicate_episode_id
EP-251201130,P72A8AED,小野武彦,,duplicate_episode_id
EP-251201130,PF01EC21,ジョン・ウェイン,,duplicate_episode_id
EP-251201130,P4BB66EB,バート・ランカスター,,duplicate_episode_id
EP-251201130,PEC49047,カーク・ダグラス,,duplicate_episode_id
EP-251201130,PB49374D,フェイ・ダナウェイ,,duplicate_episode_id
EP-251201130,P58314FD,萩原健太郎,,duplicate_episode_id
EP-251201130,P73898E0,岡本喜八,,duplicate_episode_id
EP-251201130,PDDF9253,山本陽子,,duplicate_episode_id
EP-251201130,PEC3400B,勝呂誉,,duplicate_episode_id
EP-251201130,P0D9AE8E,梶芽衣子,,duplicate_episode_id
EP-251201130,PD516C86,佐分利信,,duplicate_episode_id
EP-251201130,P9292FE3,阿部定,,duplicate_episode_id
EP-251201130,P6C1BC09,富司純子,,duplicate_episode_id
EP-251201130,PB49374D,フェイ・ダナウェイ,,duplicate_episode_id
EP-251201130,PF6F5B41,エレン・バースティン,,duplicate_episode_id
EP-251201130,PDEE3FD0,ウォルター・マッソー,,duplicate_episode_id
EP-251201130,PB4E4A57,ピーター・オトゥール,,duplicate_episode_id
EP-251201130,P82B797B,リチャード・バートン,,duplicate_episode_id
EP-251201131,P6945868,セナ・アイルトン,,duplicate_episode_id
EP-251201131,P467678E,ナブラチロワ・マルチナ,,duplicate_episode_id
EP-251201131,P7E10CF9,ニューマン・ポール,,duplicate_episode_id
EP-251201131,P707DB1E,ボウイ・デビッド,,duplicate_episode_id
EP-251201131,PCACD40C,リッチー・ライオネル,,duplicate_episode_id
EP-251201131,P9C92F21,室伏由佳,,duplicate_episode_id
EP-251201131,P39CDEAB,尾崎将司,,duplicate_episode_id
EP-251201131,PF45C2DE,辰吉丈一郎,,duplicate_episode_id
EP-251201131,P572545F,サンプラス・ピート,,duplicate_episode_id
EP-251201131,PC890A00,アガシ・アンドレ,,duplicate_episode_id
EP-251201131,P8BF0554,ライアン・ノーラン,,duplicate_episode_id
EP-251201131,P232373B,クレメンス・ロジャー,,duplicate_episode_id
EP-251201131,P50104D3,パルマー・アーノルド,,duplicate_episode_id
EP-251201131,P9AB3C39,ニコラウス・ジャック,,duplicate_episode_id
EP-251201131,P5D22A1D,グレツキー・ウェイン,,duplicate_episode_id
EP-251201131,PC635D17,オーr・ボビー,,duplicate_episode_id
EP-251201131,PF1117B6,ブラッド・ペイトン,,duplicate_episode_id
EP-251201131,PCFDE9BF,モンタナ・ジョー,,duplicate_episode_id
EP-251201132,PA78C193,卓球・福原愛,,duplicate_episode_id
EP-251201132,PB1D1BB4,野田凪,,duplicate_episode_id
EP-251201132,PD956418,柔道・田知本遥,,duplicate_episode_id
EP-251201132,PE693696,ピーター,,duplicate_episode_id
EP-251201132,P669C20C,桂文珍,,duplicate_episode_id
EP-251201132,P7D810C2,立川志の輔,,duplicate_episode_id
EP-251201132,PCEF2385,桂枝雌,,duplicate_episode_id
EP-251201132,P153513C,緒形直人,,duplicate_episode_id
EP-251201132,P42C8A7B,ブルース・ウィリス,,duplicate_episode_id
EP-251201132,P2F36839,ピアース・ブロスナン,,duplicate_episode_id
EP-251201132,PBD91BE3,ロジャー・ムーア,,duplicate_episode_id
EP-251201132,PD3C15EB,ティモシー・ダルトン,,duplicate_episode_id
EP-251201132,PE0F29A2,ジョージ・レーゼンビー,,duplicate_episode_id
EP-251201132,PE965E4F,デミ・ムーア,,duplicate_episode_id
EP-251201132,PDEAA738,アラン・リックマン,,duplicate_episode_id
EP-251201132,P241F241,光GENJI,,duplicate_episode_id
EP-251201132,P5747A91,石橋貴明,,duplicate_episode_id
EP-251201132,P5FB1BF3,内村光良,,duplicate_episode_id
EP-251201132,PEAD8766,桑野信義,,duplicate_episode_id
EP-251201132,P15C16D3,上岡龍太郎,,duplicate_episode_id
EP-251201132,P0F8C815,笑福亭笑瓶,,duplicate_episode_id
EP-251201132,P809F9BB,マライア・キャリー,,duplicate_episode_id
EP-251201132,P420AFC9,マーティン・ローレンス,,duplicate_episode_id
EP-251201132,P7EF3730,クリス・タッカー,,duplicate_episode_id
EP-251201132,P242185E,ミシェール・ヨー,,duplicate_episode_id
EP-251201133,P62EC0A6,樫尾忠雄,,duplicate_episode_id
EP-251201133,PEE22A16,竹中藤右衛門,,duplicate_episode_id
EP-251201133,P4F489CA,鈴木貴博,,duplicate_episode_id
EP-251201133,PF6E2D26,森田昇,,duplicate_episode_id
EP-251201133,P6F4C043,田中良,,duplicate_episode_id
EP-251201133,P3935E13,サーゲイ・ブリン,,duplicate_episode_id
EP-251201133,PC26370D,ジェフ・ワイナー,,duplicate_episode_id
EP-251201133,PFAD4500,藤田浩二,,duplicate_episode_id
EP-251201133,P62403AA,トニー・シェー,,duplicate_episode_id
EP-251201133,P1193895,ブライアン・アクトン,,duplicate_episode_id
EP-251201133,PADF976E,藤野英人,,duplicate_episode_id
EP-251201133,PE51652A,エヴァン・スピーゲル,,duplicate_episode_id
EP-251201133,P5BEA622,ジャン・ルー・ブルネッティ,,duplicate_episode_id
EP-251201133,PB070B48,西條恭介,,duplicate_episode_id
EP-251201133,P9041E93,アリ・パルトビ,,duplicate_episode_id
EP-251201133,P287212F,ミッチェル・ベーカー,,duplicate_episode_id
EP-251201133,P976F98D,ジェフリー・カッツェンバーグ,,duplicate_episode_id
EP-251201133,PF68E8DF,ステュアート・バターフィールド,,duplicate_episode_id
EP-251201133,P0A0D213,藤井隆太,,duplicate_episode_id
EP-251201133,P84D0F27,レイ・デーモンド,,duplicate_episode_id
EP-251201133,P622B268,高橋がなり,,duplicate_episode_id
EP-251201133,PFF31B60,ボビー・マーフィー,,duplicate_episode_id
EP-251201133,PEE9D219,田中章雄,,duplicate_episode_id
EP-251201133,PB0AD853,ナンシー・デュボウ,,duplicate_episode_id
EP-251201134,PC418B6C,北条早雲,,duplicate_episode_id
EP-251201134,P796DDD9,安倍晴明,,duplicate_episode_id
EP-251201134,PF3FFD97,蘇我入鹿,,duplicate_episode_id
EP-251201134,P2BEFDCD,鑑真,,duplicate_episode_id
EP-251201134,P41EFF0E,上野彦馬,,duplicate_episode_id
EP-251201134,PE2B7364,賀茂真淵,,duplicate_episode_id
EP-251201134,PF94B322,荷田春満,,duplicate_episode_id
EP-251201134,P1C834CB,契沖,,duplicate_episode_id
EP-251201134,P6D895BF,スキピオ,,duplicate_episode_id
EP-251201134,PBB0FB41,ハムラビ,,duplicate_episode_id
EP-251201134,PDA47EE9,アウグスティヌス,,duplicate_episode_id
EP-251201134,P33D3FA1,サヴォナローラ,,duplicate_episode_id
EP-251201134,PF12B3BA,コンスタンティヌス大帝,,duplicate_episode_id
EP-251201134,PBD5FE90,ユスティニアヌス1世,,duplicate_episode_id
EP-251201134,P1EC67F6,ブルネレスキ,,duplicate_episode_id
EP-251201134,P769CC92,ドナテッロ,,duplicate_episode_id
EP-251201134,P01046A9,ギベルティ,,duplicate_episode_id
EP-251201134,P67AEF8A,マサッチオ,,duplicate_episode_id
EP-251201134,PF0CF223,ボッカッチョ,,duplicate_episode_id
EP-251201135,P58459B6,ヤオ・ミン,,duplicate_episode_id
EP-251201135,P85C550C,高木美保,,duplicate_episode_id
EP-251201135,P1A04DED,ホセ・カンセコ,,duplicate_episode_id
EP-251201135,PD8D3E02,ローリー・マキロイ,,duplicate_episode_id
EP-251201135,P912BA40,セバスティアン・コー,,duplicate_episode_id
EP-251201135,P8D5DEDF,デービッド・ベッカム,,duplicate_episode_id
EP-251201135,P6B13313,ロバート・ルイス,,duplicate_episode_id
EP-251201135,P8E7761B,マルチナ・ナヴラチロワ,,duplicate_episode_id
EP-251201135,PF4F90B5,アラン・シアラー,,duplicate_episode_id
EP-251201135,P6B01B35,ボビー・ムーア,,duplicate_episode_id
EP-251201135,PB16A39B,福田富昭,,duplicate_episode_id
EP-251201135,PA5D8F1A,竹下佳江,,duplicate_episode_id
EP-251201135,P8E6D5E6,上田春佳,,duplicate_episode_id
EP-251201135,P94F1C93,石井慎也,,duplicate_episode_id
EP-251201135,P9108AD2,田中智美,,duplicate_episode_id
EP-251201135,P3869020,大山加奈,,duplicate_episode_id
EP-251201135,PC6662A1,ビョン・ボルグ,,duplicate_episode_id
EP-251201135,P559B8A7,アントニオ・インオキ,,duplicate_episode_id
EP-251201135,P33C1CAE,デニス・ベルカンプ,,duplicate_episode_id
EP-251201135,P8424C52,パベル・ネドベド,,duplicate_episode_id
EP-251201135,P3ADF966,ケビン・ガーネット,,duplicate_episode_id
EP-251201135,P325FFA7,トレイ・ヤング,,duplicate_episode_id
EP-251201135,P27D045B,ドウェイン・ウェイド,,duplicate_episode_id
EP-251201135,PDAE985B,村主章枝,,duplicate_episode_id
EP-251201135,PA73A124,恩田美栄,,duplicate_episode_id
EP-251201135,P9F52407,鶴見虹子,,duplicate_episode_id
EP-251201135,P1B0274C,柴田亜衣,,duplicate_episode_id
EP-251201135,PF979708,米田功,,duplicate_episode_id
EP-251201135,PCAEC8E5,冨田洋之,,duplicate_episode_id
EP-251201136,P8FFC369,河原雅彦,,duplicate_episode_id
EP-251201136,PC540C5A,井上明久,,duplicate_episode_id
EP-251201136,P6A59CEC,細川昌彦,,duplicate_episode_id
EP-251201136,P275F429,内田直希,,duplicate_episode_id
EP-251201136,P06EFE21,加藤将,,duplicate_episode_id
EP-251201136,P612318F,橋本和仁,,duplicate_episode_id
EP-251201136,P3578B13,佐々木雅英,,duplicate_episode_id
EP-251201136,P4B7A6F5,小池康博,,duplicate_episode_id
EP-251201136,PF953BCC,清水孝雄,,duplicate_episode_id
EP-251201136,PE403CB7,平尾公彦,,duplicate_episode_id
EP-251201136,P58518F1,田島節子,,duplicate_episode_id
EP-251201136,P6B78249,水野哲孝,,duplicate_episode_id
EP-251201136,P49EFEBD,奥村学,,duplicate_episode_id
EP-251201136,P0C19E00,松本洋一郎,,duplicate_episode_id
EP-251201136,PEED4334,竹内純,,duplicate_episode_id
EP-251201136,PEE128EB,古崎晃司,,duplicate_episode_id
EP-251201136,P0611CDA,クレイグ・マンディ,,duplicate_episode_id
EP-251201136,P63D952D,デビッド・ベイカー,,duplicate_episode_id
EP-251201136,P9DA883C,リロイ・フッド,,duplicate_episode_id
EP-251201136,PA7590F0,ジョン・クレイグ・ベンター,,duplicate_episode_id
EP-251201136,PBDBBA13,ドリュー・ワイスマン,,duplicate_episode_id
EP-251201136,P50D97E7,セバスチャン・スラン,,duplicate_episode_id
EP-251201137,PFF14DF3,アーティスト,,duplicate_episode_id
EP-251201137,P0D6151D,バリー・ギブ,,duplicate_episode_id
EP-251201137,P65EA1AE,桜庭統,,duplicate_episode_id
EP-251201137,PDB4F782,サカナクション・山口一郎,,duplicate_episode_id
EP-251201137,P3DEA882,光田康典,,duplicate_episode_id
EP-251201137,P4E06016,飛鳥涼,,duplicate_episode_id
EP-251201137,PA78A438,アート・ガーファンクル,,duplicate_episode_id
EP-251201137,PA75F71D,ディオンヌ・ワーウィック,,duplicate_episode_id
EP-251201137,P7854FE7,ロビー・クリーガー,,duplicate_episode_id
EP-251201137,PF7CBD49,レイ・マンザレク,,duplicate_episode_id
EP-251201137,P1A54106,スティーヴ・ペリー,,duplicate_episode_id
EP-251201137,P3BF53C4,ニール・ショーン,,duplicate_episode_id
EP-251201137,P6ADD249,ロジャー・ダルトリー,,duplicate_episode_id
EP-251201137,P51268AA,ピート・タウンゼント,,duplicate_episode_id
EP-251201137,PFEA3A28,イアン・アンダーソン,,duplicate_episode_id
EP-251201137,P1FF6796,ロッド・スチュワート,,duplicate_episode_id
EP-251201137,PAAA4790,スティーヴ・ウィンウッド,,duplicate_episode_id
EP-251201137,P33CCCF5,エリック・バードン,,duplicate_episode_id
EP-251201137,P96A15BC,ポール・サイモン,,duplicate_episode_id
EP-251201137,P8637DDB,アル・ジャロウ,,duplicate_episode_id
EP-251201137,PDEE3783,ジョージ・ベンソン,,duplicate_episode_id
EP-251201138,P0D75571,大沢在昌,,duplicate_episode_id
EP-251201138,P3004B48,斉藤由貴,,duplicate_episode_id
EP-251201138,P5747A91,石橋貴明,,duplicate_episode_id
EP-251201138,P82F3935,ダニー・デビート,,duplicate_episode_id
EP-251201138,P4DB39B7,ウエンツ瑛士,,duplicate_episode_id
EP-251201138,P2EEF6A5,鶴瓶,,duplicate_episode_id
EP-251201138,P8F7C142,ヒロシ,,duplicate_episode_id
EP-251201138,P31C84C2,ダチョウ倶楽部,,duplicate_episode_id
EP-251201138,P9C1E50C,レイザーラモンHG,,duplicate_episode_id
EP-251201138,P97796D4,小梅太夫,,duplicate_episode_id
EP-251201138,P89B94E7,波田陽区,,duplicate_episode_id
EP-251201138,PAE42D16,長井秀和,,duplicate_episode_id
EP-251201138,P31DC47F,エスパー伊東,,duplicate_episode_id
EP-251201138,P7B33F04,Mr.マリック,,duplicate_episode_id
EP-251201138,PA9436D6,イッテQ出川哲朗,,duplicate_episode_id
EP-251201138,PCA9B01B,おネエMANS,,duplicate_episode_id
EP-251201138,PC71DB30,カズレーザー,,duplicate_episode_id
EP-251201138,PD597AE9,アキラ100%,,duplicate_episode_id
EP-251201138,P9175CF9,ゴールデンボンバー,,duplicate_episode_id
EP-251201138,P9C005AE,ロバート秋山,,duplicate_episode_id
EP-251201138,P672DD28,江戸家猫八,,duplicate_episode_id
EP-251201138,P2EB4B3D,コロッケ,,duplicate_episode_id
EP-251201138,PD493780,清水ミチコ,,duplicate_episode_id
EP-251201138,PCE8586E,スティーブ・マーティン,,duplicate_episode_id
EP-251201138,PF3AE631,エディ・マーフィー,,duplicate_episode_id
EP-251201138,P39C84B9,マイク・マイヤーズ,,duplicate_episode_id
EP-251201138,P41F69FD,ウィル・フェレル,,duplicate_episode_id
EP-251201138,PE28DD02,ベン・スティラー,,duplicate_episode_id
EP-251201138,PDFAA815,アダム・サンドラー,,duplicate_episode_id
EP-251201138,PCED6BCC,ジャック・ブラック,,duplicate_episode_id
EP-251201139,PFEB370F,一条ゆかり,,duplicate_episode_id
EP-251201139,P5EBE34B,鈴木敏夫,,duplicate_episode_id
EP-251201139,P0A87F42,エルンスト・ルビッチ,,duplicate_episode_id
EP-251201139,P54DFB25,ヘルムート・ニュートン,,duplicate_episode_id
EP-251201139,PD901B1D,バルテュス,,duplicate_episode_id
EP-251201139,P012D423,エドワード・ホッパー,,duplicate_episode_id
EP-251201139,PC3D251D,ルイーズ・ブルジョワ,,duplicate_episode_id
EP-251201139,PDFE59DF,ハワード・ホークス,,duplicate_episode_id
EP-251201139,P4D08E70,ジョン・フォード,,duplicate_episode_id
EP-251201139,PF99B77F,ロマン・ポランスキー,,duplicate_episode_id
EP-251201139,P6115018,ミロス・フォアマン,,duplicate_episode_id
EP-251201139,PC1A1A3D,ベルナール・ビュフェ,,duplicate_episode_id
EP-251201139,PCA263CB,ジャコメッティ,,duplicate_episode_id
EP-251201139,P9418C6B,原田芳雄,,duplicate_episode_id
EP-251201139,P8A978BD,ダスティン・ホフマン,,duplicate_episode_id
EP-251201139,PCA4639A,ケヴィン・コスナー,,duplicate_episode_id
EP-251201139,P2A5467A,フェリペ・ジュノー,,duplicate_episode_id
EP-251201139,P0D5C08A,ダレン・アロノフスキー,,duplicate_episode_id
EP-251201139,P63F4465,池坊専永,,duplicate_episode_id
EP-251201140,PF672F27,曽野綾子,,duplicate_episode_id
EP-251201140,P8B5DA87,鈴木善幸,,duplicate_episode_id
EP-251201140,PF3375D7,野田義武,,duplicate_episode_id
EP-251201140,PD98F55D,渡部恒三,,duplicate_episode_id
EP-251201140,P65E5830,扇千景,,duplicate_episode_id
EP-251201140,P2CD2275,神崎武法,,duplicate_episode_id
EP-251201140,P8636E7D,加藤六月,,duplicate_episode_id
EP-251201140,P4A98EB5,ベンジャミン・ネタニヤフ,,duplicate_episode_id
EP-251201140,P1556C12,ジョン・ボルトン,,duplicate_episode_id
EP-251201140,P38009C2,ホセ・ムヒカ,,duplicate_episode_id
EP-251201140,P854B6AD,ダグ・ハマーショルド,,duplicate_episode_id
EP-251201140,P0B2BD54,ドワイト・D・アイゼンハワー,,duplicate_episode_id
EP-251201140,PC35BE9A,マリーン・ル・ペン,,duplicate_episode_id
EP-251201140,P4636879,サラ・ペイリン,,duplicate_episode_id
EP-251201140,PB3E403E,オクタヴィア・ヒル,,duplicate_episode_id
EP-251201140,P6B02E1E,ラジブ・ガンディー,,duplicate_episode_id
EP-251201141,P473A727,赤松健,,duplicate_episode_id
EP-251201141,PB9ECF08,横山光昭,,duplicate_episode_id
EP-251201141,PD0E7C41,岡本倫,,duplicate_episode_id
EP-251201141,P4AA0BC8,ウィル・アイズナー,,duplicate_episode_id
EP-251201141,P3147696,ハーヴィー・ペカー,,duplicate_episode_id
EP-251201141,P5CD0C1D,アート・スピーゲルマン,,duplicate_episode_id
EP-251201141,P7E65AD9,ニール・ゲイマン,,duplicate_episode_id
EP-251201141,P761B3B6,麻宮騎亜,,duplicate_episode_id
EP-251201141,PB8CA7D8,士郎正宗,,duplicate_episode_id
EP-251201141,P84D3BE1,椎名高志,,duplicate_episode_id
EP-251201141,P034EDAE,久米田康治,,duplicate_episode_id
EP-251201141,PFBF2D03,田中宏,,duplicate_episode_id
EP-251201141,PD55641C,河下水希,,duplicate_episode_id
EP-251201141,PEBEAF82,能登麻美子,,duplicate_episode_id
EP-251201141,PA70EC02,ノッチ,,duplicate_episode_id
EP-251201141,P7E65AD9,ニール・ゲイマン,,duplicate_episode_id
EP-251201141,P46DA3BA,江口夏実,,duplicate_episode_id
EP-251201141,P8D2EC51,雨宮天,,duplicate_episode_id
EP-251201141,PF367E58,幾原邦彦,,duplicate_episode_id
EP-251201141,P5123C43,鶴岡陽太,,duplicate_episode_id
EP-251201141,P357F8CA,錦織博,,duplicate_episode_id
EP-251201141,P1F847B1,黄瀬和哉,,duplicate_episode_id
EP-251201141,P7DCFD65,石渡太輔,,duplicate_episode_id
EP-251201141,P0F2D101,ジム・ヘンソン,,duplicate_episode_id
EP-251201141,P7E65AD9,ニール・ゲイマン,,duplicate_episode_id
EP-251201142,PD57EE7C,阿部公房,,duplicate_episode_id
EP-251201142,P4936B64,稲垣足穂,,duplicate_episode_id
EP-251201142,P8F13FE8,俵万智,,duplicate_episode_id
EP-251201142,P286E4CC,山本文緒,,duplicate_episode_id
EP-251201142,PF15333B,黒井千次,,duplicate_episode_id
EP-251201142,PF3AF344,清岡卓行,,duplicate_episode_id
EP-251201142,P78870BB,マイヤ・プリセツカヤ,,duplicate_episode_id
EP-251201142,P8C8C7CA,エーコ,,duplicate_episode_id
EP-251201142,P7A52998,フラナリー・オコナー,,duplicate_episode_id
EP-251201142,P8144E21,レイモンド・カーヴァー,,duplicate_episode_id
EP-251201142,P9EC4F8F,ジョイス・キャロル・オーツ,,duplicate_episode_id
EP-251201142,P4A817F3,フィリップ・ロス,,duplicate_episode_id
EP-251201142,P6B20E13,ドン・デリーロ,,duplicate_episode_id
EP-251201142,PBB23345,ジョナサン・フランゼン,,duplicate_episode_id
EP-251201142,P4BC4F03,リタ・ダヴ,,duplicate_episode_id
EP-251201142,P760A131,ロラン・バルト,,duplicate_episode_id
EP-251201142,P75007C1,ジュリア・クリステヴァ,,duplicate_episode_id
EP-251201143,PDEB6624,笹野高史,,duplicate_episode_id
EP-251201143,PD248030,渡辺えり,,duplicate_episode_id
EP-251201143,P7022B27,桂枝雀,,duplicate_episode_id
EP-251201143,P9B000C8,奈良岡朋子,,duplicate_episode_id
EP-251201143,P345A8DF,大滝秀治,,duplicate_episode_id
EP-251201143,PDA3D6D5,加藤健一,,duplicate_episode_id
EP-251201143,P6B3A156,ジョン・カサヴェテス,,duplicate_episode_id
EP-251201143,PF51A6EA,シドニー・ポワチエ,,duplicate_episode_id
EP-251201143,PC149FEF,スペンサー・トレイシー,,duplicate_episode_id
EP-251201143,PE61719C,ヴィヴィアン・リー,,duplicate_episode_id
EP-251201143,P7CE3F26,イングリッド・バーグマン,,duplicate_episode_id
EP-251201143,P6691E10,ローレン・バコール,,duplicate_episode_id
EP-251201143,P6320E5B,リタ・ヘイワース,,duplicate_episode_id
EP-251201143,P81BF5D9,グレタ・ガルボ,,duplicate_episode_id
EP-251201143,P1095179,荻野目慶子,,duplicate_episode_id
EP-251201143,P1F3D707,真木よう子,,duplicate_episode_id
EP-251201143,P3E6976A,ホアキン・フェニックス,,duplicate_episode_id
EP-251201143,PBCA7B5D,ティルダ・スウィントン,,duplicate_episode_id
EP-251201143,PAE9D812,マイケル・シャノン,,duplicate_episode_id
EP-251201143,P28DDBA6,オスカー・アイザック,,duplicate_episode_id
EP-251201143,P52556B2,ルイス・ブニュエル,,duplicate_episode_id
EP-251201143,P70112ED,奥田瑛二,,duplicate_episode_id
EP-251201143,P28998B2,小林稔侍,,duplicate_episode_id
EP-251201143,PC149FEF,スペンサー・トレイシー,,duplicate_episode_id
EP-251201143,PE61719C,ヴィヴィアン・リー,,duplicate_episode_id
EP-251201143,P6320E5B,リタ・ヘイワース,,duplicate_episode_id
EP-251201143,P423560F,ジョン・ギールグッド,,duplicate_episode_id
EP-251201143,P5FCB435,ジョーン・クロフォード,,duplicate_episode_id
EP-251201143,P98E9891,バーバラ・スタンウィック,,duplicate_episode_id
EP-251201143,P9418F4D,ウィリアム・ホールデン,,duplicate_episode_id
EP-251201144,PE4FC696,古森重隆,,duplicate_episode_id
EP-251201144,PA732BBB,福原義春,,duplicate_episode_id
EP-251201144,P3549C55,丸田芳郎,,duplicate_episode_id
EP-251201144,PC1C1DC9,阿部俊則,,duplicate_episode_id
EP-251201144,PDF338E0,西井孝明,,duplicate_episode_id
EP-251201144,PF0E32D3,山田邦雄,,duplicate_episode_id
EP-251201144,P8ECC850,ディズニー,,duplicate_episode_id
EP-251201144,PB2A82C3,堤義明,,duplicate_episode_id
EP-251201144,PD6BC0D4,糸山英太郎,,duplicate_episode_id
EP-251201144,P07E4852,近江商人,,duplicate_episode_id
EP-251201144,P95E0B8F,土肥庄次郎,,duplicate_episode_id
EP-251201144,P61DAD53,井上馨,,duplicate_episode_id
EP-251201144,PCC94B2C,福澤桃介,,duplicate_episode_id
EP-251201144,P38439D8,バフェット,,duplicate_episode_id
EP-251201144,P2D4F6B5,ゲイツ,,duplicate_episode_id
EP-251201144,P87D7C40,マスク,,duplicate_episode_id
EP-251201144,P9D8F752,ザッカーバーグ,,duplicate_episode_id
EP-251201144,PCB224C9,ベゾス,,duplicate_episode_id
EP-251201144,PD86C850,ページ,,duplicate_episode_id
EP-251201144,P9842E27,ブリン,,duplicate_episode_id
EP-251201144,P837F5AB,クック,,duplicate_episode_id
EP-251201144,PE1433BC,ナデラ,,duplicate_episode_id
EP-251201144,PDFA6D83,ピチャイ,,duplicate_episode_id
EP-251201144,P760081E,ムスク,,duplicate_episode_id
EP-251201144,P2EF58CE,オプラ,,duplicate_episode_id
EP-251201144,P1AF5B7B,デル,,duplicate_episode_id
EP-251201145,P57A0FB4,中島裕翔,,duplicate_episode_id
EP-251201145,P1257C61,ジェシカ・アルバ,,duplicate_episode_id
EP-251201145,P3D61C62,松下洸平,,duplicate_episode_id
EP-251201145,P6920493,秋吉久美子,,duplicate_episode_id
EP-251201145,P5E3C507,賀来千香子,,duplicate_episode_id
EP-251201145,P3F21CCD,紺野美沙子,,duplicate_episode_id
EP-251201146,PB0B5265,高野文子,,duplicate_episode_id
EP-251201146,PAB0FE41,マヤ・アンジェロウ,,duplicate_episode_id
EP-251201146,PB580F49,狩野探幽,,duplicate_episode_id
EP-251201146,P95F2CE6,酒井抱一,,duplicate_episode_id
EP-251201146,PEB3386D,高浜虚子,,duplicate_episode_id
EP-251201146,P2225D15,小山内薫,,duplicate_episode_id
EP-251201146,PAAC72A8,池上秀畝,,duplicate_episode_id
EP-251201146,PD36745D,片山津白,,duplicate_episode_id
EP-251201146,P85B66D5,ヨハネス・ブラームス,,duplicate_episode_id
EP-251201146,PB203790,サミュエル・ベケット,,duplicate_episode_id
EP-251201146,PFF662D6,ルネ・マグリット,,duplicate_episode_id
EP-251201146,P308970B,バーナード・ショー,,duplicate_episode_id
EP-251201146,P5951172,今井美樹,,duplicate_episode_id
EP-251201146,P4C95033,杉村春子,,duplicate_episode_id
EP-251201146,P99F8B3B,淡島千景,,duplicate_episode_id
EP-251201146,PAD18820,乙羽信子,,duplicate_episode_id
EP-251201146,PC34C8DD,岡本茜,,duplicate_episode_id
EP-251201146,P3843A77,田辺茂一,,duplicate_episode_id
EP-251201146,PA4EDCA3,宮本三郎,,duplicate_episode_id
EP-251201146,PF6CA1E8,杉田二郎,,duplicate_episode_id
EP-251201146,P2BE74CC,古田足日,,duplicate_episode_id
EP-251201146,PE5E54B4,千田正穂,,duplicate_episode_id
EP-251201146,P39E47CE,谷内六郎,,duplicate_episode_id
EP-251201146,PDB9C688,五島美代子,,duplicate_episode_id
EP-251201146,P950658F,出光佐三,,duplicate_episode_id
EP-251201146,P73B2F02,永竹由幸,,duplicate_episode_id
EP-251201146,PE8F4B11,林芙美子,,duplicate_episode_id
EP-251201146,P3B4BAB9,柴田錬三郎,,duplicate_episode_id
EP-251201146,PE4C8AFE,十文字美信,,duplicate_episode_id
EP-251201146,PEB13164,富岡鉄斎,,duplicate_episode_id
EP-251201147,P8F230AD,上田馬之助,,duplicate_episode_id
EP-251201147,P0AC7122,清水エスパルス,,duplicate_episode_id
EP-251201147,P17302CB,星稜高校,,duplicate_episode_id
EP-251201147,P8879AFD,湘南ベルマーレ,,duplicate_episode_id
EP-251201147,P46238A6,東海大学相模,,duplicate_episode_id
EP-251201147,P18919F1,高田延彦,,duplicate_episode_id
EP-251201147,PA547D9B,佐竹雅昭,,duplicate_episode_id
EP-251201147,PD91A781,山本KID徳郁,,duplicate_episode_id
EP-251201147,P121C111,高山善廣,,duplicate_episode_id
EP-251201147,P993CD95,蝶野正洋,,duplicate_episode_id
EP-251201147,P94CD089,永田裕志,,duplicate_episode_id
EP-251201147,PA33319C,ロイ・ジョーンズ・ジュニア,,duplicate_episode_id
EP-251201147,P0A86025,オスカー・デ・ラ・ホーヤ,,duplicate_episode_id
EP-251201147,P5D6C305,シェーン・モズリー,,duplicate_episode_id
EP-251201147,PD90E09C,ベルナルド・ホプキンス,,duplicate_episode_id
EP-251201147,P62D299B,フェリックス・トリニダード,,duplicate_episode_id
EP-251201147,PD3FDA84,リカルド・マヨルガ,,duplicate_episode_id
EP-251201147,P2E004CE,アルトゥーロ・ガッティ,,duplicate_episode_id
EP-251201147,P3723393,ミゲル・コット,,duplicate_episode_id
EP-251201147,PB470CEC,アントニオ・マルガリート,,duplicate_episode_id
EP-251201148,PF1E1C45,アーティ・ショー,,duplicate_episode_id
EP-251201148,PE64FC62,バリー・マニロウ,,duplicate_episode_id
EP-251201148,P7F05957,スーパーフライ,,duplicate_episode_id
EP-251201148,P6B6970A,メイ・ジェイ,,duplicate_episode_id
EP-251201148,P4BB5938,アン・ルイス,,duplicate_episode_id
EP-251201148,P9E7CDCF,チューリップ・心の旅,,duplicate_episode_id
EP-251201148,PD8D4158,ザ・ローリング・ストーンズ,,duplicate_episode_id
EP-251201148,P0190DD6,アバ,,duplicate_episode_id
EP-251201148,P9F92CB2,伊藤蘭,,duplicate_episode_id
EP-251201148,PF14E049,太田裕美,,duplicate_episode_id
EP-251201148,P115F76F,岩崎良美,,duplicate_episode_id
EP-251201148,PFF4E2DC,ニュース,,duplicate_episode_id
EP-251201148,PF18CAF4,関ジャニ∞,,duplicate_episode_id
EP-251201148,P3951162,Kis-My-Ft2,,duplicate_episode_id
EP-251201148,P39C45D1,ジャニー喜多川,,duplicate_episode_id
EP-251201148,P0D8DF43,飯島真理,,duplicate_episode_id
EP-251201148,P14BCDB8,柏原芳恵,,duplicate_episode_id
EP-251201148,PA28DFD5,前川清,,duplicate_episode_id
EP-251201148,P582A1C2,ニール・ダイアモンド,,duplicate_episode_id
EP-251201148,PDEC8369,ジョニー・マティス,,duplicate_episode_id
EP-251201148,P9A81F0C,ジェームス・テイラー,,duplicate_episode_id
EP-251201148,PE64FC62,バリー・マニロウ,,duplicate_episode_id
EP-251201148,P9EE18EF,ケニー・ロジャース,,duplicate_episode_id
EP-251201148,P09035E1,ドナ・サマー,,duplicate_episode_id
EP-251201148,P517C125,グロリア・ゲイナー,,duplicate_episode_id
EP-251201148,P0190DD6,アバ,,duplicate_episode_id
EP-251201148,P7653A98,シャデー,,duplicate_episode_id
EP-251201148,PD5F4E14,ランディ・クロフォード,,duplicate_episode_id
EP-251201148,P0E3EBBF,アニタ・ベイカー,,duplicate_episode_id
EP-251201148,PEB543AE,惣領智子,,duplicate_episode_id
EP-251201149,PF773EB3,湯島聖堂,,duplicate_episode_id
EP-251201149,PC8FACFD,チャールズ・メンデル,,duplicate_episode_id
EP-251201149,P8ACC953,ジェームズ・メンデルソン,,duplicate_episode_id
EP-251201149,PDAFAC58,グレッグ・メンデル,,duplicate_episode_id
EP-251201149,P131B982,スキナー,,duplicate_episode_id
EP-251201149,P76A1E86,ピアジェ,,duplicate_episode_id
EP-251201149,P9E25451,ヴィゴツキー,,duplicate_episode_id
EP-251201149,PAA5189A,エリクソン,,duplicate_episode_id
EP-251201149,P2A18ED4,モンテッソーリ,,duplicate_episode_id
EP-251201149,PABAAC89,デューイ,,duplicate_episode_id
EP-251201149,PDC05A76,ブルーナー,,duplicate_episode_id
EP-251201149,P303E0A3,ガードナー,,duplicate_episode_id
EP-251201149,PF338CBC,ピンカー,,duplicate_episode_id
EP-251201149,P6BA3CB3,竹田美文,,duplicate_episode_id
EP-251201149,P2CE51BE,土井隆雄,,duplicate_episode_id
EP-251201149,PA5DB7DC,マリー・アントワネット・ラヴォアジエ,,duplicate_episode_id
EP-251201149,P01D924B,ゲオルク・オーム,,duplicate_episode_id
EP-251201149,P14948FB,ロバート・ボイル,,duplicate_episode_id
EP-251201149,P45428FA,ガスパール・モンジュ,,duplicate_episode_id
EP-251201149,P97D5093,ピエール・ド・フェルマー,,duplicate_episode_id
EP-251201149,P2379608,ベルナルド・リーマン,,duplicate_episode_id
EP-251201149,PF2008C1,ジョン・ノイマン,,duplicate_episode_id
EP-251201150,PB1277E1,ヴィルヘルム・レントゲン,,duplicate_episode_id
EP-251201150,PFC6BED1,コンラッド・ローレンツ,,duplicate_episode_id
EP-251201150,P2E46723,フリッツ・ライバー,,duplicate_episode_id
EP-251201150,P5B38D22,ヨハン・ケプラー,,duplicate_episode_id
EP-251201150,PDE413DA,ヘルマン・ホレリス,,duplicate_episode_id
EP-251201150,PBC85A4B,ルドルフ・ディーゼル,,duplicate_episode_id
EP-251201150,P5580115,ヨハネス・ファン・デル・ワールス,,duplicate_episode_id
EP-251201150,P43C052B,ポール・ディラック,,duplicate_episode_id
EP-251201150,P5B38D22,ヨハン・ケプラー,,duplicate_episode_id
EP-251201150,P947E727,アンドリアス・ヴェサリウス,,duplicate_episode_id
EP-251201150,PFA32603,ウィリアム・ハーベイ,,duplicate_episode_id
EP-251201150,PBFDD35E,エドモンド・ハレー,,duplicate_episode_id
EP-251201150,P52BF511,ベルンハルト・リーマン,,duplicate_episode_id
EP-251201150,P1138529,ジョージ・ブール,,duplicate_episode_id
EP-251201150,P8711F17,チャールズ・プロテウス・スタインメッツ,,duplicate_episode_id
EP-251201150,P25678E9,オリヴァー・ヘヴィサイド,,duplicate_episode_id
EP-251201150,P3516A64,グリエルモ・マルコーニ,,duplicate_episode_id
EP-251201150,PB1277E1,ヴィルヘルム・レントゲン,,duplicate_episode_id
EP-251201150,P9CC4D67,関口忠雄,,duplicate_episode_id
EP-251201150,P1FE85AF,久米是志,,duplicate_episode_id
EP-251201150,P59ABA37,三宅久之,,duplicate_episode_id
EP-251201150,PE810847,石川島播磨重工創業者,,duplicate_episode_id
EP-251201150,P3E38513,永島敏行,,duplicate_episode_id
EP-251201150,P408B7F2,コペルニクス,,duplicate_episode_id
EP-251201150,P5C5E7F9,ロベルト・コッホ,,duplicate_episode_id
EP-251201150,PF05F443,メンデル,,duplicate_episode_id
EP-251201150,P06A3EE,ライト兄弟,,duplicate_episode_id
EP-251201150,P81650A6,マルコーニ,,duplicate_episode_id
EP-251201150,PAB61EBD,キュリー,,duplicate_episode_id
EP-251201150,PFDC0BC9,フレミング,,duplicate_episode_id
EP-251201151,P6859388,宮沢喜一,,duplicate_episode_id
EP-251201151,P17CF5AD,猪木正道,,duplicate_episode_id
EP-251201151,P60DE6E1,大宅映子,,duplicate_episode_id
EP-251201151,PEE7EE17,レフ・ワウェンサ,,duplicate_episode_id
EP-251201151,PEBD8496,ボリス・エリツィン,,duplicate_episode_id
EP-251201151,PB8250FB,アナ・ヴィンター,,duplicate_episode_id
EP-251201151,PC8A9425,江藤淳,,duplicate_episode_id
EP-251201151,P08DB69B,石田雄,,duplicate_episode_id
EP-251201151,P704516D,田中康雄,,duplicate_episode_id
EP-251201151,P4954ED3,寺脇研,,duplicate_episode_id
EP-251201151,P4BA3594,孫崎享,,duplicate_episode_id
EP-251201151,P9869AD4,鈴木邦男,,duplicate_episode_id
EP-251201151,P0B314B6,佐藤信淵,,duplicate_episode_id
EP-251201151,PB252E51,頼山陽,,duplicate_episode_id
EP-251201151,PC5E2B07,河上肇,,duplicate_episode_id
EP-251201151,P52690D0,大杉栄,,duplicate_episode_id
EP-251201151,P23F89E2,堺利彦,,duplicate_episode_id
EP-251201151,P21EB98F,尾崎行雄,,duplicate_episode_id
EP-251201151,P3BBBB16,斎藤隆夫,,duplicate_episode_id
EP-251201151,PF884924,南原繁,,duplicate_episode_id
EP-251201151,P391FDF1,森戸辰男,,duplicate_episode_id
EP-251201151,P1F842F1,トーマス・ホッブズ,,duplicate_episode_id
EP-251201151,PAFBB13C,アレクサンダー・ハミルトン,,duplicate_episode_id
EP-251201151,PE304612,トーマス・ペイン,,duplicate_episode_id
EP-251201151,PD3171DB,サミュエル・アダムズ,,duplicate_episode_id
EP-251201151,P3036B34,パトリック・ヘンリー,,duplicate_episode_id
EP-251201151,PBF55C83,ダニエル・ウェブスター,,duplicate_episode_id
EP-251201151,P9C0420F,ヘンリー・クレイ,,duplicate_episode_id
EP-251201151,P08D4002,ジョン・カルフーン,,duplicate_episode_id
EP-251201152,P300E534,小倉智昭,,duplicate_episode_id
EP-251201152,P8C6BA32,ゴードン・ラムゼイ,,duplicate_episode_id
EP-251201152,P9C327A1,サイモン・コーウェル,,duplicate_episode_id
EP-251201152,P267FDAD,ジミー・キンメル,,duplicate_episode_id
EP-251201152,PBABB1D7,スティーブン・コルベア,,duplicate_episode_id
EP-251201152,P217D61F,吉本新喜劇・すっちー,,duplicate_episode_id
EP-251201152,P7023037,談春,,duplicate_episode_id
EP-251201152,PBC21F6E,森田美由紀,,duplicate_episode_id
EP-251201152,P540FB60,エリザベス・オルセン,,duplicate_episode_id
EP-251201152,PBB64524,ポール・ダノ,,duplicate_episode_id
EP-251201152,P7775086,伊東美咲,,duplicate_episode_id
EP-251201152,P462276E,もこみち,,duplicate_episode_id
EP-251201152,PC8FC52F,飯島直子,,duplicate_episode_id
EP-251201152,P614922F,和久井映見,,duplicate_episode_id
EP-251201152,PCA9EF37,クリスティーナ・アギレラ,,duplicate_episode_id
EP-251201153,P18B9531,ディーン・フジオカ,,duplicate_episode_id
EP-251201153,PFB08CF8,ルピタ・ニョンゴ,,duplicate_episode_id
EP-251201153,P8B4D862,ライアン・アダムス,,duplicate_episode_id
EP-251201153,P52C9D5D,宮沢氷魚,,duplicate_episode_id
EP-251201153,P41F69FD,ウィル・フェレル,,duplicate_episode_id
EP-251201153,PCED6BCC,ジャック・ブラック,,duplicate_episode_id
EP-251201153,P4F734E9,桐谷健太,,duplicate_episode_id
EP-251201153,PBEE374B,本郷奏多,,duplicate_episode_id
EP-251201153,P7A4ADC6,トム・クルーズ,,duplicate_episode_id
EP-251201153,PB85F50A,ブリー・ラーソン,,duplicate_episode_id
EP-251201153,P2D9DC09,ティモシー・シャラメ,,duplicate_episode_id
EP-251201153,P9556AF6,フローレンス・ピュー,,duplicate_episode_id
EP-251201153,P3EDF7AA,マイケル・B・ジョーダン,,duplicate_episode_id
EP-251201153,P79C3253,アダム・ドライバー,,duplicate_episode_id
EP-251201154,P743E6AA,阿部兄妹,,duplicate_episode_id
EP-251201154,P50E454D,ヴィルヒル・ファン・ダイク,,duplicate_episode_id
EP-251201154,PBEC22EB,モハメド・サラー,,duplicate_episode_id
EP-251201154,P1AAD9F3,ジェイソン・テイタム,,duplicate_episode_id
EP-251201154,P68C5C3D,シドニー・マクラフリン,,duplicate_episode_id
EP-251201154,PE9F3E7A,アルマンド・デュプランティス,,duplicate_episode_id
EP-251201154,P13E2EB8,ライアン・クラウザー,,duplicate_episode_id
EP-251201154,PD306A69,ドン・ブラドマン,,duplicate_episode_id
EP-251201154,P8C404FD,アレクサンダー・オベチキン,,duplicate_episode_id
EP-251201154,PFBE1480,ケイト・スミス,,duplicate_episode_id
EP-251201154,PEAB206F,ハビエル・フェルナンデス,,duplicate_episode_id
EP-251201154,PE5173A5,エライジャ・ムーア,,duplicate_episode_id
EP-251201154,P5FB1918,岩渕真奈,,duplicate_episode_id
EP-251201154,P5D10BEE,横田真人,,duplicate_episode_id
EP-251201154,P36B0357,田中雄士,,duplicate_episode_id
EP-251201154,P7564CB6,佐藤駿,,duplicate_episode_id
EP-251201154,PCF2E657,高橋侑希,,duplicate_episode_id
EP-251201154,P60E4E94,セレナ・ゴメス,,duplicate_episode_id
EP-251201154,PCC53B1D,ディディエ・ドログバ,,duplicate_episode_id
EP-251201154,PF6918E2,パトリス・エヴラ,,duplicate_episode_id
EP-251201154,P6F0BAD3,村上佳菜子,,duplicate_episode_id
EP-251201154,P5B4EB7B,青木真也,,duplicate_episode_id
EP-251201154,P8862FF6,河村勇輝,,duplicate_episode_id
EP-251201154,PE23F585,樋口黎,,duplicate_episode_id
EP-251201154,PD918CB5,ジョン・ラーム,,duplicate_episode_id
EP-251201154,P5F9B4B7,パオロ・ディバラ,,duplicate_episode_id
EP-251201154,PE76D8B5,ルイス・スアレス,,duplicate_episode_id
EP-251201154,P41B1FDA,前田大然,,duplicate_episode_id
EP-251201154,PE888F74,田中大貴,,duplicate_episode_id
EP-251201154,P532E6F7,林恵子,,duplicate_episode_id
EP-251201155,PFDEDFF7,吉本興業,,duplicate_episode_id
EP-251201155,PF4E4B7E,つんく,,duplicate_episode_id
EP-251201155,PCB7420C,飯田圭織,,duplicate_episode_id
EP-251201155,P64C3252,渡辺麻友,,duplicate_episode_id
EP-251201155,PACBDBC5,マーティン・フリーマン,,duplicate_episode_id
EP-251201155,P98389A4,香里奈,,duplicate_episode_id
EP-251201155,PEC301BA,宮﨑あおい,,duplicate_episode_id
EP-251201155,PFE3731E,チャン・ツィイー,,duplicate_episode_id
EP-251201155,P9518E13,ダニエル・ラドクリフ,,duplicate_episode_id
EP-251201155,P83DC4C5,岸本加世子,,duplicate_episode_id
EP-251201155,P7F26787,マシュー・マコノヒー,,duplicate_episode_id
EP-251201155,P91142C0,古手川祐子,,duplicate_episode_id
EP-251201155,PF5DC05A,片瀬那奈,,duplicate_episode_id
EP-251201155,P7CB93FD,浅野ゆう子,,duplicate_episode_id
EP-251201155,P1257C61,ジェシカ・アルバ,,duplicate_episode_id
EP-251201155,P5C96CE1,ポール・ウォーカー,,duplicate_episode_id
EP-251201155,P262A9CE,ジェイク・ジレンホール,,duplicate_episode_id
EP-251201155,P037C07F,マイケル・ファスベンダー,,duplicate_episode_id
EP-251201155,PD89451A,ジョセフ・ゴードン＝レヴィット,,duplicate_episode_id
EP-251201155,P8C70AF1,カート・ラッセル,,duplicate_episode_id
EP-251201156,P642FD1C,山内一豊,,duplicate_episode_id
EP-251201156,P20EEC3C,岩崎弥次郎,,duplicate_episode_id
EP-251201156,P977C6EF,豊田利三郎,,duplicate_episode_id
EP-251201156,PD6A23A9,安田善助,,duplicate_episode_id
EP-251201156,P03F176A,大倉喜彦,,duplicate_episode_id
EP-251201156,P4FD2F46,住友友房,,duplicate_episode_id
EP-251201156,PFBE94A8,古河市太郎,,duplicate_episode_id
EP-251201156,PEA44816,浅野総次郎,,duplicate_episode_id
EP-251201156,P6884DD2,川崎正六,,duplicate_episode_id
EP-251201156,P98DED2E,鹿島岩蔵,,duplicate_episode_id
EP-251201156,P991CDB0,清水満之助,,duplicate_episode_id
EP-251201156,P55FE0BD,竹中藤吉,,duplicate_episode_id
EP-251201156,PFF8041D,大林芳五郎,,duplicate_episode_id
EP-251201156,P0492139,ジョン・ワナメーカー,,duplicate_episode_id
EP-251201156,P0AB82CF,セザール・リッツ,,duplicate_episode_id
EP-251201156,P2D0DF51,ハーランド・サンダース,,duplicate_episode_id
EP-251201156,P85F52CC,デーブ・トーマス,,duplicate_episode_id
EP-251201156,PCA81C8D,ジェームズ・キャッシュ・ペニー,,duplicate_episode_id
EP-251201156,P1128B8F,フランク・ウールワース,,duplicate_episode_id
EP-251201156,P33D2212,セバスティアン・クレゾット,,duplicate_episode_id
EP-251201156,P7AD7578,ベルナルド・アルノルト,,duplicate_episode_id
EP-251201156,PBC8977A,リカルド・ガダルーペ,,duplicate_episode_id
EP-251201156,PD0FB1C5,パトリック・トーマス,,duplicate_episode_id
EP-251201157,P3C04726,上杉鷹山,,duplicate_episode_id
EP-251201157,PF03D3CE,植木枝盛,,duplicate_episode_id
EP-251201157,P19E01E4,ベニト・ムッソリーニ,,duplicate_episode_id
EP-251201157,P0381798,フランクリン・デラノ・ルーズベルト,,duplicate_episode_id
EP-251201157,P533782A,聖武天皇,,duplicate_episode_id
EP-251201157,PDAF75F5,北条時頼,,duplicate_episode_id
EP-251201157,P34CC59A,二宮金次郎,,duplicate_episode_id
EP-251201157,PC95A729,カント,,duplicate_episode_id
EP-251201157,P8FD12F8,ヘーゲル,,duplicate_episode_id
EP-251201157,PE7A1C7A,山本五十六,,duplicate_episode_id
EP-251201157,PBB38B4A,徳川家定,,duplicate_episode_id
EP-251201157,P52FC4D8,北条義時,,duplicate_episode_id
EP-251201157,P70BAF93,フランクリン・D・ルーズベルト,,duplicate_episode_id
EP-251201157,P9B0F047,斎藤道三,,duplicate_episode_id
EP-251201157,PACCBCDD,藤原不比等,,duplicate_episode_id
EP-251201157,P8CD210A,徳川家治,,duplicate_episode_id
EP-251201157,P457629D,源義朝,,duplicate_episode_id
EP-251201157,PF74C620,後鳥羽上皇,,duplicate_episode_id
EP-251201157,PADB53AA,北条泰時,,duplicate_episode_id
EP-251201157,PBF9B87D,蓮如,,duplicate_episode_id
EP-251201157,PECBCC24,運慶,,duplicate_episode_id
EP-251201158,P86EF3D3,岸田劉生,,duplicate_episode_id
EP-251201158,P6C0FAFE,レンブラント・ファン・レイン,,duplicate_episode_id
EP-251201158,PE47F313,川合玉堂,,duplicate_episode_id
EP-251201158,P14EECE4,上村松篁,,duplicate_episode_id
EP-251201158,P4AD484F,小山敬三,,duplicate_episode_id
EP-251201158,P670986B,中川一政,,duplicate_episode_id
EP-251201158,P7B6C392,三岸節子,,duplicate_episode_id
EP-251201158,P6EC69A9,インゲマール・ベルイマン,,duplicate_episode_id
EP-251201158,P54E9735,ジャン・リュック・ゴダール,,duplicate_episode_id
EP-251201158,P85BE897,葛西薫,,duplicate_episode_id
EP-251201158,P88E5186,森本千絵,,duplicate_episode_id
EP-251201158,PBF1C063,野宮真貴,,duplicate_episode_id
EP-251201158,PDC93880,アルフォンス・ミュシャ,,duplicate_episode_id
EP-251201158,P5160C04,アンナ・ウィンター,,duplicate_episode_id
EP-251201158,PC793E45,ジャン＝ミシェル・ジャール,,duplicate_episode_id
EP-251201158,PC801085,ウォルフガング・ティルマンス,,duplicate_episode_id
EP-251201158,PFFAE0BA,マリオ・テスティーノ,,duplicate_episode_id
EP-251201158,PE47F313,川合玉堂,,duplicate_episode_id
EP-251201158,PF9EC944,村田珠光,,duplicate_episode_id
EP-251201158,PCF5D9BF,ヨハン・セバスティアン・バッハ,,duplicate_episode_id
EP-251201158,P5168246,ヘルマン・ヘッセ,,duplicate_episode_id
EP-251201158,PC6AD881,ジェームズ・ジョイス,,duplicate_episode_id
EP-251201158,P46036A3,ジャン＝ポール・サルトル,,duplicate_episode_id
EP-251201159,P398003B,円地文子,,duplicate_episode_id
EP-251201159,P9053D90,檀一雄,,duplicate_episode_id
EP-251201159,PAA5BB03,尾崎一雄,,duplicate_episode_id
EP-251201159,P65B62B0,幸田文,,duplicate_episode_id
EP-251201159,P409AC83,海音寺潮五郎,,duplicate_episode_id
EP-251201159,PEBEFDDA,隆慶一郎,,duplicate_episode_id
EP-251201159,P7FA7746,佐木隆三,,duplicate_episode_id
EP-251201159,P177EE76,佐々木譲,,duplicate_episode_id
EP-251201159,PBC48C63,船戸与一,,duplicate_episode_id
EP-251201159,PFC16B4D,エドガー・ライス・バローズ,,duplicate_episode_id
EP-251201159,P79AB817,アーシュラ・K・ル＝グウィン,,duplicate_episode_id
EP-251201159,PB190F89,アイザック・バシェヴィス・シンガー,,duplicate_episode_id
EP-251201159,PD5F0DCF,ソール・ベロー,,duplicate_episode_id
EP-251201159,PE7EE269,ジョゼフ・コンラッド,,duplicate_episode_id
EP-251201159,PF5AA045,D・H・ロレンス,,duplicate_episode_id
EP-251201159,P1BD295E,イーヴリン・ウォー,,duplicate_episode_id
EP-251201159,P160894E,グレアム・グリーン,,duplicate_episode_id
EP-251201159,P2102BC0,W・サマセット・モーム,,duplicate_episode_id
EP-251201159,P63F32D4,John le Carré,,duplicate_episode_id
EP-251201160,P30936DC,プラシド・ドミンゴ,,duplicate_episode_id
EP-251201160,P39EB6A7,山本譲二,,duplicate_episode_id
EP-251201160,P45AC126,三橋美智也,,duplicate_episode_id
EP-251201160,PF8B45E6,村田英雄,,duplicate_episode_id
EP-251201160,P4E10EA1,キングス・オブ・レオン,,duplicate_episode_id
EP-251201160,PF2FB970,リッキー・マーティン,,duplicate_episode_id
EP-251201160,P5C38793,アーロン・ネヴィル,,duplicate_episode_id
EP-251201160,P59B805B,織田哲郎,,duplicate_episode_id
EP-251201160,P788EE62,ロバータ・フラック,,duplicate_episode_id
EP-251201160,P8B5B15A,鈴木勲,,duplicate_episode_id
EP-251201160,P77F3A34,カーペンターズのカレン・カーペンター,,duplicate_episode_id
EP-251201160,PFAB28B1,ルーファス・ウェインライト,,duplicate_episode_id
EP-251201160,P1545009,アンドレ・プレヴィン,,duplicate_episode_id
EP-251201160,PEEC87D9,大橋純子,,duplicate_episode_id
EP-251201160,P2BA29EA,シール,,duplicate_episode_id
EP-251201160,P007BC49,長岡健,,duplicate_episode_id
EP-251201160,PD1C524D,葛城ユキ,,duplicate_episode_id
EP-251201160,P6519362,グレース・ジョーンズ,,duplicate_episode_id
EP-251201160,PE5605A9,浜田麻里,,duplicate_episode_id
EP-251201160,PA82AB83,松田美緒,,duplicate_episode_id
EP-251201160,P55F7916,フィル・スペクター,,duplicate_episode_id
EP-251201160,P5DA1664,ジョニー・ミッチェル,,duplicate_episode_id
EP-251201160,P2F1C491,クリス・レア,,duplicate_episode_id
EP-251201160,P4B47114,原田真二,,duplicate_episode_id
EP-251201161,PF5DF14E,高峰秀樹,,duplicate_episode_id
EP-251201161,P226D353,竹内英二,,duplicate_episode_id
EP-251201161,PA7F6FCB,中嶋信,,duplicate_episode_id
EP-251201161,P32C3CF3,浅間一,,duplicate_episode_id
EP-251201161,P3B2979D,大場義晴,,duplicate_episode_id
EP-251201161,P7A1C910,橋本周司,,duplicate_episode_id
EP-251201161,PEB63DD2,西村俊彦,,duplicate_episode_id
EP-251201161,P6E777B2,森田明弘,,duplicate_episode_id
EP-251201161,PC28EC3A,田村善之,,duplicate_episode_id
EP-251201161,PEC081F8,佐々木清,,duplicate_episode_id
EP-251201161,PEB51859,岡田朋子,,duplicate_episode_id
EP-251201161,P99A94F9,藤原毅夫,,duplicate_episode_id
EP-251201161,P0132E55,山田康正,,duplicate_episode_id
EP-251201161,P093F862,鈴木信彦,,duplicate_episode_id
EP-251201161,P28544E3,石川正俊,,duplicate_episode_id
EP-251201161,P6539DFC,マイケル・ジョンソン,,duplicate_episode_id
EP-251201161,P35EAC3E,デビッド・トンプソン,,duplicate_episode_id
EP-251201161,P46F3BBC,サラ・ウィルソン,,duplicate_episode_id
EP-251201161,PBD4A345,ロバート・デイビス,,duplicate_episode_id
EP-251201161,PDFCB32F,アマンダ・クラーク,,duplicate_episode_id
EP-251201161,P7CA3E02,ジェームス・ミラー,,duplicate_episode_id
EP-251201161,P0B963CF,リサ・アンダーソン,,duplicate_episode_id
EP-251201161,P49E0960,マーク・ブラウン,,duplicate_episode_id
EP-251201161,P3B3EEC8,エミリー・ガルシア,,duplicate_episode_id
EP-251201161,P860DD8A,トーマス・ホワイト,,duplicate_episode_id
EP-251201161,P1339895,ジェシカ・テイラー,,duplicate_episode_id
EP-251201161,PA3BF85A,クリストファー・リー,,duplicate_episode_id
EP-251201161,P9BD2747,ミシェル・マーティン,,duplicate_episode_id
EP-251201161,P27DC95B,ダニエル・ロドリゲス,,duplicate_episode_id
EP-251201162,PDB8D23D,稲垣啓太,,duplicate_episode_id
EP-251201162,PA16019E,富樫勇樹,,duplicate_episode_id
EP-251201162,P478A0FC,比江島慎,,duplicate_episode_id
EP-251201162,P7B722F8,ファビアン・カンチェラーラ,,duplicate_episode_id
EP-251201162,P5CCE992,マルク・マルケス,,duplicate_episode_id
EP-251201162,PB558DD8,アーロン・ジャッジ,,duplicate_episode_id
EP-251201162,P6A71788,ジョシュ・アレン,,duplicate_episode_id
EP-251201162,P8C41A98,ジョエル・エンビード,,duplicate_episode_id
EP-251201162,P6196447,ライアン・クルーザー,,duplicate_episode_id
EP-251201162,PF39A3E1,シドニー・マクラフリン＝レベロン,,duplicate_episode_id
EP-251201162,P3255AF4,ケイレブ・ドレッセル,,duplicate_episode_id
EP-251201162,P87EC325,ケイティー・レデッキー,,duplicate_episode_id
EP-251201162,P2D5D145,ライアン・ロクテ,,duplicate_episode_id
EP-251201162,P720B2E4,カイラ・ハリソン,,duplicate_episode_id
EP-251201162,P8FA6A08,ジョーダン・バロウズ,,duplicate_episode_id
EP-251201162,PE591EF2,グレゴル・シュレーゲル,,duplicate_episode_id
EP-251201162,P8D96B4E,ミケル・シフリン,,duplicate_episode_id
EP-251201162,PA3D559E,ブルックス・ケプカ,,duplicate_episode_id
EP-251201163,P9D4845E,ユーゴ,,duplicate_episode_id
EP-251201163,P37D3A51,理化学研究所,,duplicate_episode_id
EP-251201163,P3BBBB40,池田晶子,,duplicate_episode_id
EP-251201163,PAA302CF,神田昌典,,duplicate_episode_id
EP-251201163,P8DFA541,ワトソン,,duplicate_episode_id
EP-251201163,P7C23172,クリック,,duplicate_episode_id
EP-251201163,P83E5A51,ジョン・ナッシュ,,duplicate_episode_id
EP-251201163,PF3B55C1,スティーブン・ウルフラム,,duplicate_episode_id
EP-251201163,P1D9DD9A,スティーブン・ワインバーグ,,duplicate_episode_id
EP-251201163,P012187D,マレー・ゲルマン,,duplicate_episode_id
EP-251201163,PF113264,リチャード・ドーキンス,,duplicate_episode_id
EP-251201163,P0E15D1D,鴨長明,,duplicate_episode_id
EP-251201163,P49843D0,谷口正康,,duplicate_episode_id
EP-251201163,P37122AD,ニールス・ボーア,,duplicate_episode_id
EP-251201163,P43C052B,ポール・ディラック,,duplicate_episode_id
EP-251201163,PA6C915E,エンリコ・フェルミ,,duplicate_episode_id
EP-251201163,PF4779F7,ロバート・オッペンハイマー,,duplicate_episode_id
EP-251201163,P9CDA66D,ティコ・ブラーエ,,duplicate_episode_id
EP-251201163,P3D46802,ウィリアム・ハーヴェイ,,duplicate_episode_id
EP-251201163,P54C244C,ジョン・ドルトン,,duplicate_episode_id
EP-251201163,PACF45BC,トーマス・クーン,,duplicate_episode_id
EP-251201163,PB90D214,Claude Lévi-Strauss,,duplicate_episode_id
EP-251201163,PF32E605,フランツ・ボアズ,,duplicate_episode_id
EP-251201163,PCE2E5E8,Bronisław Malinowski,,duplicate_episode_id
EP-251201163,P482796D,エドワード・タイラー,,duplicate_episode_id
EP-251201164,PC6CE45D,ディズニー・ウォルト,,duplicate_episode_id
EP-251201164,PEAD2B7B,黒沢明,,duplicate_episode_id
EP-251201164,PAAB4C68,中居正広,,duplicate_episode_id
EP-251201164,P32B3758,能年玲奈,,duplicate_episode_id
EP-251201164,P7343D5F,井森美幸,,duplicate_episode_id
EP-251201164,P7B5881C,オール阪神,,duplicate_episode_id
EP-251201164,P421DFBF,亀梨和也,,duplicate_episode_id
EP-251201164,P2BFB792,堀越のり,,duplicate_episode_id
EP-251201164,P9AE8D4B,みうらじゅん,,duplicate_episode_id
EP-251201164,P327C68B,ガクト,,duplicate_episode_id
EP-251201164,P6D1F7B3,ゲイリー・クーパー,,duplicate_episode_id
EP-251201164,P991E137,ジンジャー・ロジャース,,duplicate_episode_id
EP-251201164,P0D50E34,ディーン・マーティン,,duplicate_episode_id
EP-251201164,P8046DA8,サミー・デイビス・Jr,,duplicate_episode_id
EP-251201164,P114CE34,ローレル&ハーディ,,duplicate_episode_id
EP-251201164,PCC11E26,グルーチョ・マルクス,,duplicate_episode_id
EP-251201164,PCE2DB62,川島なお美,,duplicate_episode_id
EP-251201164,P92A61C8,とんねるず石橋,,duplicate_episode_id
EP-251201165,P2D9DC09,ティモシー・シャラメ,,duplicate_episode_id
EP-251201165,P7962B65,斎藤美奈子,,duplicate_episode_id
EP-251201165,P6D1F7B3,ゲイリー・クーパー,,duplicate_episode_id
EP-251201165,P97DD4FE,チャールトン・ヘストン,,duplicate_episode_id
EP-251201165,P8DBCEE1,ジュリー・アンドリュース,,duplicate_episode_id
EP-251201165,PF857BAB,バーブラ・ストライサンド,,duplicate_episode_id
EP-251201165,PA71B7DB,ライザ・ミネリ,,duplicate_episode_id
EP-251201165,PA56C028,藤山直美,,duplicate_episode_id
EP-251201165,P1B6A38B,岸田國士,,duplicate_episode_id
EP-251201165,PF32D761,木村伊兵衛,,duplicate_episode_id
EP-251201165,P7B64ECF,秋山黄色,,duplicate_episode_id
EP-251201165,PC9D42C4,永井愛,,duplicate_episode_id
EP-251201165,PCCEBD2C,シシリー・タイソン,,duplicate_episode_id
EP-251201165,P3FAEE9C,ジェームズ・アール・ジョーンズ,,duplicate_episode_id
EP-251201165,P277F102,ジェシカ・ラング,,duplicate_episode_id
EP-251201165,PCC62F8F,ジョン・リスゴー,,duplicate_episode_id
EP-251201165,P4FFC8E7,イアン・ホルム,,duplicate_episode_id
EP-251201165,PAF8B7A0,ストッカード・チャニング,,duplicate_episode_id
EP-251201165,P0DD2B7B,ジョン・ハート,,duplicate_episode_id
EP-251201165,PEC2A6AC,ジャン・デュジャルダン,,duplicate_episode_id
EP-251201165,PC8E41D4,カトリーヌ・ドヌーヴ,,duplicate_episode_id
EP-251201165,P0BBA6CB,イザベル・アジャーニ,,duplicate_episode_id
EP-251201165,PF2686BB,Gérard Depardieu,,duplicate_episode_id
EP-251201165,PDE12052,ロベルト・ベニーニ,,duplicate_episode_id
EP-251201165,PA28BBF7,ソフィア・ローレン,,duplicate_episode_id
EP-251201165,PEB32687,クラウス・キンスキー,,duplicate_episode_id
EP-251201165,P3CE9D2D,ブルーノ・ガンツ,,duplicate_episode_id
EP-251201165,PFB37F5D,ライナー・ヴェルナー・ファスビンダー,,duplicate_episode_id
EP-251201165,PE262AD0,トマス・ミリアン,,duplicate_episode_id
EP-251201165,PFDC9C56,マックス・フォン・シドー,,duplicate_episode_id
EP-251201166,P1458577,田尻智,,duplicate_episode_id
EP-251201166,P636CB97,押切蓮介,,duplicate_episode_id
EP-251201166,PCE2F1E0,加藤和恵,,duplicate_episode_id
EP-251201166,PBFB616A,神尾葉子,,duplicate_episode_id
EP-251201166,PAC2A12F,北条司,,duplicate_episode_id
EP-251201166,P6294DCE,佐藤大,,duplicate_episode_id
EP-251201166,PE497099,清水玲子,,duplicate_episode_id
EP-251201166,PFDD94DA,鈴木央,,duplicate_episode_id
EP-251201166,P76A170B,高木直子,,duplicate_episode_id
EP-251201166,P0038D7F,滝田洋二郎,,duplicate_episode_id
EP-251201166,PA364ED2,田村隆平,,duplicate_episode_id
EP-251201166,P1B7DE78,つの丸,,duplicate_episode_id
EP-251201166,P593DB3A,成田良悟,,duplicate_episode_id
EP-251201166,PCDE504A,野中英次,,duplicate_episode_id
EP-251201166,P14BF99C,ティム・スウィーニー,,duplicate_episode_id
EP-251201167,P372B296,辻仁成,,duplicate_episode_id
EP-251201167,P3D6C8AB,有馬稲子,,duplicate_episode_id
EP-251201167,PD2122AD,中村錦之助,,duplicate_episode_id
EP-251201167,P774B9E9,ミケランジェロ・アントニオーニ,,duplicate_episode_id
EP-251201167,PE1373BC,ヴィットリオ・デ・シーカ,,duplicate_episode_id
EP-251201167,PB3169C3,ロベルト・ロッセリーニ,,duplicate_episode_id
EP-251201167,PCF800EC,ピエル・パオロ・パゾリーニ,,duplicate_episode_id
EP-251201167,P7EE701B,ジャン・ルノワール,,duplicate_episode_id
EP-251201167,P647FCBB,ジャン・ヴィゴ,,duplicate_episode_id
EP-251201167,PF8535C6,ロベール・ブレッソン,,duplicate_episode_id
EP-251201167,P30A58AC,ジャック・タチ,,duplicate_episode_id
EP-251201167,P24E95E7,エリック・ロメール,,duplicate_episode_id
EP-251201167,P37A81D0,ジャック・リヴェット,,duplicate_episode_id
EP-251201167,P3248577,ジャン・ルーシュ,,duplicate_episode_id
EP-251201167,P51EDA95,クロード・シャブロル,,duplicate_episode_id
EP-251201167,P8A2A298,アラン・レネ,,duplicate_episode_id
EP-251201168,PF655E36,ハワード・ヒューズ,,duplicate_episode_id
EP-251201168,PB94D423,ジャンニ・アニェッリ,,duplicate_episode_id
EP-251201168,P0C803BB,ウォルター・クライスラー,,duplicate_episode_id
EP-251201168,P45583E8,フェルディナンド・ポルシェ,,duplicate_episode_id
EP-251201168,P12811E2,ジョルジオ・アルマーニ,,duplicate_episode_id
EP-251201168,P60A0B73,ピエール・カルダン,,duplicate_episode_id
EP-251201168,PDD94141,渡邉恒雄,,duplicate_episode_id
EP-251201168,PDA3F79E,ローソン創業者竹増貞信,,duplicate_episode_id
EP-251201168,P7917F29,マイクロソフト創業者ポール・アレン,,duplicate_episode_id
EP-251201168,P70A0752,日本マクドナルド創業者藤田完,,duplicate_episode_id
EP-251201168,PB26F807,楽天元専務常山五郎,,duplicate_episode_id
EP-251201168,P3D14A06,アリババ元CEO張勇,,duplicate_episode_id
EP-251201168,PD11F946,キンドル開発者ジェフ・キーン,,duplicate_episode_id
EP-251201168,PD238CD2,ヤフー創業者ジェリー・ヤン,,duplicate_episode_id
EP-251201168,P8A4F028,セブンイレブン中興の祖田中毅,,duplicate_episode_id
EP-251201168,P8C55188,ペイパル創業者マックス・レヴチン,,duplicate_episode_id
EP-251201168,P0C17728,ツイッター共同創業者エヴァン・ウィリアムズ,,duplicate_episode_id
EP-251201168,PB8E2676,ユニクロ海外事業責任者玉塚元一,,duplicate_episode_id
EP-251201168,P889AC5C,インスタグラム創業者ケヴィン・シストロム,,duplicate_episode_id
EP-251201168,P8599408,ドロップボックス創業者アラシュ・フェルドーシ,,duplicate_episode_id
EP-251201168,P058B435,ソフトバンク元副社長笠井和彦,,duplicate_episode_id
EP-251201168,P8B63A4F,スラック創業者カル・ヘンダーソン,,duplicate_episode_id
EP-251201168,PE5C5EF5,ズーム創業者エリック・ユアン,,duplicate_episode_id
EP-251201168,P658E8AF,メルカリ創業者山田進太郎,,duplicate_episode_id
EP-251201168,P5303EBE,クックパッド創業者佐野陽光,,duplicate_episode_id
EP-251201168,PAC6B187,ペイペイ創業者中山一郎,,duplicate_episode_id
EP-251201168,P01187C6,ワークマン会長土屋哲雄,,duplicate_episode_id
EP-251201168,P079CE70,ニューヨーク市長マイケル・ブルンバーグ,,duplicate_episode_id
EP-251201168,P0796C48,グーグル元CEO エリック・シュミット,,duplicate_episode_id
EP-251201168,PB7660E7,アマゾン日本法人元社長ジャスパー・チャン,,duplicate_episode_id
EP-251201169,P9570418,長島一茂,,duplicate_episode_id
EP-251201169,PFC35004,松井稼頭央,,duplicate_episode_id
EP-251201169,P6D02305,里田まい,,duplicate_episode_id
EP-251201169,PA46BE05,室屋義秀,,duplicate_episode_id
EP-251201169,PBE123B6,水上颯,,duplicate_episode_id
EP-251201169,P5649FC2,今井月,,duplicate_episode_id
EP-251201169,PF80EA6B,鈴木聡美,,duplicate_episode_id
EP-251201169,PC4A7BAC,拳四朗,,duplicate_episode_id
EP-251201169,P83FB381,高谷惣亮,,duplicate_episode_id
EP-251201169,P8E18ACE,乙黒拓斗,,duplicate_episode_id
EP-251201169,P2D98F1F,大野元裕,,duplicate_episode_id
EP-251201169,PFF4B480,谷川翔,,duplicate_episode_id
EP-251201169,P97A8009,ウルフ・アロン,,duplicate_episode_id
EP-251201169,P7F0DC46,ドルゴスレン・スミヤ,,duplicate_episode_id
EP-251201169,P77F15BE,フローリアン・トリンクス,,duplicate_episode_id
EP-251201169,P9FC090D,ヨハニス・タングヴィーク,,duplicate_episode_id
EP-251201169,PC1A81B7,ニーナ・ケネディ,,duplicate_episode_id
EP-251201169,P7E38055,ミルハ・ベテニャク,,duplicate_episode_id
EP-251201169,P5393F8A,エマニュエル・ムディエ,,duplicate_episode_id
EP-251201169,PA4D74A2,パスカル・シアカム,,duplicate_episode_id
EP-251201169,PE50571B,OG・アヌノビー,,duplicate_episode_id
EP-251201169,PFF544B2,ジェイレン・ブラウン,,duplicate_episode_id
EP-251201169,PFE1DCD6,ジミー・バトラー,,duplicate_episode_id
EP-251201169,P7DFF7B8,バム・アデバヨ,,duplicate_episode_id
EP-251201169,PC5402A1,タイラー・ヒーロー,,duplicate_episode_id
EP-251201169,P84DD575,ジャマール・マレー,,duplicate_episode_id
EP-251201169,PFF0FFEF,マックス・ホロウェイ,,duplicate_episode_id
EP-251201169,PC64B661,アレクサンダー・ボルカノフスキー,,duplicate_episode_id
EP-251201170,PF8BE485,フランクリン・ベンジャミン,,duplicate_episode_id
EP-251201170,P65142BE,インディラ・ガンディー,,duplicate_episode_id
EP-251201170,PD4B520B,田中宇,,duplicate_episode_id
EP-251201170,P7DDE505,エレノア・ルーズベルト,,duplicate_episode_id
EP-251201170,PB58853B,村田晃嗣,,duplicate_episode_id
EP-251201170,P5311EBA,菅野完,,duplicate_episode_id
EP-251201170,P7120F88,中西輝政,,duplicate_episode_id
EP-251201170,P89B438A,藤井聡,,duplicate_episode_id
EP-251201170,P344566D,スンダー・ピチャイ,,duplicate_episode_id
EP-251201170,P7B1ACC7,ヘンリー・キシンジャー,,duplicate_episode_id
EP-251201170,PE0EA39A,ナシーム・ニコラス・タレブ,,duplicate_episode_id
EP-251201170,P26DA494,美濃部達吉,,duplicate_episode_id
EP-251201170,P2B0C0BE,老子,,duplicate_episode_id
EP-251201170,P8BA5092,ニッコロ・マキャヴェッリ,,duplicate_episode_id
EP-251201170,PC1748AF,トーマス・モア,,duplicate_episode_id
EP-251201170,P637D005,関口宏,,duplicate_episode_id
EP-251201170,P08CFD51,橋本五郎,,duplicate_episode_id
EP-251201170,P7EC3E24,岩田公雄,,duplicate_episode_id
EP-251201170,PDD0BB60,竹田圭吾,,duplicate_episode_id
EP-251201170,PE45F332,安田峰俊,,duplicate_episode_id
EP-251201170,P175F57E,江田憲司,,duplicate_episode_id
EP-251201170,P1B635C8,大村秀章,,duplicate_episode_id
EP-251201170,P6ADB75A,黒岩祐治,,duplicate_episode_id
EP-251201170,PD4720C3,小池晃,,duplicate_episode_id
EP-251201170,PB5DFC77,アグネス・チャン,,duplicate_episode_id
EP-251201170,PBC058AA,紀藤正樹,,duplicate_episode_id
EP-251201170,PE2BE65A,山口敬之,,duplicate_episode_id
EP-251201170,PE478598,有馬晴海,,duplicate_episode_id
EP-251201170,PAA11BD9,ペマ・ギャルポ,,duplicate_episode_id
EP-251201170,P93C533D,石平,,duplicate_episode_id
EP-251201171,P9639B56,冒険家ジョン・ワトソン,,duplicate_episode_id
EP-251201171,P1463ADC,辺見庸,,duplicate_episode_id
EP-251201171,P7A1175C,河田雄志,,duplicate_episode_id
EP-251201171,P437165B,石毛直道,,duplicate_episode_id
EP-251201171,P757B30D,兼高かおる,,duplicate_episode_id
EP-251201171,P1F0B120,野村雅昭,,duplicate_episode_id
EP-251201171,P972BCEC,田淵行男,,duplicate_episode_id
EP-251201171,P3A98902,ジョン・ミューア,,duplicate_episode_id
EP-251201171,P09D8817,テオドア・ルーズベルト,,duplicate_episode_id
EP-251201171,P0B0F3F4,アルフレッド・ラッセル・ウォレス,,duplicate_episode_id
EP-251201171,P43D7FEF,ハイラム・ビンガム,,duplicate_episode_id
EP-251201171,P1E15338,アウグスト・フィック,,duplicate_episode_id
EP-251201171,P94C3ABF,リチャード・E・バード,,duplicate_episode_id
EP-251201171,P2635752,ウィリアム・ビーブ,,duplicate_episode_id
EP-251201171,P7F486DA,ロイ・チャップマン・アンドルーズ,,duplicate_episode_id
EP-251201171,P41EDC8E,ハンス・クリスチャン・アンデルセン,,duplicate_episode_id
EP-251201171,PE19F379,ジャック・ロンドン,,duplicate_episode_id
EP-251201171,P9D7378D,ポール・セロー,,duplicate_episode_id
EP-251201171,PA3B5E5E,ブルース・チャトウィン,,duplicate_episode_id
EP-251201171,P6E66241,ピコ・イヤー,,duplicate_episode_id
EP-251201171,PEF1F998,フリーヤ・スターク,,duplicate_episode_id
EP-251201171,P75D76ED,ジェラルディン・ブルックス,,duplicate_episode_id
EP-251201172,P3F4D575,ジョゼフ・ゴードン=レヴィット,,duplicate_episode_id
EP-251201172,P226318E,太田光,,duplicate_episode_id
EP-251201172,P2ED3837,小西康陽,,duplicate_episode_id
EP-251201172,PB36133F,長谷川京子,,duplicate_episode_id
EP-251201172,P7A0F8EC,滝沢秀明,,duplicate_episode_id
EP-251201172,P6AE6E2B,ヒース・レジャー,,duplicate_episode_id
EP-251201172,P34ED098,チャドウィック・ボーズマン,,duplicate_episode_id
EP-251201172,P4779250,トム・ヒドルストン,,duplicate_episode_id
EP-251201172,P73A70CA,市川市蔵,,duplicate_episode_id
EP-251201173,PAFF2BF4,山口智充,,duplicate_episode_id
EP-251201173,PBF58591,風間俊介,,duplicate_episode_id
EP-251201173,P3FCCD5C,加藤雅也,,duplicate_episode_id
EP-251201173,P065CB6C,工藤阿須加,,duplicate_episode_id
EP-251201173,P2CC92FF,岡田健史,,duplicate_episode_id
EP-251201173,P7F25755,新田真剣佑,,duplicate_episode_id
EP-251201173,P11F0BD4,オクタヴィア・スペンサー,,duplicate_episode_id
EP-251201173,P6B4EAA6,マイケル・キートン,,duplicate_episode_id
EP-251201173,PB0E9871,伊藤健太郎,,duplicate_episode_id
EP-251201173,P9CD0303,桜庭ななみ,,duplicate_episode_id
EP-251201173,P61BE361,葵わかな,,duplicate_episode_id
EP-251201173,PB2D2B44,古川雄輝,,duplicate_episode_id
EP-251201173,P06F73F7,飯豊まりえ,,duplicate_episode_id
EP-251201173,P2CC92FF,岡田健史,,duplicate_episode_id
EP-251201173,P72BBAE9,ヴィゴ・モーテンセン,,duplicate_episode_id
EP-251201173,PC300104,キャシー・ベイツ,,duplicate_episode_id
EP-251201174,PF5D20C7,ウォルフガング・アマデウス・モーツァルト,,duplicate_episode_id
EP-251201174,P55E95CA,岩合光昭,,duplicate_episode_id
EP-251201174,P3F629E3,マリオン・ブランド,,duplicate_episode_id
EP-251201174,P394968A,レオナール・フジタ,,duplicate_episode_id
EP-251201174,PDF1C142,紀里谷和明,,duplicate_episode_id
EP-251201174,PCA72C28,いしだ壱成,,duplicate_episode_id
EP-251201174,P0245FD9,コンスタンティン・ブランクーシ,,duplicate_episode_id
EP-251201174,PA3450A9,アレハンドロ・ホドロフスキー,,duplicate_episode_id
EP-251201174,PB27D97A,エルンスト・ルビッチュ,,duplicate_episode_id
EP-251201174,P835309D,マイク・ニコルズ,,duplicate_episode_id
EP-251201174,P143FFF0,リー・クラスナー,,duplicate_episode_id
EP-251201174,P62DC365,ロバート・メープルソープ,,duplicate_episode_id
EP-251201174,P21A60A5,磯谷博史,,duplicate_episode_id
EP-251201174,P02D02DB,ピーター・ブルック,,duplicate_episode_id
EP-251201174,PE529162,サム・ペキンパー,,duplicate_episode_id
EP-251201174,PB113E35,フェルナンド・ペソア,,duplicate_episode_id
EP-251201174,P09F3D70,エツィオ・ピンツァ,,duplicate_episode_id
EP-251201174,PA82833B,カルロス・クライバー,,duplicate_episode_id
EP-251201174,PC2723B3,ヴィルヘルム・フルトヴェングラー,,duplicate_episode_id
EP-251201174,PD358CAB,イーゴリ・ストラヴィンスキー,,duplicate_episode_id
EP-251201174,PEB61F17,フランツ・リスト,,duplicate_episode_id
EP-251201174,PCF5D9BF,ヨハン・ゼバスティアン・バッハ,,duplicate_episode_id
EP-251201174,P5C74650,アントニオ・ヴィヴァルディ,,duplicate_episode_id
EP-251201174,P1408A33,モーリス・ラヴェル,,duplicate_episode_id
EP-251201174,P3076EA9,尾形乾山,,duplicate_episode_id
EP-251201174,P1929F0F,速水御舟,,duplicate_episode_id
