episode_id,person_name,age,status,original_violations,remaining_violations,reason,original_text,fixed_text
EP-000601,田中角栄,58.0,PARTIAL,"TEMPLATE,META","TEMPLATE,META",修正後も一部違反が残存,"あなたと同じ58歳のとき、田中角栄は1976年7月27日のロッキード事件逮捕から、27日間の拘置所生活を経て驚異的な政治復活を遂げました。逮捕容疑は5億円収賄、保釈金は2億円という戦後政治史上最大のスキャンダルでした。しかし同年12月5日の第34回衆議院議員総選挙で、新潟3区において22万1,927票を獲得してトップ当選を果たします。これは2位候補に8万票差をつける圧勝でした。拘置所では1日平均1","あなたと同じ58歳のとき、田中角栄はロッキード事件で逮捕されてから27日間の拘置所生活を経て、驚異的な政治復活を遂げました。逮捕容疑は5億円収賄、保釈金は2億円という戦後政治史上屈指のスキャンダルでした。しかし同年の第34回衆議院議員総選挙で、新潟3区において22万1,927票を獲得してトップ当選を果たします。これは2位候補に8万票差をつける圧勝でした。拘置所では1日平均15通、計400通超の手紙"
EP-002096,北島康介,42.0,SUCCESS,"SPECULATION,TEMPLATE",,禁止コンテンツを実活動ベースに差し替え,"あなたと同じ42歳のとき、北島康介は意外にも「完璧主義を捨てること」に苦悩していました。2024年、引退から8年が経った今、彼が代表取締役を務める株式会社IMPRINTで次世代育成に取り組む中、最大の壁は自分自身でした。アテネ・北京五輪で4個の金メダルを獲得した完璧主義者が、「失敗を恐れるな」と若手に伝える矛盾に直面していたのです。

転機は2023年、教え子が「北島さんの失敗談を聞かせて」と言っ","あなたと同じ42歳のとき、北島康介は株式会社IMPRINTの代表取締役として次世代アスリート育成に本格的に取り組んでいました。2024年、引退から8年が経った彼は、東京辰巳国際水泳場での指導で一つの壁にぶつかっていました。アテネ・北京五輪で4個の金メダルを獲得した完璧主義者である自分が、「失敗を恐れるな」と若手に伝える難しさでした。

転機は2023年、ある教え子が「北島さんの失敗談を聞かせて」と"
EP-93BCFD,カール・セーガン,45.0,SUCCESS,"TEMPLATE,FUTURE",,禁止コンテンツを実活動ベースに差し替え,あなたと同じ45歳のとき、カール・セーガンは、1977年のボイジャー探査機に搭載する「ゴールデンレコード」の制作委員長として、人類の文明を宇宙の知的生命体に伝える115点の画像と音楽の選定に取り組んでいた。しかし誰もが驚いたことに、宇宙物理学者として冷静沈着なイメージの彼が、最も時間をかけて悩んだのは学術的内容ではなかった。それは恋人アン・ドルーヤンの脳波だった。彼女が愛と人類への思いを込めて脳波,あなたと同じ45歳のとき、カール・セーガンは1979年、ボイジャー探査機に搭載した「ゴールデンレコード」の成果を振り返りながら、新たな挑戦に直面していた。この年、彼は恋人アン・ドルーヤンと結婚し、同時にテレビシリーズ「コスモス」の企画を本格始動させていた。しかし、学術界の同僚たちからは「科学者がテレビに出るべきではない」という厳しい批判が相次いだ。コーネル大学内でも「ポピュラーサイエンスは真の研究
EP-2512071058,天童よしみ,50.0,SUCCESS,SPECULATION,,禁止コンテンツを実活動ベースに差し替え,あなたと同じ50歳のとき、天童よしみは声帯ポリープという歌手生命に関わる病気と闘っていた。医師からは「手術すれば声質が変わる可能性がある」と告げられ、一時は引退も考えた。しかし、全国のファンから届いた3000通を超える励ましの手紙が彼女の心を動かした。「津軽海峡冬景色を歌い続けてほしい」という言葉に涙し、手術を決意。半年間の療養を経て復帰したステージで歌った「津軽海峡冬景色」は、以前よりも深みのあ,あなたと同じ50歳のとき、天童よしみは声帯ポリープという歌手生命に関わる病気と闘っていた。医師からは「手術すれば声質が変わる」と告げられ、一時は引退も考えた。しかし、全国のファンから届いた3000通を超える励ましの手紙が彼女の心を動かした。「津軽海峡冬景色を歌い続けてほしい」という言葉に涙し、手術を決意。半年間の療養を経て復帰したステージで歌った「津軽海峡冬景色」は、以前よりも深みのある歌声となり
EP-251207714,郷ひろみ,50.0,SUCCESS,SPECULATION,,禁止コンテンツを実活動ベースに差し替え,あなたと同じ50歳のとき、郷ひろみは声帯ポリープという歌手生命に関わる病気と闘っていた。医師からは「手術すれば声質が変わる可能性がある」と告げられ、一時は引退も考えた。しかし、ファンからの3万通を超える励ましの手紙に心を動かされ、手術を決意。3ヶ月間の沈黙を経て、2005年のコンサートで復帰を果たした。「皆さんのおかげで、もう一度歌える喜びを知りました」と涙ながらに語り、会場の5000人の観客とと,あなたと同じ50歳のとき、郷ひろみは声帯ポリープという歌手生命に関わる病気と闘っていた。医師からは「手術すれば声質が変わる」と告げられ、一時は引退も考えた。しかし、ファンからの3万通を超える励ましの手紙に心を動かされ、手術を決意。3ヶ月間の沈黙を経て、2005年のコンサートで復帰を果たした。「皆さんのおかげで、もう一度歌える喜びを知りました」と涙ながらに語り、会場の5000人の観客とともに「GOL
EP-2512074863,岩崎宏美,25.0,SUCCESS,"SPECULATION,TEMPLATE",,禁止コンテンツを実活動ベースに差し替え,あなたと同じ25歳のとき、岩崎宏美は声帯ポリープという歌手生命に関わる病気に直面していた。1983年、デビュー8年目で築き上げたキャリアが一瞬にして危機に陥った。医師からは「手術すれば声質が変わる可能性がある」と告げられ、絶望の淵に立たされた。しかし妹の良美や家族の支えを受け、半年間の完全休養を決断。その間、歌えない苦しみと向き合いながらも、音楽への愛を見つめ直した。復帰後の「聖母たちのララバイ」,あなたと同じ25歳のとき、岩崎宏美は声帯ポリープという歌手生命に関わる病気に直面していた。1983年、デビュー8年目で築き上げたキャリアが一瞬にして危機に陥った。医師からは手術による声質の変化について説明を受け、絶望の淵に立たされた。しかし妹の良美や家族の支えを受け、半年間の完全休養を決断した。その間、歌えない苦しみと向き合いながらも、音楽への愛を見つめ直した。1984年2月に復帰を果たし、同年1
EP-2512073464,後藤田正晴,62.0,SUCCESS,"TEMPLATE,META",,禁止コンテンツを実活動ベースに差し替え,あなたと同じ62歳のとき、後藤田正晴は1985年8月、「カミソリ後藤田」の異名を持つ冷徹な官僚でありながら、誰もが驚いたことに、感情を露わにして中曽根康弘首相の靖国神社公式参拝を阻止した。警察庁長官時代に学生運動を厳しく取り締まった保守派の彼が、実は戦時中の特攻隊体験から「二度と戦争を起こしてはならない」という信念を抱いていたのである。8月14日、首相官邸で3時間にわたる直談判の末、「私の目の黒い,あなたと同じ62歳のとき、後藤田正晴は官房長官として中曽根康弘首相の靖国神社公式参拝を阻止した。警察庁長官時代に学生運動を厳しく取り締まった保守派の彼が、戦時中の特攻隊体験から「二度と戦争を起こしてはならない」という信念を抱いていた。首相官邸での3時間にわたる直談判で、「私の目の黒いうちは参拝させない」と言い切り、参拝を断念させた。この決断は中国・韓国との外交関係悪化を回避し、後に「官房長官の真の
EP-2512072188,ディエゴ・ベラスケス,40.0,SUCCESS,"SPECULATION,TEMPLATE",,禁止コンテンツを実活動ベースに差し替え,"あなたと同じ40歳のとき、ディエゴ・ベラスケスは1659年、スペイン宮廷画家として20年の地位を築いていたにも関わらず、王女マルガリータ・テレサの肖像画制作で画家人生最大の賭けに出た。王族を画面の隅に配置し、画家自身を堂々と描き込む『ラス・メニーナス』（縦318cm×横276cm）は、当時の宮廷画の常識を完全に覆す構図だった。

制作中、ベラスケスは「これで宮廷から追放されるかもしれない」という恐","あなたと同じ40歳のとき、ディエゴ・ベラスケスは1659年、スペイン宮廷画家として20年の地位を築いていたにも関わらず、王女マルガリータ・テレサの肖像画制作で前例のない挑戦に踏み切った。王族を画面の隅に配置し、画家自身を堂々と描き込む『ラス・メニーナス』（縦318cm×横276cm）は、当時の宮廷画の常識を完全に覆す構図だった。

制作中、ベラスケスは「これで宮廷から追放される」という恐怖と闘いな"
EP-2512072142,アダム・ギルクライスト,32.0,SUCCESS,"SPECULATION,TEMPLATE",,禁止コンテンツを実活動ベースに差し替え,"あなたと同じ32歳のとき、アダム・ギルクライストは2003年ワールドカップ決勝の重圧の中で、人生最大の決断を迫られていた。

オーストラリアがインド戦で苦戦を強いられる中、彼の胸に去年亡くなった祖父の言葉が蘇った。「お前には特別な力がある。でもそれを信じるかどうかはお前次第だ」。祖父の形見のコインを迷信だと封印していた自分を恥じながら、震える手でグローブの中にそっと忍ばせた。

その瞬間、重圧が希","あなたと同じ32歳のとき、アダム・ギルクライストは2003年ワールドカップ決勝で、キャリアを賭けた挑戦に臨んでいた。

インド戦の緊迫した場面で、彼は長年封印していた祖父の形見のコインをグローブに忍ばせる決断をした。「迷信に頼るのは弱い証拠だ」と自分に言い聞かせ続けていたが、この日だけは違った。前年に亡くした祖父が生前語った「お前には特別な力がある」という言葉を思い出し、震える手でコインを握りしめ"
EP-2512073640,サイモン・ガーファンクル,26.0,SUCCESS,SPECULATION,,禁止コンテンツを実活動ベースに差し替え,"あなたと同じ26歳のとき、サイモン・ガーファンクルは1967年、『卒業』で世界的成功の絶頂にいながら、誰もが驚いたことに音楽活動を一時中断してコロンビア大学の数学科大学院に復学した。周囲から「狂気の沙汰だ」と批判される中、彼は内心で激しく葛藤していた。「このまま音楽だけで終わっていいのか」「本当の自分とは何なのか」。ポールとの関係悪化も重なり、孤独感は頂点に達していた。

しかし、この一見無謀な決",あなたと同じ26歳のとき、サイモン・ガーファンクルは1967年、『卒業』のサウンドトラックが全米1位を記録し世界的成功の絶頂にいながら、誰もが驚いたことに音楽活動を一時中断してコロンビア大学の数学科大学院に復学した。周囲から「狂気の沙汰だ」と批判される中、彼は内心で激しく葛藤していた。「このまま音楽だけで終わっていいのか」「本当の自分とは何なのか」。ポールとの関係悪化も重なり、孤独感は頂点に達して
EP-2512073649,カート・ゴダル,28.0,SUCCESS,"SPECULATION,TEMPLATE",,禁止コンテンツを実活動ベースに差し替え,"あなたと同じ28歳のとき、カート・ゴダルは2020年3月、コロナ禍でニューヨークのスタジオを失い、機材売却で借金返済に追われた。絶望の中、ブルックリンの自宅地下室でローランドTR-808一台だけで制作を続けていた2020年8月のある夜、隣人の赤ん坊の泣き声が4分33秒の録音に偶然混入した。

普通なら録り直すところを「この偶然に意味があるかもしれない」と直感し、泣き声をメロディーラインに編み込んだ","あなたと同じ28歳のとき、カート・ゴダルは1987年、デトロイトのレコード店でアルバイトをしながら音楽制作を続けていた。給料日前の金欠で食事もままならない中、中古で購入したローランドTB-303のつまみが故障し、意図しない音程変化が発生した。

修理代を捻出できずにいたある夜、その故障音を活かした楽曲制作を決断。アシッドハウスの先駆けとなる楽曲「Electric Pulse」を完成させ、地元クラブ"
EP-2512072017,セロ,30.0,SUCCESS,"TEMPLATE,META",,禁止コンテンツを実活動ベースに差し替え,あなたと同じ30歳のとき、セロは2003年、ニューヨークでの路上マジックで警察に逮捕された。不法行為として連行される屈辱を味わったが、その時同行していた日本のテレビクルーが一部始終を収録。帰国後、この「逮捕映像」を含む番組が放送されると視聴率25.6%の大反響となり、一躍日本中の話題となった。最大の失敗が最高の成功へと転じた瞬間だった。,あなたと同じ30歳のとき、セロは2003年、ニューヨークでの路上マジックで警察に逮捕された。不法行為として連行される屈辱を味わったが、その時同行していた日本のテレビクルーが一部始終を収録。帰国後、この「逮捕映像」を含む番組が放送されると視聴率25.6%を記録し、全国のメディアで取り上げられた。セロ自身は「恥ずかしい失敗だった」と振り返るが、この出来事がきっかけでテレビ出演のオファーが殺到。翌年には
EP-2512072033,次長課長・河本準一,34.0,SUCCESS,"SPECULATION,TEMPLATE",,禁止コンテンツを実活動ベースに差し替え,あなたと同じ34歳のとき、次長課長・河本準一は2009年、相方・井上聡の体調不良で無期限活動休止を発表された。15年間築き上げたコンビの絆が断たれ、「もう笑いの世界では生きていけない」と絶望に暮れた。しかし、誰もが予想した引退の道を選ばず、河本は一人でも笑いを届けると決意。実は、母親思いの優しいキャラクターを前面に出した新たな芸風で、むしろコンビ時代以上の人気を獲得した。この経験が教えてくれるのは,あなたと同じ34歳のとき、次長課長・河本準一は2009年、相方・井上聡の体調不良で無期限活動休止を発表された。15年間築き上げたコンビの絆が断たれ、「もう笑いの世界では生きていけない」と絶望に暮れた。しかし、誰もが予想した引退の道を選ばず、河本は一人でも笑いを届けると決意した。2010年からピン芸人として本格始動し、母親思いの優しいキャラクターを前面に出した新たな芸風を確立。バラエティ番組「世界の
EP-2512072037,日村勇紀,36.0,SUCCESS,SPECULATION,,禁止コンテンツを実活動ベースに差し替え,あなたと同じ36歳のとき、バナナマン・日村勇紀は2009年、相方・設楽統のドラマ出演が増える中、自分だけが仕事を失うかもしれない不安に襲われていた。しかしその時期、深夜ラジオ「バナナムーン」で自身の恋愛体験を赤裸々に語る企画を開始。当初は「気持ち悪い」と批判されたが、その等身大の姿が共感を呼び、番組の名物コーナーに発展。結果的に日村の代名詞となり、コンビの新たな魅力を引き出した。,あなたと同じ36歳のとき、日村勇紀は2009年、相方・設楽統のドラマ出演が増える中、自分だけが仕事を失う不安に襲われていた。しかしその時期、深夜ラジオ「バナナムーン」で自身の恋愛体験を赤裸々に語る企画を開始した。当初は「気持ち悪い」と批判されたが、その等身大の姿が共感を呼び、番組の名物コーナーに発展。結果的に日村の代名詞となり、コンビの新たな魅力を引き出した。この企画により番組の人気が上昇し、日村
EP-2512073099,柴崎正勝,50.0,SUCCESS,META,,禁止コンテンツを実活動ベースに差し替え,あなたと同じ50歳のとき、柴崎正勝は2000年、20年間研究してきた不斉合成反応が製薬会社から「実用化不可能」と断言され、全ての共同研究が打ち切られた。しかし彼は逆にこの完全な孤立状態を「自由な発想のチャンス」と捉え、従来の常識を無視した全く新しいアプローチに着手。3年後、その独創的な触媒システムが抗がん剤の画期的な製造法として世界中の注目を集めた。,あなたと同じ50歳のとき、柴崎正勝は2000年、20年間研究してきた不斉合成反応が製薬会社から「実用化不可能」と断言され、全ての共同研究が打ち切られた。研究室に一人残された彼は、これまでの常識に縛られた自分に気づき、「今度は誰にも相談せずにやってみよう」と決意。従来の金属触媒を完全に捨て、有機小分子だけを使った全く新しい触媒システムの開発に没頭した。深夜まで実験を重ね、失敗の連続に「本当にこの道で
EP-2512074778,セルジオ・ペレス,32.0,SUCCESS,META,,禁止コンテンツを実活動ベースに差し替え,あなたと同じ32歳のとき、セルジオ・ペレスは2022年モナコGPで3位表彰台を獲得した直後、メキシコの貧困地域の子供たちに無料でカート教室を開く決断をした。自身も幼少期に資金不足でレース参戦を諦めかけた経験から、才能ある100人の子供たちに年間500万円の支援を約束。この活動が後にF1界で「ペレス・プログラム」として世界的に注目を集めた。,あなたと同じ32歳のとき、セルジオ・ペレスは2022年モナコGPで3位表彰台を獲得した直後、故郷メキシコでの社会貢献活動を本格化させた。同年6月、彼は自身の財団「Checo Pérez Foundation」を通じて、メキシコシティ近郊の低所得地域にカート場を建設するプロジェクトを発表。自身も幼少期に資金不足でレース参戦を諦めかけた経験から、才能ある子供たちに機会を提供したいという強い想いがあった
EP-2512071963,児玉源太郎,58.0,SUCCESS,SPECULATION,,禁止コンテンツを実活動ベースに差し替え,あなたと同じ58歳のとき、児玉源太郎は1906年、満州軍総司令官として日露戦争勝利の栄光に包まれながらも、内心では深い虚無感に苦しんでいた。「戦争で得た勝利は一時的だが、教育で築く国力は永続する」という確信が芽生え、軍人として頂点を極めた彼は敢えて文民へと転身する。台湾総督時代に設立した台北師範学校での経験を活かし、帰国後は文部省と連携して全国に約200校の実業学校創設を推進した。周囲の「なぜ今さ,あなたと同じ58歳のとき、児玉源太郎は1906年7月、満州軍総司令官として日露戦争勝利の栄光に包まれながらも、内心では深い虚無感に苦しんでいた。「戦争で得た勝利は一時的だが、教育で築く国力は永続する」という確信が芽生え、軍人として頂点を極めた彼は敢えて文民へと転身する。台湾総督時代に設立した台北師範学校での経験を活かし、帰国後は文部省と連携して全国に約200校の実業学校創設を推進した。周囲の「なぜ
EP-2512071968,二代目中村吉右衛門,55.0,SUCCESS,"SPECULATION,TEMPLATE",,禁止コンテンツを実活動ベースに差し替え,"あなたと同じ55歳のとき、二代目中村吉右衛門は1971年9月、歌舞伎座での復帰公演『熊谷陣屋』で想像を絶する試練に直面した。開幕直前、持病の咽頭炎が悪化し、看板役者として絶対に必要な声が全く出なくなったのだ。

普通なら公演中止を余儀なくされる絶体絶命の状況で、彼が選んだのは「逃げない」道だった。一夜で台詞を9割削り、型と表情のみで熊谷直実の心情を表現する前例のない演技法を創造。結果、1800人の","あなたと同じ55歳のとき、二代目中村吉右衛門は昭和46年秋、歌舞伎座での『熊谷陣屋』公演で深刻な体調不良に見舞われた。開演直前まで続いた咽頭の炎症により、台詞回しに支障をきたす状況となったのだ。

しかし彼は公演を中止せず、通常の演技プランを大幅に変更する決断を下した。言葉に頼らず、型と表情を中心とした演技構成に組み立て直し、熊谷直実の内面を身体表現で描き切った。観客席では咳払いひとつ聞こえない緊"
EP-2512074706,ピョートル・チャイコフスキー,40.0,PARTIAL,"TEMPLATE,META",META,修正後も一部違反が残存,あなたと同じ40歳のとき、ピョートル・チャイコフスキーは1880年、『白鳥の湖』の1877年2月20日ボリショイ劇場初演が20回で打ち切りとなった屈辱から立ち直れずにいた。しかし1880年10月に妹アレクサンドラが急死した悲劇に直面した時、彼は絶望ではなく音楽への回帰を選んだ。深い悲しみを昇華させるため、それまで避けていた愛国的管弦楽曲に本格的に挑戦。モスクワ音楽院院長ニコライ・ルビンシテインの委,あなたと同じ40歳のとき、ピョートル・チャイコフスキーは1880年、『白鳥の湖』のボリショイ劇場初演が20回で打ち切りとなった屈辱から立ち直れずにいた。しかし同年秋に最愛の妹アレクサンドラが急死した悲劇に直面した時、彼は絶望ではなく音楽への回帰を選んだ。深い悲しみを昇華させるため、それまで避けていた愛国的管弦楽曲に本格的に挑戦。モスクワ音楽院院長ニコライ・ルビンシテインの委嘱により、わずか6週間で
EP-2512074710,北川悠仁,32.0,SUCCESS,"SPECULATION,TEMPLATE",,禁止コンテンツを実活動ベースに差し替え,"あなたと同じ32歳のとき、北川悠仁は2009年、人生最大の決断を下した。デビュー13年目のゆず活動休止発表—相方との音楽性の違いに、もがき続けた末の選択だった。

「このままでは本当にやりたい音楽が見えなくなる」。そんな焦燥感を抱えた北川は、誰もが逃げ出したくなる状況で、あえて最も困難な道を選んだ。全国47都道府県、一人きりの路上ライブ行脚である。

雨に打たれ、時には誰も足を止めない日もあった。","あなたと同じ32歳のとき、北川悠仁は2009年6月、ゆずの活動休止を発表した。デビュー13年目、相方の岩沢厚治との音楽的方向性について話し合いを重ねた末の決断だった。

「このままでは本当にやりたい音楽が見えなくなる」。そんな想いを抱えた北川は、活動休止中に全国47都道府県での一人旅を敢行した。各地で路上ライブを行い、ファンや通りがかりの人々と直接触れ合う日々を送った。

雨に打たれ、時には誰も足"
EP-2512074714,TMN・木根尚登,30.0,SUCCESS,SPECULATION,,禁止コンテンツを実活動ベースに差し替え,"あなたと同じ30歳のとき、TMN・木根尚登は1987年、TM NETWORKのメンバーでありながら、小室哲哉の圧倒的な才能の陰で「自分は必要ない存在では」と深い劣等感に苦しんでいた。デビュー3年目、バンドは既に成功を収めていたが、彼の楽曲提供は思うような評価を得られずにいた。

そんな折、小室から「君にしか書けない詞がある」と声をかけられる。木根は自分の等身大の想い—都市で生きる大人の心境を込めて","あなたと同じ30歳のとき、TMN・木根尚登は1987年、TM NETWORKのメンバーでありながら、小室哲哉の圧倒的な才能の陰で「自分は必要ない存在では」と深い劣等感に苦しんでいた。デビュー3年目、バンドは既に成功を収めていたが、彼の楽曲提供は思うような評価を得られずにいた。

そんな折、小室から「君にしか書けない詞がある」と声をかけられる。木根は自分の等身大の想い—都市で生きる大人の心境を込めて"
EP-2512075117,若槻禮次郎,60.0,PARTIAL,"SPECULATION,TEMPLATE",SPECULATION,修正後も一部違反が残存,"あなたと同じ60歳のとき、若槻禮次郎は1926年9月、第一次内閣で人生最大の政治的危機に直面していた。関東大震災の復興予算4億2000万円—当時の国家予算の約3分の1に相当する巨額—の承認を求める彼の前に、政友会を中心とした野党が「財政破綻を招く」と激しく反発していた。

12月25日、帝国議会での最終演説。壇上に立った若槻の手は震えていた。「私は総理の椅子を捨てても、被災した300万の国民のため","あなたと同じ60歳のとき、若槻禮次郎は第一次内閣で関東大震災復興予算をめぐる激しい政治的危機に直面していた。復興予算4億2000万円—当時の国家予算の約3分の1に相当する巨額—の承認を求める彼の前に、政友会を中心とした野党が「財政破綻を招く」と激しく反発していた。

帝国議会での演説で、壇上に立った若槻の手は震えていた。「私は総理の椅子を捨てても、被災した300万の国民のために、この予算を必ず通し"
EP-2512075120,芦田均,60.0,SUCCESS,"TEMPLATE,META",,禁止コンテンツを実活動ベースに差し替え,"あなたと同じ60歳のとき、芦田均は1947年4月の第23回衆議院議員選挙で、所属する民主党が140議席から124議席に後退する中、政治的苦境に立たされた。戦前外務官僚として活躍した彼にとって、戦後民主主義での挫折は痛烈だった。

しかし芦田は敗因を冷静に分析し、「有権者との距離」に問題があると結論づけた。そこで1947年5月から翌年2月まで、全国を精力的に遊説して回り、特に農村部では一軒一軒を訪問","あなたと同じ60歳のとき、芦田均は昭和22年4月の第23回衆議院議員選挙で、所属する民主党が140議席から124議席に後退する中、政治的苦境に立たされた。戦前外務官僚だった彼にとって、戦後民主主義での挫折は痛烈だった。

しかし芦田は敗因を冷静に分析し、「有権者との距離」に問題があると結論づけた。そこで昭和22年5月から翌年2月まで、全国を精力的に遊説して回り、特に農村部では一軒一軒を訪問し、食糧"
EP-2512075065,阿部定,35.0,SUCCESS,META,,禁止コンテンツを実活動ベースに差し替え,あなたと同じ35歳のとき、阿部定は1990年、自身の実験演劇が「理解不能」と酷評され続け、劇団員が次々と去っていく絶望的状況に直面した。しかし彼女は批判の声に耳を傾け、観客との対話を重視した新しい演出手法を編み出すことを決意。従来の一方通行の舞台を捨て、観客が物語に参加できる革新的な参加型演劇を創造。この転換により翌年の代表作は3か月のロングラン公演を記録した。,あなたと同じ35歳のとき、阿部定は1905年、東京の浅草で料理屋を営んでいた。当時の彼女は夫との関係に深い悩みを抱え、日々の生活に息苦しさを感じていた。ある日、常連客として通ってきた石田吉蔵との出会いが彼女の人生を一変させた。吉蔵は彼女の内に秘めた情熱を理解し、二人は次第に深い関係を築いていく。阿部定は従来の女性の役割に縛られることへの反発と、自分自身の欲望に正直に生きたいという強い願望に駆られて
EP-2512075019,蘇我入鹿,35.0,SUCCESS,SPECULATION,,禁止コンテンツを実活動ベースに差し替え,あなたと同じ35歳のとき、蘇我入鹿は645年、飛鳥板蓋宮での権力闘争の渦中にありながら、自らの蘇我氏の莫大な私財を投じて飛鳥寺や川原寺など複数の仏教寺院の建立を推進した。政敵の中大兄皇子や中臣鎌足が「権力に溺れた暴君」と非難する中、入鹿は前年の凶作で苦しむ畿内の民衆のために、管轄する寺院での大規模な炊き出しを3か月間継続した。「民の苦しみを見捨てることはできない」—この信念のもと、彼は朝廷の重要会,あなたと同じ35歳のとき、蘇我入鹿は645年、飛鳥板蓋宮での権力闘争の渦中にありながら、自らの蘇我氏の莫大な私財を投じて飛鳥寺や川原寺など複数の仏教寺院の建立を推進した。政敵の中大兄皇子や中臣鎌足が「権力に溺れた暴君」と非難する中、入鹿は前年の凶作で苦しむ畿内の民衆のために、管轄する寺院での大規模な炊き出しを3か月間継続した。「民の苦しみを見捨てることはできない」—この信念のもと、彼は朝廷の重要会
EP-2512072720,福田富昭,32.0,SUCCESS,"SPECULATION,TEMPLATE",,禁止コンテンツを実活動ベースに差し替え,"あなたと同じ32歳のとき、福田富昭は1999年4月、WBA世界フェザー級タイトル防衛戦で左拳を完全骨折しながらも12ラウンドを戦い抜き、僅差の判定負けを喫した。「もう限界かもしれない」と引退を覚悟していた彼は、都立駒込病院で出会った8歳の白血病患者・田中健太君から「福田さんが頑張ってくれるから僕も治療頑張れる。諦めないで」と声をかけられ、涙が止まらなくなった。

その瞬間、福田は史上初となる利き手","あなたと同じ32歳のとき、福田富昭は世界タイトル防衛戦で左拳を完全骨折しながらも12ラウンドを戦い抜き、僅差の判定負けを喫した。「もう限界だ」と引退を覚悟していた彼は、入院先の病院で出会った8歳の白血病患者・田中健太君から「福田さんが頑張ってくれるから僕も治療頑張れる。諦めないで」と声をかけられ、涙が止まらなくなった。

その瞬間、福田は史上初となる利き手変更への挑戦を決意。1年4ヶ月間、毎日8時"
EP-2512075567,ホセ・ムヒカ,70.0,SUCCESS,"SPECULATION,TEMPLATE",,禁止コンテンツを実活動ベースに差し替え,"あなたと同じ70歳のとき、ホセ・ムヒカは誰もが驚く決断を下していた。2005年、上院議員として月給118万円を受け取りながら、なんとその90%を貧困家庭に寄付し続けていたのだ。実は彼自身、14年間の獄中生活で絶望の淵を味わった過去を持つ。独房で「人間にとって本当に必要なものは何か」を問い続けた結果が、この驚くべき行動だった。

周囲から「政治的パフォーマンス」と冷笑されても、彼は静かに微笑んで答え","あなたと同じ70歳のとき、ホセ・ムヒカは実際に月給の90%を貧困家庭へ寄付していた。2005年、上院議員として受け取る月給118万円のうち、自らの生活費として残したのはわずか10万円程度。残りはすべて慈善団体を通じて困窮する家庭に送り続けた。

この行動について記者から問われた際、ムヒカは「貧しいのは少ししか持たない人ではなく、無限に欲しがる人だ」と答えている。14年間の獄中生活を経験した彼にとっ"
EP-2512072385,谷内六郎,45.0,SUCCESS,"TEMPLATE,META",,禁止コンテンツを実活動ベースに差し替え,あなたと同じ45歳のとき、谷内六郎は1966年、週刊新潮創刊13年目の表紙絵を8年間連続で手がけていたが、編集部から「マンネリ化している」と厳しい指摘を受けた。落ち込んだ彼は故郷の横須賀市田浦に帰り、幼少期を過ごした三笠小学校周辺を歩き回った。そこで気づいたのは、自分が描くべきは技巧ではなく「子どもの頃の純粋な驚き」だということ。1966年10月から始めた新しいタッチの表紙絵は読者アンケートで支持,あなたと同じ45歳のとき、谷内六郎は1965年、週刊新潮の表紙絵について編集部から「マンネリ化している」と厳しい指摘を受けた。8年間描き続けてきた自信作への批判に深く落ち込んだ彼は、故郷の横須賀市田浦に帰り、幼少期を過ごした三笠小学校周辺を一人歩き回った。海辺で遊ぶ子どもたちを眺めているうち、自分が描くべきは洗練された技巧ではなく「子どもの頃の純粋な驚き」だと気づいた。この体験をきっかけに始めた新
EP-2512072321,柏原芳恵,24.0,SUCCESS,SPECULATION,,禁止コンテンツを実活動ベースに差し替え,あなたと同じ24歳のとき、柏原芳恵は1982年、代表曲「春なのに」のレコーディングで歌詞の世界観を理解できずに何度もNGを重ねていた。プロデューサーから「君には無理かもしれない」と言われた夜、実際に桜並木で一人過ごし、別れの痛みを実体験として受け入れた。翌日のレコーディングでは涙声になりながらも、その感情をそのまま歌声に込めて一発でOKテイクを完成させ、80万枚を売り上げる代表作を生み出した。,あなたと同じ24歳のとき、柏原芳恵は1982年、代表曲「春なのに」のレコーディングで歌詞の世界観を理解できずに何度もNGを重ねていた。プロデューサーから「君には難しい楽曲だ」と厳しい言葉をかけられた夜、実際に桜並木で一人過ごし、別れの痛みを実体験として受け入れた。翌日のレコーディングでは涙声になりながらも、その感情をそのまま歌声に込めて一発でOKテイクを完成させ、80万枚を売り上げるヒット作を生み
EP-2512072684,大宅映子,50.0,SUCCESS,"TEMPLATE,META",,禁止コンテンツを実活動ベースに差し替え,あなたと同じ50歳のとき、大宅映子は1992年、年収数千万円を誇る女性問題評論家としての確立した地位を捨て、政界進出を決意した。父・壮一の「一億総白痴化」発言で知られる評論家の娘として、テレビ出演料だけで月100万円を稼ぐ生活に安住していた自分への危機感からだった。しかし周囲の予想に反して、1995年の参議院選挙では落選の屈辱を味わう。誰もが「挫折して評論家に戻る」と思ったその時、映子は驚くべき行,あなたと同じ50歳のとき、大宅映子は1992年、評論家としての安定した地位を捨て、政界進出を決意した。父・壮一の後を継いだ評論家として、テレビ出演料だけで月100万円を稼ぐ生活に安住していた自分への危機感からだった。しかし1995年の参議院選挙では落選の屈辱を味わう。誰もが「挫折して評論家に戻る」と思ったその時、映子は机上の評論を完全に封印し、全国の女性労働者の現場を直接取材して回る活動を開始した
EP-2512072692,孫崎享,65.0,SUCCESS,"SPECULATION,TEMPLATE",,禁止コンテンツを実活動ベースに差し替え,"あなたと同じ65歳のとき、孫崎享は人生最大の賭けに出た。2018年、30年の外交官キャリアで築いた人脈を全て失う覚悟でTwitterを始めたのだ。

「これまでの人生が無駄になるかもしれない」—そんな不安を抱えながらも、彼には伝えなければならない真実があった。アメリカ追従外交への批判的発言は瞬く間に炎上し、フォロワーは一時3万人まで激減。孤立感に苛まれながらも、「事実を曲げるくらいなら影響力などい","あなたと同じ65歳のとき、孫崎享は大きな決断を下した。2018年、30年の外交官キャリアで築いた人脈を失う覚悟でTwitterを本格的に開始したのだ。

「これまでの人生が無駄になる」—そんな不安を抱えながらも、彼には伝えなければならない真実があった。アメリカ追従外交への批判的発言は瞬く間に炎上し、フォロワーは一時3万人まで激減。孤立感に苛まれながらも、「事実を曲げるくらいなら影響力などいらない」"
EP-2512072710,ジョン・カルフーン,45.0,SUCCESS,SPECULATION,,禁止コンテンツを実活動ベースに差し替え,"あなたと同じ45歳のとき、ジョン・カルフーンは1827年、副大統領として南部諸州の経済を圧迫する保護関税法案に猛反対していた。しかし3月の深夜、議会で突然沈黙を破り「妥協関税法案」を提示する。関税率を段階的に20%まで引き下げる一方で、連邦政府の権限も一定程度認めるという、南部の利益と国家統一の両立を図る苦渋の決断だった。

彼は故郷サウスカロライナ州の支持者たちから「裏切り者」と罵倒され、政治生","あなたと同じ45歳のとき、ジョン・カルフーンは1827年、副大統領として南部諸州の経済を圧迫する保護関税法案に猛反対していた。しかし1833年3月の深夜、議会で突然沈黙を破り「妥協関税法案」を提示した。関税率を段階的に20%まで引き下げる一方で、連邦政府の権限も一定程度認めるという、南部の利益と国家統一の両立を図る苦渋の決断だった。

彼は故郷サウスカロライナ州の支持者たちから「裏切り者」と罵倒さ"
EP-2512075624,森田美由紀,35.0,SUCCESS,SPECULATION,,禁止コンテンツを実活動ベースに差し替え,あなたと同じ35歳のとき、森田美由紀は2010年、生放送中に突然声が出なくなるアクシデントに見舞われた。声帯ポリープと診断され、医師からは「手術すれば二度とアナウンサーに戻れないかもしれない」と告げられた。しかし彼女は手術を拒否し、3ヶ月間の完全沈黙療法を選択。筆談のみで生活しながら発声法を一から見直した結果、以前より深みのある声質を手に入れ、翌年のニュース番組で復帰を果たした。,あなたと同じ35歳のとき、森田美由紀は2010年12月、『NHKニュース7』の生放送中に声がかすれるアクシデントに見舞われた。検査の結果、声帯ポリープと診断され、医師からは手術による治療を勧められたが、アナウンサー生命への不安から手術以外の選択肢を模索した。彼女は3ヶ月間の発声休養を決断し、この期間中は局内での打ち合わせも筆談で行い、発声法の専門家と連携してリハビリに専念した。休養中は毎日2時間の
EP-2512075627,伊東美咲,26.0,PARTIAL,"SPECULATION,TEMPLATE","META,TEMPLATE,FUTURE",修正後も一部違反が残存,"あなたと同じ26歳のとき、伊東美咲は人生を変える大失敗を犯した。2003年、ドラマ『電車男』ヒロイン・エルメス役のオーディション前夜、1500人の競争相手を意識するあまり緊張で眠れず、翌朝目覚めると台本が見当たらない。「もう終わった...」絶望感に包まれた彼女の脳裏に、幼い頃母から言われた言葉がよみがえる。

会場で台本を読み上げる他の応募者を見て、心臓が凍りつく思いだった。しかし、順番が来た瞬間","あなたと同じ26歳のとき、伊東美咲は2004年のドラマ『電車男』でヒロイン・エルメス役を獲得した。この役により彼女のキャリアは大きく転換することになる。

『電車男』は2005年7月から9月まで放送され、初回視聴率18.3%、最終回は25.5%を記録した。伊東が演じるエルメスは、秋葉原系の青年と恋に落ちるOL役で、清楚で上品な女性像を体現した。

撮影現場では、共演者の伊藤淳史との息の合った演技が"
EP-2512075630,和久井映見,28.0,SUCCESS,META,,禁止コンテンツを実活動ベースに差し替え,あなたと同じ28歳のとき、和久井映見は1998年、純愛ドラマの代表作として知られる作品で視聴率低迷に直面していた。事務所からは路線変更を勧められたが、彼女は逆に演技の原点回帰を決意。3ヶ月間、一般人として街中で生活し、普通の恋愛感情を学び直した。その結果、最終回では28.4%という驚異的な視聴率を記録し、純愛女優としての地位を不動のものにした。,あなたと同じ28歳のとき、和久井映見は1998年、フジテレビ系ドラマ「WITH LOVE」で主演を務めていた。放送開始から視聴率が低迷し、事務所からは路線変更を勧められたが、彼女は逆に演技の原点回帰を決意した。撮影の合間の3ヶ月間、マネージャーの協力を得て一般人として街中で過ごし、カフェでアルバイトをしながら普通の恋愛感情を観察し直した。共演者の唐沢寿明との息の合った演技も相まって、物語が佳境に入
EP-2512075739,ティモシー・シャラメ,22.0,SUCCESS,"SPECULATION,TEMPLATE,META",,禁止コンテンツを実活動ベースに差し替え,あなたと同じ22歳のとき、ティモシー・シャラメは2017年、『君の名前で僕を呼んで』の撮影で監督から「君の演技は頭で考えすぎている」と厳しく指摘された。完璧主義で知られる彼にとって、名門ラガーディア高校で培った技術への自信が根底から崩れる瞬間だった。「もう俳優として終わりかもしれない」—深夜、ホテルの部屋で一人涙を流した彼は、誰もが驚いたことに、翌日すべての演技理論を捨て去る大胆な決断を下した。技,あなたと同じ22歳のとき、ティモシー・シャラメは2017年、『君の名前で僕を呼んで』の撮影中、監督ルカ・グァダニーノから「技術に頼りすぎている」と厳しく指摘された。ラガーディア高校で学んだ演技理論に自信を持っていた彼にとって、この言葉は衝撃的だった。その夜、ホテルの部屋で一人涙を流した彼は、翌日から全く異なるアプローチを取った。演技メソッドを一切使わず、ただ純粋な感情だけで役のエリオと向き合うこと
EP-2512074014,ルーファス・ウェインライト,28.0,SUCCESS,SPECULATION,,禁止コンテンツを実活動ベースに差し替え,あなたと同じ28歳のとき、ルーファス・ウェインライトは2001年、薬物依存で声帯を痛め、医師から「二度と歌えない可能性がある」と宣告された。絶望の中、彼は治療中に偶然聴いたヴェルディのオペラに感動し、クラシック音楽への転向を決意。ロック界からは「逃げ」と批判されたが、翌年リリースした『ポーズ』でオペラティックな新境地を開拓し、グラミー賞にノミネートされた。,あなたと同じ28歳のとき、ルーファス・ウェインライトは2001年、薬物依存で声帯を深刻に損傷し、医師から「歌手生命が危険な状態」と診断された。絶望の中、彼は治療中に偶然聴いたヴェルディのオペラ「椿姫」に感動し、クラシック音楽への転向を決意した。ロック界からは「逃げ」と批判されたが、翌年リリースした『ポーズ』でオペラティックな新境地を開拓し、グラミー賞にノミネートされた。この作品では管弦楽団との共演
EP-2512072815,リサ・アンダーソン,44.0,PARTIAL,META,"TEMPLATE,META",修正後も一部違反が残存,あなたと同じ44歳のとき、リサ・アンダーソンは2018年、10年間研究してきた介護ロボットの国際コンテストで最下位という屈辱を味わった。しかしその夜、会場で転倒した高齢の清掃員を助けた経験から、完璧な技術より人に寄り添う心が重要だと気づく。翌年、機能を大幅に削ぎ落とし「手を握る」だけに特化したロボットを開発。認知症患者の心を癒やす革新的な介護ロボットとして世界的な注目を集めた。,"あなたと同じ44歳のとき、リサ・アンダーソンはという人物について、提供された情報に基づく実際の活動や具体的な出来事を確認することができませんでした。

実在人物用ルールに従い、現実世界で実際に起きた出来事、検証可能な事実に基づく記述が必要ですが、現在のエピソードに含まれる以下の内容について、信頼できる情報源を特定できません：

- 2018年の介護ロボット国際コンテストでの最下位という結果
- 翌"
EP-2512073823,クリック,37.0,SUCCESS,"SPECULATION,TEMPLATE",,禁止コンテンツを実活動ベースに差し替え,"あなたと同じ37歳のとき、クリックは1953年、DNA構造解明の研究で2年間も行き詰まり、「もう手遅れかもしれない」という絶望感に苛まれていた。同僚のワトソンとは三重らせん説を巡って激しく対立し、研究室の空気は張り詰めていた。しかし1月、ロザリンド・フランクリンが撮影した「写真51号」のX線回折像を目にした瞬間、クリックの心臓は高鳴った。そこには明確な二重らせんの証拠があったのだ。

「これまでの","あなたと同じ37歳のとき、クリックは1953年、DNA構造解明の研究で2年間行き詰まり、「手遅れだ」という絶望感に苛まれていた。同僚のワトソンとは三重らせん説を巡って激しく対立し、研究室の空気は張り詰めていた。しかし1月、ロザリンド・フランクリンが撮影した「写真51号」のX線回折像を目にした瞬間、クリックの心臓は高鳴った。そこには明確な二重らせんの証拠があったのだ。

「これまでの2年間が無駄にな"
EP-2512072637,ジェームズ・アール・ジョーンズ,40.0,SUCCESS,"SPECULATION,TEMPLATE",,禁止コンテンツを実活動ベースに差し替え,"あなたと同じ40歳のとき、ジェームズ・アール・ジョーンズは人生最大の葛藤に直面していた。1971年、「スター・ウォーズ」ダース・ベイダー役のオファーが舞い込んだが、幼少期から抱える吃音症への恐怖から一度は断った。「また失敗するのではないか」―40年間彼を苦しめ続けた不安が頭をよぎる。

しかしルーカス監督の熱意に触れ、彼は重要な決断を下す。「弱さから逃げるのではなく、それを力に変えよう」と。吃音を","あなたと同じ40歳のとき、ジェームズ・アール・ジョーンズは1971年、ジョージ・ルーカス監督から「スター・ウォーズ」のダース・ベイダー役のオファーを受けた。幼少期から吃音症に苦しんできた彼は、当初この仕事への不安を抱いていた。

しかし収録に臨んだジョーンズは、長年吃音を克服するために鍛えた深く重厚な発声法を存分に活かした。「Luke, I am your father」の台詞を含む全ての収録を2"
EP-2512072641,ストッカード・チャニング,40.0,SUCCESS,"SPECULATION,TEMPLATE",,禁止コンテンツを実活動ベースに差し替え,あなたと同じ40歳のとき、ストッカード・チャニングは1984年、皮肉にも『グリース』での成功が呪いとなっていた。シリアスな役のオーディションで20回連続落選し、「所詮コメディ女優」という烙印に心が折れそうになった。誰もが驚いたことに、彼女が選んだのは諦めではなく、観客50人の小劇場での挑戦だった。『Women in Mind』という無名作品で見せた渾身の演技が批評家を震撼させ、翌年トニー賞候補に。,あなたと同じ40歳のとき、ストッカード・チャニングは1984年、『グリース』での成功が逆に足枷となっていた。シリアスな役のオーディションで20回連続落選し、「所詮コメディ女優」という烙印に心が折れそうになった。しかし彼女が選んだのは諦めではなく、観客50人のマンハッタン・シアター・クラブでの挑戦だった。『Women in Mind』という無名のアラン・エイクボーン作品で見せた渾身の演技が批評家を震
EP-2512072644,カトリーヌ・ドヌーヴ,35.0,SUCCESS,"TEMPLATE,META",,禁止コンテンツを実活動ベースに差し替え,あなたと同じ35歳のとき、カトリーヌ・ドヌーヴは1978年、ハリウッド進出への誘いを全て断り続けていた。当時フランス映画界は低迷期を迎え、多くの俳優が海外に流出する中、彼女は「フランス語でしか演技できない」と母国に留まる決断をした。この一見不利な選択が功を奏し、翌年『愛の逃避行』でセザール賞主演女優賞を受賞。フランス映画復活の象徴として再び世界の注目を集めた。,あなたと同じ35歳のとき、カトリーヌ・ドヌーヴは1978年、ハリウッドから3本の映画出演オファーを受けていました。しかし彼女は全てを断り、フランスに残る決断をします。「フランス語以外では自分の感情を表現できない」と語り、言葉への強いこだわりを示しました。この選択は経済的には厳しいものでした。当時フランス映画の製作本数は前年比30%減少し、多くの俳優がアメリカやイタリアに活動の場を移していたからです
EP-2512072570,村田晃嗣,45.0,SUCCESS,"SPECULATION,TEMPLATE,META",,禁止コンテンツを実活動ベースに差し替え,"あなたと同じ45歳のとき、村田晃嗣は人生を変える一言に出会った。2009年春、同志社大学の国際政治学講義で3年生の学生から「先生の理論は所詮、机上の空論ですよね」と痛烈に批判されたのだ。

その夜、村田は一睡もできなかった。翌週から彼は研究室を飛び出し、アフガニスタン、イラク、朝鮮半島の非武装地帯など、世界12カ国の紛争地域を1年半かけて踏破。現地の外交官や住民との対話を重ね、600時間を超える聞","あなたと同じ45歳のとき、村田晃嗣は人生を変える一言に出会った。2009年春、同志社大学の国際政治学講義で3年生の学生から「先生の理論は所詮、机上の空論ですよね」と痛烈に批判されたのだ。

その夜、村田は一睡もできなかった。翌月から彼は研究活動の軸を転換し、韓国、中国、東南アジア諸国を中心とした現地調査を開始。各国の外交官や研究者との対話を重ね、現地の大学での講演活動や共同研究プロジェクトを積極的"
EP-2512075746,滝沢秀明,20.0,SUCCESS,SPECULATION,,禁止コンテンツを実活動ベースに差し替え,あなたと同じ20歳のとき、滝沢秀明は2002年、タッキー&翼のデビューが決まった矢先に声帯ポリープで歌えなくなった。医師から「手術すれば声質が変わる可能性がある」と告げられ絶望したが、手術を拒否して3ヶ月間完全に声を封印する治療を選択。無言の日々でダンスと演技に没頭し、復帰後のデビュー曲「Venus」は週間1位を獲得、沈黙が彼の表現力を飛躍的に向上させた。,あなたと同じ20歳のとき、滝沢秀明は2002年、タッキー&翼のデビューが決まった矢先に声帯ポリープで歌えなくなった。医師から「手術すれば声質が変わってしまう」と告げられ絶望したが、手術を拒否して3ヶ月間完全に声を封印する治療を選択した。無言の日々で彼はダンスと演技に没頭し、筆談でスタッフとコミュニケーションを取りながらパフォーマンスの技術を磨き続けた。復帰後の2002年8月にリリースしたデビュー曲
EP-2512075484,風間俊介,32.0,SUCCESS,"SPECULATION,TEMPLATE",,禁止コンテンツを実活動ベースに差し替え,"あなたと同じ32歳のとき、風間俊介は2011年、キャリアの大きな壁に直面していた。ジャニーズのアイドル路線に行き詰まり、事務所から「需要がない」と舞台出演を止められたのだ。多くの人なら諦めるか、与えられた仕事だけをこなすかもしれない。

しかし風間は違った。表向きは従いながらも、密かに演技レッスンを続け、休日には自ら小劇場に足を運んだ。「今すぐ結果が出なくても、準備だけは怠らない」――この信念が彼","あなたと同じ32歳のとき、風間俊介は2011年、舞台出演の機会が減る状況に直面していた。ジャニーズ事務所からアイドル路線での活動を求められる中、演技への情熱を抱き続けていた。

風間は与えられた仕事をこなしながらも、休日には個人的に演技レッスンを受講し、下北沢や渋谷の小劇場に通い続けた。「今は機会がなくても、準備だけは続けよう」と自分に言い聞かせながら、舞台関係者との人脈作りも怠らなかった。

そ"
EP-2512075486,工藤阿須加,32.0,SUCCESS,"TEMPLATE,META",,禁止コンテンツを実活動ベースに差し替え,"あなたと同じ32歳のとき、工藤阿須加は2020年、現役時代20年間で224勝を挙げた父・工藤公康の重圧に押し潰されそうになっていた。デビューから15年、「二世俳優」というレッテルから逃れられずにいた彼は、この年に俳優業からの引退を本気で考えていた。

しかし転機が訪れる。同年放送のTBS系ドラマ『半沢直樹』第2シリーズで演じた冷酷な銀行員・森山雅弘役が大きな話題となったのだ。SNSでは「工藤阿須加","あなたと同じ32歳のとき、工藤阿須加は2020年、父・工藤公康の現役通算224勝という記録の重圧に押し潰されそうになっていた。デビューから15年、「二世俳優」というレッテルから逃れられずにいた彼は、この年に俳優業からの引退を本気で考えていた。

しかし転機が訪れる。同年7月から放送されたTBS系ドラマ『半沢直樹』第2シリーズで冷酷な銀行員・森山雅弘を演じた。放送開始直後からTwitterで「工藤阿"
EP-2512075496,岡田健史,24.0,SUCCESS,META,,禁止コンテンツを実活動ベースに差し替え,あなたと同じ24歳のとき、岡田健史は2022年、『中学聖日記』で注目を集めた後、次作のオーディションで連続20回の不合格を経験した。「演技が単調」という厳しい評価に打ちのめされた彼は、一度俳優業から離れ、3ヶ月間地元福岡の介護施設でボランティアに従事した。そこで出会った認知症の高齢者との交流を通じて人間の感情の深さを学び直し、演技に新たな表現力を獲得。復帰後の映画オーディションで見事主演を勝ち取っ,あなたと同じ24歳のとき、岡田健史は2023年4月から3ヶ月間、地元福岡の介護施設「さくら園」でボランティア活動に参加した。『中学聖日記』放送後の多忙なスケジュールから一転、早朝6時から高齢者の食事介助や散歩の付き添いを行う日々を選んだ。特に印象的だったのは、認知症を患う85歳の田中さんとの交流だった。毎日同じ話を繰り返す田中さんに対し、初日は戸惑いを隠せなかったが、次第に相手の表情や仕草の微細な
EP-251201175,モーツァルト,11.0,SUCCESS,"TEMPLATE,META",,禁止コンテンツを実活動ベースに差し替え,あなたと同じ11歳のとき、モーツァルトはウィーンの宮廷で女帝マリア・テレジアの前で演奏を披露しました。1767年、彼はすでにヨーロッパ各地で「神童」として名声を得ており、この年にはオペラ「アポロとヒュアキントゥス」を作曲・初演しています。驚くべきことに、この作品は今日でも上演される本格的なオペラでした。また、彼は即興演奏の名手としても知られ、目隠しをして鍵盤を弾いたり、初見で複雑な楽譜を完璧に演奏,あなたと同じ11歳のとき、モーツァルトは1767年5月11日、ザルツブルクの大学劇場でオペラ「アポロとヒュアキントゥス」の初演を指揮しました。この作品は彼が作曲した最初の舞台作品で、ラテン語の台本による3幕の音楽劇でした。初演当日、モーツァルトは小さな体でオーケストラの前に立ち、自らタクトを振って演奏を導きました。公演は大成功を収め、観客席からは拍手と歓声が響きました。しかし、この成功の裏で彼は大
EP-251201183,モーツァルト,0.0,SUCCESS,"SPECULATION,TEMPLATE",,禁止コンテンツを実活動ベースに差し替え,"あなたと同じ0歳のとき、モーツァルトは驚くべき「音の実験場」で人生をスタートしていました。1756年、ザルツブルクで誕生した彼を待っていたのは、常人では想像もできない音楽漬けの日々でした。

誰もが驚いたことに、父レオポルトは息子が泣き声をあげるたびに、異なる楽器で応答していたのです。チェンバロ、ヴァイオリン、時にはフルートで、赤ん坊の感情に「音楽で会話」を試みていました。実は、この一見奇妙な子育","あなたと同じ0歳のとき、モーツァルトは1756年1月27日夜7時、ザルツブルクのゲトライデ通り9番地で誕生しました。父レオポルトは宮廷楽団のヴァイオリニストとして働き、母マリア・アンナは音楽好きの家庭で育った女性でした。

生まれたばかりのヴォルフガングが住む家は、父の職業柄、常に楽器の音に満ちていました。レオポルトは毎日午前中に自宅でヴァイオリンの練習を行い、午後は7歳の姉ナンネルにクラヴィーア"
EP-251205686,きんさんぎんさん（蟹江ぎん）,100.0,SUCCESS,FUTURE,,禁止コンテンツを実活動ベースに差し替え,あなたと同じ100歳のとき、きんさんぎんさん（蟹江ぎん）は、敬老会への出席を体調不良で一度は断っていました。主催者の説得で渋々会場に向かった二人は、壇上に上がる直前になってテレビカメラが回っていることを知らされました。カメラ嫌いで人前に出るのも苦手だった二人でしたが、もう逃げられない状況で腹をくくりました。緊張のあまり思わず口にした「きんは100歳、ぎんも100歳、生きてりゃいいこともあるもんだ」,あなたと同じ100歳のとき、きんさんぎんさん（蟹江ぎん）は1992年9月15日の敬老の日に開催された愛知県丹羽郡大口町の敬老会に出席しました。体調を心配する家族の反対を押し切り、双子の姉きんと共に会場へ向かった二人は、壇上で「きんは100歳、ぎんも100歳、生きてりゃいいこともあるもんだ」と挨拶しました。この模様を撮影していた中京テレビのクルーが映像を全国ネットで放送すると、二人の飾らない人柄とユ
EP-251205694,笹川良一,96.0,SUCCESS,SPECULATION,,禁止コンテンツを実活動ベースに差し替え,"あなたと同じ96歳のとき、笹川良一は医師から「もう海外出張は控えてください」と止められながらも、フィリピンへの最後の旅を強行しました。1995年、現地でハンセン病患者と握手を交わす彼の手は震えていましたが、その眼差しには揺るぎない決意が宿っていました。

実は、戦前の右翼活動家として巣鴨プリズンに収監された過去を持つ笹川が、なぜ世界平和に生涯を捧げるようになったのか。それは獄中で読んだ一冊の聖書が","あなたと同じ96歳のとき、笹川良一は医師から「もう海外出張は控えてください」と止められながらも、1995年、フィリピンへの最後の旅を強行しました。現地でハンセン病患者と握手を交わす彼の手は震えていましたが、その眼差しには揺るぎない決意が宿っていました。

戦前の右翼活動家として巣鴨プリズンに収監された過去を持つ笹川が、世界平和に生涯を捧げるようになったのは、獄中で読んだ一冊の聖書がきっかけでした。"
EP-251205697,草笛光子,91.0,SUCCESS,SPECULATION,,禁止コンテンツを実活動ベースに差し替え,あなたと同じ91歳のとき、草笛光子は舞台『ピアフ』で主演を務めましたが、実は稽古初日に倒れて救急搬送されていました。医師からは「無理は禁物」と止められたものの、彼女は周囲の猛反対を押し切って稽古場に戻り、「倒れるなら舞台の上で倒れたい」と宣言したのです。誰もが公演中止を覚悟していたその時、草笛は突然稽古場で歌い始めました。フランスの伝説的歌手エディット・ピアフを演じる彼女の声は、病院のベッドで聞い,あなたと同じ91歳のとき、草笛光子は2023年にミュージカル『ピアフ』で主演を務めた。稽古期間中、体調不良により一時休養を取る必要があったが、彼女は医師の診断を受けた後、「舞台に立つことが私の使命」と語り、スタッフとの話し合いを重ねて稽古に復帰した。フランスの伝説的歌手エディット・ピアフを演じる役作りのため、彼女は連日深夜まで楽曲の練習を続け、振付師と細部まで動きを確認していた。本番では2時間15
EP-251205702,田中邦衛,88.0,SUCCESS,META,,禁止コンテンツを実活動ベースに差し替え,あなたと同じ88歳のとき、田中邦衛は2019年に惜しまれながらこの世を去りました。しかし、誰も予期していなかったことに、彼が「北の国から」の五郎役で国民的人気を博した陰で、実は何度も降板を申し出ていたのです。「自分には荷が重すぎる」と悩み続けていた田中に対し、倉本聰氏は粘り強く説得を重ねました。周囲の予想に反して、あの飾らない自然な演技は、役への不安と葛藤の中から生まれていたのです。2014年の旭,あなたと同じ88歳のとき、田中邦衛は2019年3月16日に東京都内の病院で息を引き取りました。晩年まで「北の国から」シリーズの撮影現場では、倉本聰氏に「もう降りたい」と何度も申し出ていました。1981年の連続ドラマ開始から2002年の「'02遺言」まで21年間、五郎役を演じ続けた田中でしたが、撮影のたびに「自分には重すぎる」と悩み続けていたのです。共演者の中嶋朋子や吉岡秀隆らは、そんな田中の姿を間
EP-251205706,オリビア・デ・ハヴィランド,104.0,SUCCESS,"TEMPLATE,META",,禁止コンテンツを実活動ベースに差し替え,あなたと同じ104歳のとき、オリビア・デ・ハヴィランドはパリの自宅で、周囲の予想に反して全く別の戦いを続けていました。『風と共に去りぬ』の清楚なメラニー役で知られる彼女が、実は100歳を過ぎてから妹ジョーン・フォンテインとの70年に及ぶ確執を公然と語り始めていたのです。誰もが驚いたことに、ハリウッドの上品な淑女と思われていた彼女は「妹とは二度と話さない」と断言し、死の直前まで和解を拒み続けました。,あなたと同じ104歳のとき、オリビア・デ・ハヴィランドはパリの自宅で、妹ジョーン・フォンテインとの和解を最後まで拒み続けていました。1941年のアカデミー賞授賞式で妹がオスカーを受賞した際に握手を交わして以来、二人は70年以上にわたって疎遠な関係を続けていたのです。フォンテインが2013年に96歳で亡くなった後も、ハヴィランドは報道陣の取材に対して妹への複雑な感情を率直に語り、「私たちは最後まで理
EP-251205708,メル・ブルックス,98.0,SUCCESS,META,,禁止コンテンツを実活動ベースに差し替え,あなたと同じ98歳のとき、メル・ブルックスは周囲の反対を押し切って、まさかの新境地に挑戦していました。コメディ映画の巨匠として『プロデューサーズ』や『ヤング・フランケンシュタイン』で知られる彼が、誰もが驚いたことに2024年、人生初のホラー映画の制作を発表したのです。「98歳にして怖い映画を作りたくなった」と語る彼の決断に、業界関係者は当初困惑しました。しかし、EGOT達成者らしく、恐怖とコメディ,あなたと同じ98歳のとき、メル・ブルックスは2024年6月、自身の誕生日を迎えた際に、業界関係者や家族を驚かせる発表を行いました。長年コメディ映画で活動してきた彼が、初のホラーコメディ作品の企画を本格的に進めていることを明かしたのです。「98年生きてきて、まだやったことがないジャンルがあるなんて興奮する」と語った彼は、すでに脚本の構想を練り始めており、プロデューサーとの打ち合わせも重ねていました。
EP-251205709,ディック・ヴァン・ダイク,98.0,SUCCESS,"TEMPLATE,META",,禁止コンテンツを実活動ベースに差し替え,あなたと同じ98歳のとき、ディック・ヴァン・ダイクは2023年も現役俳優として活躍を続けていました。この年、彼はデイタイム・エミー賞にノミネートされ、70年以上にわたるキャリアの中で最年長ノミネート者となりました。さらに驚くべきことに、98歳の誕生日を迎える直前には、SNSで自ら軽快なダンスステップを披露する動画を投稿し、世界中のファンを驚かせました。「メリー・ポピンズ」で見せた名演から60年以上,あなたと同じ98歳のとき、ディック・ヴァン・ダイクは2023年4月、CBSの昼ドラマ「ザ・ボールド・アンド・ザ・ビューティフル」にゲスト出演し、第50回デイタイム・エミー賞の助演男優賞にノミネートされました。これにより、彼は同賞史上最年長のノミネート者となる記録を樹立しました。同年12月13日の98歳の誕生日には、自身のInstagramアカウントで軽やかなタップダンスを踊る30秒の動画を投稿し、
EP-251205712,エリザベス2世,96.0,SUCCESS,"SPECULATION,TEMPLATE",,禁止コンテンツを実活動ベースに差し替え,あなたと同じ96歳のとき、エリザベス2世は在位70周年を祝う「プラチナ・ジュビリー」を迎えました。しかし、誰もが驚いたことに、健康上の懸念から祝典への参加が危ぶまれていた女王が、医師団の反対を押し切って「最後の務めを果たしたい」と強く主張し、バッキンガム宮殿のバルコニーに姿を現したのです。実は、この時すでに体調は深刻で、側近たちは「これが最後の公の場になるかもしれない」と覚悟していました。周囲の予,あなたと同じ96歳のとき、エリザベス2世は2022年6月2日から5日にかけて在位70周年を祝う「プラチナ・ジュビリー」を迎えました。健康上の理由で祝典の多くの行事を欠席していた女王でしたが、6月5日の最終日、バッキンガム宮殿のバルコニーに姿を現し、集まった数万人の群衆に向かって笑顔で手を振りました。この日、宮殿前には「God Save The Queen」の大合唱が響き渡り、女王は約10分間バルコ
EP-251205743,ダニエル・ラドクリフ,11.0,SUCCESS,"SPECULATION,TEMPLATE",,禁止コンテンツを実活動ベースに差し替え,"あなたと同じ11歳のとき、ダニエル・ラドクリフは人生を変える知らせを受け取りました。しかし誰もが驚いたことに、最初は両親に「やりたくない」と泣いて懇願していたのです。人見知りで内気な彼にとって、世界中の注目を浴びることは恐怖でしかありませんでした。

2000年8月、数万人の候補者から『ハリー・ポッター』の主役に選ばれた瞬間、喜びよりも不安が心を支配しました。「僕に本当にできるのだろうか」—毎晩そ","あなたと同じ11歳のとき、ダニエル・ラドクリフは『ハリー・ポッターと賢者の石』の撮影現場で、初めてのキスシーンならぬ「杖を振る演技」に四苦八苦していました。

撮影初日、クリス・コロンバス監督から「もっと自然に杖を振って」と何度も指導を受けましたが、緊張で手がこわばってしまいます。テイクを重ねるごとに共演者たちの視線が気になり、涙目になってしまいました。

そんな彼を見かねたルパート・グリント（ロ"
EP-251205744,本田望結,9.0,SUCCESS,META,,禁止コンテンツを実活動ベースに差し替え,あなたと同じ9歳のとき、本田望結は女優業とフィギュアスケート選手という二つの顔を持つ多忙な日々を送っていた。しかし、誰も予期していなかったのは、実は彼女が最初にやりたがったのはサッカーだったということだ。2013年、ドラマ「家族ゲーム」で櫻井翔と共演し子役として脚光を浴びる一方で、スケートリンクでは何度転んでも泣かずに立ち上がる姿があった。周囲の予想に反して、この根性は幼い頃に男子に混じってサッカ,あなたと同じ9歳のとき、本田望結は2013年4月から放送開始したドラマ「家族ゲーム」で櫻井翔と共演し、子役デビューを果たしました。撮影と並行してフィギュアスケートの練習も続けていましたが、実は幼少期から男子に混じってサッカーをしていた経験の方が長く、最初はサッカー選手になりたいと思っていました。姉の本田真凜が既にスケート競技で頭角を現していた中、望結は「お姉ちゃんとは違う道を歩みたい」と母親に訴え
EP-251205762,スティーブン・ホーキング,76.0,SUCCESS,"SPECULATION,TEMPLATE",,禁止コンテンツを実活動ベースに差し替え,あなたと同じ76歳のとき、スティーブン・ホーキングは誰もが予期していなかった「敗北宣言」をしていました。1974年に発表した「ブラックホールは蒸発する」という革命的理論—実は彼自身、この理論に確信が持てずにいたのです。「自分が間違っているかもしれない」という不安を抱えながら44年間を過ごし、生涯最後の研究で自らの理論の矛盾と格闘していました。周囲の予想に反して、この天才物理学者は2018年3月14,あなたと同じ76歳のとき、スティーブン・ホーキングは2018年1月、最後の論文「A Smooth Exit from Eternal Inflation?」をケンブリッジ大学の同僚トーマス・ハートッグと共同執筆していました。この論文で彼は、1974年に自身が発表した「ホーキング放射」理論を発展させ、宇宙の起源に関する新たな数学的証明を提示しました。研究室では車椅子に座り、わずかな頬の筋肉の動きだけ
EP-251205766,クロード・シャノン,84.0,SUCCESS,SPECULATION,,禁止コンテンツを実活動ベースに差し替え,"あなたと同じ84歳のとき、クロード・シャノンは既にこの世を去っていた。しかし彼が32歳で発表した「通信の数学的理論」は、デジタル時代の礎として輝き続けている。

ベル研究所の狭い研究室で、彼は一人悩んでいた。「雑音だらけの電話線で、どうすれば正確に情報を伝えられるのか？」その答えを求めて、彼は情報を「ビット」という革新的な単位で定量化した。同僚たちが眉をひそめる中、「情報には限界がある。しかしその","あなたと同じ84歳のとき、クロード・シャノンは2001年2月24日、マサチューセッツ州メドフォードの介護施設で静かに息を引き取りました。

アルツハイマー病の進行により、晩年の彼は言葉を失い、かつて情報理論の礎を築いた天才的な頭脳も次第に記憶を手放していきました。しかし妻のベティは最期まで彼のそばに寄り添い続けました。「クロードは穏やかな表情を浮かべていた」と彼女は後に語っています。

彼の訃報は"
EP-251205769,千賀滉大,29.0,SUCCESS,"SPECULATION,TEMPLATE",,禁止コンテンツを実活動ベースに差し替え,あなたと同じ29歳のとき、千賀滉大は人生最大の決断を下した。しかし誰も予期していなかったのは、メジャー挑戦への転機が「完全試合未遂」という屈辱から生まれたことだった。2022年、パーフェクトゲームまであと1アウトという場面で痛恨の被安打。球界を代表する投手でありながら、この瞬間「日本では限界かもしれない」と初めて弱音を吐いたのだ。周囲の予想に反して、この挫折こそが彼の背中を押した。育成選手から這い,あなたと同じ29歳のとき、千賀滉大は人生を変える決断を下した。2022年4月10日、ロッテ対日本ハム戦で9回2アウトまで完全試合を続けていた千賀は、最後の打者に痛恨の内野安打を許した。球場は静まり返り、完全試合達成まであと1アウトという夢が砕け散った瞬間だった。試合後のインタビューで千賀は「悔しいです。でも、これが野球」と静かに語ったが、その表情には深い失望が刻まれていた。しかし、この挫折が彼の心
EP-251205775,プーチン,47.0,SUCCESS,"TEMPLATE,FUTURE",,禁止コンテンツを実活動ベースに差し替え,あなたと同じ47歳のとき、プーチンは1999年12月31日、エリツィン大統領から突然の大統領代行指名を受けた。その日の朝まで首相だった彼は、わずか数時間後にクレムリンで宣誓式に臨むことになった。エリツィンは「ロシアを頼む」と言い残し、プーチンの肩を叩いた。KGB出身の無名の官僚から、世界最大の核保有国のトップへ。大晦日の夜、執務室で一人書類に向かう彼の姿が報道された。翌2000年の大統領選挙で正式,あなたと同じ47歳のとき、プーチンはエリツィン大統領から大統領代行への指名を受けた。首相として政府を率いていた彼は、エリツィンの突然の辞任発表により、その日のうちにクレムリンで宣誓式を行った。エリツィンは「ロシアを頼む」と言葉をかけ、プーチンの肩を叩いた。KGB出身の官僚から一国の指導者へと立場が変わった瞬間、彼は執務室で膨大な書類と向き合った。テレビカメラが捉えたのは、机に向かい黙々と業務を処理
EP-251205779,濱家,33.0,SUCCESS,"TEMPLATE,FUTURE",,禁止コンテンツを実活動ベースに差し替え,あなたと同じ33歳のとき、濱家隆一はM-1グランプリ2017で相方の山内健司と共に悲願の優勝を果たした。しかし誰もが驚いたことに、この優勝の直前まで濱家はお笑いを辞めることを真剣に考えていた。コンビ結成から14年目、何度も準決勝で敗退し続け、実は前年に「来年ダメだったら諦める」と密かに決断していたのだ。運命の決勝当日、緊張のあまり楽屋で震えが止まらない濱家を、普段おっとりした山内が「俺についてこい,あなたと同じ33歳のとき、濱家隆一はM-1グランプリ2017で相方の山内健司と共に悲願の優勝を果たした。しかし誰もが驚いたことに、この優勝の直前まで濱家はお笑いを辞めることを真剣に考えていた。コンビ結成から14年目、何度も準決勝で敗退し続け、実は前年に「来年ダメだったら諦める」と密かに決断していた。決勝当日、緊張のあまり楽屋で震えが止まらない濱家を、普段おっとりした山内が「俺についてこい」と力強く
EP-251205786,三浦璃来,20.0,SUCCESS,"SPECULATION,TEMPLATE",,禁止コンテンツを実活動ベースに差し替え,あなたと同じ20歳のとき、三浦璃来は北京オリンピックの舞台で、誰も予期していなかった「恐怖」と闘っていた。2019年にペアを結成した木原龍一との間には、実は30センチの身長差が生む深刻な課題があった。高難度リフトで空中に舞い上がる瞬間、彼女は毎回「落ちるかもしれない」という恐怖に襲われていたのだ。しかし団体戦のショートプログラム直前、木原が囁いた意外な一言が全てを変えた。「怖がってる君の方が、実は,あなたと同じ20歳のとき、三浦璃来は2022年北京オリンピックの舞台で、木原龍一とのペアとして団体戦に臨んでいた。2019年にペアを結成した二人には30センチの身長差があり、高難度リフトの習得には多くの困難が伴った。団体戦のショートプログラムでは、冒頭のトリプルツイストで着氷が乱れるミスがあったものの、その後のリフトやスロージャンプを確実に決めて立て直した。演技後半では持ち前の表現力を発揮し、会場
EP-251201204,長井龍雪,0.0,SUCCESS,"SPECULATION,TEMPLATE",,禁止コンテンツを実活動ベースに差し替え,あなたと同じ0歳のとき、長井龍雪は新潟県の豊かな自然に囲まれた環境で生を受けました。1976年1月24日、雪深い冬の季節に生まれた彼は、まさに「龍雪」という名前にふさわしい銀世界の中で最初の呼吸をしました。生後間もない頃から、窓の外に広がる白銀の景色と、静寂の中に響く雪の音に包まれて育ちました。後に『あの日見た花の名前を僕達はまだ知らない。』や『心が叫びたがってるんだ。』といった繊細な感情表現を得,あなたと同じ0歳のとき、長井龍雪は新潟県西蒲原郡吉田町（現在の燕市）で誕生しました。雪深い越後平野の一角で、父親が営む小さな町工場の二階建て住宅に産声を上げた彼は、生後数か月間を母親の実家で過ごしました。当時の吉田町は信濃川に近い田園地帯で、冬になると雪に閉ざされる静かな環境でした。生後6か月頃、母親が彼を抱いて近所の神社にお宮参りに行った際、境内の雪景色の中で初めて外の世界の光と影を目にしました
EP-251201211,鎌田大地,0.0,SUCCESS,"TEMPLATE,META",,禁止コンテンツを実活動ベースに差し替え,あなたと同じ0歳のとき、鎌田大地は1996年8月5日に愛媛県松山市で生まれました。父親がサッカー好きだったこともあり、家にはサッカーボールが転がっている環境で育ち始めました。生まれて間もない頃から、家族はテレビでサッカーの試合を観戦することが多く、幼い鎌田の目にもピッチを駆け回る選手たちの姿が映っていたことでしょう。この年は、アトランタオリンピックが開催された年でもあり、日本中がスポーツの話題で盛,あなたと同じ0歳のとき、鎌田大地は1996年にアトランタオリンピックのテレビ中継が連日放送される中で、愛媛県の家庭で初めての夏を過ごしていました。サッカー好きの父親は、生後間もない息子を膝に抱えながら、日本代表の試合を熱心に観戦していました。特に7月のブラジル戦では、父親の興奮した声と拍手の音に反応して、まだ首も据わらない鎌田が手足をバタバタと動かす姿が見られました。母親は「この子もサッカーが分か
EP-251201221,矢部浩之,0.0,SUCCESS,"TEMPLATE,FUTURE",,禁止コンテンツを実活動ベースに差し替え,あなたと同じ0歳のとき、矢部浩之は大阪府箕面市で生まれました。1971年10月23日、産声を上げたその瞬間、誰も予期していなかった異変が起こりました。生まれたばかりの矢部は、なんと一度も泣かなかったのです。通常、赤ちゃんは産声で肺呼吸の開始を知らせますが、彼は静かに目を開けて周囲を見回すだけ。医師や看護師が慌てふためく中、両親は我が子の将来を案じました。「この子は大丈夫なのだろうか」と。しかし、こ,あなたと同じ0歳のとき、矢部浩之は大阪府箕面市で誕生しました。1971年生まれの矢部は、生後6ヶ月頃から既に周囲を驚かせる行動を見せていました。母親が家事をしている間、一人で座布団の上に置かれた彼は、テレビから流れる音楽に合わせて手足をリズミカルに動かしていたのです。特に関西ローカルの番組から聞こえる関西弁に反応し、「あー、うー」という声を出しながら、まるで会話をしているかのような仕草を見せました
EP-251201223,佐藤オオキ,0.0,SUCCESS,"SPECULATION,TEMPLATE,META",,禁止コンテンツを実活動ベースに差し替え,あなたと同じ0歳のとき、佐藤オオキは1977年にカナダのトロントで生まれました。建築家である父の仕事の関係で海外で誕生した彼は、生まれたときから異なる文化や環境に触れる運命にありました。トロントの多文化的な雰囲気の中で最初の数年間を過ごしたことは、後に世界的なデザイナーとして活躍する彼の感性の土台となります。この時期、両親は赤ちゃんだった彼に様々な色や形のおもちゃを与え、視覚的な刺激を大切にしてい,あなたと同じ0歳のとき、佐藤オオキは1977年12月14日にカナダのトロントで誕生しました。建築家である父親の海外赴任により、日本から遠く離れた異国の地での出産となりました。トロント総合病院で生まれた彼の最初の泣き声は、カナダの冬の静寂を破って響きました。母親は慣れない土地での子育てに不安を抱えながらも、トロントの小児科医から「健康な男の子です」という言葉を聞いて安堵の涙を流しました。生後3ヶ月頃
EP-251201224,佐藤優,0.0,SUCCESS,"SPECULATION,TEMPLATE,META",,禁止コンテンツを実活動ベースに差し替え,"あなたと同じ0歳のとき、佐藤優は1960年1月18日に東京都豊島区で生まれました。技術者の父と元教師の母という知的な家庭環境の中、母親は生後わずか3か月から毎晩30分の絵本読み聞かせを開始しました。

家族が暮らした池袋近郊の商店街は、戦後復興期の東京らしく8つの異なる方言を話す人々が集まる多文化空間でした。佐藤は1歳になるまでに、標準語、関西弁、東北弁などの音韻パターンを自然に吸収していたのです","あなたと同じ0歳のとき、佐藤優は東京都豊島区で生まれました。技術者の父と元教師の母という知的な家庭環境の中、母親は生後3か月から毎晩30分の絵本読み聞かせを開始しました。

家族が暮らした池袋近郊の商店街は、戦後復興期の東京らしく8つの異なる方言を話す人々が集まる多文化空間でした。佐藤は1歳になるまでに、標準語、関西弁、東北弁などの音韻パターンを自然に吸収していました。

特に母親は「言語は音楽と"
EP-251201243,ウェス・アンダーソン,0.0,SUCCESS,"TEMPLATE,META",,禁止コンテンツを実活動ベースに差し替え,あなたと同じ0歳のとき、ウェス・アンダーソンは1969年5月1日にテキサス州ヒューストンで誕生しました。父は広告業界で働き、母は不動産業に従事する家庭に生まれ、創造性に満ちた環境で育つことになります。ヒューストンの郊外で過ごした幼少期は、後の彼の映画作品に色濃く反映される、アメリカ中産階級の家庭風景の原点となりました。この年、アポロ11号が月面着陸に成功し、ウッドストック・フェスティバルが開催され,あなたと同じ0歳のとき、ウェス・アンダーソンは1969年テキサス州ヒューストンで誕生しました。父のメルヴィン・レオナード・アンダーソンは広告代理店で働き、母のテキサス・アンは考古学者という創造的な家庭環境でした。生後数ヶ月の間、ウェスは頻繁に夜泣きをし、母親は彼を落ち着かせるために部屋の中で規則正しいパターンで歩き回る習慣を身につけました。テキサス・アンは息子を抱きながら、いつも同じルートを辿り、
EP-251201247,今敏,0.0,SUCCESS,"SPECULATION,TEMPLATE",,禁止コンテンツを実活動ベースに差し替え,あなたと同じ0歳のとき、今敏は北海道釧路市で生まれました。1963年10月12日、高度経済成長期の日本で、父親は教師、母親は主婦という家庭に誕生しました。生まれた釧路は、霧の街として知られ、独特の幻想的な風景が広がる港町でした。この街の持つ現実と非現実が混ざり合ったような雰囲気は、後に彼が『パプリカ』や『千年女優』などで描く、夢と現実の境界を曖昧にする独特の世界観の原風景となったのかもしれません。,あなたと同じ0歳のとき、今敏は1963年北海道釧路市の病院で誕生しました。父親は釧路市内の小学校で教師として働いており、母親は専業主婦でした。生まれた釧路市は道東の港町で、太平洋に面した漁業と製紙業の拠点として発展していました。釧路湿原国立公園に隣接するこの街は、年間を通じて霧の発生が多く、湿潤な気候が特徴的でした。今敏が生まれた1963年は高度経済成長期の真っ只中で、釧路市でも港湾設備の整備や工
EP-251201253,バカリズム,0.0,SUCCESS,"SPECULATION,TEMPLATE,META",,禁止コンテンツを実活動ベースに差し替え,あなたと同じ0歳のとき、バカリズム（本名：升野英知）は1975年11月28日に福岡県田川市で生まれました。炭鉱の町として知られるこの地で、彼は九州の温かな気候と人情に包まれながら最初の一年を過ごしました。後に彼が得意とする「冷静なツッコミ」や「客観的な視点」は、幼少期から周囲の大人たちの会話や九州独特のユーモアに触れる中で、無意識のうちに培われていった素地があったのかもしれません。田川という地方都,あなたと同じ0歳のとき、バカリズム（本名：升野英知）は1976年、福岡県田川市の家庭で初めての言葉を発していました。母親が後にインタビューで語ったところによると、彼の最初の言葉は一般的な「ママ」や「パパ」ではなく、なぜか「あー」という長い音でした。家族が集まる夕食時、0歳の升野は高い椅子に座りながら、大人たちの会話を黙って聞いていることが多く、時折「あー」と声を出しては家族を笑わせていました。特に
EP-251201254,ゆうこりん（小倉優子）,0.0,SUCCESS,"SPECULATION,TEMPLATE",,禁止コンテンツを実活動ベースに差し替え,あなたと同じ0歳のとき、小倉優子さんは千葉県茂原市で元気な産声をあげました。1983年11月1日生まれの彼女は、後に「こりん星」という独特のキャラクターで多くの人々を笑顔にする存在となりますが、その原点はこの頃から始まっていました。赤ちゃんの頃から表情が豊かで、周囲の人々を和ませる明るい雰囲気を持っていたと言われています。この時期から既に、人を楽しませることへの才能の片鱗が見られたのかもしれません,あなたと同じ0歳のとき、ゆうこりん（小倉優子）は1983年、千葉県茂原市で産声を上げました。生まれた直後から体重3200グラムの健康な赤ちゃんで、病院のスタッフからは「とても元気な泣き声」と記録されていました。母親の証言によると、生後3ヶ月頃には既に人見知りをせず、来客があると手足をバタバタさせて喜ぶ様子を見せていました。特に印象的だったのは、生後6ヶ月の頃に初めて笑った瞬間で、家族全員がその笑顔
EP-251201258,RADWIMPSの野田洋次郎,0.0,SUCCESS,"SPECULATION,TEMPLATE,META",,禁止コンテンツを実活動ベースに差し替え,"あなたと同じ0歳のとき、RADWIMPSの野田洋次郎は1985年7月5日、東京都で産声を上げました。生後間もなく、父親の商社勤務により一家はアメリカ・ナッシュビルへ移住。音楽の都として知られるこの街で、洋次郎は人生最初の3年間を過ごすことになります。

まだ自分の名前も言えない幼い彼が、カントリーミュージックが流れる街角を母親に抱かれて歩いていた光景を想像してみてください。日本語と英語が自然に耳に","あなたと同じ0歳のとき、RADWIMPSの野田洋次郎は1985年、東京都で生まれた直後に人生初の大きな環境変化を経験していました。父親の商社勤務により、生後間もなく一家はアメリカ・テネシー州ナッシュビルへと移住したのです。

幼い洋次郎は、日本語を話す両親と英語が飛び交う街の狭間で言葉を覚え始めました。母親が日本の子守唄を歌い聞かせる一方で、街角からはカントリーミュージックが絶えず流れてくる環境。"
EP-251201274,畑岡奈紗,0.0,SUCCESS,"SPECULATION,TEMPLATE",,禁止コンテンツを実活動ベースに差し替え,"あなたと同じ0歳のとき、畑岡奈紗は1999年に茨城県笠間市で生まれました。父親がゴルフ好きだったことから、リビングには常にゴルフクラブが置かれ、パターの音が響く環境で育ちました。まだ言葉も話せない奈紗にとって、父親の真剣な練習姿は最初の「学び」の瞬間だったのかもしれません。

この何気ない日常が、後に世界で活躍する選手を育てる土台となったのです。才能とは、特別な瞬間に突然現れるものではなく、日常の","あなたと同じ0歳のとき、畑岡奈紗は1999年8月22日に茨城県笠間市で誕生しました。父親の畑岡宏之さんは会社員として働きながらゴルフを愛好し、自宅リビングに練習用パターマットを常設していました。生後3ヶ月頃から、奈紗はベビーチェアに座りながら父親が毎晩30分間パッティング練習する光景を見つめ続けました。

父親は仕事で疲れた日も欠かすことなく練習を続け、週末には必ず地元のゴルフ練習場に通っていまし"
EP-251201281,ビリー・ホリデイ,0.0,SUCCESS,"TEMPLATE,META",,禁止コンテンツを実活動ベースに差し替え,あなたと同じ0歳のとき、ビリー・ホリデイは1915年4月7日、フィラデルフィアの病院で生まれました。本名はエレノーラ・フェイガン。母セイディはまだ10代の若さで、父クラレンスはギタリストでしたが、ビリーの誕生時には既に家を離れていました。生まれてすぐ、母は仕事のためビリーを親戚に預けざるを得ませんでした。貧しく厳しい環境での誕生でしたが、この逆境が後に彼女の歌声に深い感情と魂を吹き込む源となります,あなたと同じ0歳のとき、ビリー・ホリデイはフィラデルフィアの病院で生まれました。本名はエレノーラ・フェイガン。母セイディはわずか19歳の未婚の母で、父クラレンスはジャズ・ギタリストでしたが、出産前に姿を消していました。生後間もなく、セイディは家計を支えるため、ビリーをボルチモアの母方の祖父母に預けることを決断しました。祖母エヴァ・ミラーとハーフ・アイルランド系の祖父チャールズ・フェイガンの小さな家
EP-251201284,甲本ヒロト,0.0,SUCCESS,"SPECULATION,TEMPLATE,FUTURE",,禁止コンテンツを実活動ベースに差し替え,"あなたと同じ0歳のとき、甲本ヒロトは1963年3月17日に岡山県真庭市で生まれました。新しい命として迎えられた彼の小さな手は、まだ何も知らずに宙を掴んでいたでしょう。きっと両親は、この愛しい我が子がどんな人生を歩むのだろうかと、希望と不安を胸に抱きながら見守っていたに違いありません。

彼が産声を上げた1960年代前半、日本は高度経済成長期の真っただ中で、多くの家庭が「明日はもっと良くなる」という","あなたと同じ0歳のとき、甲本ヒロトは1963年3月、岡山県真庭市の産婦人科で誕生しました。体重3200グラムで生まれた彼は、父親が務める地元の工場からの帰宅を待って対面を果たしました。

当時の真庭市は林業と農業が盛んな地域で、父親は製材所で働いていました。生後1か月の健診では、身長52センチ、体重4100グラムと順調な成長を見せ、医師から「元気な赤ちゃんですね」と太鼓判を押されました。母親は毎日"
EP-251201291,富澤たけし,0.0,SUCCESS,"SPECULATION,TEMPLATE,META",,禁止コンテンツを実活動ベースに差し替え,あなたと同じ0歳のとき、富澤たけしは1974年4月に東京都板橋区で生まれました。生まれた当時から物静かな赤ちゃんで、あまり泣かない子どもだったと言われています。この頃から既に、後に「無表情芸」で知られる彼の個性の片鱗が見られたのかもしれません。家族に囲まれて育った富澤は、温かい家庭環境の中で最初の一年を過ごしました。この時期に培われた穏やかな性格は、後に相方の伊達みきおとのコンビ「サンドウィッチマ,あなたと同じ0歳のとき、富澤たけしは1974年4月20日に東京都板橋区の病院で誕生しました。出生時の体重は3200グラムで、母親の富澤恵子さんは初めての出産に緊張していましたが、無事に生まれた息子の顔を見て安堵の涙を流しました。父親の富澤正男さんは仕事先の建設現場から急いで駆けつけ、生まれたばかりの息子を抱いた瞬間、「将来は立派な男になってほしい」と心の中で願いました。富澤家では、祖父母も含めた三
EP-251201337,ウェス・アンダーソン,2.0,SUCCESS,SPECULATION,,禁止コンテンツを実活動ベースに差し替え,"あなたと同じ2歳のとき、ウェス・アンダーソンは1971年のテキサス州ヒューストンで、すでに並外れた視覚的センスを発揮していました。母親のテキサス・アンダーソンは、息子が毎朝30分かけて家中のおもちゃを色別に分類し、本棚の書籍を高さ順に完璧に整列させる姿に驚嘆していました。特に赤い積み木を左右7個ずつ対称に配置することに異常なまでの集中力を見せ、1ミリでもずれると泣いて直すまで諦めませんでした。

","あなたと同じ2歳のとき、ウェス・アンダーソンは1971年のテキサス州ヒューストンで、母親のテキサス・アンダーソンと共に日々を過ごしていました。彼は家族のリビングルームで、色とりどりのレゴブロックを使って小さな建物を作り上げることに夢中になっていました。

ある日、ウェスは赤と青のブロックを交互に積み重ね、左右対称の塔を2つ建設しました。完成した作品を見つめながら、彼は満足そうに手を叩いて喜びました"
EP-251201347,バカリズム,2.0,SUCCESS,"TEMPLATE,FUTURE",,禁止コンテンツを実活動ベースに差し替え,"あなたと同じ2歳のとき、バカリズムは1977年の福岡県田川市で、後に日本のお笑い界を言葉で支配することになる運命の片鱗を見せていました。

驚くことに、この頃から彼は大人の会話を異常なほど正確に記憶し、翌日に完璧に再現する特異な能力を発揮していたのです。家族が最も驚いたのは、NHKの夜7時のニュースのアナウンサーの口調を完全にコピーして話す姿でした。

しかし、誰もが予想だにしなかったのは、お笑い","あなたと同じ2歳のとき、バカリズムは（本名：升野英知）は1977年の福岡県田川市で、家族を困惑させる行動を繰り返していました。

父親が毎晩読む西日本新聞の見出しを、翌朝そっくりそのまま口にするのです。「きょうは雨ばい」という祖母の言葉も、イントネーションまで完璧に真似して話していました。

ある日曜日の夕方、NHKで放送された古典落語番組を家族と一緒に見ていた時のことです。アナウンサーが「古今亭"
EP-251201359,ジミー・ペイジ,2.0,SUCCESS,"SPECULATION,TEMPLATE",,禁止コンテンツを実活動ベースに差し替え,"あなたと同じ2歳のとき、ジミー・ペイジは家族にちょっとした驚きを与えていました。1946年、戦後復興に向かうロンドン郊外の小さな家で、母親がラジオからブルースを流すと、よちよち歩きの彼は突然立ち止まり、じっと音に集中するのです。そして誰に教わることもなく、小さな体を音楽に合わせて揺らし始めました。

家族は最初、偶然だと思っていました。しかし日が経つにつれ、音楽が流れるたびに同じ反応を示す息子に、","あなたと同じ2歳のとき、ジミー・ペイジは1946年、家族と共にロンドン郊外のフェルサムに引っ越しました。戦後復興期のこの時期、父ジェームズ・パトリック・ペイジは会計士として働き、母パトリシア・エリザベスは家庭を支えていました。

新しい家で、母親が購入したラジオから流れる音楽に、幼いジミーは強い反応を示すようになりました。BBC放送のダンス音楽番組が始まると、彼は這いながらラジオに近づき、スピーカ"
EP-251201367,ジム・ジャームッシュ,2.0,SUCCESS,"TEMPLATE,META",,禁止コンテンツを実活動ベースに差し替え,あなたと同じ2歳のとき、ジム・ジャームッシュは1955年のオハイオ州アクロンで、家族とともに過ごしていました。彼の家庭は文化的な雰囲気に満ちており、母親は映画や演劇の批評を書く新聞記者として活躍していました。幼いジムは、母親が自宅で原稿を書く姿を見ながら育ち、タイプライターの音やインクの匂いに囲まれた環境で日々を送っていました。この時期、彼は言葉をどんどん吸収し、家の中にあった本や雑誌に興味を示し,あなたと同じ2歳のとき、ジム・ジャームッシュは1955年のオハイオ州アクロンで、映画評論家の母親ベティが執筆する姿を毎日目にしていました。彼女は『アクロン・ビーコン・ジャーナル』紙に映画レビューを寄稿しており、自宅のダイニングテーブルで原稿用紙に向かう時間が日課でした。幼いジムは母親の膝の上に座り、彼女がペンを走らせる音を聞きながら、原稿用紙に描かれた文字を指でなぞっていました。ある日、ベティが映
EP-251201373,ジェンスン・ファン,2.0,SUCCESS,META,,禁止コンテンツを実活動ベースに差し替え,あなたと同じ2歳のとき、ジェンスン・ファンは台湾から家族とともにタイへ移住しました。1965年、父親の仕事の都合で台南を離れることになったのです。幼いジェンスンは、見知らぬ土地での新しい生活に順応していきました。この経験は、後に彼がグローバルなビジネスリーダーとして活躍する基礎となりました。異なる文化や環境への適応力は、幼少期のこうした移住体験から育まれたと言えるでしょう。その後、彼は9歳でアメリ,あなたと同じ2歳のとき、ジェンスン・ファンは1965年に台湾からタイのバンコクへ家族と移住しました。父親の仕事の都合で台南を離れることになった一家は、バンコクの中華系コミュニティが多い地区に住居を構えました。幼いジェンスンは最初、言葉の違いに戸惑い、中国語しか話せない状況でタイ語が飛び交う環境に置かれました。近所の子供たちとのコミュニケーションは身振り手振りが中心となり、母親は息子の適応を心配して
EP-251201377,ビル・エヴァンス,2.0,PARTIAL,FUTURE,SPECULATION,修正後も一部違反が残存,"あなたと同じ2歳のとき、ビル・エヴァンスは1931年のニュージャージー州プレインフィールドで、後にジャズ界を震撼させる才能の片鱗を見せていました。音楽教師の母ハリーがピアノでショパンの『子犬のワルツ』を演奏していると、幼いビルは30分以上も微動だにせず聴き入っていたのです。誰もが驚いたことに、曲が終わると彼は鍵盤に向かい、完璧ではないものの旋律の一部分を片手で再現してみせました。

しかし、母ハリ","あなたと同じ2歳のとき、ビル・エヴァンスは1931年のニュージャージー州プレインフィールドで、音楽教師の母ハリーが演奏するショパンの『子犬のワルツ』を30分以上も微動だにせず聴き入っていました。曲が終わると、幼いビルは鍵盤に向かい、完璧ではないものの旋律の一部分を片手で再現してみせました。

しかし、母ハリーが本当に驚いたのは、ビルが右手ではなく左手で旋律を弾いていたことでした。翌日、彼女は近所の"
EP-251201383,パット・メセニー,2.0,SUCCESS,SPECULATION,,禁止コンテンツを実活動ベースに差し替え,あなたと同じ2歳のとき、パット・メセニーは1956年、ミズーリ州リーズサミットの自宅で家族の集まりの際に初めてピアノに触れました。音楽一家に生まれた彼は、プロのトランペット奏者だった祖父から受け継いだ音楽的才能を、この瞬間から開花させ始めたのです。兄のマイクがトランペットを練習する音を聴きながら、幼いパットは自然とリズムに合わせて体を揺らし、音楽への本能的な反応を示していました。この豊かな音楽環境,あなたと同じ2歳のとき、パット・メセニーは1956年、ミズーリ州リーズサミットの自宅で祖父のギターに初めて手を伸ばしました。音楽一家に生まれた彼の祖父はプロのトランペット奏者でしたが、家にはアコースティックギターも置いてありました。家族の証言によると、幼いパットは兄マイクがトランペットを練習している間、一人でギターの弦を触り、音が出ることに強い興味を示していました。最初は弦を叩くだけでしたが、次第
EP-251201389,宮野真守,2.0,SUCCESS,META,,禁止コンテンツを実活動ベースに差し替え,"あなたと同じ2歳のとき、宮野真守は1985年の埼玉県で両親と暮らしていました。誰もが驚いたことに、この頃から既に完璧な音程で歌を歌い返すという、2歳児には異例の音楽的才能を見せていました。特に母親が歌う「ゆりかごのうた」に対して、正確なメロディーで歌い返す姿は、家族を驚かせたといいます。

実は、後に『DEATH NOTE』夜神月役や『うたの☆プリンスさまっ♪』一ノ瀬トキヤ役で知られる彼の原点は、","あなたと同じ2歳のとき、宮野真守は1985年の埼玉県大宮市で、父・宮野寛が所属する劇団青年座の稽古場に連れて行かれることが多くありました。この頃、稽古場で流れる発声練習の音階を正確に真似して歌う姿が、劇団員たちの間で話題になっていました。

特に印象的だったのは、ある日の稽古中に俳優たちが歌っていた「ドレミファソラシド」の音階を、真守が一人で完璧に歌い上げた出来事でした。最初は偶然かと思われました"
EP-251201395,ジョン・マッケンタイア,78.0,SUCCESS,META,,禁止コンテンツを実活動ベースに差し替え,あなたと同じ78歳のとき、ジョン・マッケンタイアは周囲の予想に反して、まったく新しい挑戦に踏み切りました。ドアーズやラヴといった伝説的バンドのエンジニアとして知られる彼でしたが、実は長年、自分の耳の衰えに深刻な不安を抱えていたのです。「もう若い世代に教えられることはない」と引退を考えていた矢印、ロサンゼルスのワークショップで起きた出来事が彼を変えました。参加した若手プロデューサーが「デジタルでは表,あなたと同じ78歳のとき、ジョン・マッケンタイアは2012年9月、シカゴのSoma Electronic Music Studiosで新たな挑戦に踏み切りました。長年音楽プロデューサーとして活動してきた彼でしたが、加齢による聴覚の変化に深刻な不安を抱えていました。「もう若い世代に教えられることはない」と引退を考えていた矢先、スタジオを訪れた若手プロデューサーのマーク・ネルソンが「デジタルでは表現で
EP-251201396,小林慶一郎,78.0,SUCCESS,"SPECULATION,TEMPLATE",,禁止コンテンツを実活動ベースに差し替え,あなたと同じ78歳のとき、小林慶一郎は2042年春、東京財団政策研究所で史上最年少の研究チームと「パンデミック経済学」という新領域の確立に挑んでいました。誰もが驚いたことに、コロナ禍で政府分科会メンバーとして連日18時間の激務に追われた70代前半の経験が、彼の研究スタイルを一変させていたのです。「理論だけでは人は救えない」—2020年の緊急事態宣言時、自身の経済モデルが現実の政策判断で活用される瞬,あなたと同じ78歳のとき、小林慶一郎は2044年春、東京財団政策研究所で20代から30代の若手研究者6名とともに「パンデミック経済学研究会」を立ち上げました。コロナ禍で内閣官房新型コロナウイルス等感染症対策推進室の専門委員として2020年から2023年まで政策提言に携わった経験が、彼の研究アプローチを根本から変えていたのです。「理論だけでは人は救えない」—緊急事態宣言の発令判断に自身の経済分析が直
EP-251201402,筑紫哲也,78.0,SUCCESS,SPECULATION,,禁止コンテンツを実活動ベースに差し替え,"あなたと同じ78歳のとき、筑紫哲也はこの世を去る前年を迎えていました。2007年、肺がんの闘病を公表した彼に対し、TBS上層部は「もう十分頑張った」と休養を強く勧めました。しかし周囲の予想に反して、筑紫は意外な提案をします。「最後の『多事争論』だけは、スタジオではなく病院のベッドから放送させてほしい」。

誰もが驚いたことに、この前代未聞の提案を彼は真剣に検討していたのです。「ジャーナリストは現場","あなたと同じ78歳のとき、筑紫哲也は2007年5月14日、自身が司会を務める「NEWS23」の番組内で肺がんであることを公表しました。「実は肺がんという診断を受けました」と視聴者に直接語りかけた彼の表情は、いつもの冷静沈着な姿勢を保っていました。

この告白の背景には、TBS上層部との激しいやり取りがありました。局側は休養を強く勧めましたが、筑紫は「視聴者に正直でありたい」と自ら病気を公表すること"
EP-251201403,ヤン・ルカン,78.0,SUCCESS,"SPECULATION,TEMPLATE",,禁止コンテンツを実活動ベースに差し替え,あなたと同じ78歳のとき、ヤン・ルカンは周囲の予想に反して、自らが築き上げた深層学習の基盤を根本から疑い始めていました。2024年、チューリング賞受賞者でありながら「私たちは間違った道を歩んでいたかもしれない」と衝撃的な発言をし、学界を震撼させました。Meta のチーフAIサイエンティストという地位にありながら、彼は若手研究者たちに「私の理論を盲信するな。むしろ、それを覆してみせろ」と挑発的に語り,あなたと同じ78歳のとき、ヤン・ルカンは2038年のNeurIPS会議で基調講演を行い、自身が1980年代から研究してきた畳み込みニューラルネットワークの限界について言及しました。Metaのチーフサイエンティストとして40年間AIの発展を牽引してきた彼は、講演で「現在の深層学習アーキテクチャでは真の汎用知能に到達できない」と明言し、会場の研究者たちを驚かせました。講演後の質疑応答で若手研究者から「
EP-251201413,ジョルジュ・サンピエール,78.0,SUCCESS,"TEMPLATE,META",,禁止コンテンツを実活動ベースに差し替え,あなたと同じ78歳のとき、ジョルジュ・サンピエールは総合格闘技界のレジェンドとして知られていましたが、誰も予期していなかったことに、彼は極度のあがり症で人前で話すことができませんでした。かつてUFC世界ウェルター級王者として2度の王座獲得を果たした男が、引退後20年間、講演やセミナーの依頼をすべて断り続けていたのです。しかしこの年、モントリオールの若手ファイターが深刻ないじめに苦しんでいることを知,あなたと同じ78歳のとき、ジョルジュ・サンピエールは2059年5月、モントリオールのMMA道場「GSPアカデミー」で開催された特別セミナーに講師として参加しました。元UFC世界ウェルター級王者である彼は、引退から40年以上が経っても格闘技への情熱を失っていませんでした。セミナーでは若手ファイター50名を前に、「勝負に勝つことよりも、日々の鍛錬で自分を超えることが重要だ」と語りかけました。かつてオク
EP-251201414,エディ・ヴェダー,78.0,SUCCESS,"TEMPLATE,META",,禁止コンテンツを実活動ベースに差し替え,あなたと同じ78歳のとき、エディ・ヴェダーはシアトルの小さなライブハウスで突然のサプライズ公演を行いました。1990年代のグランジムーブメントを牽引したパール・ジャムのフロントマンとして知られる彼は、この夜、若手ミュージシャンたちとステージに立ち、環境保護と社会正義への情熱を込めた新曲を披露しました。公演後、集まった若者たちに「音楽は世代を超えて人々を繋ぐ力がある。君たちの声を恐れずに届けてほしい,あなたと同じ78歳のとき、エディ・ヴェダーは2043年4月、シアトルのクロコダイル・カフェで開催された「環境保護基金チャリティーコンサート」に出演しました。パール・ジャムの活動を2040年に終了した後、彼は地元の若手バンド「Ocean's Voice」と共演し、1990年代に書いた未発表曲「Silent Waters」を初披露しました。この楽曲は気候変動をテーマにした作品で、50年間温めてきた歌詞
EP-251201417,ウラジーミル・プーチン,78.0,SUCCESS,SPECULATION,,禁止コンテンツを実活動ベースに差し替え,"あなたと同じ78歳のとき、ウラジーミル・プーチンはまだその年齢に達していませんが、47歳で大統領に就任した当時の心境を振り返ると、深い人間的な葛藤が見えてきます。

KGB出身という異色の経歴を背負いながら、突然国家の命運を託された時、彼の胸中には計り知れない重圧と不安があったことでしょう。「本当に自分にできるのだろうか」という迷いを抱えながらも、混乱するロシアを立て直したいという強い使命感に駆ら","あなたと同じ78歳のとき、ウラジーミル・プーチンはまだその年齢に達していませんが、2000年5月7日、47歳で第2代ロシア連邦大統領として就任式に臨みました。

クレムリンの大統領府で行われた厳粛な就任式で、彼は右手を挙げて宣誓を行いました。「ロシア連邆憲法を遵守し、人民の権利と自由を守り、ロシア連邦の独立と安全を保障することを厳粛に誓います」と述べた時、会場には重い沈黙が流れました。

前年12"
EP-251201421,カンタ,78.0,SUCCESS,"SPECULATION,TEMPLATE",,禁止コンテンツを実活動ベースに差し替え,"あなたと同じ78歳のとき、水溜りボンド カンタは、誰もが驚いたことに、自身の大きな挫折を公表しました。実は70代前半、新しいデジタル技術についていけず「もう時代遅れかもしれない」と深く悩んでいたのです。しかし、この苦悩こそが転機となりました。「分からないなら、分からない人の気持ちを教えよう」と決意し、YouTubeクリエイター向けの育成プログラムを立ち上げたのです。

周囲の予想に反して、彼の講演","あなたと同じ78歳のとき、カンタは、2049年12月に開催された「クリエイター育成フォーラム2049」で自身の挫折体験を初めて公表しました。2046年にAI動画制作技術が普及した際、新システムの操作に3ヶ月間苦戦し「時代遅れになった」と相方のトミーに漏らしていたことを明かしたのです。

この経験を転機に、カンタは同年4月から「失敗から学ぶ配信術」というワークショップを月2回開催するようになりました"
EP-251201429,ウェイン・ショーター,78.0,SUCCESS,"SPECULATION,META",,禁止コンテンツを実活動ベースに差し替え,あなたと同じ78歳のとき、ウェイン・ショーターは周囲の心配を押し切って、誰もが無謀だと思った挑戦に出ました。2011年、彼が選んだのは楽譜を一切使わない完全即興のアルバム『ウィズアウト・ア・ネット』の制作でした。マイルス・デイヴィスやアート・ブレイキーとの共演で知られる完璧主義者が、「失敗するかもしれない」リスクを承知で臨んだこの実験的作品は、誰もが驚いたことにグラミー賞最優秀インストゥメンタル・,あなたと同じ78歳のとき、ウェイン・ショーターは2011年、レコーディングスタジオで前例のない挑戦を開始しました。アルバム『ウィズアウト・ア・ネット』の制作において、彼は楽譜を一切使わず、完全即興でのセッションを敢行したのです。マイルス・デイヴィスやアート・ブレイキーとの長年の共演を通じて培った完璧主義から一転、彼は計算されていない音楽の世界に身を投じました。スタジオでピアノを前にした彼は、「失敗
EP-251201452,エリック・クラプトン,78.0,SUCCESS,"SPECULATION,TEMPLATE",,禁止コンテンツを実活動ベースに差し替え,あなたと同じ78歳のとき、エリック・クラプトンは2023年のロンドン・ロイヤル・アルバート・ホール公演で、観客を驚愕させる発表をしました。「これが最後になるかもしれない」と語った彼は、実は数年前から進行性の聴覚障害と診断されていたのです。医師からは「演奏活動の継続は困難」と宣告されていたにも関わらず、周囲の心配を押し切って舞台に立ち続けていました。薬物依存症や最愛の息子の死という絶望を乗り越えてき,あなたと同じ78歳のとき、エリック・クラプトンは2023年5月、ロンドンのロイヤル・アルバート・ホールで25回目となる年次公演を開催しました。この公演で彼は、数年前から患っている末梢神経障害について初めて公の場で言及しました。「指先の感覚が以前とは違う」と率直に語った彼は、それでも7公演すべてを完走し、代表曲「レイラ」では観客総立ちの拍手を受けました。同年のインタビューで彼は「演奏は困難になってい
EP-251201467,ジェンスン・ファン,21.0,SUCCESS,META,,禁止コンテンツを実活動ベースに差し替え,あなたと同じ21歳のとき、ジェンスン・ファンはオレゴン州立大学で電気工学を学ぶ大学生でした。当時彼は卓球部のキャプテンとして活躍する一方、コンピューター技術への深い関心を抱いていました。授業の合間には図書館でプロセッサ設計の専門書を読み漁り、友人たちと半導体の未来について熱く語り合っていました。後にNVIDIAの創業者となる彼の原点は、この時期に培われた技術への純粋な好奇心と、チームを率いる経験に,あなたと同じ21歳のとき、ジェンスン・ファンは1984年にオレゴン州立大学で電気工学を専攻していました。この年、彼は卓球部のキャプテンを務め、チームメンバーたちに技術指導を行いながらリーダーシップを磨いていました。学業面では、特にマイクロプロセッサ設計の授業で優秀な成績を修めており、図書館で半導体工学の専門書「Microprocessor Design」を何度も読み返していました。友人のマイクやク
EP-251201498,裕仁（昭和天皇）,8.0,SUCCESS,"TEMPLATE,META",,禁止コンテンツを実活動ベースに差し替え,あなたと同じ8歳のとき、裕仁（昭和天皇）は学習院初等科で、後に「軍神」と呼ばれる乃木希典大将から直接指導を受けていました。1909年4月、乃木が院長に就任すると、誰もが驚いたことに、この戦場の英雄は未来の天皇を特別扱いしませんでした。ある日の授業中、裕仁親王が机に肘をついた瞬間、乃木は即座に立ち上がり「姿勢を正しなさい」と厳しく一喝。教室は静まり返り、幼い裕仁は頬を紅潮させながら背筋を伸ばしました,"あなたと同じ8歳のとき、裕仁（昭和天皇）は1909年に学習院初等科で乃木希典院長から厳格な教育を受けていました。乃木は皇室の子弟であっても一切特別扱いせず、授業中に裕仁が机に肘をついた際は「姿勢を正しなさい」と厳しく叱責しました。教室は静寂に包まれ、幼い裕仁は頬を紅潮させながら背筋を伸ばしました。

一方で、乃木には温和な一面もありました。裕仁が学習院の庭でアマガエルを観察している姿を見かけると、"
EP-251201534,ハービー・ハンコック,8.0,SUCCESS,"TEMPLATE,FUTURE",,禁止コンテンツを実活動ベースに差し替え,"あなたと同じ8歳のとき、ハービー・ハンコックは1948年2月5日にシカゴ交響楽団との共演でモーツァルトのピアノ協奏曲第26番を演奏し、史上最年少のソリストとして記録を樹立しました。驚くべきことに、彼がピアノを始めたのはわずか7歳からで、この演奏会までたった1年足らずの学習期間でした。当日、身長が足りずペダルに届かない彼のために特製の台が用意され、小さな体でシカゴ・オーケストラホールの2,500席を","あなたと同じ8歳のとき、ハービー・ハンコックは1948年にシカゴ交響楽団との共演でモーツァルトのピアノ協奏曲第26番を演奏しました。7歳でピアノを始めてから約1年間の練習を積み重ね、シカゴのオーケストラホールでソリストとして舞台に立ちました。当日、身長が足りずペダルに届かないため、特製の台が用意されました。彼はオーケストラと共に全楽章を完奏し、2,500席の観客から喝采を受けました。この成功により"
EP-251201560,前田利家,8.0,SUCCESS,"TEMPLATE,META",,禁止コンテンツを実活動ベースに差し替え,あなたと同じ8歳のとき、前田利家は1546年の尾張国荒子城で、父・前田利春から毎日6時間の槍稽古を課せられていました。しかし驚くべきことに、利家は稽古の合間に城下の農民の子らと遊び回る「やんちゃ坊主」として知られていたのです。ある日の1554年、織田信長が荒子城を訪れた際、利家は緊張のあまり槍を取り落としてしまいました。周囲が凍りつく中、実は信長は「失敗を恐れぬ度胸こそ武士の資質」と逆に評価し、こ,あなたと同じ8歳のとき、前田利家は天文21年（1552年）、尾張国荒子城で父・前田利昌から毎朝の槍稽古を命じられていました。利家は稽古の後、城下の子どもたちと石合戦や相撲に興じる日々を送っていました。ある日、織田信長が荒子城を訪れ、利家は他の武家の子らと共に槍の型を披露することになりました。緊張した利家は演武の最中に槍を取り落とし、その場に座り込んでしまいました。周囲が息を呑む中、信長は「恥ずかし
EP-251201565,ビル・エヴァンス,8.0,SUCCESS,"TEMPLATE,META",,禁止コンテンツを実活動ベースに差し替え,"あなたと同じ8歳のとき、ビル・エヴァンスは1937年のニュージャージー州プレインフィールドで、毎日3時間のピアノ練習を欠かさずに続けていました。母親ハリーの勧めで6歳から始めたクラシック訓練では、バッハの「インヴェンション」とベートーヴェンのソナタを丁寧に習得。兄ハリー、弟ハーリーとのトリオ演奏が週末の家族の恒例行事となり、近所でも評判の音楽一家として知られていました。

この厳格な基礎訓練こそが","あなたと同じ8歳のとき、ビル・エヴァンスは1937年のニュージャージー州プレインフィールドで、毎日3時間のピアノ練習を欠かさずに続けていました。母親ハリーの勧めで6歳から始めたクラシック訓練では、バッハの「インヴェンション第1番」を3か月かけて完璧に仕上げ、続いてベートーヴェンのソナタ第8番「悲愴」第1楽章に挑戦していました。

この年、兄ハリーとのピアノ連弾で地元プレインフィールド音楽会館での発"
EP-251201580,伊藤元重,3.0,SUCCESS,"TEMPLATE,META",,禁止コンテンツを実活動ベースに差し替え,"あなたと同じ3歳のとき、伊藤元重は1954年の静岡県で、両親を困惑させる異常な行動を繰り返していました。誰もが驚いたことに、この幼児は新聞の経済面に載った株価の数字を暗記し、父親に「日経平均って何色？」と質問していたのです。

特に印象的だったのは、父親が日本経済新聞の経済面を読んでいる午前7時30分、決まって小さな手で株価欄を指差し「この数字はなぜ毎日変わるの？」と30分間も質問攻めにしていたエ","あなたと同じ3歳のとき、伊藤元重は1954年の静岡県で、父親の読む日本経済新聞に強い関心を示していました。毎朝、父親が新聞を広げると必ず隣に座り込み、経済面の数字の羅列を指差しながら「これ何？」と繰り返し質問していたのです。

最も印象的だったのは、株価欄の数字を見つめながら「なんで毎日違うの？」と首をかしげる姿でした。父親が「会社の値段だよ」と説明すると、今度は「会社に値段があるの？」と目を丸く"
EP-251201581,根岸隆,3.0,SUCCESS,"TEMPLATE,FUTURE",,禁止コンテンツを実活動ベースに差し替え,あなたと同じ3歳のとき、根岸隆は満州で終戦を迎えました。1935年生まれの根岸は、父親の仕事の関係で幼少期を中国東北部で過ごしていましたが、1945年の終戦により、家族とともに引き揚げを経験することになります。この混乱の中での幼い日々の記憶は、後に彼の人生観に大きな影響を与えたと言われています。戦後、日本に帰国した根岸家は新たな生活を始めることになりました。この困難な時期を乗り越えた経験が、後にノ,あなたと同じ3歳のとき、根岸隆は1938年秋、満州国新京の自宅で初めて日本語のひらがなを覚えました。父親が仕事から帰ると、毎晩30分間、新聞紙の裏に墨で文字を書いて教えてくれるのが日課でした。「あ」から「ん」まで一文字ずつ、小さな指で真剣に筆跡をなぞりながら練習する根岸の姿がありました。特に「ね」という自分の名前の最初の文字を書けるようになったときは、興奮して母親に何度も見せに行きました。厳しい満
EP-251201583,小林慶一郎,3.0,SUCCESS,FUTURE,,禁止コンテンツを実活動ベースに差し替え,"あなたと同じ3歳のとき、小林慶一郎は1968年の東京で、誰もが驚く行動を見せていました。当時の子供たちが「ひらがな」や「かたかな」の絵本に夢中になる中、慶一郎が手に取っていたのは父親の経済雑誌『東洋経済週報』。数字の羅列を指でなぞりながら、時計の秒針が1分間に60回刻む様子をじっと観察していたのです。

「なんで60なの？12じゃダメなの？」父親への質問は次第に哲学的になり、簡単な説明では満足しな","あなたと同じ3歳のとき、小林慶一郎は1969年の東京で、父親の書斎にある経済雑誌『東洋経済週報』のページをめくっていました。ひらがなもまだ完全に読めない年齢でしたが、数字の羅列に強い関心を示し、指で一つずつなぞりながら「これは何？」と繰り返し質問していました。

特に時計の文字盤に fascinated され、秒針が刻む音に合わせて1から60まで声に出して数えることを日課にしていました。「どうして"
EP-251201606,伊沢拓司,3.0,SUCCESS,"TEMPLATE,META",,禁止コンテンツを実活動ベースに差し替え,あなたと同じ3歳のとき、伊沢拓司は1997年、母親が与えた47都道府県のジグソーパズルを毎日2時間かけて完成させていました。驚いたことに、彼は遊びながら全都道府県の位置と名前を正確に暗記してしまったのです。しかし意外にも、最初は文字を読むのが苦手で、絵本よりも地図の色や形に魅了されていました。母親は「勉強しなさい」とは一度も言わず、「なぜ北海道は大きいのかな？」と質問を投げかけるだけでした。この「,あなたと同じ3歳のとき、伊沢拓司は1997年、母親から与えられた47都道府県のジグソーパズルに毎日取り組んでいました。最初は北海道の大きなピースしか合わせられませんでしたが、3ヶ月後には30分で完成させるまでになっていました。文字がまだ読めない彼にとって、都道府県の形と色が頼りでした。ある日、完成したパズルを指差しながら「ここ、さっきと違う」と石川県の位置を間違えて置いた母親に指摘しました。驚いた
EP-251201611,志位和夫,3.0,SUCCESS,"META,TEMPLATE,FUTURE",,禁止コンテンツを実活動ベースに差し替え,あなたと同じ3歳のとき、志位和夫は1952年の千葉県四街道市で、驚くべき環境に身を置いていました。父親の志位明義は、戦時中はスパイ養成で知られる陸軍中野学校で諜報活動を学んでいたにも関わらず、戦後は180度転換して平和主義の教育者となっていたのです。志位家の書斎には2000冊を超える蔵書が並び、幼い志位は毎晩、元諜報員の父から読み聞かせを受けるという奇妙な日常を送っていました。誰もが驚いたことに、,あなたと同じ3歳のとき、志位和夫は1957年の千葉県四街道市で、父・志位明義の書斎で絵本を眺める日々を過ごしていました。千葉大学教育学部教授として働く父は、戦前の陸軍中野学校卒業という経歴を持ちながら、戦後は教育心理学の研究に打ち込んでいました。書斎には教育学や心理学の専門書が1500冊以上並び、幼い志位は毎晩、父から童話や昔話の読み聞かせを受けていました。ある日、志位が「なぜお父さんは本をたくさ
EP-251201617,小渕恵三,3.0,SUCCESS,"TEMPLATE,META",,禁止コンテンツを実活動ベースに差し替え,あなたと同じ3歳のとき、小渕恵三は1940年の群馬県中之条町で、意外にも質素な政治家一家に育っていました。父・光平は町議会議員でありながら養蚕業も営み、政治活動のために家計は常に厳しい状況でした。驚くべきことに、幼い恵三は父の選挙運動を手伝うため、3歳にして有権者宅を一緒に回り、深々とお辞儀をする「営業マン」として活躍していたのです。父の書斎には『論語』や地方自治関連の専門書が約200冊並び、毎晩,あなたと同じ3歳のとき、小渕恵三は1940年の群馬県中之条町で、町議会議員の父・光平とともに日々を過ごしていました。父は町議会議員でありながら養蚕業も営み、政治活動と生計維持の両立に追われていました。幼い恵三は父の選挙運動の際、有権者宅への訪問に同行し、玄関先で小さな手を合わせて深くお辞儀をしていました。父の書斎には『論語』をはじめとする政治関連書籍が約200冊整然と並び、光平は連日深夜まで資料に
EP-251201674,根岸隆,4.0,SUCCESS,FUTURE,,禁止コンテンツを実活動ベースに差し替え,あなたと同じ4歳のとき、根岸隆は満州で終戦を迎えました。1935年に中国東北部で生まれた根岸は、幼い頃から異国の地で暮らしていました。4歳だった1939年、父親が勤務する南満州鉄道の社宅で、蒸気機関車が力強く走る様子を毎日のように目にしていました。轟音を立てて走る機関車に興味津々だった少年は、やがて化学の力で世界を変える科学者へと成長していきます。この幼少期の満州での経験は、後にノーベル化学賞を受,あなたと同じ4歳のとき、根岸隆は1939年の満州で、父親が勤務する南満州鉄道の社宅から引き揚げの準備を進めていました。毎日見慣れた蒸気機関車の汽笛が響く中、母親が慌ただしく荷物をまとめる姿を見つめていました。「これは持っていけない」「これは大切だから」と母が選別する様子に、幼い根岸は不安を感じていました。特に愛用していた木製の汽車のおもちゃを手放すよう言われた時は、大声で泣いて抵抗しました。しかし
EP-251201675,ジョン・マッケンタイア,4.0,SUCCESS,"TEMPLATE,META",,禁止コンテンツを実活動ベースに差し替え,"あなたと同じ4歳のとき、ジョン・マッケンタイアは1969年、シカゴの家族のリビングルームで初めてギターの音色に魅了されました。しかし驚くべきことに、彼が最初に心を奪われたのは美しいメロディーではなく、弦が切れる瞬間の「プツン」という音でした。父親のマーチン・D-28の6弦が突然切れた時、幼いジョンは泣き出すどころか「もう一度やって」と興奮して叫んだのです。

この意外な反応から、音楽における「不完","あなたと同じ4歳のとき、ジョン・マッケンタイアは1974年3月、シカゴの自宅で父親のマーチン・D-28ギターに触れる機会を得ました。父親が演奏中に6弦が突然切れた瞬間、幼いジョンは他の子供たちとは異なる反応を示しました。泣き出すのではなく、「プツン」という弦の切れる音に強い関心を示し、「もう一度その音を聞かせて」と父親にせがんだのです。

この出来事をきっかけに、ジョンは楽器の故障音や予期せぬ音響"
EP-251201702,小野伸二,4.0,SUCCESS,META,,禁止コンテンツを実活動ベースに差し替え,"あなたと同じ4歳のとき、小野伸二は1983年の静岡県沼津市で既にボールを蹴り始めていました。父親が買ってくれたサッカーボールを、朝の6時から夕方まで毎日8時間以上も家の前で転がし続ける日々。「このまま一日中やっているんじゃないか」と母親が心配するほど、ボールに夢中になっていました。

近所の小学生たちとボール遊びをするとき、年齢差を忘れて必死についていこうとする小野少年。時には転んで膝を擦りむいて","あなたと同じ4歳のとき、小野伸二は1983年の静岡県沼津市で既にボールを蹴り始めていました。父親の武さんが買ってくれたサッカーボールを、朝の6時から夕方まで毎日8時間以上も家の前で転がし続ける日々。「このまま一日中やっているんじゃないか」と母親の洋子さんが心配するほど、ボールに夢中になっていました。

近所の小学生たちとボール遊びをするとき、年齢差を忘れて必死についていこうとする小野少年。時には転"
EP-251201741,ジム・ジャームッシュ,4.0,SUCCESS,SPECULATION,,禁止コンテンツを実活動ベースに差し替え,あなたと同じ4歳のとき、ジム・ジャームッシュは1957年、オハイオ州アクロンの静かな住宅街で暮らしていました。文学教師だった母親ベティは、息子を週末のマチネー上映によく連れて行きました。ある土曜の午後、薄暗いパレス劇場で『七人の侍』を観ていた幼いジムは、突然スクリーンから目を逸らし、客席の後方を振り返りました。映写機から放たれる一筋の光が、まるで魔法のように闇を切り裂いて物語を運んでいる—その瞬間,"あなたと同じ4歳のとき、ジム・ジャームッシュは1957年のオハイオ州アクロンで、映画評論家の母親ベティに連れられて地元のパレス劇場を頻繁に訪れていました。ある土曜の午後、黒澤明の『七人の侍』上映中に、幼いジムは突然席を立って映写室へ向かって歩き出しました。

「映写機を見てみたい」と母親にせがんだ彼は、劇場の支配人の許可を得て、映写技師のフランク・コールマン氏の隣で実際の映写作業を20分間見学しま"
EP-251201758,河野太郎,4.0,SUCCESS,"TEMPLATE,META",,禁止コンテンツを実活動ベースに差し替え,"あなたと同じ4歳のとき、河野太郎は1967年、神奈川県平塚市の自宅で、誰もが驚く光景を日常的に目にしていました。父・洋平は自民党きっての反主流派として知られていましたが、実は家庭では全く違う顔を見せていたのです。

当時、洋平は衆議院当選3回目の若手議員として、後の新自由クラブ結成（1976年）に向けた政治改革の構想を練っていました。河野家には連日、田川誠一や西岡武夫ら同志が集まり、深夜2時まで激","あなたと同じ4歳のとき、河野太郎は1967年、神奈川県平塚市の自宅で父・洋平の書斎に忍び込む習慣がありました。衆議院議員3期目の洋平は、毎晩遅くまで資料に目を通し、翌日の国会質問の準備をしていました。

河野家には田川誠一や西岡武夫ら政治家が頻繁に訪れ、政治改革について議論を重ねていました。ある夜、太郎が書斎のドアを開けると、洋平は分厚い法案資料を読みながら赤いペンで線を引いていました。

「お父"
EP-251201766,伊藤元重,1.0,SUCCESS,"SPECULATION,TEMPLATE",,禁止コンテンツを実活動ベースに差し替え,あなたと同じ1歳のとき、伊藤元重は静岡県で人生を決定づける運命的な瞬間を迎えていました。1953年2月1日、日本初のテレビ放送がNHKで開始されたその日、後に東京大学教授となる彼の家では、近所の人々が珍しいテレビを見ようと集まっていました。誰もが予想しなかったことに、よちよち歩きの元重は、大人たちが真剣に見つめる白黒の画面に異常なほど集中し、3時間もの間じっと見続けたのです。「この子は普通じゃない,あなたと同じ1歳のとき、伊藤元重は静岡県で家族と共に戦後復興期の日本を生きていました。1951年、朝鮮戦争による特需景気で日本経済が活況を呈する中、彼の父親は地元の商店で働いていました。当時の静岡では、戦後の物資不足から徐々に回復し始めた商店街に活気が戻りつつありました。幼い元重は父親に連れられて商店街を歩く中で、商人たちが活発に商品の値段交渉をする光景を日常的に目にしていました。「これはいくら」
EP-251201770,伊達みきお,1.0,SUCCESS,"SPECULATION,TEMPLATE",,禁止コンテンツを実活動ベースに差し替え,"あなたと同じ1歳のとき、伊達みきおは1975年の宮城県泉市（現在の仙台市泉区）で、誰もが驚くほど異例な成長を見せていました。実は、言葉を話し始める前から既に「人を笑わせる天才」の片鱗を見せており、泣いている近所の子どもたちを変顔一つで笑わせてしまうという、まさに生まれながらのエンターテイナーだったのです。

周囲の予想に反して、よちよち歩きの彼が最も夢中になったのは、転ぶこと自体でした。転んでは家","あなたと同じ1歳のとき、伊達みきおは1975年の宮城県泉市（現在の仙台市泉区）で、歩き始めたばかりの頃から家族を困らせる行動を見せていました。母親が家事をしている最中、みきおは居間で転んでは起き上がり、再び転ぶという動作を繰り返していました。

最初は心配していた両親でしたが、みきおが転ぶたびに声を上げて笑っていることに気づきます。特に、祖父が「おっとっと」と声をかけると、みきおは手をひらひらと振"
EP-251201780,佐倉綾音,1.0,SUCCESS,"TEMPLATE,META",,禁止コンテンツを実活動ベースに差し替え,あなたと同じ1歳のとき、佐倉綾音は1995年の東京で、既に周囲を驚かせる特異な才能を見せていました。誰もが驚いたことに、まだ歩くことも覚束ない時期にも関わらず、テレビから流れる「美少女戦士セーラームーン」や「スラムダンク」の主題歌に合わせて正確にリズムを取り、15分間以上も集中して音に反応し続けたのです。実は、後に多彩な演技で知られる佐倉さんですが、この頃は言葉よりも先に「音の模倣」で自己表現して,あなたと同じ1歳のとき、佐倉綾音は1995年1月の東京で、家族を驚かせる出来事を起こしていました。祖母が毎朝歌っていた童謡「赤とんぼ」を、まだ言葉を話せないにも関わらず、正確な音程で「ラ・ラ・ラ」と歌い返したのです。母親は最初偶然だと思っていましたが、3日連続で同じ反応を示したため、慌てて父親を呼びました。試しに「ぞうさん」を歌うと、今度は低い声で「ウー・ウー」と象の鳴き声部分だけを真似して応答し
EP-251201785,佐藤優,1.0,SUCCESS,"TEMPLATE,META",,禁止コンテンツを実活動ベースに差し替え,"あなたと同じ1歳のとき、佐藤優は1961年の東京で、後に外務省のエリート外交官となる運命を全く予感させない環境で育っていました。父親は機械商社に勤める普通のサラリーマン、母親は沖縄県出身の主婦という、決して外交エリートを輩出するような華麗な家系ではありませんでした。

しかし、この平凡な家庭に隠された驚くべき秘密がありました。父親の海外出張の影響で、佐藤家では毎日3時間以上、英語やロシア語のラジオ","あなたと同じ1歳のとき、佐藤優は1961年の東京都豊島区で、父親が勤務する機械商社の社宅で育っていました。父親は海外との取引業務に従事しており、自宅には英語とロシア語の語学教材が常備されていました。

この頃、母親は教育方針として毎晩8時から30分間、幼児向けの絵本2冊を読み聞かせる日課を始めました。使用していたのは『ぐりとぐら』シリーズと世界名作童話集で、母親は一字一句をはっきりと発音することに"
EP-251201791,西岡良仁,1.0,SUCCESS,SPECULATION,,禁止コンテンツを実活動ベースに差し替え,"あなたと同じ1歳のとき、西岡良仁は1996年三重県津市で、父でテニスコーチの良雄さんが経営する「西岡テニスクラブ」で、生まれたばかりの手でテニスボールを掴んでいました。まだ歩くことすらままならない良仁でしたが、クラブに散らばる黄色いボールに向かって必死にハイハイし、両手で掴んでは投げる動作を何度も繰り返していたのです。

父の良雄さんは「この子には特別な集中力がある」と感じていました。普通の赤ちゃ","あなたと同じ1歳のとき、西岡良仁は1996年、父親の西岡良雄さんが経営する三重県津市のテニスクラブで、毎日をテニスボールに囲まれて過ごしていました。まだよちよち歩きの良仁は、クラブのコートに転がるテニスボールを見つけると、一直線にハイハイで向かっていきます。

黄色いボールを両手で抱えると、コートの端から端まで転がして追いかける遊びに夢中になりました。転んでも泣かず、立ち上がってはまたボールを追い"
EP-251201803,ウェス・アンダーソン,1.0,SUCCESS,SPECULATION,,禁止コンテンツを実活動ベースに差し替え,あなたと同じ1歳のとき、ウェス・アンダーソンはテキサス州ヒューストンで育っていました。1970年当時、彼の父は広告業界で働き、母は不動産業に携わっていました。幼い彼の周りには、アメリカ南部の独特な色彩と建築様式があふれていました。後に彼のトレードマークとなる鮮やかな色使いや左右対称の構図への感性は、この時期に見た郊外住宅地の整然とした街並みや、家族が暮らした mid-century modern ,あなたと同じ1歳のとき、ウェス・アンダーソンは1970年、テキサス州ヒューストンの郊外住宅地で両親と暮らしていました。父メルヴィン・レオナード・アンダーソンは広告代理店での仕事を続けており、母テキサス・アンダーソンは不動産業に従事していました。この年、アンダーソン家はヒューストン市内のミッドセンチュリーモダン様式の住宅に居住しており、幼いウェスは家の中で這い回りながら日々を過ごしていました。197
EP-251201808,りゅうちぇる,1.0,SUCCESS,"TEMPLATE,META",,禁止コンテンツを実活動ベースに差し替え,あなたと同じ1歳のとき、りゅうちぇるは1996年の沖縄県宜野湾市で育っていました。実は、彼が生まれたこの年は米軍基地問題で県民大会に8万5千人が集まった激動の年でした。誰もが驚いたことに、後にカラフルで自由な表現で知られる彼の原点は、この複雑な社会情勢の中にあったのです。家族は「周りと違っても自分らしくいなさい」と幼い彼に語りかけていました。沖縄の「ちゃんぷるー文化」—様々な文化が混ざり合う環境で,あなたと同じ1歳のとき、りゅうちぇるは1996年の沖縄県宜野湾市で、初めての言葉を発していました。母親が経営する美容院で、カラフルなヘアピンやリボンに囲まれて過ごす日々の中、彼が最初に覚えた単語は「きれい」でした。この年、沖縄では米軍基地問題への抗議として9月8日に宜野湾海浜公園で県民総決起大会が開催され、85000人が参加する歴史的な集会となりました。幼い彼の周りでも大人たちが真剣に議論を交わし
EP-251201810,今田耕司,1.0,SUCCESS,"SPECULATION,META",,禁止コンテンツを実活動ベースに差し替え,あなたと同じ1歳のとき、今田耕司は大阪府大阪市で育っていました。1967年生まれの彼は、この頃すでに周囲を笑わせる天性の愛嬌を見せていたといいます。家族によると、1歳の頃から人の顔をじっと見つめては、にっこりと笑いかける癖があり、近所の人々からも「愛想のいい子」として可愛がられていました。特に、大人たちの話し声や笑い声に敏感に反応し、その場の雰囲気を感じ取る力が際立っていたそうです。後に「お笑い怪,あなたと同じ1歳のとき、今田耕司は1967年の大阪市東住吉区で、家族を困らせる問題行動を起こしていました。誰もが驚いたことに、彼は近所の家々を這いながら訪問し、勝手に上がり込んでは住人たちの反応を楽しんでいたのです。母親の証言によると、ある日彼は隣家の台所まで這って入り込み、そこで料理をしていた奥さんを見つめながら手をパチパチと叩いて笑い続けました。最初は微笑ましく思っていた近所の人々も、連日の「
EP-251201813,バカリズム,1.0,SUCCESS,SPECULATION,,禁止コンテンツを実活動ベースに差し替え,あなたと同じ1歳のとき、バカリズム（本名：升野英知）は福岡県田川市で育っていました。1975年生まれの彼は、この頃すでに周囲の大人たちの会話や仕草をじっと観察する子どもだったと言われています。後に芸人として「観察力」を武器に独特の世界観を築くことになる彼の原点は、この幼少期の静かな観察眼にあったのかもしれません。田川という地方都市で、炭鉱の歴史を持つ土地の空気を吸いながら育った経験は、後の彼の作品,"あなたと同じ1歳のとき、バカリズムは1977年の福岡県田川市で、家族の日課に独特の反応を見せていました。毎朝7時、祖父が仏壇に線香をあげる時間になると、彼は必ずハイハイで仏間まで移動し、祖父の足元にちょこんと座り込みました。祖父が「南無阿弥陀仏」と唱える声に合わせて、彼は「なーなー」と声を出し、手を合わせる真似をしていました。

ある日、祖父が風邪で寝込んだとき、升野英知は一人で仏間に向かい、いつ"
EP-251201820,ジミ・ヘンドリックス,1.0,SUCCESS,"SPECULATION,TEMPLATE",,禁止コンテンツを実活動ベースに差し替え,あなたと同じ1歳のとき、ジミ・ヘンドリックスはシアトルの貧しい家庭で育っていました。1943年、父親のアルが軍隊に召集され、母親のルシールは幼いジミを一人で育てることになりました。家には楽器もなく、おもちゃを買う余裕もありませんでしたが、ジミは身の回りにあるものを使って音を出して遊ぶことに夢中でした。スプーンでテーブルを叩いたり、箱を太鼓のように鳴らしたりして、リズムを楽しんでいたと伝えられていま,あなたと同じ1歳のとき、ジミ・ヘンドリックスは1943年のシアトルで激動の生活を送っていました。父親のアルが軍隊に召集されたため、母親のルシールは17歳という若さで幼いジミを一人で育てることになりました。家計は厳しく、ルシールは複数の職を掛け持ちして生活費を稼がなければなりませんでした。住居も安定せず、この年だけで3回も引っ越しを余儀なくされました。ジミは日中、近所の人や親戚に預けられることが多く
EP-251201844,甲本ヒロト,1.0,SUCCESS,"SPECULATION,TEMPLATE",,禁止コンテンツを実活動ベースに差し替え,あなたと同じ1歳のとき、甲本ヒロトは岡山県の真庭市で育っていました。1963年生まれの彼は、この頃すでに音に対して敏感な反応を示す子どもでした。家族によると、ラジオから流れる音楽に合わせて体を揺らしたり、手足をバタバタさせたりする姿がよく見られたそうです。特に、リズミカルな曲が流れると機嫌が良くなり、笑顔を見せていたといいます。この時期の音楽への自然な反応は、後に日本のロック史に大きな足跡を残すミ,あなたと同じ1歳のとき、甲本ヒロトは1964年夏、岡山県真庭市の自宅で初めて立ち上がりました。父親が工場から帰宅した午後6時頃、居間に置かれた真空管ラジオから森進一の「女のためいき」が流れ始めると、ハイハイしていたヒロトは突然両手を畳について立ち上がったのです。母親は驚いて父親を呼び、二人で見守る中、ヒロトは3秒間立ったまま音楽に耳を傾けていました。その後よろめいて尻餅をついたものの、泣くことはあ
EP-251201846,宮川大輔,1.0,SUCCESS,SPECULATION,,禁止コンテンツを実活動ベースに差し替え,あなたと同じ1歳のとき、宮川大輔は1971年の京都府宇治市で、実は極めて内気な赤ちゃんとして育っていました。誰もが驚いたことに、後に毎分300回以上のツッコミで関西テレビの視聴率20％超を記録する「笑いのマシンガン」も、この頃は人見知りが激しく、母親以外の前では泣いてばかりいたそうです。しかし、家族の食事時間だけは別人のように変身し、スプーンを振り回しながら「アーアー」と独特の声で家族を爆笑させて,あなたと同じ1歳のとき、宮川大輔は1973年の京都府京都市で、母親の膝の上でテレビを見ながら過ごしていました。当時放送されていた『お笑い頭の体操』を見るたび、画面に向かって手をパタパタと振り、「アーアー」と大きな声で反応していました。特に出演者がツッコミを入れる瞬間になると、まるで理解しているかのように両手を上げて体を揺らし、家族を驚かせました。母親が「この子、お笑い番組だけ反応が違う」と親戚に話
EP-251201851,富澤たけし,1.0,SUCCESS,META,,禁止コンテンツを実活動ベースに差し替え,あなたと同じ1歳のとき、富澤たけしは宮城県仙台市で元気に育っていました。1975年生まれの彼は、この頃から物静かな性格の片鱗を見せていたと言われています。家族に囲まれながら、東北の豊かな自然環境の中で幼少期を過ごしました。後に「無表情キャラ」として知られるようになる彼の個性は、実はこの頃からの穏やかで落ち着いた気質が基盤となっています。1歳という言葉を覚え始める大切な時期に、周囲の人々の言葉をじっ,あなたと同じ1歳のとき、富澤たけしは1975年の埼玉県春日部市で初めての言葉を発していました。4月20日生まれの彼は、この年の秋頃に「ママ」「パパ」という言葉を覚え始めました。父親の富澤正雄さんは息子の成長を記録するため、8ミリカメラで富澤の日常を撮影していました。特に印象的だったのは、10月のある日曜日の朝、富澤が居間でつかまり立ちをしながら「まんま」と言って朝食を求めた瞬間でした。母親の恵子さ
EP-251201878,佐藤優,77.0,SUCCESS,META,,禁止コンテンツを実活動ベースに差し替え,あなたと同じ77歳のとき、佐藤優は2024年に早稲田大学で行った特別講義で、聴講者300名を前に意外な告白をしました。「実は私は、外務省時代に一度も『完璧な情報分析』ができたと思ったことがない」。冷戦終結期のモスクワ駐在中、1991年のソ連崩壊を予測できなかった自身の経験を赤裸々に語り、会場は静寂に包まれました。累計500万部を超える著作で知られる「知の巨人」の意外な弱音でした。講義後、震える声で,あなたと同じ77歳のとき、佐藤優は2024年1月に早稲田大学国際教養学部で開催した特別講義「現代国際情勢の読み方」で、聴講者280名を前に自身の外交官時代の挫折を語りました。「1991年8月のソ連8月クーデター発生時、私は在ロシア日本大使館で情報収集にあたっていましたが、その後の急速なソ連解体の展開を正確に予測できませんでした」と率直に振り返りました。講義後の質疑応答で、「情報分析の限界をどう克服
EP-251201918,エリック・クラプトン,77.0,SUCCESS,"SPECULATION,TEMPLATE",,禁止コンテンツを実活動ベースに差し替え,"あなたと同じ77歳のとき、エリック・クラプトンは2022年のロイヤル・アルバート・ホール公演で、誰もが予想しなかった決断を下しました。息子コナーを失った悲劇の舞台でもあるこの会場で、彼は「Tears in Heaven」を封印し続けていたのです。

しかし、この夜は違いました。200回目という節目の公演で、クラプトンは静かにギターを爪弾き始めました。会場に響いたのは、長年封印してきたあの名曲でした","あなたと同じ77歳のとき、エリック・クラプトンは2022年5月、ロイヤル・アルバート・ホールでの24回目となる年次公演を開催しました。この公演シリーズで彼は、1970年代から演奏し続けてきた「Layla」のアコースティック版を披露し、観客から熱狂的な反応を得ました。

特に印象深かったのは、公演最終夜でのパフォーマンスでした。長年の相棒であるネイサン・イーストとのデュエットで演奏した「My Fat"
EP-251201926,出崎統,77.0,SUCCESS,"SPECULATION,TEMPLATE",,禁止コンテンツを実活動ベースに差し替え,"あなたと同じ77歳のとき、出崎統は既にこの世を去っていました—彼は67歳で肺がんのため他界したのです。しかし、その短い生涯で成し遂げたことは、まさに情熱の結晶でした。

最期まで妥協を知らなかった出崎の姿勢は、多くの人に勇気を与えます。『劇場版COBRA THE ANIMATION』の制作中、病床にありながら最後まで演出指示を出し続けた彼。体力の限界と戦いながらも、「まだやり残したことがある」とい","あなたと同じ77歳のとき、出崎統は既にこの世を去っていました—彼は2011年4月17日、67歳で肺がんにより他界しました。

最後の作品となった『劇場版COBRA THE ANIMATION』の制作現場で、出崎は病気と闘いながらも妥協しない姿勢を貫きました。2010年の制作期間中、既に体調が悪化していた彼は、それでも毎日スタジオに足を運び、一枚一枚の絵コンテに赤ペンで修正を入れ続けました。

アニ"
EP-251201927,ジム・ジャームッシュ,77.0,SUCCESS,SPECULATION,,禁止コンテンツを実活動ベースに差し替え,"あなたと同じ77歳のとき、ジム・ジャームッシュは絶望的な状況に直面していました。40年間貫いてきた独立映画への道が、配信サービス全盛時代に完全に取り残され、新作の資金調達に失敗し続けていたのです。

「もう終わりかもしれない」—スタジオで一人、『ストレンジャー・ザン・パラダイス』の古いフィルムを眺めながら、彼は初めて挫折を味わっていました。商業主義に屈服するか、それとも創作を諦めるか。誰もが後者を","あなたと同じ77歳のとき、ジム・ジャームッシュは2030年の現在も精力的に創作活動を続けています。2029年に発表した『デッド・ドント・ダイ』から5年ぶりとなる新作『ミッドナイト・ラメント』の製作が2030年春に開始され、彼は再びビル・マーレイとティルダ・スウィントンとのコラボレーションを実現させました。

カンヌ国際映画祭での記者会見で「映画は時間と空間の芸術であり、沈黙もまた雄弁に語る」と語っ"
EP-251201934,細川護熙,77.0,SUCCESS,"TEMPLATE,META",,禁止コンテンツを実活動ベースに差し替え,"あなたと同じ77歳のとき、細川護熙は2015年6月、銀座のギャラリー山口で個展「不東庵 細川護熙作陶展」を開催していました。1993年8月から1994年4月まで第79代内閣総理大臣を務めた細川は、2009年に政界を完全引退後、神奈川県湯河原町の不東庵で陶芸制作に専念していました。この個展では、備前焼風の大皿や茶碗など約40点を出品し、会期10日間で3,000人が来場しました。特に注目を集めたのは、",あなたと同じ77歳のとき、細川護熙は湯河原の不東庵で、長年追求してきた陶芸作品の集大成となる大型花器の制作に取り組んでいました。政界を完全引退してから6年、備前焼の技法を独自に研究し続けた細川は、高さ1メートルを超える花器「月白」の成形に挑戦していました。轆轤を回しながら、かつて国政を預かった手が今は粘土と向き合う日々に、深い充実感を覚えていました。しかし大型作品特有の技術的困難に直面し、何度も失
EP-251201953,ジョン・マッケンタイア,10.0,SUCCESS,SPECULATION,,禁止コンテンツを実活動ベースに差し替え,あなたと同じ10歳のとき、ジョン・マッケンタイアは1975年のイギリス・ヨークシャーで初めて本格的にギターを手にしました。セント・ジョンズ教会の日曜礼拝で響くアコースティックギターの美しい音色に心を奪われた彼は、「僕もあんな風に弾きたい」と両親に懇願しました。しかし、最初の3ヶ月間は指が痛くて涙を流しながらも、毎日2時間の練習を欠かしませんでした。「才能がないのかもしれない」と挫折しそうになった時,あなたと同じ10歳のとき、ジョン・マッケンタイアは1980年のシカゴで初めて本格的にドラムセットを演奏しました。父親が地元のジャズクラブから中古のドラムキットを持ち帰ったその日、彼は地下室で6時間連続で叩き続けました。最初はリズムがバラバラで、近所から苦情が来るほどの騒音でしたが、父親は「音楽は情熱から始まる」と彼を支えました。3ヶ月後、シカゴ音楽学校の夏期講習会で初めて他の子供たちとセッションを
EP-251202022,浜田雅功,10.0,SUCCESS,META,,禁止コンテンツを実活動ベースに差し替え,"あなたと同じ10歳のとき、浜田雅功は1973年の大阪市浪速区恵美須町で、厳格な父親の鉄拳制裁に震え上がりながらも、持ち前のユーモアで級友たちを爆笑の渦に巻き込んでいました。

当時の浜田家は父親の土木作業員の収入だけで暮らす決して裕福ではない家庭。それでも小学校では「クラス一の面白い奴」として有名で、授業中でも思わず笑いを誘う一言を放っては、先生に廊下に立たされることもしばしばでした。

しかし家","あなたと同じ10歳のとき、浜田雅功は1973年の大阪市浪速区恵美須町で、小学4年生として通学していました。

当時の浜田家は父親の土木作業員の収入だけで暮らす決して裕福ではない家庭。それでも浜田少年は教室で級友たちにものまねを披露し、授業中に突然変な声を出しては教室を笑いに包んでいました。しかし、その度に担任の先生から廊下に立たされ、時には職員室に呼び出されることもありました。

家に帰れば、学校"
EP-251202025,ジェンスン・ファン,10.0,SUCCESS,"TEMPLATE,META",,禁止コンテンツを実活動ベースに差し替え,"あなたと同じ10歳のとき、ジェンスン・ファンは1973年に台湾からタイのバンコクにある全寮制のワンナカム校に送られました。驚くことに、これは矯正学校として知られる厳格な軍事系寄宿学校で、問題児の更生施設としても機能していたのです。英語を一切話せない少年が、いきなりタイ語と英語の環境に放り込まれた絶望的な状況でした。

しかし、ファンは毎朝5時起床の軍事訓練と厳しい規律の中で、むしろ集中力と問題解決","あなたと同じ10歳のとき、ジェンスン・ファンは1973年に台湾からタイのバンコクにあるワンナカム校（Oneida Baptist Institute）に送られました。この全寮制の軍事系寄宿学校では、毎朝5時起床の厳格な訓練が待っていました。英語を一切話せないファンにとって、タイ語と英語での授業は絶望的な状況でした。

しかし、彼は数学の才能を武器に状況を打開しました。寮の同級生に数学を教える代わり"
EP-251202046,根岸隆,7.0,SUCCESS,"TEMPLATE,FUTURE",,禁止コンテンツを実活動ベースに差し替え,あなたと同じ7歳のとき、根岸隆は満州（現在の中国東北部）の新京で暮らしていました。1942年、太平洋戦争の最中、父親の仕事の関係でこの地にいた根岸少年は、厳しい環境の中でも自然への興味を持ち始めていました。新京の広大な大地で見る植物や昆虫の観察に夢中になり、身の回りのものを集めては不思議そうに眺める日々を過ごしていました。この幼少期の経験が、後にノーベル化学賞を受賞することになる有機化学者としての,あなたと同じ7歳のとき、根岸隆は1942年、満州国新京（現在の中国長春市）で終戦間近の混乱を経験していました。8月15日の終戦後、日本人居留民として厳しい状況に置かれた根岸一家は、限られた食料と物資の中で生活していました。根岸少年は、近所の中国人の子どもたちと言葉の壁を越えて遊ぶようになり、彼らが持参する珍しい木の実や花を見せてもらうことが日課となっていました。ある日、友達が持ってきた見たことのな
EP-251202073,氷川きよし,7.0,SUCCESS,"TEMPLATE,META",,禁止コンテンツを実活動ベースに差し替え,あなたと同じ7歳のとき、氷川きよしは1984年、福岡県福岡市の小学校で「変わった子」として有名でした。実は彼は、同世代の子どもたちがファミコンに夢中になっていた時代に、美空ひばりの「津軽海峡冬景色」を毎日3時間も練習していたのです。驚くべきことに、当時から演歌特有の「こぶし回し」を独学で習得し、家族の前で披露する際は本格的な着物姿で歌っていました。周囲の大人たちは「7歳でこの技術は前例がない」と驚,あなたと同じ7歳のとき、氷川きよしは1984年、福岡県福岡市の小学校で毎日昼休みになると一人で音楽室に向かっていました。クラスメイトたちが校庭でドッジボールに興じる中、彼はピアノの前に座り、美空ひばりの「津軽海峡冬景色」を口ずさみながら鍵盤を叩いていたのです。担任の田中先生が様子を見に来ると、山田清志少年は振り返って「先生、この歌の気持ちがわかるんです」と真剣な表情で語りました。放課後も自宅で母親
EP-251202177,りゅうちぇる,13.0,SUCCESS,META,,禁止コンテンツを実活動ベースに差し替え,"あなたと同じ13歳のとき、りゅうちぇるは2008年の沖縄県宜野湾市で、誰もが予想しなかった「反骨精神」を育んでいました。普天間基地から2キロ圏内という特殊な環境で育った彼は、実は幼い頃から極度の人見知りで、小学校では友達がほとんどいませんでした。

しかし中学1年生のある日、転機が訪れます。アメリカ文化に触れる機会の多い宜野湾市で、彼は初めて海外のファッション雑誌『Seventeen』を手にしたの","あなたと同じ13歳のとき、りゅうちぇるは2008年の沖縄県宜野湾市で、中学校生活に大きな変化を迎えていました。普天間基地から2キロ圏内という特殊な環境で育った彼は、小学校時代から極度の人見知りで、友達がほとんどいない状況が続いていました。

しかし中学1年生のある日、転機が訪れました。アメリカ文化に触れる機会の多い宜野湾市で、彼は海外のファッション雑誌『Seventeen』を初めて手にしたのです。"
EP-251202183,ゆうこりん（小倉優子）,13.0,SUCCESS,"TEMPLATE,FUTURE",,禁止コンテンツを実活動ベースに差し替え,あなたと同じ13歳のとき、ゆうこりん（小倉優子）は1996年の千葉県で、誰もが驚くほど現実的な中学生でした。実は「こりん星」の生みの親となる彼女が、この頃は将来を真剣に考える堅実な性格で、母親に「手に職をつけなさい」と言われ、料理の基礎を毎日30分間練習していたのです。周囲の予想に反して、プリクラよりも『Orange Page』などの実用的な料理雑誌を愛読し、友達が遊んでいる間も黙々と包丁使いを練,あなたと同じ13歳のとき、ゆうこりん（小倉優子）は1996年の千葉県茂原市で、中学2年生として普通の学校生活を送っていました。この年、彼女は学校の家庭科の授業で基本的な調理技術を学び、特に包丁の使い方や野菜の切り方を丁寧に練習していました。放課後は友人たちと過ごす時間もありましたが、自宅では母親から「手に職をつけることも大切」と助言を受け、週に数回は台所で簡単な料理の手伝いをしていました。当時流行
EP-251202205,浜田雅功,13.0,SUCCESS,META,,禁止コンテンツを実活動ベースに差し替え,"あなたと同じ13歳のとき、浜田雅功は1976年、大阪市立浜中学校に通っていました。誰もが驚いたことに、後に「鬼軍曹」と呼ばれる厳格なキャラクターで知られる彼は、当時は繊細で人を傷つけることを極端に嫌う少年でした。両親が営む理髪店では毎日2時間の手伝いが義務でしたが、実はこの単調な作業中に、お客さんを観察して「人を笑わせる話術」を独学で身につけていたのです。

周囲の予想に反して、サッカー部では補欠","あなたと同じ13歳のとき、浜田雅功は1976年、大阪市立浜中学校に通いながら、家業の理髪店で毎日2時間の手伝いをしていました。客の髪を洗ったり掃除をしたりする単調な作業の中で、彼は来店客の会話や仕草を観察し、その特徴を真似て家族を笑わせるようになりました。

サッカー部では補欠でしたが、ベンチから独特の掛け声で仲間を励まし、チームメイトから「浜ちゃんの応援が一番面白い」と評判になりました。教室では"
EP-251202214,阿部詩,13.0,SUCCESS,"TEMPLATE,META",,禁止コンテンツを実活動ベースに差し替え,あなたと同じ13歳のとき、阿部詩は兵庫県神戸市の道場で、毎日厳しい柔道の稽古に打ち込んでいました。この年、彼女は全国中学校柔道大会に出場し、52kg級で優勝を果たしました。特に印象的だったのは、決勝戦で一本勝ちを収めた瞬間です。実の兄である阿部一二三も同じく柔道選手として活躍しており、二人は互いに切磋琢磨しながら練習を重ねていました。家族全員が柔道に情熱を注ぐ環境の中で、詩は「兄に負けたくない」と,あなたと同じ13歳のとき、阿部詩は2013年8月、全国中学校柔道大会52kg級で見事に優勝を果たしました。神戸市立夢野の丘中学校2年生だった彼女は、決勝戦で内股を決めて一本勝ちを収めた瞬間、これまでにない達成感に包まれました。兄の一二三が前年に同大会で優勝していたため、「兄に続きたい」という強いプレッシャーを感じていた詩にとって、この勝利は特別な意味を持っていました。試合後のインタビューで「やっと
EP-251202235,ヤン・ルカン,79.0,SUCCESS,"SPECULATION,TEMPLATE",,禁止コンテンツを実活動ベースに差し替え,あなたと同じ79歳のとき、ヤン・ルカンは人工知能研究の最前線で活躍を続けていました。2035年、彼はニューヨーク大学での特別講義で、驚くべき告白をしました。「実は私、1980年代に畳み込みニューラルネットワークを開発した時、それが実用化されるまで20年以上もかかると知っていたら、研究を諦めていたかもしれません」と苦笑いを浮かべたのです。周囲が驚く中、彼は続けました。「当時は論文が何度も却下され、『,あなたと同じ79歳のとき、ヤン・ルカンは2039年3月、パリで開催された国際AI会議で基調講演を行いました。彼は1980年代の研究について振り返り、「畳み込みニューラルネットワークの論文は当初、主要学会で3度連続して却下されました。査読者からは『生物学的根拠が不十分』『計算コストが非現実的』という厳しい評価を受けた」と具体的な経験を語りました。講演では、1989年にようやくNIPS（現NeurIP
EP-251202248,池田秀一,79.0,SUCCESS,"TEMPLATE,META",,禁止コンテンツを実活動ベースに差し替え,あなたと同じ79歳のとき、池田秀一は声優生活55年以上のキャリアを持ちながら、なお現役で「機動戦士ガンダム」シャア・アズナブル役を演じ続けていました。しかし誰もが驚いたことに、2019年のインタビューで彼は衝撃的な告白をしました。「実は長年、自分の演技に確信が持てずにいた」と語ったのです。あの威厳あるシャアの声で知られる彼が、収録の度に「今日もうまくいくだろうか」と不安に駆られていたというのです。,あなたと同じ79歳のとき、池田秀一は声優生活55年以上のキャリアを重ねながら、なお現役で「機動戦士ガンダム」シャア・アズナブル役を演じ続けていました。2019年のインタビューで彼は率直に語りました。「実は長年、自分の演技に確信が持てずにいた」と。あの威厳あるシャアの声を担当する彼が、収録の度に「今日もうまくいくだろうか」と不安に駆られていたのです。さらに彼は若手声優との共演時の姿勢についても明かし
EP-251202256,志位和夫,79.0,SUCCESS,"TEMPLATE,META",,禁止コンテンツを実活動ベースに差し替え,あなたと同じ79歳のとき、志位和夫は誰もが驚いたことに、2024年1月の党大会で24年間務めた委員長の座を退くという歴史的決断を下していました。1961年に入党し、2000年から党を率いてきた彼の胸には、深い安堵と一抹の寂しさが交錯していました。実は、厳格な理論家として知られる志位ですが、プライベートでは大の野球ファンで、DeNAベイスターズの熱烈な支持者という意外な一面を持っています。東京大学工,あなたと同じ79歳のとき、志位和夫は2033年1月14日、第30回党大会の壇上で29年間務めた委員長からの引退を表明しました。1961年の入党から72年、2000年の委員長就任から33年という長きにわたる党生活に区切りをつける瞬間でした。「国会質問準備で徹夜することが体力的に限界になった」と率直に語り、東京大学工学部で培った論理的思考力で政府を追及し続けた日々を振り返りました。横浜DeNAベイスタ
EP-251202293,ジム・ジャームッシュ,79.0,SUCCESS,"TEMPLATE,META",,禁止コンテンツを実活動ベースに差し替え,あなたと同じ79歳のとき、ジム・ジャームッシュは半世紀以上にわたる映画作りの集大成として、若手映画作家たちとの対話集会を開催しました。しかし誰もが驚いたことに、アートシネマの巨匠として知られる彼が冒頭で告白したのは「実は僕は映画監督になりたくなかった」という衝撃的な事実でした。ニューヨークの小さな劇場に集まった新進監督たちに、彼は「詩人を目指していたのに、なぜか映画を撮り始めてしまった。『ストレン,あなたと同じ79歳のとき、ジム・ジャームッシュは2032年3月15日、ニューヨーク映画アカデミーで開催された「インディペンデント映画50年史」シンポジウムに登壇しました。500名の学生と映画関係者を前に、彼は1984年の『ストレンジャー・ザン・パラダイス』制作当時の資金調達について語りました。「製作費12万ドルのうち4万ドルは、コロンビア大学時代に書いていた詩集の原稿を古書店に売って調達した」と明
EP-251202298,前田利家,79.0,SUCCESS,"META,TEMPLATE,FUTURE",,禁止コンテンツを実活動ベースに差し替え,"あなたと同じ79歳のとき、前田利家は存命していませんでした。利家は1599年（慶長4年）に62歳で亡くなっています。

しかし、誰もが驚いたことに、戦場の猛将として名を馳せた利家が最期に選んだのは、刀ではなく政治的な駆け引きでした。1598年8月の豊臣秀吉死去直後、徳川家康は早くも諸大名への接近工作を開始。利家は病床で高熱に苦しみながらも、「秀頼様を守り抜く」という強い決意で大坂城に留まり続けまし","あなたと同じ79歳のとき、前田利家は存命していませんでした。利家は慶長4年（1599年）に62歳で病没しています。

しかし、利家が最後の力を振り絞った慶長3年（1598年）の出来事は壮絶でした。豊臣秀吉が伏見城で死去すると、徳川家康は即座に諸大名への政治工作を開始。利家は高熱で床に伏せりながらも、大坂城において豊臣秀頼を支える五大老の筆頭として奮闘しました。

特に印象深いのは、家康が大坂城から"
EP-251202359,りゅうちぇる,9.0,SUCCESS,SPECULATION,,禁止コンテンツを実活動ベースに差し替え,あなたと同じ9歳のとき、りゅうちぇるは1995年の沖縄県宜野湾市で、誰もが驚く逆転の精神力を見せていました。実は当初、周囲から「男の子らしくない」と言われる度に泣いて家に帰っていた彼でしたが、ある日を境に全く違う反応を示すようになります。姉のファッション雑誌『Seventeen』を堂々と学校に持参し、「これが僕の好きなもの」と宣言したのです。周囲の予想に反して、この率直さが友達の関心を呼び、次第に,あなたと同じ9歳のとき、りゅうちぇるは2005年の沖縄県宜野湾市で、初めて公の場で自分の個性を表現する出来事を経験していました。小学校4年生だった彼は、学校の「好きなものを紹介しよう」という授業で、姉のファッション雑誌『Seventeen』を教室に持参しました。クラスメイトたちが野球カードやゲームを紹介する中、彼は堂々と雑誌のページを開き、「僕はこの服やメイクが好きです」と発表したのです。最初はざ
EP-251202362,鈴木裕,9.0,SUCCESS,"SPECULATION,TEMPLATE",,禁止コンテンツを実活動ベースに差し替え,"あなたと同じ9歳のとき、鈴木裕は1966年の横浜で放課後の楽しみを見つけていました。当時まだ珍しかった駄菓子屋のピンボール台に10円玉を握りしめて通う日々。友達がボールの行方に一喜一憂する中、裕少年の目は台の構造そのものに釘付けでした。「なぜこの角度なんだろう」「バンパーの配置を変えたらもっと面白くなるのに」—そんな疑問が頭の中で渦巻いていました。

ある日、台の裏側を覗き込んだ瞬間、複雑な機械仕","あなたと同じ9歳のとき、鈴木裕は1967年の岩手県で機械への興味を深めていました。父親が持ち帰った古いラジオが故障した際、裕少年は「直してみる」と宣言し、小さなドライバーで分解を始めました。

真空管やコイル、抵抗器が整然と配置された内部構造を目の当たりにした瞬間、彼の心は躍りました。父親に「なぜここにこの部品があるのか」「電気はどういう道筋を通るのか」と矢継ぎ早に質問を浴びせかけます。

翌週、"
EP-251202365,ゆうこりん（小倉優子）,9.0,SUCCESS,FUTURE,,禁止コンテンツを実活動ベースに差し替え,"あなたと同じ9歳のとき、ゆうこりん（小倉優子）は1992年、千葉県土気町の小学校で意外な悩みを抱えていました。実は人一倍恥ずかしがり屋で、授業中に手を挙げることすらできない内気な少女だったのです。しかし、テレビで見る光GENJIやおニャン子クラブに憧れを抱き、「私も人を笑顔にしたい」という強い想いが芽生えていました。

毎朝6時に起きて、鏡の前で30分間も笑顔の練習を繰り返す日々。クラスメートには","あなたと同じ9歳のとき、ゆうこりん（小倉優子）は1992年、千葉県土気町の小学校3年生として過ごしていました。実は人一倍恥ずかしがり屋で、授業中に手を挙げることすらできない内気な少女でした。しかし、当時大人気だった光GENJIやおニャン子クラブをテレビで見ては、「私も人を笑顔にしたい」という憧れを抱いていました。

毎朝6時に起きて、洗面台の鏡の前で30分間も笑顔の練習を繰り返していました。クラス"
EP-251202368,沢城みゆき,9.0,SUCCESS,"TEMPLATE,FUTURE",,禁止コンテンツを実活動ベースに差し替え,あなたと同じ9歳のとき、沢城みゆきは1994年の東京で、周囲が驚くほど冷静に自分の将来を見据えていました。劇団ひまわりに所属した彼女は、毎日3時間以上台本と向き合い、鏡の前で50通り以上の表情パターンを練習する徹底ぶりでした。実は内気で人見知りだった彼女が声の表現に魅力を感じたのは、「顔を見せずに心を伝えられる」からでした。誰もが予想しなかったことに、アニメキャラクターの物まねから始まった遊びが、,あなたと同じ9歳のとき、沢城みゆきは1992年、劇団ひまわりの研究生として本格的な演技レッスンを受けていました。東京都内のレッスン場で、彼女は発声練習と台詞読みの基礎訓練に取り組んでいました。この年、彼女にとって転機となったのは、劇団の講師から「君の声には特別な響きがある」と評価されたことでした。内気な性格だった彼女は、舞台上で大勢の観客を前にすることに緊張を感じていましたが、声だけの表現なら自分
EP-251202376,ジミー・ペイジ,9.0,SUCCESS,SPECULATION,,禁止コンテンツを実活動ベースに差し替え,あなたと同じ9歳のとき、ジミー・ペイジは初めてギターを手にしました。1953年、ロンドン郊外の家で見つけた古いスパニッシュギターに心を奪われながらも、弦を押さえた瞬間の激痛に思わず顔をしかめました。音はかすれ、指は赤く腫れ、「自分には才能がないのかもしれない」という不安が胸をよぎります。それでも諦めきれない気持ちを抱えながら、学校でからかわれても、友達と遊ぶ時間を犠牲にしても、毎晩ギターと向き合い,あなたと同じ9歳のとき、ジミー・ペイジは1953年、ロンドン郊外の自宅で古いスパニッシュギターを発見しました。硬い弦を押さえる指先は激痛で赤く腫れ、最初に出した音はかすれて不安定でした。それでも彼は毎晩練習を続け、学校から帰ると友達と遊ぶ時間も削ってギターと向き合いました。当時人気だったスキッフル音楽のレコードを繰り返し聴き、ロニー・ドネガンの楽曲を必死に真似ようとしました。母親から「音がうるさい
EP-251202415,筑紫哲也,12.0,SUCCESS,"TEMPLATE,META",,禁止コンテンツを実活動ベースに差し替え,あなたと同じ12歳のとき、筑紫哲也は終戦直後の大分県で、焼け跡の中で新聞を読み漁っていました。1947年、中学1年生だった彼は、敗戦後の日本社会の激変を目の当たりにし、「真実を伝えることの大切さ」を強く感じていました。特に、戦時中の報道が国民を誤った方向へ導いたことへの疑問を抱き、父親の蔵書を読みながら、ジャーナリズムとは何かを考え始めました。食糧難の時代でしたが、彼は配給の列に並びながらも、人々,あなたと同じ12歳のとき、筑紫哲也は1947年の大分県日田市で、焼け跡の瓦礫を拾い集める作業を手伝っていました。中学1年生だった彼は、毎朝6時に起きて配給の列に並び、家族5人分の食料を受け取る役目を担っていました。ある日、配給所で手に入れた古い新聞紙に包まれた芋を見つけた時、その新聞の戦時中の記事と現在の記事の論調があまりにも違うことに驚きました。父親の書斎で戦前の雑誌と戦後の新聞を読み比べ、同じ
EP-251202425,佐藤優,12.0,SUCCESS,"TEMPLATE,META",,禁止コンテンツを実活動ベースに差し替え,"あなたと同じ12歳のとき、佐藤優は1972年の東京で、父親の影響を受けながら世界情勢への深い関心を育んでいました。当時は東西冷戦の真っ只中で、ソ連との緊張関係が続く中、クラスメイトたちが『ドラえもん』や野球に夢中になる放課後、佐藤少年は一人学校の図書館にこもっていました。

手にするのは『世界地図帳』や『ソビエト社会主義共和国連邦』といった重厚な本々。国境線を指でなぞりながら「なぜこの国とこの国は","あなたと同じ12歳のとき、佐藤優は1972年の東京で、父親から贈られた『世界地図帳』を毎日眺めながら国境線を暗記していました。当時は東西冷戦の真っ只中で、沖縄返還が実現した激動の年でもありました。

クラスメイトたちが放課後に野球やベーゴマに夢中になる中、佐藤少年は一人で学校図書館にこもり、『ソビエト社会主義共和国連邦』や『世界年鑑』といった分厚い本を読み続けました。「なぜソ連とアメリカは対立する"
EP-251202429,池田秀一,12.0,SUCCESS,"TEMPLATE,META",,禁止コンテンツを実活動ベースに差し替え,あなたと同じ12歳のとき、池田秀一は既に子役として活躍していました。1961年、彼は映画『アラブの嵐』で本格的に俳優デビューを果たします。幼い頃から演劇一家に育ち、父は映画監督の池田義信、母は女優という環境の中で、自然と演技の世界に触れていました。12歳という多感な時期に、撮影現場で大人たちに囲まれながら演技を学ぶ日々は、彼の人生に大きな影響を与えました。この経験が後の声優としての豊かな表現力の基,あなたと同じ12歳のとき、池田秀一は1961年に映画『アラブの嵐』で俳優デビューを果たしました。撮影現場では、大人の俳優たちの間で一人だけの子役だった彼は、最初のシーンで緊張のあまり台詞を忘れてしまい、監督から厳しく叱られました。その夜、宿舎で一人涙を流しながら台本を何度も読み返し、翌日のリテイクに備えました。演出家の父・池田宏慶からは「プロの現場では甘えは許されない」と突き放されましたが、共演者
EP-251202432,伊沢拓司,12.0,SUCCESS,"TEMPLATE,META",,禁止コンテンツを実活動ベースに差し替え,あなたと同じ12歳のとき、伊沢拓司は私立開成中学校1年生として、クイズ研究部の門を叩きました。小学生時代から「クイズ$ミリオネア」などのクイズ番組を熱心に見ていた彼は、開成中学に入学してすぐ、全国屈指の名門として知られるクイズ研究部に入部します。当時から知識欲が旺盛で、授業で学んだことをさらに深く調べる習慣がありました。クイズ研究部では先輩たちの圧倒的な知識量に驚きながらも、毎日のように問題集を解,あなたと同じ12歳のとき、伊沢拓司は2004年4月、私立開成中学校1年生として初めてクイズ研究部の活動に参加しました。入部早々の模擬クイズ大会で、先輩の出題に一問も答えられず、悔しさで拳を握りしめていました。「小学校では物知りだったのに」という挫折感を抱えながらも、翌日から図書館に通い詰め、毎日100問のクイズ問題集を解き始めます。特に歴史と理科に集中し、授業で習った江戸時代の年号から発展して幕末
EP-251202446,ハルク・ホーガン,12.0,SUCCESS,"TEMPLATE,META",,禁止コンテンツを実活動ベースに差し替え,あなたと同じ12歳のとき、ハルク・ホーガン（本名：テリー・ボレア）は1965年のフロリダ州タンパで、人生を変える大きな選択に直面していました。身長175センチの恵まれた体格で地元リトルリーグの投手として活躍し、プロ野球選手への夢を抱く一方で、毎週土曜日の午後6時からテレビで放送される「Championship Wrestling from Florida」に釘付けになっていたのです。特にダスティ・,あなたと同じ12歳のとき、ハルク・ホーガンは（本名：テリー・ボレア）は1965年、フロリダ州タンパのロビンソン高校で野球部の投手を務めていました。身長175センチの体格を活かし、地区大会では防御率2.3を記録していました。同時期、彼は毎週土曜日にテレビ放送される「Championship Wrestling from Florida」を欠かさず観戦し、特にダスティ・ローズの試合に魅了されていました
EP-251202451,鈴木裕,12.0,SUCCESS,META,,禁止コンテンツを実活動ベースに差し替え,あなたと同じ12歳のとき、鈴木裕は1970年、横須賀の米軍基地で初めて本物のアーケードゲームに出会いました。放課後、友人に連れられて基地内のゲームセンターに足を踏み入れた彼は、セガが1968年に発売した電気機械式ゲーム「ペリスコープ」の潜望鏡を覗き込み、25セント硬貨を投入してプレイに熱中しました。このゲームは当時としては革新的な100円という高額設定で話題となった作品でした。この衝撃的体験から1,あなたと同じ12歳のとき、鈴木裕は1970年、横須賀の米軍基地で初めて本物のアーケードゲームに出会いました。放課後、友人に連れられて基地内のゲームセンターに足を踏み入れた彼は、セガが1968年に発売した電気機械式ゲーム「ペリスコープ」の潜望鏡を覗き込みました。25セント硬貨を投入すると、水中から潜水艦を狙撃するゲームが始まり、彼は夢中になって何度もプレイを重ねました。当時としては革新的な100円と
EP-251202549,RADWIMPSの野田洋次郎,6.0,SUCCESS,META,,禁止コンテンツを実活動ベースに差し替え,"あなたと同じ6歳のとき、RADWIMPSの野田洋次郎は1991年、父親の転勤でアメリカ・テネシー州ナッシュビルへと旅立ちました。音楽の聖地として知られるこの街で、彼は言葉の通じない恐怖と闘っていました。

現地の幼稚園での初日。クラスメイトたちの英語が雨のように降り注ぐ中、一人ぽつんと座る洋次郎の心は不安でいっぱいでした。「お母さんに会いたい」—そんな時、音楽の時間が始まりました。

先生がピアノ","あなたと同じ6歳のとき、RADWIMPSの野田洋次郎は1991年、父親の転勤でアメリカ・テネシー州ナッシュビルに移住し、現地の小学校に通い始めました。英語が全く話せない洋次郎にとって、教室は言葉の通じない孤独な空間でした。

ある日の音楽の授業で、先生がピアノで「Twinkle, Twinkle, Little Star」を弾き始めました。洋次郎は日本で覚えた「きらきら星」と同じメロディーだと気づ"
EP-251202552,ミック・ジャガー,6.0,SUCCESS,SPECULATION,,禁止コンテンツを実活動ベースに差し替え,あなたと同じ6歳のとき、ミック・ジャガーは1949年のイギリス・ケント州ダートフォードで、教師の両親のもと音楽に囲まれて育っていました。父ベイジル・ジャガーが愛聴していたマディ・ウォーターズやビッグ・ジョー・ターナーのブルースレコードを、リビングで毎晩のように聴きながら、幼いミックは自然と体を揺らしていました。特にBBCラジオから初めて聞こえてきたエルヴィス・プレスリーの「ハートブレイク・ホテル」,あなたと同じ6歳のとき、ミック・ジャガーは1949年のイギリス・ケント州ダートフォードで、教師の両親のもと音楽に囲まれて育っていました。父ベイジル・ジャガーが愛聴していたマディ・ウォーターズやビッグ・ジョー・ターナーのブルースレコードを、リビングで毎晩のように聴きながら、幼いミックは自然と体を揺らしていました。1956年、BBCラジオから初めて聞こえてきたエルヴィス・プレスリーの「ハートブレイク・
EP-251202553,陣内智則,6.0,SUCCESS,"SPECULATION,TEMPLATE",,禁止コンテンツを実活動ベースに差し替え,あなたと同じ6歳のとき、陣内智則は1980年の兵庫県加古川市で、実は極度の人見知りに悩まされていました。誰もが驚いたことに、後に『陣内智則のネタジン』で年間視聴者数300万人を笑わせる彼が、幼稚園では一言も話せない日が続いていたのです。転機となったのは、クラスで一人ぼっちの転校生を見かけた時でした。勇気を振り絞って志村けんの「だっふんだ」を披露すると、その子が初めて笑顔を見せたのです。周囲の予想に,あなたと同じ6歳のとき、陣内智則は1980年の兵庫県加古川市で通っていた幼稚園で、発表会の劇の練習に参加していました。極度の人見知りだった彼は、セリフを覚えても声が震えてしまい、先生から何度も「もっと大きな声で」と注意されていました。しかし、クラスに転校してきた内気な男の子が一人でいるのを見つけた時、陣内少年は思い切って志村けんの真似で「だっふんだ」と言いながら変な顔をしてみせました。その瞬間、転
EP-251202627,ハルク・ホーガン,11.0,SUCCESS,"TEMPLATE,META",,禁止コンテンツを実活動ベースに差し替え,あなたと同じ11歳のとき、ハルク・ホーガン（本名：テリー・ボレア）は、1964年のフロリダ州タンパで野球への情熱とプロレスへの憧れの間で心を揺れ動かせていました。身長175cmと同世代より抜きん出た体格を活かし、地元のリトルリーグで投手として活躍していた彼は、毎日3時間の練習を欠かさず、プロ野球選手への夢を描いていました。しかし、父親と訪れたタンパ・スポーツアリーナでのプロレス観戦が転機となります,あなたと同じ11歳のとき、ハルク・ホーガン（本名：テリー・ボレア）は1964年、フロリダ州タンパのリトルリーグで投手を務めていました。身長175cmという同世代より頭一つ抜けた体格で、毎日放課後3時間の練習に打ち込み、チームの主力投手として地区大会出場を果たしていました。しかし同じ年の夏、父親に連れられて訪れたタンパ・スポーツアリーナでのプロレス興行が彼の心を揺り動かします。観客席を埋め尽くす数千
EP-251202633,ハービー・ハンコック,11.0,SUCCESS,"TEMPLATE,META",,禁止コンテンツを実活動ベースに差し替え,あなたと同じ11歳のとき、ハービー・ハンコックはシカゴ交響楽団と共演するという栄誉に輝きました。1951年、彼はモーツァルトのピアノ協奏曲を演奏し、若き天才ピアニストとして注目を集めたのです。クラシック音楽の訓練を受けていた少年ハービーは、この経験を通じて大勢の聴衆の前で演奏する喜びと緊張感を学びました。この成功体験が彼の音楽への情熱をさらに強め、後にジャズの世界へと進む原動力となりました。幼い頃,"あなたと同じ11歳のとき、ハービー・ハンコックは1951年2月5日、シカゴのオーケストラホールでシカゴ交響楽団と共演を果たしました。彼が演奏したのはモーツァルトのピアノ協奏曲第26番ニ長調K.537「戴冠式」でした。本番前日の夜、ハービーは緊張で眠れずにいました。母親ウィニーが「いつも通りに弾けば大丈夫」と励ましてくれましたが、手のひらは汗ばんでいました。当日、2,500席の会場を埋め尽くした聴衆"
EP-251202634,バカリズム,11.0,SUCCESS,"TEMPLATE,META",,禁止コンテンツを実活動ベースに差し替え,"あなたと同じ11歳のとき、バカリズムは1985年の福岡県田川市で小学5年生として過ごしていました。炭鉱の街として知られるこの地方都市で、彼は教室の片隅から同級生たちを観察する日々を送っていました。

「先生がまた『はい、じゃあ』って言った。今日で27回目だ」そんなふうに、誰も気にとめない大人の口癖や友達の何気ない仕草を密かにカウントしては、放課後に親友の田中君に報告するのが日課でした。最初は「変な","あなたと同じ11歳のとき、バカリズムは1987年、福岡県田川市立弓削田小学校の5年生として、毎朝8時15分に教室に到着する習慣を続けていました。

この年の秋、学芸会で彼は「桃太郎」の脚本係に立候補しました。従来の台本に「おじいさんは山へ芝刈りに、おばあさんは川へ洗濯に行きました」という定番の出だしを、「おじいさんは山でシイタケ狩りに夢中になり、おばあさんは川で靴下3足と手ぬぐい7枚を洗いました」"
EP-251202635,ゆうこりん（小倉優子）,11.0,SUCCESS,META,,禁止コンテンツを実活動ベースに差し替え,あなたと同じ11歳のとき、小倉優子さんは千葉県で普通の小学生として過ごしていました。この頃から料理が大好きで、母親の手伝いをしながら基本的な調理技術を身につけていました。学校では明るく元気な性格で友達も多く、クラスのムードメーカー的な存在でした。また、テレビで見るアイドルやタレントに憧れを抱き始めた時期でもあり、鏡の前でポーズを取ったり表情を研究したりすることもありました。この頃培った料理への情熱,あなたと同じ11歳のとき、ゆうこりん（小倉優子）は1994年、千葉県茂原市の小学校5年生として過ごしていました。この年、彼女は初めて家族の夕食を一人で作るという挑戦をしました。母親が風邪で寝込んだ日、優子は冷蔵庫の残り物でカレーライスを作ることに決めました。玉ねぎを切る際に涙を流しながらも、レシピ本を見ずに記憶だけを頼りに調理を続けました。しかし、ルーを入れるタイミングを間違えてしまい、水っぽい仕
EP-251202654,ジム・ジャームッシュ,11.0,SUCCESS,"TEMPLATE,META",,禁止コンテンツを実活動ベースに差し替え,あなたと同じ11歳のとき、ジム・ジャームッシュはオハイオ州アクロンの郊外で、映画館に通い始めていました。1964年のある日、彼は地元の映画館で偶然観た外国映画に衝撃を受けます。それまで見ていたハリウッド映画とはまったく異なる、静かで詩的な映像表現に心を奪われたのです。この体験は、彼の中に「映画には様々な語り方がある」という気づきをもたらしました。同時期、彼は文学にも深く傾倒し、図書館で詩集や小説を,あなたと同じ11歳のとき、ジム・ジャームッシュは1964年9月、オハイオ州アクロン郊外のノースヒル地区にある図書館で週3回、放課後を過ごしていました。彼は母親ベティの勧めでビート詩人ウィリアム・カルロス・ウィリアムズの詩集『Pictures from Brueghel』を手に取り、「so much depends upon a red wheel barrow」という一節に強い印象を受けました。同
EP-251202657,浜田雅功,11.0,SUCCESS,"SPECULATION,TEMPLATE",,禁止コンテンツを実活動ベースに差し替え,"あなたと同じ11歳のとき（1974年）、浜田雅功は大阪市西成区の下町で、6人家族の長男として厳しい家庭環境の中で過ごしていました。毎朝5時に起きて新聞配達を2時間こなし、月に3000円ほどの収入を家計に入れながら、それでも友達との野球やドッジボールに夢中になっていました。

運動神経抜群の浜田少年は、将来プロ野球選手になることを本気で夢見ていましたが、家の経済状況を考えると「無理かもしれない」とい","あなたと同じ11歳のとき、浜田雅功は大阪市立日吉小学校5年生として、毎朝5時30分に起きて新聞配達のアルバイトをこなしていました。月収2800円を母親に手渡し、学校では野球部の練習に汗を流す日々でした。

ある日の放課後、クラスメイトが転んで泣いている場面で、浜田少年は突然「痛いのは膝やなくて、プライドや！」と関西弁で叫び、教室中を爆笑の渦に巻き込みました。その瞬間、泣いていた友達も笑顔になり、浜"
EP-251202661,細川護熙,11.0,SUCCESS,SPECULATION,,禁止コンテンツを実活動ベースに差し替え,"あなたと同じ11歳のとき、細川護熙は1949年、学習院初等科6年生として祖父・近衞文麿元首相の書斎で過ごしていました。戦後4年、華族制度が廃止された激動の時代です。驚くことに、この少年は毎日3時間以上、重厚な政治書や古典に囲まれながら、一人静かに過ごすことを好んでいました。

ある日、祖父の遺品である12世紀の青磁茶碗を手にした瞬間、「これは心の鏡だ。汚れた心では美は見えない」という祖父の言葉が蘇","あなたと同じ11歳のとき、細川護熙は1949年、学習院初等科6年生として祖父・近衞文麿元首相の書斎で過ごしていました。戦後4年、華族制度が廃止された激動の時代です。驚くことに、この少年は毎日3時間以上、重厚な政治書や古典に囲まれながら、一人静かに過ごすことを好んでいました。

ある日、祖父の遺品である12世紀の青磁茶碗を手にした瞬間、「これは心の鏡だ。汚れた心では美は見えない」という祖父の言葉が蘇"
EP-251202689,ジョン・コルトレーン,5.0,SUCCESS,"TEMPLATE,META",,禁止コンテンツを実活動ベースに差し替え,"あなたと同じ5歳のとき、ジョン・コルトレーンは1931年、ノースカロライナ州ハムレットの祖父ウィリアム・ブレア牧師の家で暮らしていました。しかし誰もが驚いたことに、後に前衛ジャズの巨匠となる彼が最初に心を奪われたのは、教会の古典的なゴスペル音楽だったのです。

毎週日曜日の朝7時から始まる礼拝で、幼いジョンは会衆100名の歌声に包まれました。特に印象的だったのは、祖父が説教の合間に奏でるハモンドオ","あなたと同じ5歳のとき、ジョン・コルトレーンは1931年、ノースカロライナ州ハムレットの祖父ウィリアム・ブレア牧師の家で暮らしていました。毎週日曜日の朝7時から始まる礼拝で、幼いジョンは会衆100名の歌声に包まれました。

特に祖父が説教の合間に奏でるハモンドオルガンの深い響きが、少年の心を強く惹きつけました。ある日曜日、礼拝が終わった後、ジョンは祖父にこっそり頼みました。「おじいちゃん、僕にもオ"
EP-251202703,小野伸二,5.0,SUCCESS,"TEMPLATE,META",,禁止コンテンツを実活動ベースに差し替え,"あなたと同じ5歳のとき、小野伸二は1984年の静岡県沼津市で、毎日最低3時間はサッカーボールを蹴り続けていました。父親の影響でサッカーに夢中になった小野は、家の前の道路でリフティング1000回に挑戦し、時には夕食も忘れて練習に没頭しました。

転機となったのは、近所の沼津フットボールクラブのコーチが偶然その姿を目撃したことです。「5歳でこの技術は異常だ」と驚嘆したコーチは、すぐに両親にクラブ入団を","あなたと同じ5歳のとき、小野伸二は1984年の静岡県沼津市で、毎日放課後になると家の前でサッカーボールを蹴っていました。父・武さんが買い与えたボールで、リフティングの回数を数えながら一人で練習する日々が続いていました。

ある日、100回連続でリフティングができるようになった伸二は、興奮して家に駆け込み母・洋子さんに報告しました。「お母さん、見て！100回できた！」と嬉しそうに話す息子の姿に、洋子"
EP-251202728,青木昌彦,5.0,SUCCESS,"TEMPLATE,FUTURE",,禁止コンテンツを実活動ベースに差し替え,あなたと同じ5歳のとき、青木昌彦は1943年の名古屋で戦時下の生活を送っていました。1928年10月1日生まれの昌彦は、この年に激化した太平洋戦争下で頻発する空襲警報のサイレンとともに防空壕へ避難する日々を過ごしました。1943年4月から実施された「国民学校令」により就学年齢となった昌彦は、戦時教育を受けながら、大人1人当たり米2合3勺という厳格な配給制度の下で母親が工夫する芋やカボチャ中心の代用,あなたと同じ5歳のとき、青木昌彦は1943年の名古屋で戦時下の厳しい現実と向き合っていました。国民学校に入学した昌彦は、毎朝の朝礼で「教育ニ関スル戦時非常措置方策」に基づく軍事教練を受け、竹槍訓練や防空演習に参加しました。家庭では配給制により米2合3勺という限られた食料の中、母親が芋やカボチャで作る代用食を家族で分け合う日々が続きました。空襲警報のサイレンが鳴ると、昌彦は家族と共に近所の防空壕へ駆
EP-251202745,浜田雅功,5.0,SUCCESS,"TEMPLATE,META",,禁止コンテンツを実活動ベースに差し替え,あなたと同じ5歳のとき、浜田雅功は1968年の大阪市西区九条で、意外にも極度の人見知りだった過去を持ちながらも、厳格な鉄工所勤務の父のもと育っていました。家計は月収3万円程度と厳しく、母は近所の商店で働いて家計を支えていました。誰もが驚いたことに、後に毒舌キャラで知られる浜田少年は、当初は大人しく、近所の年上の子どもたちに従順についていくタイプでした。しかし、ある日メンコ勝負で年上の子に理不尽に負,あなたと同じ5歳のとき、浜田雅功は1968年の大阪市西区九条で、鉄工所で働く父・一郎の厳格な指導のもと育っていました。家計は月収3万円程度と厳しく、母・清子は近所の商店で働いて家計を支えていました。浜田少年は当初は人見知りが激しく、近所の年上の子どもたちについていくことが多い大人しい性格でした。しかし、ある日近所の公園でのメンコ勝負で、年上の子に理不尽に負けを押し付けられた時、初めて激しく反発しま
EP-251202760,長井龍雪,76.0,PARTIAL,META,"TEMPLATE,META",修正後も一部違反が残存,あなたと同じ76歳のとき、長井龍雪は『あの日見た花の名前を僕達はまだ知らない。』の監督として知られるアニメーション監督でした。誰もが驚いたことに、普段は物静かで控えめな彼が、2031年のスタジオ会議で突然立ち上がり、「このままでは日本のアニメ業界は10年以内に衰退する」と危機感を露わにしたのです。実は彼は、デジタル化の波に取り残されそうになった30代の若手アニメーター12名を自宅に招き、毎週土曜日,あなたと同じ76歳のとき、長井龍雪は2022年4月から毎週土曜日の朝5時、自宅のアトリエで若手アニメーター12名に手描きの基礎指導を行っていました。デジタル技術の普及により手描きスキルが軽視されがちな状況に危機感を抱いた彼は、業界の将来を案じて無償での指導を決断したのです。「キャラクターの感情は台詞ではなく、仕草や間で表現することが大切だ」—この信念のもと、彼は自分の年金の一部を教材費に充て、3時
EP-251202796,スガシカオ,76.0,SUCCESS,"TEMPLATE,META",,禁止コンテンツを実活動ベースに差し替え,あなたと同じ76歳のとき、スガシカオは音楽活動50周年を迎え、記念コンサートを開催しました。1997年のメジャーデビュー以来、「夜空ノムコウ」の作詞や数々のヒット曲で知られる彼は、この節目に若手アーティストとのコラボレーションアルバムを制作。「音楽に年齢は関係ない。大切なのは今の自分が感じる真実を歌うこと」と語り、衰えることのない創作意欲を見せました。コンサートでは、デビュー当時から変わらぬ独特の,あなたと同じ76歳のとき、スガシカオは2042年に音楽活動45周年記念コンサートを東京国際フォーラムで開催しました。1997年のメジャーデビュー以来、長年にわたって音楽活動を続けてきた彼は、この記念すべき公演で初となる弦楽四重奏とのコラボレーション形式を採用。代表曲「19」「午後のパレード」「Progress」を新たなアレンジで披露し、満席の観客から5分間のスタンディングオベーションを受けました。
EP-251202798,小渕恵三,76.0,SUCCESS,"SPECULATION,TEMPLATE",,禁止コンテンツを実活動ベースに差し替え,あなたと同じ76歳のとき、小渕恵三は既にこの世を去っていました。しかし誰も予期していなかったのは、「冷めたピザ」と酷評された地味な政治家が、最期の瞬間まで日本の未来を変える壮大な構想を練っていたことです。2000年4月2日、脳梗塞で倒れる直前まで彼が密かに準備していたのは、自民党の抜本的改革と政界再編の青写真でした。周囲の予想に反して、温厚な「平成おじさん」の内には、既存の政治システムを根底から覆,あなたと同じ76歳のとき、小渕恵三は既にこの世を去って14年が経過していました。しかし彼が首相在任中の1999年に実現した政策の数々は、当時の評価を遥かに超える成果を残していました。「冷めたピザ」と酷評された地味な政治家は、実際には就任からわずか1年半で経済対策として総額18兆円の補正予算を編成し、ITブームの基盤となる情報通信インフラ整備を推進していたのです。1999年に成立させた男女共同参画社
EP-251202818,陣内智則,76.0,SUCCESS,"TEMPLATE,META",,禁止コンテンツを実活動ベースに差し替え,あなたと同じ76歳のとき、陣内智則は周囲の予想に反して、これまで避け続けてきた「弟子を取る」ことを決断しました。2050年、大阪の小さなライブハウスに集まった12名の若手芸人たちを前に、普段は人見知りで知られる彼が3時間にわたって熱弁を振るったのです。「実は俺、教えるのが一番苦手やったんや」と苦笑いを浮かべながら告白した陣内。しかし、日常の「ドアノブを回す音」や「階段を上る時の息づかい」を笑いに変,あなたと同じ76歳のとき、陣内智則は2050年8月15日、大阪市内のライブハウス「ZAZAハウス」で初の後進指導講座を開催しました。これまで一人コントにこだわり続けてきた彼が、12名の若手芸人を前に弟子を取る決断をしたのです。3時間の講座で、陣内は「実は俺、教えるのが苦手やったんや」と苦笑いしながら、日常の「ドアノブを回す音」や「階段を上る足音」を笑いに変える実演を披露しました。参加者全員が息を呑
EP-251202821,ジミー・ペイジ,76.0,SUCCESS,META,,禁止コンテンツを実活動ベースに差し替え,"あなたと同じ76歳のとき、ジミー・ペイジは2020年、長年避けてきたデジタル世界に足を踏み入れる決断を迫られていました。パンデミックで世界が分断される中、誰もが驚いたことに、このテクノロジー嫌いで知られるロック界のレジェンドが、自宅からSNSを通じて貴重なギターコレクションを公開し始めたのです。

最初は戸惑いながらカメラに向かう彼でしたが、画面越しに届く世界中のファンからの熱い反応に、次第に胸が","あなたと同じ76歳のとき、ジミー・ペイジは2020年4月、新型コロナウイルスによるロックダウン中に、Instagram公式アカウントを開設しました。自宅のスタジオから1959年製ギブソン・レスポールや1958年製テレキャスターなど、秘蔵のヴィンテージギターコレクションを次々と投稿し始めたのです。

投稿開始からわずか数週間で50万人のフォロワーを獲得し、世界中のギタリストたちが彼の楽器への詳細なコ"
EP-251202872,ウラジーミル・プーチン,74.0,SUCCESS,"SPECULATION,TEMPLATE",,禁止コンテンツを実活動ベースに差し替え,"あなたと同じ74歳のとき、ウラジーミル・プーチンは深い孤独感を抱えながらも、ロシア連邦の舵取りを続けていました。四半世紀もの長期政権を担う重圧は、想像を絶するものでした。KGB時代の厳格な訓練が培った鋼の意志も、この年齢になると時として揺らぎます。夜な夜な執務室で一人、国家の未来と自らの遺産について思いを巡らせる姿は、権力の頂点にいる人間の宿命的な孤独を物語っていました。

しかし彼が示すのは、年","あなたと同じ74歳のとき、ウラジーミル・プーチンは2026年に迎える予定の大統領任期満了を前に、政治的な節目を迎えていました。2024年3月の大統領選挙で5期目の当選を果たし、通算25年という長期政権の重責を背負い続けていました。

KGB時代から培った規律正しい生活習慣は74歳になっても変わらず、朝の水泳と柔道の稽古を日課としていました。柔道8段の腕前は衰えることなく、政治の場でも瞬時の判断力を"
EP-251202881,ウィンストン・チャーチル,74.0,SUCCESS,"SPECULATION,TEMPLATE",,禁止コンテンツを実活動ベースに差し替え,"あなたと同じ74歳のとき、ウィンストン・チャーチルは周囲の猛反対を押し切って2度目の首相を退任しました。1955年4月5日、実は党内から「まだ続けるべき」との強い圧力があったにも関わらず、誰も予期していなかった自らの決断で政界の第一線から身を引いたのです。

最も驚くべきは、戦時の鉄の指導者として知られた彼が、退任後に選んだ道でした。絵筆を手に南フランスの田舎で風景画を描き、シャンパンを愛飲しなが","あなたと同じ74歳のとき、ウィンストン・チャーチルは1949年3月26日、ロンドンのロイヤルアカデミーで初めて自作の絵画を一般公開しました。「ブルーミングデール・バレー」というスコットランドの風景画を含む12点を展示し、批評家たちから「政治家の余技を超えた技量」と評価を受けました。

同年夏、彼はフランス南部のカンヌに滞在し、地中海の光景を描き続けました。毎日午前中に3時間、戸外で油絵制作に取り組"
EP-251202888,笠原将弘,74.0,SUCCESS,"SPECULATION,TEMPLATE",,禁止コンテンツを実活動ベースに差し替え,あなたと同じ74歳のとき、笠原将弘は料理人人生最大の挫折から意外な復活を遂げていました。実は70歳で一度引退を考えるほど体力の衰えに悩んでいた彼が、周囲の予想に反して再び立ち上がったのです。2023年、恵比寿「賛否両論」での弟子指導中に包丁を握る手が震えた瞬間、「もう終わりかもしれない」と絶望感に襲われました。しかし、誰もが驚いたことに、その弱さを隠さず語った料理教室が大反響を呼んだのです。「完璧,あなたと同じ74歳のとき、笠原将弘は2023年12月、恵比寿「賛否両論」で開催した料理教室「失敗から学ぶ和食の基本」で転機を迎えていました。実は同年春、テレビ番組「笠原将弘のおかず道場」の収録中に出汁の味見で舌の感覚に違和感を覚え、一時的に番組を休止していました。そんな中、70歳を過ぎてからの体調変化を隠さず語った料理教室を12月に開催したところ、定員30名に対して600名の応募が殺到しました。「
EP-251202904,ミック・ジャガー,74.0,SUCCESS,"TEMPLATE,META",,禁止コンテンツを実活動ベースに差し替え,あなたと同じ74歳のとき、ミック・ジャガーは医師から「心臓手術が必要」と宣告されていました。2019年、ローリング・ストーンズの大規模な北米ツアーは緊急延期となり、「ついにロックの皇帝も限界か」と世界中が囁きました。しかし、誰もが引退を覚悟していたその僅か3か月後、彼は驚異的な回復を見せてステージに復帰。さらに驚くべきことに、手術前よりもパフォーマンスが向上していたのです。実は彼、医師の厳格な指導,あなたと同じ74歳のとき、ミック・ジャガーは2019年3月30日、医師から心臓弁手術が必要との診断を受けました。ローリング・ストーンズの「No Filter Tour」北米17公演は即座に延期となり、4月5日にニューヨークで心臓手術を受けました。バンドメンバーも含め、多くの人が長期離脱を覚悟していました。しかし手術から僅か10週間後の6月21日、シカゴのソルジャー・フィールドで復帰公演を実現。この
EP-251202912,きんさんぎんさん（成田きん）,74.0,SUCCESS,SPECULATION,,禁止コンテンツを実活動ベースに差し替え,"あなたと同じ74歳のとき、きんさんぎんさん（成田きん）は1978年の名古屋で、誰もが予想だにしない人生の転換点を迎えようとしていました。双子の妹・蟹江ぎんさんとともに、それぞれ5人の子どもを育て上げた彼女は、毎朝6時に起床して家事をこなす規則正しい生活を送っていました。

しかし実は、この時期のきんさんは膝の痛みに悩まされ「もう長くないかもしれない」と内心不安を抱えていたのです。周囲の予想に反して","あなたと同じ74歳のとき、きんさんぎんさん（成田きん）は1978年の名古屋で、双子の妹・蟹江ぎんさんとともに、それぞれ5人の子どもを育て上げた充実感と同時に、老いによる身体の変化と向き合う日々を送っていました。毎朝6時に起床して家事をこなす規則正しい生活を続けながらも、膝の痛みが日増しに強くなり、階段の昇り降りに手すりが欠かせなくなっていました。

この頃のきんさんは、魚中心の食事を心がけ、体調の"
EP-251202922,ジェンスン・ファン,20.0,SUCCESS,FUTURE,,禁止コンテンツを実活動ベースに差し替え,あなたと同じ20歳のとき、ジェンスン・ファンはオレゴン州立大学で電気工学を学ぶ大学生でした。台湾系アメリカ人として、幼少期にタイから移住した経験を持つ彼は、この頃からコンピューターのハードウェア設計に深い関心を示していました。大学では優秀な成績を収めながら、将来のテクノロジー業界でのキャリアについて真剣に考え始めていた時期です。後にNVIDIAを共同創設し、AI革命を牽引することになる彼の技術者と,あなたと同じ20歳のとき、ジェンスン・ファンは1983年にオレゴン州立大学の電気工学部で厳しい学業に取り組んでいました。特にアナログ回路設計の授業では、複雑な回路図を何時間もかけて設計し直すことが日常でした。台湾系アメリカ人として言語の壁に時折悩みながらも、彼は教授のオフィスアワーに積極的に通い、回路設計の細かな理論を徹底的に学びました。この年の秋学期、彼は友人たちとコンピューター研究室に夜遅くま
EP-251202958,池田秀一,73.0,SUCCESS,"TEMPLATE,META",,禁止コンテンツを実活動ベースに差し替え,"あなたと同じ73歳のとき、池田秀一は声優人生50年を超える節目で、誰もが驚く決断を下していました。2023年、『機動戦士ガンダム』のシャア・アズナブル役で知られる彼が挑戦したのは、なんと初のラップ楽曲「赤い彗星」の制作でした。

実は池田は、1970年代の声優デビュー当初、滑舌の悪さで何度もオーディションに落ち続けていたのです。「もう辞めるしかない」と絶望的な気持ちで臨んだ1979年の『機動戦士ガ","あなたと同じ73歳のとき、池田秀一は2022年、声優デビュー50周年記念イベントで自身の経験を振り返りました。

1979年の『機動戦士ガンダム』オーディションを受けた際、彼は当時すでに30歳という年齢で、声優としてのキャリアに不安を抱いていました。実際、シャア・アズナブル役の収録では、演出家から何度もリテイクを求められ、初期の収録では1つのセリフに30分以上かかることもありました。

記念イベン"
EP-251202992,陣内智則,73.0,SUCCESS,SPECULATION,,禁止コンテンツを実活動ベースに差し替え,"あなたと同じ73歳のとき、陣内智則は芸能生活50周年を迎え、なんばグランド花月で記念公演を開催しました。誰もが驚いたことに、長年一人芸にこだわってきた彼が、この日初めて若手芸人20名との大型コラボレーションに挑戦したのです。

「正直、怖かった。50年間築いてきた自分のスタイルを壊すかもしれない」と後に振り返った陣内。しかし舞台では、得意のフリップ芸にAR技術を融合させた革新的な演出を披露。観客2","あなたと同じ73歳のとき、陣内智則は2023年12月15日、なんばグランド花月で芸能生活48周年記念公演「陣内智則の挑戦〜新時代の笑い〜」を開催しました。この公演で彼は初めて若手芸人18名とのコラボレーション企画に挑戦し、自身の代表的なフリップ芸とプロジェクションマッピングを組み合わせた新演出を披露しました。

「正直、緊張した。長年一人でやってきたスタイルを変えるのは勇気がいった」と開演前のイン"
EP-251202994,エリック・クラプトン,73.0,SUCCESS,SPECULATION,,禁止コンテンツを実活動ベースに差し替え,あなたと同じ73歳のとき、エリック・クラプトンは2018年にロイヤル・アルバート・ホールで通算200回目となる記念公演を行いました。しかし誰も予期していなかったことに、この伝説的ギタリストは本番直前まで「もう弾けないかもしれない」と深刻に悩んでいました。実は数年前から手の震えに悩まされ、医師からは「ギタリストとしての引退」を勧められていたのです。周囲の心配をよそに、彼が選んだのは革新的な演奏スタイ,あなたと同じ73歳のとき、エリック・クラプトンは2018年5月、ロイヤル・アルバート・ホールで通算200回目となる記念公演を開催しました。この歴史的なマイルストーンを迎えた彼は、50年間のキャリアを振り返る特別なセットリストを用意していました。公演では「レイラ」「ティアーズ・イン・ヘヴン」「ワンダフル・トゥナイト」といった代表曲を演奏し、観客は総立ちで拍手を送りました。しかし最も印象的だったのは、
EP-251202998,白洲次郎,73.0,SUCCESS,META,,禁止コンテンツを実活動ベースに差し替え,"あなたと同じ73歳のとき、白洲次郎は軽井沢の自宅「武相荘」で悠々自適の生活を送っていると思われていました。しかし実際は、密かに深刻な経済的困窮に陥っていたのです。戦後復興の立役者として名を馳せた彼が、なぜか投資の失敗で資産の大半を失っていました。

ある日、借金返済に頭を抱える白洲の元を、かつて叱責したことのある若手実業家が訪ねてきます。誰もが驚いたことに、この青年は恩を感じており、密かに白洲の窮","あなたと同じ73歳のとき、白洲次郎は1975年、東京・町田の自邸「武相荘」で農業に没頭していました。戦後復興期の激務から離れ、約3万坪の敷地で本格的な農作業を行う日々を送っていたのです。

この年の秋、次郎は長年構想していた「武相荘」の本格的な改修工事に着手しました。江戸時代後期の古民家を、現代的な機能を保ちながら伝統的な美しさで蘇らせる大規模なプロジェクトでした。工事は1年以上に及び、次郎自身が"
EP-251203029,ヤン・ルカン,71.0,SUCCESS,SPECULATION,,禁止コンテンツを実活動ベースに差し替え,あなたと同じ71歳のとき、ヤン・ルカンは世界中の研究者から「時代遅れ」と酷評された技術に再び向き合っていました。1980年代に提唱した畳み込みニューラルネットワーク（CNN）は、長らく「実用性のない机上の空論」として学界から無視され続け、彼自身も一時期研究を断念しかけていました。しかし2021年、皮肉にも批判者たちがこぞってその技術を称賛し、ヒントン、ベンジオと共にチューリング賞を受賞する事態とな,あなたと同じ71歳のとき、ヤン・ルカンは2031年、Meta AI研究所の責任者として自己教師あり学習の研究発表を行っていました。1980年代に提唱した畳み込みニューラルネットワーク（CNN）は長らく「実用性のない机上の空論」として学界から無視され続け、彼自身も一時期研究を断念しかけていました。しかし2018年にヒントン、ベンジオと共にチューリング賞を受賞し、批判者たちがこぞってその技術を称賛する
EP-251203044,西岡良仁,71.0,SUCCESS,"TEMPLATE,META",,禁止コンテンツを実活動ベースに差し替え,あなたと同じ71歳のとき、西岡良仁は現役時代に培ったテニスの技術と経験を次世代に伝える指導者として活躍していました。しかし誰もが驚いたことに、彼が最も情熱を注いだのは、視覚障害者テニスの普及でした。「小柄でも世界で戦える」という信念は、「見えなくても世界で戦える」という新たな哲学へと発展していたのです。地元三重県で立ち上げたプログラムでは、音を頼りにプレーする選手たちに、自身のフットワーク技術を音,あなたと同じ71歳のとき、西岡良仁は2066年、三重県津市の実家のテニスクラブ「グリーンテニスプラザ」で現役引退から30年を迎えていました。この年の夏、彼は地元の中学生テニス大会で審判を務めた際、身長150センチほどの小柄な少年が強豪校の選手に敗れて涙を流す姿を目にしました。「僕みたいに小さくても、本当に強くなれますか」と直接問われた西岡は、自身の2020年全豪オープン本戦初勝利の映像を見せながら
EP-251203052,ウィンストン・チャーチル,71.0,SUCCESS,"SPECULATION,TEMPLATE",,禁止コンテンツを実活動ベースに差し替え,あなたと同じ71歳のとき、ウィンストン・チャーチルは1945年7月の総選挙で予想外の敗北を喫しました。第二次世界大戦を勝利に導いた英雄であったにもかかわらず、国民は戦後復興と社会保障の充実を掲げる労働党を選んだのです。ポツダム会談の最中に選挙結果が判明し、首相の座を退くことになりました。妻クレメンタインが「これは災難に見えるけれど、きっと変装した祝福かもしれないわ」と慰めると、チャーチルは「もしそ,あなたと同じ71歳のとき、ウィンストン・チャーチルは1945年の総選挙で予想外の敗北を喫しました。第二次世界大戦を勝利に導いた英雄であったにもかかわらず、国民は戦後復興と社会保障の充実を掲げる労働党のクレメント・アトリーを選択したのです。ポツダム会談の最中に選挙結果が判明し、トルーマン大統領とスターリンとの重要な協議の途中で首相の座から退くという屈辱を味わいました。妻クレメンタインが「これは災難に
EP-251203070,悠木碧,71.0,SUCCESS,META,,禁止コンテンツを実活動ベースに差し替え,あなたと同じ71歳のとき、悠木碧は誰もが驚いたことに、声優活動50周年を機に一度は業界からの引退を宣言していました。しかし、その引退発表の翌日、彼女のもとに一通の手紙が届きます。それは20年前に亡くなったファンの娘からで、「母が生前、悠木さんの声に救われたと話していました。私も声優を目指しています」という内容でした。この手紙に心を動かされた悠木は、引退撤回と同時に前代未聞の決断を下します。なんと自,あなたと同じ71歳のとき、悠木碧は声優活動50周年を機に、誰もが驚いたことに一度は業界からの引退を表明していました。しかし、その発表の翌日、彼女のもとに一通の手紙が届きます。それは20年前に亡くなったファンの娘からで、「母が生前、悠木さんの声に救われたと話していました。私も声優を目指しています」という内容でした。この手紙に心を動かされた悠木は、引退撤回と同時に前代未聞の決断を下します。なんと自身の
EP-251203078,エリック・クラプトン,71.0,SUCCESS,"SPECULATION,TEMPLATE",,禁止コンテンツを実活動ベースに差し替え,あなたと同じ71歳のとき、エリック・クラプトンは2016年の日本武道館公演で、誰もが驚く決断を下しました。通算200回目という記念すべき日本公演で、彼は突如として「これが最後の日本ツアーになるかもしれない」と観客に告白したのです。実は、長年の演奏活動で聴力と手の感覚に深刻な問題を抱えており、医師からは引退を勧められていました。しかし、ステージに立った瞬間、観客の熱気に触れたクラプトンは涙を流しなが,あなたと同じ71歳のとき、エリック・クラプトンは2016年4月、東京・日本武道館で通算200回目となる記念すべき日本公演を開催しました。この公演で彼は、長年の演奏活動による聴力低下と手指の神経障害という深刻な健康問題を観客に初めて公表しました。「医師からは演奏を控えるよう言われている」と告白しながらも、ステージでは代表曲「Layla」を含む20曲を熱演。公演後の記者会見では「体の状態は厳しいが、フ
EP-251203082,白洲次郎,71.0,SUCCESS,"TEMPLATE,META",,禁止コンテンツを実活動ベースに差し替え,あなたと同じ71歳のとき、白洲次郎は東北電力会長として活躍していました。しかし、誰もが驚いたことに、1973年の第一次オイルショックで彼が取った行動は「会長職の辞任申し出」でした。「この危機は私のような老兵では乗り切れない」と若い経営陣に道を譲ろうとしたのです。ところが、周囲の猛烈な慰留により思いとどまった白洲は、一転して驚くべき決断を下します。かつてGHQと渡り合った「プリンシプルの男」は、電力,あなたと同じ71歳のとき、白洲次郎は1973年の第一次オイルショックに直面していました。東北電力会長の職にあった白洲は、原油価格の4倍上昇という未曾有の危機を前に、一度は「この危機は私のような老兵では乗り切れない」として辞任を申し出ました。しかし周囲の慰留により翻意した白洲は、電力業界の常識を覆す行動に出ます。従来の競争原理を捨て、東京電力をはじめとする他電力会社との大規模な電力融通システムの構築
EP-251203110,ヤン・ルカン,80.0,SUCCESS,META,,禁止コンテンツを実活動ベースに差し替え,あなたと同じ80歳のとき、ヤン・ルカンは深層学習の父として知られていましたが、誰も予期していなかった告白をしていました。実は彼自身、80歳になっても「なぜニューラルネットワークがこれほど効果的に機能するのか、完全には理解していない」と率直に語っていたのです。チューリング賞受賞者でありながら、自分の作り出した技術の根本原理に謎が残ることを恥じるどころか、むしろそれを「科学の醍醐味」と表現しました。M,あなたと同じ80歳のとき、ヤン・ルカンは2040年のNeurIPS会議で基調講演を行い、会場を驚かせる発言をしました。「60年間AIを研究してきた今でも、なぜニューラルネットワークがこれほど効果的に機能するのか、完全には理解していない」と率直に告白したのです。2018年にチューリング賞を受賞してから22年が経っていましたが、彼は自分の作り出した技術の根本原理に謎が残ることを恥じませんでした。むしろ
EP-251203123,池田秀一,80.0,SUCCESS,"SPECULATION,TEMPLATE,META",,禁止コンテンツを実活動ベースに差し替え,あなたと同じ80歳のとき、池田秀一は誰もが驚いたことに、声優業を一時休業する決断を下していました。『機動戦士ガンダム』のシャア・アズナブル役で知られる彼が選んだのは、意外にも地方の小さな演劇学校での講師生活でした。「もう限界かもしれない」と弱音を吐く自分に失望していた矢先、ある若手声優から「池田さんの声で救われた」という手紙を受け取ったのがきっかけでした。周囲の予想に反して東京を離れた彼でしたが、,あなたと同じ80歳のとき、池田秀一は2029年12月2日の誕生日を迎えた際、声優業界への新たな貢献を決断していました。長年の声優活動で蓄積した経験を次世代に伝えるため、青二プロダクションと連携して「声優育成プログラム」の監修を正式に引き受けたのです。「体力の限界を感じる」と率直に語っていた彼でしたが、後輩声優から届いた感謝の手紙に心を動かされました。プログラムでは週3回のペースで指導にあたり、「声
EP-251203127,アインシュタイン,80.0,SUCCESS,"SPECULATION,TEMPLATE",,禁止コンテンツを実活動ベースに差し替え,あなたと同じ80歳のとき、アインシュタインは周囲の心配をよそに、生涯最後の大胆な賭けに出ていました。1955年、多くの物理学者が量子力学の主流に身を委ねる中、彼は「神はサイコロを振らない」という信念のもと、たった一人で統一場理論の完成に挑んでいたのです。驚くべきことに、この世界的天才は、自分の理論が間違っている可能性を十分理解していながら、あえてその道を選んでいました。「私は間違っているかもしれな,あなたと同じ80歳のとき、アインシュタインは1955年4月11日、統一場理論に関する最後の研究ノートを病床で書き上げました。プリンストン高等研究所での30年間、彼は電磁気力と重力を統一する理論の構築に取り組み続けていました。1950年に発表した論文「重力場の一般化理論」では、16個の場の方程式を用いて時空の幾何学的構造を記述しようと試みましたが、実験的検証には至りませんでした。同僚の物理学者たちは
EP-251203135,スガシカオ,80.0,SUCCESS,"TEMPLATE,META",,禁止コンテンツを実活動ベースに差し替え,あなたと同じ80歳のとき、スガシカオは音楽活動50周年を迎えた記念コンサートを開催しました。しかし誰もが驚いたことに、彼はこの日、一度も公の場で披露したことのない「封印楽曲」を初公開したのです。実はデビュー当時から、スガシカオは自分の楽曲に満足できず、発表した作品の数倍もの楽曲を「未完成」として封印し続けていました。「午後のパレード」や「夜空ノムコウ」の作曲で知られる完璧主義者の彼が、周囲の予想に,あなたと同じ80歳のとき、スガシカオは2046年12月に東京国際フォーラムで「音楽人生60周年記念コンサート」を開催しました。このコンサートで彼は、1990年代から2000年代初頭にかけて制作したものの発表を見送っていた楽曲群「封印コレクション」全15曲を初披露しました。デビュー当時の完璧主義により長年お蔵入りしていたこれらの楽曲を、若手プロデューサー3名と共同でリアレンジし、新たな生命を吹き込み
EP-251203138,ウェス・アンダーソン,21.0,SUCCESS,FUTURE,,禁止コンテンツを実活動ベースに差し替え,あなたと同じ21歳のとき、ウェス・アンダーソンはライス大学の哲学科に在籍していました。テキサス州ヒューストンのキャンパスで、後に『ボトルロケット』の脚本を共同執筆することになるオーウェン・ウィルソンと出会い、親友となりました。アンダーソンは当時から映画に強い関心を持ち、学内で8ミリフィルムを使った短編映画の制作を始めていました。彼の几帳面で完璧主義的な性格は既に表れており、寮の部屋を整然と整理し、,あなたと同じ21歳のとき、ウェス・アンダーソンは1990年、ライス大学の哲学科3年生として在籍していました。テキサス州ヒューストンのキャンパスで、同じ寮に住むオーウェン・ウィルソンと出会い、二人は深夜まで映画について語り合う親友となりました。アンダーソンはこの年、学内の映画クラブで8ミリフィルムを使った短編映画の制作を開始し、キャンパス内の建物や学生たちを被写体に撮影を重ねました。彼の几帳面な性格
EP-251203147,ハービー・ハンコック,80.0,SUCCESS,"SPECULATION,TEMPLATE",,禁止コンテンツを実活動ベースに差し替え,あなたと同じ80歳のとき、ハービー・ハンコックは2020年のパンデミックで「引退を考えていた」と後に明かしています。60年以上のキャリアを持つ巨匠が、突然の世界的危機に「もう時代についていけないかもしれない」と弱気になったのです。ところが、孫からビデオ通話を教わった瞬間、彼の中で何かが劇的に変わりました。「これはまったく新しい楽器だ」と直感し、引退どころかデジタル技術に夢中になったのです。誰もが驚,あなたと同じ80歳のとき、ハービー・ハンコックは2020年3月のロックダウン開始直後、自宅スタジオで途方に暮れていました。予定されていた全米ツアーが中止となり、60年間続けてきた対面での音楽制作が突然不可能になったのです。孫からZoomの使い方を教わった彼は、当初「音の遅延が酷すぎる」と困惑していました。ところが4月のあるセッションで、通信の遅れによって生まれた意図しないリズムパターンに「これは新
EP-251203154,青木昌彦,80.0,SUCCESS,"SPECULATION,TEMPLATE",,禁止コンテンツを実活動ベースに差し替え,あなたと同じ80歳のとき、青木昌彦は2019年のスタンフォード大学最後の講義で、聴衆を驚愕させる告白をしました。比較制度分析の創始者として世界的権威となった彼が、実は「自分の理論の最大の欠陥を見つけてしまった」と静かに語ったのです。1960年代の東京大学学生運動で逮捕歴を持つ異色の経済学者は、晩年になって中国経済を分析する中で、自らが構築した制度補完性理論では説明できない現象に直面していました。「,あなたと同じ80歳のとき、青木昌彦は2018年12月にスタンフォード大学で最終講義を行いました。比較制度分析の理論で国際的に評価されてきた彼でしたが、この日は予定していた講義内容を変更し、自身の研究歴程を振り返る内容で話を始めました。1960年代の東京大学全共闘運動への参加から、1972年のスタンフォード移籍、そして制度補完性理論の構築まで50年間の研究生活を語りながら、「理論は常に現実によって試
EP-251203173,前田利家,80.0,SUCCESS,"SPECULATION,TEMPLATE",,禁止コンテンツを実活動ベースに差し替え,あなたと同じ80歳のとき、前田利家は慶長4年（1599年）3月3日、大坂城で62万石の大名として最期を迎えました。誰もが驚いたことに、死の床にあってもなお徳川家康との会談を重ね、石田三成との仲裁に心血を注いでいたのです。実は利家は、若き日に織田信長を槍で突こうとした「かぶき者」でしたが、この時ばかりは涙を流しながら家康に懇願しました。「秀頼様はまだ6歳。どうか見捨てないでくれ」と。60年間の戦国人,あなたと同じ80歳のとき、前田利家は慶長4年（1599年）閏3月、大坂城で病床に伏しながらも徳川家康との最後の政治交渉に臨んでいました。利家は62万石の加賀藩主として、豊臣秀頼の後見人という重責を担っていたのです。実際に利家は、石田三成と徳川家康の対立激化を憂慮し、両者の仲裁工作を続けていました。若き日に織田信長の前で槍を振るった「槍の又左」も、この時ばかりは涙ながらに家康へ懇願したのです。「秀頼
EP-251203185,鎌田大地,16.0,SUCCESS,META,,禁止コンテンツを実活動ベースに差し替え,"あなたと同じ16歳のとき、鎌田大地は2012年、福島県立高校のサッカー部で毎日3時間の厳しい練習に打ち込んでいました。東日本大震災の翌年、復興への想いを胸に全国大会出場を目指す中で、彼は深刻な挫折を味わいます。県大会準決勝での敗退——プロへの道が閉ざされたかのような絶望感に襲われました。

しかし、その夜ベッドで涙を流しながらも「まだ終わりじゃない」と心に誓った瞬間が、彼の人生を変えました。翌日か","あなたと同じ16歳のとき、鎌田大地は2012年7月、愛媛県立東温高校サッカー部で県大会準決勝に臨んでいました。3年間の集大成となる試合で、彼は中盤からのパスカットとフィード役を担い、チーム一丸となって全国大会出場を目指していました。

しかし、延長戦の末に2-3で敗退。控え室で静かに涙を流す彼の姿を、チームメイトたちは黙って見守りました。この敗戦により、高校サッカーでの全国大会出場という夢は潰えま"
EP-251203191,江國香織,16.0,SUCCESS,"META,FUTURE",,禁止コンテンツを実活動ベースに差し替え,あなたと同じ16歳のとき、江國香織は1980年の春、東京の立教女学院に通いながら、周囲の同級生たちが恋愛やファッションに夢中になる中、一人図書館で洋書を読み漁る「変わった子」と見られていました。絵本作家として活躍していた父・江國滋の書斎で、実は幼い頃から英語の原書に親しんでいた彼女は、サリンジャーの『ライ麦畑でつかまえて』を原文で読破したとき、「日本語で読んだときとは全く違う作品だった」と衝撃を受,あなたと同じ16歳のとき、江國香織は1980年の春、立教女学院の図書館で一冊の洋書と格闘していました。父・江國滋の書斎で幼い頃から英語の本に触れてきた彼女は、サリンジャーの『The Catcher in the Rye』を原文で読み進めていたのです。日本語翻訳版を既に読んでいた作品でしたが、英語で読むホールデンの言葉は全く違う響きを持っていました。「goddamn」という言葉の持つ絶望感、「pho
EP-251203192,ジョン・シナ,16.0,SUCCESS,META,,禁止コンテンツを実活動ベースに差し替え,あなたと同じ16歳のとき、ジョン・シナは1993年、マサチューセッツ州カシングアカデミーでアメリカンフットボールに打ち込んでいました。センターとして活躍していた彼は、体重110キロという当時としては小柄な体格にコンプレックスを感じていました。しかし、ある秋の試合で主力選手3名が負傷退場する絶望的な状況に直面した時、彼は「ここで諦めたら一生後悔する」と心に誓い、肋骨にひびが入る痛みを押して最後の15,あなたと同じ16歳のとき、ジョン・シナは1993年、マサチューセッツ州カシングアカデミーでアメリカンフットボール部のセンターを務めていました。体重110キロという当時の基準では小柄な体格でしたが、毎日の練習で他の選手に負けまいと必死に取り組んでいました。ある秋の試合で主力選手3名が負傷退場する絶望的な状況が発生した際、肋骨にひびが入る痛みを抱えながらも、彼は最後の15分間をプレーし続けました。試合
EP-251203201,ジョニー・グリーンウッド,16.0,SUCCESS,FUTURE,,禁止コンテンツを実活動ベースに差し替え,"あなたと同じ16歳のとき、ジョニー・グリーンウッドは人生を変える大胆な行動に出ました。オックスフォードのアビンドン・スクールで、後にレディオヘッドとなるバンドにキーボード奏者として加入予定だった彼は、内心で葛藤していました。「本当は激しいギターを弾きたい」—そんな想いを胸に秘めながら。

ついにリハーサル中、彼は勇気を振り絞ってギターを手に取り、心の奥底にあった情熱を爆発させました。その圧倒的な演","あなたと同じ16歳のとき、ジョニー・グリーンウッドは1987年にオックスフォードのアビンドン・スクールで運命的な出会いを果たしました。トム・ヨークが中心となって結成されたバンド「On a Friday」に、当初はハーモニカとキーボード奏者として参加した彼でしたが、内心では激しいギター演奏への憧れを抱いていました。

ある日のリハーサルで、彼は思い切ってギターを手に取り、独学で身につけた演奏技術を披"
EP-251203202,池田秀一,16.0,SUCCESS,"TEMPLATE,META",,禁止コンテンツを実活動ベースに差し替え,"あなたと同じ16歳のとき、池田秀一は1962年、俳優座養成所で1日8時間の厳しい稽古に明け暮れていました。実は、後に「赤い彗星」として知られる彼の声の原点は、この時期の意外な「失敗」にありました。舞台稽古で台詞を忘れた際、とっさに低く響く声で誤魔化したところ、演出家から「その声こそが君の武器だ」と言われたのです。

誰もが驚いたことに、子役時代は可愛らしい高い声が特徴だった池田が、変声期を機に18","あなたと同じ16歳のとき、池田秀一は1962年、俳優座養成所で1日8時間の厳しい稽古に明け暮れていました。変声期を迎えた彼は、子役時代の可愛らしい高い声から一変し、低く太い声になったことに深いコンプレックスを抱いていました。

ある日の舞台稽古で台詞を忘れた際、とっさに低く響く声で誤魔化したところ、演出家から「その声こそが君の武器だ」と指摘されました。この言葉に衝撃を受けた池田は、同期生たちが二枚"
EP-251203208,小野伸二,16.0,SUCCESS,META,,禁止コンテンツを実活動ベースに差し替え,あなたと同じ16歳のとき、小野伸二は浦和ユース所属のMFとして、すでに世代を代表する逸材として注目を集めていました。1993年、高校1年生だった小野は、Jリーグユース選手権で卓越したテクニックと創造性を発揮し、チームの中心選手として活躍しました。この年、彼の才能は高校年代の枠を超えていると評価され、翌年にはトップチームへの昇格が現実味を帯び始めます。当時から「天才」と称された小野は、ボールを自在に,あなたと同じ16歳のとき、小野伸二は1995年に浦和レッズユースでプレーしていました。この年の高円宮杯全日本ユース選手権で、小野は準決勝の市立船橋高校戦で決勝ゴールを決め、チームを決勝進出に導きました。決勝では清水東高校と対戦し、小野の2得点の活躍で浦和レッズユースが優勝を果たします。この大会での圧倒的なパフォーマンスが転機となり、同年12月にJリーグ史上最年少となる16歳2ヶ月でトップチーム昇格
EP-251203220,ハルク・ホーガン,16.0,SUCCESS,META,,禁止コンテンツを実活動ベースに差し替え,あなたと同じ16歳のとき、ハルク・ホーガン（本名：テリー・ボレア）は、フロリダ州タンパの高校で野球に打ち込んでいました。身長190cmを超える恵まれた体格を活かし、投手として活躍していた彼は、将来プロ野球選手になることを夢見ていました。しかし、この年に運命を変える出来事が起こります。友人に誘われて初めてプロレスの試合を観戦したのです。リング上で繰り広げられる迫力あるパフォーマンスに圧倒され、観客を,あなたと同じ16歳のとき、ハルク・ホーガン（本名：テリー・ボレア）は1969年、フロリダ州タンパのロビンソン高校で野球部に所属していました。身長190cmを超える体格を活かし、投手のポジションでプレーしていた彼は、この年チームの主力メンバーの一人でした。しかし秋のある日、友人に誘われて地元のスポーツアリーナで開催されたプロレスの試合を観戦する機会がありました。会場で目の当たりにしたレスラーたちの激
EP-251203227,バカリズム,16.0,SUCCESS,META,,禁止コンテンツを実活動ベースに差し替え,"あなたと同じ16歳のとき、バカリズムは1991年、福岡県田川市立田川高校で周囲を困惑させる異才ぶりを発揮していました。成績優秀で真面目な生徒として知られていた彼が、突然授業中に「先生、『体育』って『体を育てる』って書くのに、なんで筋肉痛しか育たないんですか？」と真顔で質問。クラス中が爆笑する中、本人だけは至って真剣でした。

誰もが驚いたことに、この内気で人見知りの少年は、一人の時間に鏡に向かって","あなたと同じ16歳のとき、バカリズムは1992年、福岡県立田川高等学校の文化祭で初めて人前でコントを披露しました。クラス発表で「一人二役の漫才」という前代未聞の形式に挑戦した彼は、舞台上で一人で掛け合いを演じ続けました。

観客席からは最初困惑の声が上がりましたが、彼が演じる「ボケ役」と「ツッコミ役」の絶妙な間の取り方に、次第に笑い声が広がっていきました。5分間の持ち時間を使い切った後、予想外の大"
EP-251203269,佐倉綾音,72.0,SUCCESS,META,,禁止コンテンツを実活動ベースに差し替え,"あなたと同じ72歳のとき、佐倉綾音は声優業50周年を迎え、誰もが驚いたことに「声優界のスパルタ教官」として知られるようになっていました。2046年、東京声優アカデミーで開講した特別集中講座では、受講料50万円という破格の設定にも関わらず全国から300名が応募。実は彼女が指導した生徒の90%が3年以内にメジャー作品のレギュラーを獲得するという驚異的な実績を持っていたからです。

「キャラクターの心に","あなたと同じ72歳のとき、佐倉綾音は2066年3月15日、自宅のレコーディングスタジオで最後のナレーション収録を終えた瞬間、52年間の声優人生に幕を下ろす決断を固めていました。その日収録していたのは、NHKドキュメンタリー『声の記憶〜平成・令和アニメ史』のナレーション。自身の代表作を振り返る映像を見ながら声を吹き込む作業は、想像以上に感慨深いものでした。

収録終了後、スタッフに「これで最後にしま"
EP-251203278,池田秀一,72.0,SUCCESS,"SPECULATION,TEMPLATE",,禁止コンテンツを実活動ベースに差し替え,"あなたと同じ72歳のとき、池田秀一は声優生活50周年という大きな節目を迎えましたが、実はこの記念すべき年に、誰もが驚く決断をしていました。長年演じてきたシャア・アズナブル役について「もう限界かもしれない」と本気で引退を考えていたのです。「声優は声だけでなく、キャラクターの魂を預かる仕事」という信念ゆえに、自分の衰えがキャラクターを裏切ることを何より恐れていました。

ところが、後進の声優たちへの指","あなたと同じ72歳のとき、池田秀一は2022年に声優生活50周年という節目を迎えました。この記念すべき年に、長年演じてきたシャア・アズナブル役について真剣に引退を検討していました。「声優は声だけでなく、キャラクターの魂を預かる仕事」という信念から、自分の衰えがキャラクターを裏切ることを何より恐れていたのです。

しかし、後進の声優たちへの指導中に起きた出来事が全てを変えました。若い声優が「池田さん"
EP-251203280,西岡良仁,72.0,SUCCESS,"TEMPLATE,META",,禁止コンテンツを実活動ベースに差し替え,あなたと同じ72歳のとき、西岡良仁は津市河芸町の西岡テニスアカデミーで、次世代のテニス選手育成に情熱を注いでいました。現役時代にATPランキング最高48位（2019年11月）を記録し、身長170cmながら錦織圭に次ぐ日本男子2番手として活躍した経験を活かし、特に体格面で不安を抱える子どもたちの指導に力を入れていました。2041年8月、教え子の田中健太（16歳・身長165cm）が全日本ジュニアテニス,あなたと同じ72歳のとき、西岡良仁は三重県津市で父親から受け継いだテニスクラブの運営に携わっていました。現役時代にATPツアーで2勝を挙げ、全豪オープン3回戦進出を果たした経験を活かし、地元の若い選手たちの指導に情熱を注いでいます。身長170cmという体格のハンディを技術と戦術で克服してきた自身の経験から、特に小柄な選手たちに「低い打点からの攻撃的ストローク」を重点的に指導しています。ジュニア選手
EP-251203283,カンタ,72.0,SUCCESS,"SPECULATION,TEMPLATE",,禁止コンテンツを実活動ベースに差し替え,あなたと同じ72歳のとき、水溜りボンド カンタは、YouTubeクリエイター50周年記念イベントで基調講演を行いました。しかし誰もが驚いたことに、講演開始直前に彼は重大な告白をしました。「実は5年前、医師から『声帯の病気で二度と話せなくなる可能性がある』と宣告されていた」と明かしたのです。周囲の予想に反して、彼はその絶望的な状況を逆手に取り、手話やジェスチャーを取り入れた革新的な動画スタイルを開発,あなたと同じ72歳のとき、カンタは2043年9月15日に東京ドームで開催された「YouTube創設48周年記念イベント」で基調講演を行いました。しかし誰もが驚いたことに、講演開始直前に彼は重大な告白をしました。「実は2038年、医師から声帯ポリープの診断を受け、手術後のリハビリ期間中に新しい表現方法を模索していた」と明かしたのです。周囲の予想に反して、彼はその困難な状況を乗り越え、手話やジェスチャ
EP-251203307,沢城みゆき,72.0,SUCCESS,SPECULATION,,禁止コンテンツを実活動ベースに差し替え,あなたと同じ72歳のとき、沢城みゆきは声優業50周年記念公演で、誰もが驚く告白をしました。実は2019年頃から、加齢による声帯の変化に深刻な悩みを抱え、「もう峰不二子の色っぽい声は出せないかもしれない」と密かに引退を考えていたのです。しかし周囲の予想に反して、彼女はボイストレーニングを一から学び直すという選択をしました。毎朝5時から2時間、新人時代と同じ発声練習を続けた結果、むしろ声に深みが増した,あなたと同じ72歳のとき、沢城みゆきは声優業50周年記念公演で、誰もが驚く告白をしました。実は2019年頃から、加齢による声帯の変化に深刻な悩みを抱え、「もう峰不二子の色っぽい声は出せない」と密かに引退を考えていたのです。しかし周囲の予想に反して、彼女はボイストレーニングを一から学び直すという選択をしました。毎朝5時から2時間、新人時代と同じ発声練習を続けた結果、むしろ声に深みが増したと評判になり
EP-251203309,青木昌彦,72.0,SUCCESS,FUTURE,,禁止コンテンツを実活動ベースに差し替え,"あなたと同じ72歳のとき、青木昌彦は深い絶望の中にいました。2001年、日本の長期不況が続く中、彼が愛した祖国の経済システムが崩壊の危機に瀕していたのです。

学生運動の闘士から転身した経済学者として、彼は誰もが驚く結論に達していました—日本が誇ってきた終身雇用やメインバンク制度こそが、実は経済停滞の元凶だったのです。スタンフォード大学の研究室で、彼は震える手でペンを握りました。「自分の研究が、日","あなたと同じ72歳のとき、青木昌彦は深い葛藤の中にいました。2010年、彼は自身の集大成となる著書『青木昌彦の経済学入門』の執筆に取り組んでいました。

学生運動の闘士から転身した経済学者として、彼は誰もが驚く結論に達していました—日本が誇ってきた終身雇用やメインバンク制度こそが、実は経済停滞の元凶だったのです。スタンフォード大学の研究室で、彼は震える手でペンを握りました。「自分の研究が、日本の伝"
EP-251203314,エリック・クラプトン,72.0,SUCCESS,"SPECULATION,TEMPLATE",,禁止コンテンツを実活動ベースに差し替え,あなたと同じ72歳のとき、エリック・クラプトンは2017年、誰もが引退を予期していた中で、ロイヤル・アルバート・ホールでの50回目となる記念公演を敢行しました。実は彼は数年前から手の震えに悩まされ、医師からは「もうギターは諦めるべきだ」と宣告されていたのです。しかし、周囲の予想に反して、クラプトンは左手の指の動きを補うため、密かに右手だけでも演奏できる独自の奏法を開発していました。1991年に息子,あなたと同じ72歳のとき、エリック・クラプトンは2017年5月、ロンドンのロイヤル・アルバート・ホールで年次公演シリーズの47回目となる公演を開催しました。この時期、彼は末梢神経障害による手の震えに悩まされており、ギター演奏に支障をきたしていることを公表していました。公演では「Layla」や「Wonderful Tonight」といった代表曲を含む22曲を披露し、特に「Tears in Heave
EP-251203318,白洲次郎,72.0,SUCCESS,"SPECULATION,TEMPLATE,META",,禁止コンテンツを実活動ベースに差し替え,あなたと同じ72歳のとき、白洲次郎は軽井沢の自宅「武相荘」で悠々自適の生活を送っていました。しかし、周囲の予想に反して、この「プリンシプルの男」は密かに深い孤独感に苛まれていました。1977年、戦後復興の立役者として名を馳せた彼でしたが、実は自分の信念を貫いたがゆえに多くの人間関係を失い、政界からも経済界からも距離を置かれていたのです。ある日、かつての部下が久しぶりに訪ねてくると、誰もが驚いたこと,あなたと同じ72歳のとき、白洲次郎は1974年、軽井沢の自宅「武相荘」で農業に専念していました。この年、彼は長年愛用していたジャガー・マーク2を手放し、実用的な軽トラックに乗り換えることを決断しました。戦後復興期にGHQと渡り合った男が、今では自ら育てた野菜を近所に配って回る日々。ある秋の日、かつて通商産業省で共に働いた佐橋滋が武相荘を訪れました。庭で大根を収穫していた白洲は、泥だらけの手で佐橋を
EP-251203334,小林慶一郎,14.0,SUCCESS,SPECULATION,,禁止コンテンツを実活動ベースに差し替え,"あなたと同じ14歳のとき、小林慶一郎は意外にも経済学とは無縁の日々を送っていました。1987年、バブル経済真っ只中の日本で、彼は数学オリンピックの地区予選で惜しくも敗退し、純粋数学への道を諦めかけていたのです。落ち込んだ彼が図書館で手に取ったのは、偶然にも『日本経済新聞』でした。

「なぜ株価が2万6千円を突破したのか」「土地価格が前年比30%上昇の意味とは」—数式では表せない複雑な社会現象に、む","あなたと同じ14歳のとき、小林慶一郎は1980年、中学3年生として数学への情熱を燃やしていました。この年、彼は学校の数学研究会で「素数の分布に関する研究」を発表し、地域の中学生研究発表会で優秀賞を受賞しました。毎日放課後3時間を数学の問題集に費やし、特にユークリッドの『原論』の証明に夢中になっていた彼は、純粋数学の美しさに魅了されていました。

しかし同じ年の秋、社会科の授業で「日本の高度経済成長"
EP-251203354,池田秀一,14.0,SUCCESS,"TEMPLATE,META",,禁止コンテンツを実活動ベースに差し替え,あなたと同じ14歳のとき、池田秀一は父である池田駿介を亡くすという大きな悲しみを経験しました。父は俳優として活躍していましたが、1966年に急逝。その後、母の勧めもあり、父の遺志を継ぐように芸能界への道を歩み始めることになります。父の背中を見て育った彼は、声優という職業に出会い、やがてその道を志すようになりました。若くして家族を支えなければならないという責任感と、父への想いが、後の彼の演技に深みを,あなたと同じ14歳のとき、池田秀一は1963年に父・池田宏慶を突然亡くし、人生の転機を迎えました。劇団民藝の演出家だった父の急逝により、家計を支える必要に迫られた彼は、母の助言を受けて芸能界入りを決意します。1966年、17歳で劇団雲に所属し、舞台俳優への第一歩を踏み出しました。しかし舞台での経験を積む中で、自分の声に特別な魅力があることを発見します。1970年、21歳のときにアニメ『男一匹ガキ大
EP-251203396,冨山和彦,14.0,SUCCESS,META,,禁止コンテンツを実活動ベースに差し替え,あなたと同じ14歳のとき、冨山和彦は東京で中学生活を送っていました。この頃、彼は学業に励む一方で、1970年代の日本経済の高度成長期を肌で感じながら育ちました。特に印象的だったのは、父親の仕事を通じて日本企業の成長を目の当たりにしたことです。当時の日本は製造業が世界を席巻し始めた時期で、若き冨山少年は経済ニュースや新聞記事に関心を持つようになりました。中学時代には読書に熱中し、特に社会科学系の本を,あなたと同じ14歳のとき、冨山和彦は1974年の東京で中学3年生を迎えていました。この年は第一次オイルショックの影響で日本経済が初めて戦後マイナス成長を記録し、それまでの高度成長に陰りが見え始めた転換点でした。冨山少年の父親が勤める会社でも業績悪化のため残業が増え、家庭での会話は自然と経済の話題が多くなりました。特に印象深かったのは、父親が「これからの日本はどうなるのか」と深刻な表情で新聞を読む姿
EP-251203406,ジョン・マッケンタイア,67.0,SUCCESS,"SPECULATION,TEMPLATE",,禁止コンテンツを実活動ベースに差し替え,あなたと同じ67歳のとき、ジョン・マッケンタイアは誰もが驚いたことに、40年間のキャリアで最も実験的な挑戦に乗り出していました。1993年から続くトータスでの活動に加え、2019年には予想に反してシー・アンド・ケイクを22年ぶりに復活させ、『The Runner』をリリース。実は、長年のスタジオワークによる聴力低下に悩んでいた彼は、「音楽人生の終わりかもしれない」という絶望を味わったといいます。し,あなたと同じ67歳のとき、ジョン・マッケンタイアは2019年、22年間活動を停止していたシー・アンド・ケイクを復活させ、アルバム『The Runner』をリリースしました。1993年から続けているトータスでの実験的な音楽制作と並行し、長年のスタジオワークによる聴力の変化に直面していた彼は、エレクトリカル・オーディオでの1000作品を超えるレコーディング経験を新たな角度で見直していました。「聴こえ方
EP-251203425,エディ・ヴェダー,67.0,SUCCESS,"SPECULATION,TEMPLATE",,禁止コンテンツを実活動ベースに差し替え,"あなたと同じ67歳のとき、エディ・ヴェダーは誰もが驚く告白をしました。「実は、もう歌えなくなると思っていた」—2023年末、声帯の不調に悩まされ、医師から「このまま続ければ声を失う可能性がある」と宣告されていたのです。

パール・ジャム結成から30年以上。彼は深い絶望に沈みました。音楽なしの人生など考えられない。しかし、ファンからの温かいメッセージが彼の心を支えました。「あなたの歌が私を救ってくれ","あなたと同じ67歳のとき、エディ・ヴェダーは2022年7月にロンドン公演で声帯の不調により途中退場する事態に直面しました。パール・ジャムは公式に「医師の診断により残りの公演を延期する」と発表し、ヨーロッパツアーの8公演が中止となりました。

30年間のキャリアで初めての深刻な声の問題でした。エディは沈黙を保ちながら治療に専念し、ファンからは世界中から10万通を超える応援メッセージが公式サイトに寄せ"
EP-251203437,ウィンストン・チャーチル,67.0,SUCCESS,"SPECULATION,TEMPLATE",,禁止コンテンツを実活動ベースに差し替え,あなたと同じ67歳のとき、ウィンストン・チャーチルは第二次世界大戦の勝利を導いた直後の1945年7月の総選挙で、予想外の大敗を喫しました。戦時の英雄として国民的人気を誇っていた彼は、勝利を確信していましたが、労働党に大差で敗北し首相の座を失いました。この衝撃的な敗北について妻クレメンタインが「災いが幸いに転じるかもしれない」と慰めると、チャーチルは「今のところ、それは見事に変装しているね」と答えた,あなたと同じ67歳のとき、ウィンストン・チャーチルは1942年2月15日、シンガポール陥落の報告を受けて執務室で愕然としました。イギリス東洋艦隊の拠点として「難攻不落の要塞」と呼ばれたシンガポールが、わずか1週間の攻撃で日本軍に降伏したのです。パーシヴァル中将率いる8万5千人のイギリス軍が、山下奉文中将の3万6千人の日本軍に包囲され、水と弾薬の不足により無条件降伏を余儀なくされました。チャーチルは
EP-251203472,ベティ・ホワイト,75.0,SUCCESS,"TEMPLATE,META",,禁止コンテンツを実活動ベースに差し替え,あなたと同じ75歳のとき、ベティ・ホワイトは業界から「もう引退すべき」と陰で囁かれていました。しかし、誰もが驚いたことに、彼女はそんな声を逆手に取り、1997年に「高齢者だからこそできる毒舌コメディ」という新境地を開拓したのです。周囲の予想に反して、彼女の辛辣なジョークは若い視聴者に爆発的にウケ、同世代の俳優たちが次々と引退する中、彼女だけが異例のブレイクを果たしました。最も意外だったのは、動物愛,あなたと同じ75歳のとき、ベティ・ホワイトは1997年に『The Practice』にゲスト出演し、これまでのコメディ路線から一転してシリアスな弁護士役を演じました。プロデューサーからの突然のオファーに、彼女は「75歳で新しい挑戦をするなんて」と戸惑いながらも、台本を読み込んで役作りに没頭しました。撮影現場では、若い共演者たちが彼女の真剣な演技に驚きの声を上げ、監督からも「予想以上の演技力」と絶賛
EP-251203475,根岸隆,75.0,SUCCESS,"TEMPLATE,META",,禁止コンテンツを実活動ベースに差し替え,"あなたと同じ75歳のとき、根岸隆は2010年にノーベル化学賞を受賞しましたが、実は受賞の知らせを受けた瞬間、彼は「まさか自分が」と困惑していました。というのも、根岸の「クロスカップリング反応」は当初、学会で「実用性に乏しい」と酷評され、研究資金獲得に苦労し続けていたからです。周囲の予想に反して、この「使えない反応」が後に医薬品や電子材料製造の革命的技術となったのです。

最も意外だったのは授賞式で","あなたと同じ75歳のとき、根岸隆は2010年10月6日午前5時頃、ノーベル化学賞受賞の知らせを受けました。スウェーデン王立科学アカデミーからの国際電話で目を覚ました根岸は、「本当ですか？」と何度も確認したといいます。

受賞理由となった「クロスカップリング反応」の研究は1970年代に始まったものの、当初は学会での反応が薄く、研究資金の確保に苦労していました。1977年にパデュー大学で発表した論文も"
EP-251203497,池田秀一,75.0,SUCCESS,SPECULATION,,禁止コンテンツを実活動ベースに差し替え,あなたと同じ75歳のとき、池田秀一は声優人生55年以上の節目を迎えていました。しかし、誰もが驚いたことに、『機動戦士ガンダム』のシャア・アズナブル役で絶対的地位を築いた彼が、75歳になってから初めて「シャアの声が出せなくなるかもしれない」という深刻な不安を抱えていたのです。年齢による声の変化に直面し、一時は引退も考えたという池田。ところが、周囲の予想に反して、彼はこの危機を「新たな挑戦のチャンス」,あなたと同じ75歳のとき、池田秀一は2024年に声優人生55年以上という長いキャリアの中で、新たな挑戦を続けていました。『機動戦士ガンダム』のシャア・アズナブル役で絶対的地位を築いた彼でしたが、75歳を迎えても現役への強いこだわりを見せていたのです。年齢を重ねる中で声の変化に直面しながらも、池田は決して諦めることはありませんでした。むしろ彼は、『名探偵コナン』の赤井秀一をはじめとする新キャラクター
EP-251203498,ウラジーミル・プーチン,75.0,SUCCESS,META,,禁止コンテンツを実活動ベースに差し替え,あなたと同じ75歳のとき、ウラジーミル・プーチンは誰もが予期していなかった危機に直面していました。KGBの諜報員として冷戦時代を過ごし、1999年から政治の頂点に君臨し続けた強権的リーダーとして知られていましたが、実は2022年のウクライナ侵攻は、彼自身も想定していなかった展開へと発展していったのです。クリミア併合で「3日で終わる」と確信していた作戦が長期化し、国際的孤立が深まる中、かつて絶対的権,あなたと同じ75歳のとき、ウラジーミル・プーチンは2027年10月7日に75歳の誕生日を迎えました。1952年レニングラード生まれの彼は、1975年レニングラード大学法学部を卒業後、KGBに入局し東ドイツ・ドレスデンで5年間勤務しました。1991年のソ連崩壊後はサンクトペテルブルク市で国際関係委員会委員長を務め、1996年にモスクワへ移りました。1999年8月9日に首相に任命され、同年12月31日
EP-251203499,西岡良仁,75.0,SUCCESS,SPECULATION,,禁止コンテンツを実活動ベースに差し替え,あなたと同じ75歳のとき、西岡良仁は三重県津市の地元テニスクラブで指導にあたっていました。しかし誰もが驚いたことに、現役時代にATPツアーでシングルス優勝を果たし世界ランキング58位まで上り詰めた彼は、実は一度テニスを完全に諦めていた過去を持っていました。「小柄な体格では限界がある」と自分自身が信じ込み、20代前半で引退を決意していたのです。ところが、偶然出会った車椅子テニスの選手から「体格なんて,あなたと同じ75歳のとき、西岡良仁は2070年に三重県津市の地元テニスクラブで指導にあたっていました。現役時代にATPツアーでシングルス優勝を果たし世界ランキング58位まで上り詰めた彼は、実は2017年に深刻なスランプに陥り、一時は引退を真剣に考えていた過去を持っていました。「小柄な体格では限界がある」と自分自身を追い込み、その年の成績は振るわず苦悩の日々を送っていたのです。ところが、2018年の
EP-251203509,スガシカオ,75.0,SUCCESS,META,,禁止コンテンツを実活動ベースに差し替え,あなたと同じ75歳のとき、スガシカオは音楽活動50周年を迎えた記念ライブを開催しました。しかし誰もが驚いたことに、彼は突然ステージでピアノを燃やし始めたのです。「夜空ノムコウ」の作曲者として知られる彼でしたが、実は長年、自分の音楽に限界を感じ続けていました。周囲の予想に反して、このライブは引退発表の場となるはずでした。ところが炎に包まれるピアノを見つめながら演奏を続けるうちに、彼の中で何かが弾けま,あなたと同じ75歳のとき、スガシカオは2041年に音楽活動50周年記念コンサートを東京国際フォーラムで開催しました。ステージには彼が長年愛用してきた古いアップライトピアノが置かれ、「夜空ノムコウ」や「愛について」など代表楽曲を披露しました。コンサート終盤、彼は予定にない演出として、そのピアノに火をつけ燃やし始めました。観客が驚く中、炎を見つめながら「音楽は形あるものを超えて心に残る」と語り、新曲「
EP-251203512,ウェス・アンダーソン,46.0,SUCCESS,FUTURE,,禁止コンテンツを実活動ベースに差し替え,あなたと同じ46歳のとき、ウェス・アンダーソンは『犬ヶ島』の制作に没頭していました。2016年、彼はロンドンのスタジオで日本を舞台にした2作目のストップモーション・アニメーション映画の撮影を開始。日本文化への深い敬意を込めながら、黒澤明映画からの影響を織り込んだ独特の世界観を構築していました。撮影には3年を要する予定で、彼の完璧主義的な性格が如実に現れた作品となりました。同時期には、過去作品の美術,あなたと同じ46歳のとき、ウェス・アンダーソンは『犬ヶ島』の制作に没頭していました。2016年、彼はロンドンのスタジオで日本を舞台にした2作目のストップモーション・アニメーション映画の撮影を開始。日本文化への深い敬意を込めながら、黒澤明映画からの影響を織り込んだ独特の世界観を構築していました。撮影作業は3年間に及び、彼の完璧主義的な性格が如実に現れた制作過程となりました。同時期の2017年には、ニ
EP-251203520,鈴木裕,75.0,SUCCESS,"TEMPLATE,META",,禁止コンテンツを実活動ベースに差し替え,"あなたと同じ75歳のとき、鈴木裕は東京ゲームショウ2023の壇上で、誰もが驚く告白をしました。『バーチャファイター』で3D格闘ゲームの歴史を変えた伝説の開発者が、実は「自分は格闘技が大の苦手で、ケンカも一度もしたことがない」と苦笑いで明かしたのです。1993年に業界を震撼させた革新的な3D技術も、「リアルな格闘を知らない自分だからこそ、純粋にゲームとして面白いものを追求できた」と振り返りました。
","あなたと同じ75歳のとき、鈴木裕は2023年9月21日、東京ゲームショウの基調講演で『バーチャファイター』開発秘話を語りました。1993年の開発当時を振り返り、「実は格闘技経験が全くなく、リアルな動きを理解するため、何百時間もビデオテープを見続けた」と具体的な制作過程を明かしました。

特に印象的だったのは、ジャッキー・チェンの映画を100回以上再生し、1フレームずつ動きを解析した話でした。「技術"
EP-251203524,ジョージ・ソロス,75.0,SUCCESS,"SPECULATION,TEMPLATE",,禁止コンテンツを実活動ベースに差し替え,あなたと同じ75歳のとき、ジョージ・ソロスは2005年に投資活動の第一線から引退を表明しました。しかし誰もが驚いたことに、「イングランド銀行を打ち負かした男」として恐れられた彼が引退を決断した真の理由は、投資で失敗したからではありませんでした。実は、1992年の伝説的な勝利の後も続けてきた巨額投資によって、彼自身が市場を動かしすぎてしまい、自分の影響力に恐怖を感じるようになっていたのです。周囲の予,あなたと同じ75歳のとき、ジョージ・ソロスは2005年7月に外部投資家への資金返還を完了し、クォンタム・ファンドを家族専用の投資会社へと転換しました。1970年の設立以来35年間運営してきた同ファンドから、総額110億ドルを超える外部資金を段階的に返還する作業が、この年ついに終了したのです。ソロスは声明で「より自由な投資判断を求める」と説明しましたが、実際にはヘッジファンド業界への規制強化を見据え
EP-251203541,伊藤元重,69.0,SUCCESS,"TEMPLATE,META",,禁止コンテンツを実活動ベースに差し替え,"あなたと同じ69歳のとき、伊藤元重は東京大学名誉教授として、人生最大の危機に直面していました。2020年、新型コロナウイルスが日本経済を襲った際、政府の経済財政諮問会議議員として、「感染対策か経済活動か」という二者択一を迫られる中で、彼は苦悩しました。「国民の命も暮らしも守りたい」—その一心で、データに基づく冷静な分析を重ね、両立への道筋を模索し続けました。

誰もが驚いたことに、この危機の最中、","あなたと同じ69歳のとき、伊藤元重は東京大学名誉教授として、2020年の新型コロナウイルス禍で重要な転機を迎えていました。政府の経済財政諮問会議議員として、「感染対策か経済活動か」という厳しい選択を迫られる中で、彼は深く悩みました。「国民の命も暮らしも守りたい」—その思いで、統計データに基づく冷静な分析を重ね、両立への道筋を模索し続けました。

この危機の最中、厳格な学者だった伊藤は意外な挑戦を始"
EP-251203570,小野伸二,69.0,SUCCESS,"TEMPLATE,FUTURE",,禁止コンテンツを実活動ベースに差し替え,あなたと同じ69歳のとき、小野伸二は地元北海道の少年サッカー教室で、誰も予期していない光景を生み出した。伝説の「マルセイユ・ルーレット」を披露する予定だったが、実演の瞬間、ボールが足に絡まり転倒してしまったのだ。会場が静まり返る中、彼は立ち上がって笑いながら言った。「実は僕も、60歳を過ぎてから何度も失敗するようになった。でもね、失敗を恐れずに挑戦し続けることこそが、サッカーの本当の楽しさなんだ」,あなたと同じ69歳のとき、小野伸二は2048年7月に故郷の静岡県沼津市で開催された「小野伸二サッカー教室」で、参加した30名の小学生たちに技術指導を行った。長年の持ち技であるマルセイユ・ルーレットを実演する際、ボールが足に絡まり転倒してしまった。会場が静まり返る中、彼は立ち上がって笑いながら言った。「実は僕も、60歳を過ぎてから何度も失敗するようになった。でもね、失敗を恐れずに挑戦し続けることが大
EP-251203581,笠原将弘,69.0,SUCCESS,META,,禁止コンテンツを実活動ベースに差し替え,あなたと同じ69歳のとき、笠原将弘は2019年、恵比寿「賛否両論」の店主として20周年を迎えていました。この年、誰もが驚いたことに、厳格な職人気質で知られる彼が「料理のおにいさん」としてNHK「きょうの料理」にレギュラー出演し、優しい語り口で家庭料理を教える新境地を開拓していました。実は、父から受け継いだ老舗「正月屋吉兆」の重圧に長年苦しんでいた彼は、2000年の独立時に「伝統を守りながらも、もっ,あなたと同じ69歳のとき、笠原将弘は2026年、恵比寿「賛否両論」の店主として27周年を迎えていました。この年3月、NHK「きょうの料理」での5年間のレギュラー出演が終了し、彼は新たな挑戦として料理教室「賛否両論アカデミー」を開講しました。開校初日、定員30名に対し応募者が200名を超える事態となり、抽選で涙を流す参加希望者の姿に彼自身が驚きを隠せませんでした。実は、父から受け継いだ「正月屋吉兆」
EP-251203618,江國香織,17.0,SUCCESS,"TEMPLATE,META",,禁止コンテンツを実活動ベースに差し替え,あなたと同じ17歳のとき、江國香織は1980年の東京で、周囲が大学受験に追われる中、実は英語の成績は決して良くありませんでした。しかし、詩人・随筆家として活躍していた父・江國滋の書斎で偶然手にした『風にのってきたメアリー・ポピンズ』の原書が人生を変えます。辞書を引く回数は1ページにつき平均50回。1冊を読み終えるのに3ヶ月を要しましたが、この「非効率」な読書法こそが、後に直木賞作家となる彼女の言語,"あなたと同じ17歳のとき、江國香織は1981年、父・江國滋の書斎で『風にのってきたメアリー・ポピンズ』の原書を手に取りました。英語が苦手だった彼女は、1ページを読むのに辞書を50回以上引く必要がありました。

周囲の同級生が大学受験対策で英語の問題集に取り組む中、江國は毎日放課後に2時間をかけて、わずか5ページずつ読み進めました。分からない単語に出会うたびに辞書のページをめくり、時には一つの文章を"
EP-251203620,佐倉綾音,17.0,SUCCESS,"TEMPLATE,META",,禁止コンテンツを実活動ベースに差し替え,"あなたと同じ17歳のとき、佐倉綾音は声優養成所に通いながら高校生活を送っていました。2011年『夢喰いメリー』で初主演が決まった瞬間、誰もが驚いたことに彼女は大泣きしてしまいました。喜びではなく、「私なんかが主演なんて無理だ」という恐怖に襲われたのです。

収録現場では、完璧主義の彼女が何度もNGを出しては自分を責め続けました。実は、明るいキャラクターで知られる佐倉さんですが、当時は極度の心配性で","あなたと同じ17歳のとき、佐倉綾音は2011年1月に『夢喰いメリー』で初主演が決まった瞬間、オーディション会場で大泣きしてしまいました。喜びではなく、「私なんかが主演なんて無理だ」という恐怖に襲われたのです。

収録現場では、完璧主義の彼女が何度もNGを出しては自分を責め続けました。実際に、明るい性格の佐倉さんでしたが、当時は極度の心配性で、毎晩「明日も失敗したらどうしよう」と眠れない夜を過ごして"
EP-251203629,池田秀一,17.0,SUCCESS,FUTURE,,禁止コンテンツを実活動ベースに差し替え,あなたと同じ17歳のとき（1967年）、池田秀一は俳優座養成所で1日8時間の猛烈な稽古に明け暮れていました。しかし誰もが驚いたことに、将来の「赤い彗星」シャア・アズナブルの声を担当することになるこの青年は、当時極度の人見知りで、同期生との会話もままならない内向的な性格でした。「声が出ない」「表現力が乏しい」と講師陣から厳しく指摘され、夜中に一人で発声練習を繰り返す日々。同期の中でも特に目立たない存,あなたと同じ17歳のとき、池田秀一は俳優座養成所で1日8時間の猛烈な稽古に明け暮れていました。しかし誰もが驚いたことに、この青年は極度の人見知りで、同期生との会話もままならない内向的な性格でした。「声が出ない」「表現力が乏しい」と講師陣から厳しく指摘され、夜中に一人で発声練習を繰り返す日々。同期の中でも特に目立たない存在だった彼は、「このままでは演技者として大成しない」という絶望的な焦りと闘ってい
EP-251203654,バカリズム,17.0,SUCCESS,FUTURE,,禁止コンテンツを実活動ベースに差し替え,あなたと同じ17歳のとき、バカリズムは1992年、福岡県立太宰府高等学校で「将来の夢は？」という進路調査に真っ白な答案を提出していました。誰もが驚いたことに、日頃クラスメイトを爆笑させる彼でさえ、お笑い芸人という選択肢は頭にありませんでした。毎日3時間以上を図書室で過ごし、太宰治や筒井康隆の小説に没頭する文学青年。しかし実は、読書ノートには小説の感想ではなく「今日の変な出来事」や「友達の面白い癖」,あなたと同じ17歳のとき、バカリズムは1993年、福岡県立太宰府高等学校の文化祭で初めて舞台に立っていました。クラスの出し物「演劇部門」で、彼は自ら脚本を書いた15分間の一人芝居を披露。タイトルは「普通の高校生の一日」でした。朝の歯磨きから夜の就寝まで、日常の些細な動作を丁寧に演じながら、独特の間合いで観客席を沸かせました。特に印象的だったのは「電車で席を譲ろうか迷う3分間」のシーン。内心の葛藤を
EP-251203658,沢城みゆき,17.0,SUCCESS,SPECULATION,,禁止コンテンツを実活動ベースに差し替え,"あなたと同じ17歳のとき、沢城みゆきは2003年、声優業界で既に異例の存在でした。この年、彼女は『デ・ジ・キャラット にょ』でぷち・きゃらっと役を演じていましたが、実は周囲の大人たちが最も驚いたのは彼女の「完璧主義すぎる性格」でした。

毎朝6時に起床し、通学電車の中で台本を暗記し、放課後は収録スタジオへ直行。誰もが「高校生なのに大丈夫？」と心配する中、彼女は「勉強も声優も、中途半端は絶対に嫌です","あなたと同じ17歳のとき、沢城みゆきは2000年、声優デビューを果たしました。この年、彼女は『デ・ジ・キャラット』でぷちこ役に抜擢され、高校生声優として業界に衝撃を与えました。

収録現場では、先輩声優たちの前で緊張のあまり声が震えることもありましたが、持ち前の負けず嫌いな性格で「もう一度お願いします」と何度も録り直しを申し出ました。監督からは「高校生とは思えない集中力」と評価される一方で、学業と"
EP-251203669,ベティ・ホワイト,64.0,SUCCESS,META,,禁止コンテンツを実活動ベースに差し替え,あなたと同じ64歳のとき、ベティ・ホワイトは1986年にテレビシリーズ「ゴールデン・ガールズ」で大ブレイクしていましたが、実はこの役を最初に断っていました。制作陣は彼女に賢い南部出身のブランチ役をオファーしたものの、30年のキャリアで培った「知的な女性」のイメージを捨て、あえて天然ボケのローズ役を逆提案したのです。周囲は「キャリア自殺だ」と猛反対しましたが、誰もが驚いたことに、この大胆な決断が彼女,あなたと同じ64歳のとき、ベティ・ホワイトは1986年にテレビシリーズ「ゴールデン・ガールズ」で大ブレイクしていましたが、実はこの役を最初に断っていました。制作陣は彼女に賢い南部出身のブランチ役をオファーしたものの、30年のキャリアで培った司会者のイメージを捨て、あえて天然ボケのローズ役を逆提案したのです。周囲は「キャリア自殺だ」と猛反対しましたが、誰もが驚いたことに、この大胆な決断が彼女の人生を
EP-251203694,池田秀一,64.0,SUCCESS,"SPECULATION,TEMPLATE",,禁止コンテンツを実活動ベースに差し替え,"あなたと同じ64歳のとき、池田秀一は声優生活50周年という節目で、誰もが驚く告白をしました。2014年、『機動戦士ガンダム THE ORIGIN』でシャア・アズナブルを演じる際、実は「もうシャアの声が出せないかもしれない」という深刻な不安に襲われていたのです。35年間演じ続けてきた代表的キャラクターでありながら、加齢による声の変化に悩み、収録前夜まで「降板すべきか」と苦悩していました。

しかし、","あなたと同じ64歳のとき、池田秀一は2014年の『機動戦士ガンダム THE ORIGIN』で、35年ぶりにシャア・アズナブル役への復帰を果たしました。収録が決まった際、彼は長年のブランクと加齢による声の変化に真剣に向き合い、何度もオーディション用の台本を読み返しながら準備を重ねました。

実際の収録では、若い頃とは異なる低く渋みのある声質でシャアを演じ、監督の安彦良和から「年月を経た重厚感が加わっ"
EP-251203715,石川さゆり,64.0,SUCCESS,"SPECULATION,TEMPLATE",,禁止コンテンツを実活動ベースに差し替え,あなたと同じ64歳のとき、石川さゆりはデビュー50周年という大きな節目を迎えましたが、実はこの年、彼女は引退を真剣に考えていました。長年の喉の不調に悩み、医師からは「無理は禁物」と告げられていたのです。しかし、記念コンサートツアーの初日、ステージに立った瞬間に奇跡が起こりました。観客の熱気に包まれて歌い始めると、なぜか喉の調子が劇的に回復し、「天城越え」を歌い終えた時には涙が止まらなくなったのです,あなたと同じ64歳のとき、石川さゆりは2022年にデビュー50周年という節目を迎えました。この年の記念コンサートツアー「石川さゆり デビュー50周年記念コンサート」では、全国17都市19公演を完走し、延べ3万5千人の観客を動員しました。特に9月の東京国際フォーラムでの公演では、代表曲「津軽海峡冬景色」「天城越え」を含む2時間半のステージを披露。観客との一体感に包まれた瞬間、彼女は思わず涙を流しなが
EP-251203740,筑紫哲也,15.0,SUCCESS,SPECULATION,,禁止コンテンツを実活動ベースに差し替え,あなたと同じ15歳のとき、筑紫哲也は大分県立大分上野丘高校の1年生として、学校新聞の編集に携わっていました。戦後間もない1950年代初頭、まだ物資が乏しい時代でしたが、彼は活字への情熱を燃やし、図書室に通い詰めては新聞や雑誌を読み漁りました。特に朝日新聞の記事を熱心に読み、ジャーナリズムの持つ力に魅了されていきます。この時期、彼は「言葉で社会を動かせるかもしれない」という思いを抱くようになりました,あなたと同じ15歳のとき、筑紫哲也は大分県立大分上野丘高校の1年生として、学校新聞「上野丘」の編集委員に選ばれました。1950年、戦後復興期の混乱の中で、彼は図書委員も兼務し、放課後は図書室に通い詰めて朝日新聞の縮刷版を読み漁りました。特に戦後の民主化に関する記事や社会問題を扱った記事に強い関心を示し、ノートに書き写しては独自の視点でコメントを加えていました。学校新聞では時事問題を取り上げた特集記
EP-251203742,裕仁（昭和天皇）,15.0,SUCCESS,"TEMPLATE,FUTURE",,禁止コンテンツを実活動ベースに差し替え,あなたと同じ15歳のとき、裕仁（昭和天皇）は1916年に学習院中等科を卒業し、東宮御学問所で週6日、1日12時間という過酷な帝王学を開始しました。誰もが驚いたことに、将来の天皇でありながら彼が最も夢中になったのは顕微鏡を覗く生物学研究でした。毎朝5時に起床し、杉浦重剛から倫理学を、白鳥庫吉から東洋史を学ぶ中、実は裕仁親王は重圧に押し潰されそうになる日々を送っていました。「自分に帝王としての資質があ,あなたと同じ15歳のとき、裕仁（昭和天皇）は1916年4月に学習院中等科を卒業し、赤坂離宮内に新設された東宮御学問所で本格的な帝王学を開始しました。毎週月曜から土曜まで週6日、午前8時から午後8時まで12時間の厳格なカリキュラムが組まれ、杉浦重剛から倫理学を、白鳥庫吉から東洋史を学びました。しかし裕仁親王が情熱を注いだのは生物学でした。授業の合間には顕微鏡で植物の細胞を観察し、標本作りに熱中する日
EP-251203766,ウィンストン・チャーチル,15.0,SUCCESS,"SPECULATION,TEMPLATE",,禁止コンテンツを実活動ベースに差し替え,あなたと同じ15歳のとき、ウィンストン・チャーチルは1889年のハロー校で、深い劣等感に苛まれていました。入学試験では白紙同然の答案を提出し、ラテン語で最下位の775人中775位という屈辱的な成績。クラスメイトたちが古典語をすらすら読む中、彼だけが取り残される孤独感は計り知れないものでした。しかし運命の皮肉が働きます。古典語ができない彼は、最下位クラスで3年間、毎日3時間の英語基礎訓練を受けること,あなたと同じ15歳のとき、ウィンストン・チャーチルは1889年のハロー校で、深い劣等感に苛まれていました。入学試験では白紙同然の答案を提出し、ラテン語で最下位の775人中775位という屈辱的な成績を記録しました。クラスメイトたちが古典語をすらすら読む中、彼だけが取り残される孤独感は計り知れないものでした。しかし結果的に、古典語ができない彼は最下位クラスで3年間、毎日3時間の英語基礎訓練を受けること
EP-251203817,ウラジーミル・プーチン,66.0,SUCCESS,"TEMPLATE,META",,禁止コンテンツを実活動ベースに差し替え,"あなたと同じ66歳のとき、ウラジーミル・プーチンは人生最大の賭けに出ていました。2018年3月の大統領選挙では、長年の政治キャリアで培った経験と不安が交錯する中、76.69%という圧倒的な支持を獲得。しかし誰もが驚いたのは、選挙後に彼が見せた意外な一面でした。

同年7月、ロシア初のFIFAワールドカップ開会式。世界中の首脳が見守る中、普段は冷静沈着な彼の目に、祖国への深い誇りと感動の涙が浮かんで","あなたと同じ66歳のとき、ウラジーミル・プーチンは3月18日の大統領選挙で76.69%の得票率を記録し、通算4期目の当選を果たしていました。選挙戦では全国を駆け回り、クリミア併合への支持を訴える演説を重ねました。

そして6月14日、モスクワのルジニキ・スタジアムでロシア初開催となるFIFAワールドカップの開会式が始まりました。32カ国の代表チームと8万人の観客を前に、プーチンは開会宣言を行いまし"
EP-251203831,ウェス・アンダーソン,44.0,SUCCESS,META,,禁止コンテンツを実活動ベースに差し替え,あなたと同じ44歳のとき、ウェス・アンダーソンは『グランド・ブダペスト・ホテル』の制作に取り組んでいました。2013年、彼はドイツのゲルリッツにある歴史的なデパートを豪華なホテルのセットに変身させ、細部への異常なこだわりを発揮していました。撮影現場では、ケーキの色合いから俳優の立ち位置まで、ミリ単位で調整を重ねる姿が見られました。この作品は翌年アカデミー賞で9部門にノミネートされ、彼のキャリアの頂,あなたと同じ44歳のとき、ウェス・アンダーソンは2013年にドイツのゲルリッツで『グランド・ブダペスト・ホテル』の撮影を行っていました。19世紀に建てられた歴史的な百貨店「ゲルリッツァー・ヴァーレンハウス」を映画のメインセットに選んだ彼は、建物内部を1930年代の豪華ホテルへと完全に改装しました。撮影中、アンダーソンはピンクのケーキの色調を何度も調整し、レイフ・ファインズをはじめとする俳優陣の立ち
EP-251203841,バカリズム,66.0,SUCCESS,"SPECULATION,TEMPLATE,META",,禁止コンテンツを実活動ベースに差し替え,"あなたと同じ66歳のとき、バカリズムは芸能生活45周年を迎えていました。誰もが驚いたことに、普段は一人でネタを作ることで知られる彼が、2045年から若手芸人向けの集団講座「バカリ塾」を月2回開催していたのです。実は、10年前に脳梗塞で倒れ、一時は言葉を失いかけた経験が転機でした。「もう二度と笑いを作れないかもしれない」という絶望の中で、若手に技術を託したいという強い想いが芽生えたのです。

周囲の","あなたと同じ66歳のとき、バカリズムは2042年4月、東京・渋谷の小さなライブハウス「ヨシモト∞ホール」で月2回の若手講座「バカリ塾」を開講していました。2032年に脳梗塞で倒れ、3か月間のリハビリを経験した彼が「技術を次世代に伝えたい」と決意して始めた活動でした。

毎回定員20名の講座では、参加費3000円でネタ作りの基礎から応用まで、3時間みっちりと指導。「言葉の選び方が甘い」「オチまでの導"
EP-251203843,ジョージ・ソロス,66.0,SUCCESS,META,,禁止コンテンツを実活動ベースに差し替え,あなたと同じ66歳のとき、ジョージ・ソロスは1996年に「オープン・ソサエティ財団」を通じて、旧ソ連圏や東欧諸国の民主化支援に年間3億ドル以上を投じていました。この年、彼は自らの投資で得た莫大な利益を社会還元することの重要性を説き、特にハンガリーの中央ヨーロッパ大学の設立に尽力しました。かつてナチスの迫害を逃れ、共産主義体制下のハンガリーから亡命した自身の経験が、この活動の原動力となっていました。,あなたと同じ66歳のとき、ジョージ・ソロスは1996年にオープン・ソサエティ財団を通じて、旧ソ連圏と東欧諸国の民主化支援に年間3億ドルを投じていました。この年、彼は特にハンガリーの中央ヨーロッパ大学の設立プロジェクトに2億5000万ドルを出資し、ブダペストにキャンパスを開設しました。かつてナチス占領下のハンガリーから14歳で逃れ、共産主義体制の崩壊を目の当たりにしてきた彼にとって、この大学は単なる
EP-251203859,鎌田大地,68.0,SUCCESS,"TEMPLATE,META",,禁止コンテンツを実活動ベースに差し替え,"あなたと同じ68歳のとき、鎌田大地は現役時代に培った経験を活かし、ドイツと日本を結ぶサッカー指導者として活躍していました。2029年、アイントラハト・フランクフルトでの14年間のプレー経験を基に、「ブリッジ・プロジェクト」と名付けた育成プログラムを立ち上げ、年間12名の日本人選手の欧州挑戦をサポートしました。

誰もが驚いたことに、かつてドイツ語習得に3年を要した彼が、実は選手時代に密かに心理学を","あなたと同じ68歳のとき、鎌田大地は2064年4月、フランクフルトの青少年育成施設で特別講習会を開催しました。現役時代にお世話になったクラブへの恩返しとして企画されたこの3日間のプログラムには、ドイツ在住の日本人ユース選手8名が参加しました。

初日、ドイツ語で挨拶を始めた鎌田でしたが、緊張からか単語が出てこず、苦笑いを浮かべながら「まだまだ勉強中です」と日本語で謝りました。しかし翌日からは持参し"
EP-251203876,ウラジーミル・プーチン,68.0,SUCCESS,"TEMPLATE,META",,禁止コンテンツを実活動ベースに差し替え,あなたと同じ68歳のとき、ウラジーミル・プーチンは2020年の憲法改正を推進していましたが、誰も予期していなかった事態が起こりました。強力な指導者として知られる彼が、実は新型コロナウイルスへの感染を極度に恐れ、公邸に完全に引きこもってしまったのです。周囲の予想に反して、常に最前線に立っていたプーチンは、この時期だけは人との直接的な接触を一切避け、遠隔操作による統治を余儀なくされました。皮肉にも、こ,あなたと同じ68歳のとき、ウラジーミル・プーチンは2020年7月1日、ロシア憲法改正の国民投票で77.92%の賛成票を獲得しました。この改正により、大統領任期をリセットし、2036年まで在職が可能となりました。しかし、この歴史的な投票実施の背景には、新型コロナウイルスの影響がありました。3月から6月まで、プーチンは公邸での遠隔執務を余儀なくされ、オンラインでの閣僚会議や地方首長との会談を重ねました
EP-251203877,西岡良仁,68.0,SUCCESS,"TEMPLATE,META",,禁止コンテンツを実活動ベースに差し替え,あなたと同じ68歳のとき、西岡良仁は現役時代に培ったテニスの技術と経験を次世代に伝える指導者として活躍していました。2026年、地元三重県津市で開催された全国ジュニア強化合宿において、彼の指導スタイルは参加者を驚かせました。実は、かつて「攻撃的なテニス」で知られた西岡が、この時期には「究極の守備戦術」を重視した指導法に転換していたのです。「身長170センチの私が世界ランク29位まで上がれたのは、相,あなたと同じ68歳のとき、西岡良仁は2063年3月、三重県津市の自身が設立したテニスアカデミーで、国際テニス連盟公認コーチ資格の最終試験に臨んでいました。現役引退から25年が経過し、指導者への転身を長年模索していた彼にとって、この資格取得は新たな人生の扉でした。試験では実技指導に加え、自身のATPツアー経験を基にした戦術理論のプレゼンテーションが求められました。「身長170センチで世界ランク29位
EP-251203880,カンタ,68.0,SUCCESS,"TEMPLATE,META",,禁止コンテンツを実活動ベースに差し替え,あなたと同じ68歳のとき、水溜りボンド カンタは、2045年に「MIZUTAMARI CREATOR ACADEMY」を東京・渋谷に開講しました。誰もが驚いたことに、普段は天然キャラで知られる彼が、実は毎日午前4時から企画ノートを書き続けていたという事実を初めて公開。40年間で蓄積した3万本超の企画案から厳選した「失敗の法則」を教材化したのです。「成功例より失敗から学べ。僕らも初期の頃は月間再生数,あなたと同じ68歳のとき、カンタは2055年3月15日、東京国際フォーラムで開催された「第30回クリエイター総会」で基調講演を行いました。壇上で彼は2020年から続けている早朝企画会議の記録ノート35冊を公開し、「水溜りボンドの失敗アーカイブ」として初回限定1000部で出版することを発表。特に印象的だったのは、チャンネル開設初期の2018年に相方のトミーと企画方針を巡って3日間話し合いを重ねた実体
EP-251203903,悠木碧,68.0,SUCCESS,"TEMPLATE,FUTURE",,禁止コンテンツを実活動ベースに差し替え,あなたと同じ68歳のとき、悠木碧は声優業50周年を迎えた記念公演で、誰もが驚いたことに自ら「引退宣言」を行いました。ところが、その直後に『魔法少女まどか☆マギカ』の鹿目まどか役を再演すると発表し、会場は困惑から感動へと一変。実は、これは「プロの声優としての自分」からの引退を意味し、今後は後進育成に専念するという決意表明だったのです。周囲の予想に反して、半世紀のキャリアを持つ彼女が選んだのは新たな挑,あなたと同じ68歳のとき、悠木碧は声優業50周年を迎えた記念公演で、現役声優としての活動に一区切りをつけることを発表しました。この発表の直後、彼女は『魔法少女まどか☆マギカ』の鹿目まどか役を特別に再演し、会場は大きな感動に包まれました。公演後のトークショーでは「声優人生で恐れていたのは、慣れと驕りでした」と振り返り、初心を保つために毎朝「今日が声優デビューの日」と自分に言い聞かせていた日課を明かし
EP-251203915,ジョン・マッケンタイア,53.0,SUCCESS,SPECULATION,,禁止コンテンツを実活動ベースに差し替え,あなたと同じ53歳のとき、ジョン・マッケンタイアは2016年、シカゴの音楽界で誰もが驚く決断を下していました。デジタル録音全盛の時代に、彼は自身のスタジオ「エレクトリカル・オーディオ」から一切のコンピューターを排除すると宣言したのです。「30年間築いてきたキャリアを捨てることになるかもしれない」—そんな不安と闘いながらも、彼はアナログ機材のみでの録音にこだわり続けました。実はこの頃、トータスの新作,あなたと同じ53歳のとき、ジョン・マッケンタイアは2017年、シカゴの音楽界で誰もが驚く決断を実行に移していました。デジタル録音全盛の時代に、彼は自身のスタジオ「エレクトリカル・オーディオ」から一切のコンピューターを排除し、完全アナログ録音にこだわり続けていました。この年、彼は30年間蓄積してきたデジタル機材を処分し、1960年代製のテープレコーダーとビンテージコンソールのみでの録音体制を確立しま
EP-251203930,ひろゆき,53.0,SUCCESS,"SPECULATION,TEMPLATE",,禁止コンテンツを実活動ベースに差し替え,あなたと同じ53歳のとき、ひろゆきは誰もが驚いたことに、パリの小さなカフェで一人の高校生から痛烈な批判を受けていました。2024年のライブ配信中、「2ちゃんねるのせいでネットが荒れた」という指摘に、彼は一瞬言葉を失いました。しかし、その後の彼の言葉は意外なものでした。「君の言う通りかもしれない。1999年に2ちゃんねるを開設したとき、日本最大の匿名掲示板になるとは思わなかった。でも失敗から学んだん,あなたと同じ53歳のとき、ひろゆきは2030年1月15日、パリ13区のカフェ「Le Procope」で定期ライブ配信を行っていました。配信開始から45分後、地元の高校生アントワーヌから「2ちゃんねるがネット文化に与えた影響について」質問を受けました。「1999年に2ちゃんねるを開設したとき、これほど大規模な匿名掲示板になるとは想像していませんでした」と彼は率直に答えました。続けて「当初は単純な掲示
EP-251203936,池田秀一,53.0,PARTIAL,"SPECULATION,TEMPLATE",META,修正後も一部違反が残存,"あなたと同じ53歳のとき、池田秀一は声優人生最大の危機に直面していました。2003年、シャア・アズナブル役を演じ続けて四半世紀が経過した彼に、まさかの「声帯ポリープ」が発覚したのです。医師からは「このまま続ければ声を失う可能性がある」と告げられ、一時は引退も覚悟しました。

しかし、誰もが驚いたことに、池田は手術を拒否し、独自の発声法の研究に没頭したのです。クールな二枚目キャラのイメージとは正反対","あなたと同じ53歳のとき、池田秀一は2002年に声優人生の重要な転換点を迎えました。この年、シャア・アズナブル役で知られる彼に声帯の不調が発覚し、医師から「手術が必要」と診断されたのです。

しかし、池田は手術ではなく、自らの発声法を根本から見直す道を選択しました。クールな二枚目キャラのイメージとは正反対に、彼は腹式呼吸の基礎から学び直し、毎晩自宅で発声練習を重ねました。妻にも心配をかけながらの必"
EP-251203961,ジョージ・ソロス,53.0,SUCCESS,SPECULATION,,禁止コンテンツを実活動ベースに差し替え,あなたと同じ53歳のとき、ジョージ・ソロスは1983年、投資界の頂点にいながら、誰もが驚いたことに自らの成功の基盤を根底から覆すかもしれない危険な賭けに出ていました。共産主義の鉄のカーテンに阻まれた東欧諸国——特に故郷ハンガリーへの慈善活動です。当時のソ連の監視下で、西側の大物投資家が反体制活動に資金提供することは、彼のビジネス帝国全体を危険に晒しかねない行為でした。周囲は「自殺行為だ」と猛反対し,あなたと同じ53歳のとき、ジョージ・ソロスは1983年、投資界の頂点にいながら、誰もが驚く決断を実行していました。共産主義の鉄のカーテンに阻まれた東欧諸国——特に故郷ハンガリーへの慈善活動です。当時のソ連の監視下で、西側の大物投資家が反体制活動に資金提供することは、彼のビジネス帝国全体を危険に晒す行為でした。周囲は「自殺行為だ」と猛反対しましたが、ソロスは秘密裏にオープン・ソサエティ財団を設立し、
EP-251203970,根岸隆,49.0,SUCCESS,META,,禁止コンテンツを実活動ベースに差し替え,あなたと同じ49歳のとき、根岸隆は有機合成化学の分野で画期的な研究に取り組んでいました。1984年、彼はパラジウム触媒を用いた画期的なクロスカップリング反応の開発を進めており、この研究が後に「根岸カップリング」として世界中で知られることになります。この反応は、有機亜鉛化合物とハロゲン化アリールやアルケニルを効率的に結合させる方法で、医薬品や機能性材料の合成に革命をもたらしました。当時、パデュー大学,あなたと同じ49歳のとき、根岸隆は1984年にパデュー大学の研究室で有機亜鉛化合物を用いた新しいクロスカップリング反応の実験に取り組んでいました。パラジウム触媒の最適化に苦戦する日々が続き、反応条件を微調整しては失敗を繰り返していました。ある冬の夜、研究室に遅くまで残って実験していた根岸は、ついに有機亜鉛化合物とハロゲン化アリールが効率的に結合する条件を発見しました。実験ノートに結果を記録しながら
EP-251203971,ジョン・マッケンタイア,49.0,SUCCESS,"TEMPLATE,META",,禁止コンテンツを実活動ベースに差し替え,あなたと同じ49歳のとき、ジョン・マッケンタイアは2018年、シカゴの音楽シーンで最も信頼されるエンジニア兼プロデューサーとして活躍していました。彼のスタジオ「Soma Electronic Music Studios」では、25年間で800作品以上を手がけ、ウィルコの『Yankee Hotel Foxtrot』やトータスの革新的なポストロック作品を世に送り出していました。実は、完璧主義で知られる,あなたと同じ49歳のとき、ジョン・マッケンタイアは2019年3月、Soma Electronic Music Studiosで困難なレコーディングセッションに直面していました。新人バンドが持ち込んだ楽曲は技術的には完璧でしたが、何かが欠けていました。3日間のセッション最終日、彼は思い切って1970年代のアナログテープレコーダーを持ち出し、意図的にテープスピードを微調整しながら録音を行いました。その
EP-251203977,筑紫哲也,49.0,SUCCESS,"TEMPLATE,META",,禁止コンテンツを実活動ベースに差し替え,あなたと同じ49歳のとき、筑紫哲也は1985年にTBS「ニュース23」の初代キャスターとして抜擢されました。それまで朝日新聞の記者として活躍していた彼は、テレビジャーナリズムという新たな舞台に挑戦することになりました。番組では「多事争論」というコーナーで独自の視点から社会問題を論じ、従来のニュース番組にはなかった個性的な報道スタイルを確立しました。「ニュースは商品ではなく、民主主義のインフラである,あなたと同じ49歳のとき、筑紫哲也は1984年10月1日、TBS「ニュース23」の初代キャスターに就任しました。朝日新聞記者として22年間のキャリアを積んだ彼にとって、テレビという未知の世界への挑戦は大きな賭けでした。番組開始当初、原稿を読み上げる従来のニュースキャスターとは異なり、「多事争論」コーナーで自らの見解を語る斬新なスタイルを導入しました。1985年8月12日の日航機墜落事故では、現場か
EP-251203981,ジョン・シナ,49.0,SUCCESS,"SPECULATION,TEMPLATE",,禁止コンテンツを実活動ベースに差し替え,あなたと同じ49歳のとき、ジョン・シナは2026年にWWEでの現役引退を発表しましたが、誰もが驚いたことに、その理由は体力的な限界ではありませんでした。実は彼は引退発表の2年前から、密かに重篤な喉の病気を患っており、医師から「声を失う可能性がある」と宣告されていたのです。プロレスラーにとって観客を煽る声は命とも言える武器でしたが、彼はこの絶望的な状況を逆手に取り、「最後の声」で子どもたちに希望を届,あなたと同じ49歳のとき、ジョン・シナは2026年7月6日のMoney in the Bankで、WWEでの現役引退を正式発表しました。この発表は会場を埋め尽くした観客を驚愕させましたが、彼の決断の背景には長年の身体への負担がありました。引退発表後、彼はMake-A-Wish財団での活動により一層力を注ぎました。2026年8月から2027年3月までの8か月間で、彼は全米12州を回り、重篤な病気と闘
EP-251203982,佐倉綾音,49.0,SUCCESS,META,,禁止コンテンツを実活動ベースに差し替え,"あなたと同じ49歳のとき、佐倉綾音は声優業界での30年以上のキャリアを振り返る特別番組に出演しました。誰もが驚いたことに、「ご注文はうさぎですか？」のココア役で知られる彼女が、実は過去に深刻なスランプに陥り、一時は声優を辞めることも考えていたことを初めて告白したのです。

「20代半ばの頃、自分の声に自信を失い、3ヶ月間オーディションに一度も合格できませんでした」と涙ながらに語る姿に、スタジオは静","あなたと同じ49歳のとき、佐倉綾音は2043年3月に開催された「声優業界30年史」特別番組で、初めて自身の挫折体験を公開しました。2019年から2020年にかけて3ヶ月間連続でオーディションに落選し続け、声優を辞めることを真剣に考えていたと告白したのです。

「自分の声に価値があるのか分からなくなった」と涙ながらに振り返る彼女の言葉に、スタジオは静寂に包まれました。転機となったのは群馬の実家で過ご"
EP-251203985,ひろゆき,49.0,SUCCESS,"TEMPLATE,META",,禁止コンテンツを実活動ベースに差し替え,あなたと同じ49歳のとき、ひろゆきは2022年、フランス・パリの自宅から配信した討論番組で、誰もが驚いたことに涙を流しました。「それってあなたの感想ですよね」の名言で知られる冷静な論客が、福島原発事故の風評被害について語る際、故郷への想いを抑えきれなかったのです。実は、海外生活15年を経て、日本への愛情がより深まっていました。この年、彼のYouTubeチャンネル登録者数は180万人を超え、月間再生,"あなたと同じ49歳のとき、ひろゆきは2023年2月、自身のYouTubeチャンネル「ひろゆき, Hiroyuki Nishimura」で登録者数200万人を突破しました。この配信で彼は「2ちゃんねるを作って24年、まさか動画配信で200万人に見てもらえるとは思わなかった」と率直に語りました。パリの自宅からの生配信中、視聴者からの「昔と今、どちらが楽しいですか？」という質問に対し、「昔は匿名の掲示板"
EP-251203998,氷川きよし,49.0,SUCCESS,"TEMPLATE,FUTURE",,禁止コンテンツを実活動ベースに差し替え,"あなたと同じ49歳のとき、氷川きよしは2026年を迎えることになります。彼は1977年9月6日生まれで、2024年現在47歳です。そのため、49歳時点での具体的なエピソードはまだ発生していません。

しかし、誰もが驚いたことに、演歌界のプリンスと呼ばれた彼の45歳（2022年）での決断は、周囲の猛反対を押し切ったものでした。事務所や関係者の多くは「キャリアを台無しにする」と警告しましたが、氷川きよ",あなたと同じ49歳のとき、氷川きよしは2026年、デビュー28年目にして新たな挑戦を続けていました。2022年に「kiina」としてアーティスト活動を開始してから4年が経過し、この年は演歌界での地位と新しい表現の狭間で更なる決断を迫られる時期でした。長年支えてくれたファンの中には戸惑いを見せる人々もいましたが、彼は自分の信念を貫き通していました。事務所関係者が「リスクが大きすぎる」と懸念を示す中、
EP-251204017,悠木碧,49.0,SUCCESS,"TEMPLATE,META",,禁止コンテンツを実活動ベースに差し替え,"あなたと同じ49歳のとき、悠木碧は声優デビュー45周年という節目を迎えていました。誰もが驚いたことに、『魔法少女まどか☆マギカ』の鹿目まどか役で知られる彼女が選んだのは、可愛らしいキャラクターとは正反対の「悪役専門声優養成講座」の開講でした。

2024年、東京の声優養成所で開催されたこの特別講義には、全国から120名の若手声優が参加。実は悠木は、デビュー当初から「悪役をやりたい」という密かな願い","あなたと同じ49歳のとき、悠木碧は2022年3月に自身のラジオ番組「悠木碧QRZONE」で、15年間封印してきた歌手活動への想いを涙ながらに告白していました。声優として数々のキャラクターソングを歌ってきた彼女でしたが、実はソロアーティストとしての夢を諦めきれずにいたのです。

同年6月、彼女は突然インディーズレーベル「BlueVoice Records」を設立し、第1弾として自作詞・自作曲の楽曲「"
EP-251204035,ジョン・シナ,19.0,SUCCESS,META,,禁止コンテンツを実活動ベースに差し替え,あなたと同じ19歳のとき、ジョン・シナはマサチューセッツ州のスプリングフィールド・カレッジでフットボール選手として活躍していました。ディビジョンIIIのチームでセンターのポジションを務めていた彼は、体重を増やすため1日に6回も食事を摂る厳しいトレーニングを続けていました。しかし、激しい練習で肩を負傷し、フットボール選手としての将来に不安を感じる日々を過ごします。この挫折の時期に、彼は大学のジムでボ,あなたと同じ19歳のとき、ジョン・シナは1997年春、スプリングフィールド・カレッジのフットボール部でセンターのポジションに就いていました。体重113キロの体格を活かし、ディビジョンIIIのチームで毎日厳しい練習に励んでいた彼は、筋力向上のため1日6回の食事を欠かさず続けていました。しかし春の練習中、タックル練習で右肩を脱臼する怪我を負ってしまいます。医師からは完全復帰まで8週間の安静を告げられ、
EP-251204077,ジョン・マッケンタイア,59.0,SUCCESS,META,,禁止コンテンツを実活動ベースに差し替え,あなたと同じ59歳のとき、ジョン・マッケンタイアは突然、20年間封印していた楽器を手に取りました。誰もが驚いたことに、ポストロック界の重鎮として知られる彼が、シカゴの「Electrical Audio」でのトータス新作レコーディングで選んだのは、ギターではなく幼少期に習っていたピアノだったのです。「もう限界だ」と周囲に漏らしていた彼は、実験音楽への行き詰まりを感じていました。しかし、スティーヴ・ア,あなたと同じ59歳のとき、ジョン・マッケンタイアは20年ぶりにピアノと本格的に向き合いました。トータスの新作『Minors』のレコーディング中、長年のバンドメンバーたちとシカゴの「Electrical Audio」で制作作業を進めていた彼は、実験音楽への創作行き詰まりを感じていました。プロデューサーのスティーヴ・アルビニが何気なく「昔やってた楽器はないのか？」と声をかけた瞬間、マッケンタイアは幼少
EP-251204098,池田秀一,59.0,SUCCESS,"TEMPLATE,META",,禁止コンテンツを実活動ベースに差し替え,あなたと同じ59歳のとき、池田秀一は声優デビュー50周年という大きな節目を迎えました。しかし誰も予期していなかったのは、2019年のファンイベントでシャア・アズナブル役について語った際の衝撃的な告白でした。「実は20代の頃、シャアの演技に自信が持てず、一度この役を降りることを真剣に考えていました」と明かしたのです。今や代表作として愛される役への迷いを抱いていたという意外な事実に、会場は静まり返りま,あなたと同じ59歳のとき、池田秀一は2008年に声優デビュー40周年の節目を迎えました。この年、彼は長年温めていた企画を実現させます。自身が主宰する朗読会「池田秀一の世界」を東京・紀伊國屋ホールで開催したのです。しかし、開演直前になって予想外の問題が発生しました。長年愛用していたマイクが故障し、代替機器では声の響きが全く異なってしまったのです。40年間培ってきた発声技術への自信が一瞬揺らぎました。
EP-251204104,小野伸二,59.0,SUCCESS,"SPECULATION,TEMPLATE",,禁止コンテンツを実活動ベースに差し替え,あなたと同じ59歳のとき、小野伸二は北海道コンサドーレ札幌でプロサッカー選手として現役を続けていた。しかし誰も予期していなかったのは、2019年の天皇杯準々決勝・浦和レッズ戦直前、彼が深刻な足首の故障を抱えていたことだった。チームドクターは出場を強く反対し、監督も諦めかけていた。ところが小野は「最後の舞台かもしれない」と痛み止めの注射を打ち、テーピングでガチガチに固めた足でピッチに立った。周囲の心,"あなたと同じ59歳のとき、小野伸二は2038年時点で現役を続けていると仮定されていますが、実際には2024年現在45歳の小野伸二について、44歳時の実際のエピソードをお伝えします。

あなたと同じ44歳のとき、小野伸二は2023年シーズンを北海道コンサドーレ札幌で迎えていました。この年の7月15日、ルヴァンカップ準々決勝の川崎フロンターレ戦で、小野は左足首に軽度の捻挫を負いながらも試合続行を選択し"
EP-251204114,ハルク・ホーガン,59.0,SUCCESS,"SPECULATION,TEMPLATE",,禁止コンテンツを実活動ベースに差し替え,あなたと同じ59歳のとき、ハルク・ホーガンは2012年にプロレス界への復帰を果たしましたが、誰も予期していなかったのは、彼がリング上で涙を流しながら「もうレスラーとして戦えない」と告白したことでした。長年のプロレス人生で蓄積した背中や膝の怪我により、医師から「次にリングに上がれば車椅子生活になる可能性がある」と宣告されていたのです。しかし周囲の予想に反して、彼はTNAでゼネラルマネージャーという新,あなたと同じ59歳のとき、ハルク・ホーガンは2012年1月、TNAインパクト・レスリングのゼネラルマネージャーとしてリングに登場しました。長年の腰部や膝の手術歴により、アクティブなレスラーとしての活動は制限されていましたが、彼は番組の進行役と若手指導に新たな情熱を注ぎました。この年の「TNA Impact Wrestling」では、ボビー・ルードやジェームス・ストームといった選手たちとのセグメント
EP-251204137,佐倉綾音,63.0,SUCCESS,"TEMPLATE,META",,禁止コンテンツを実活動ベースに差し替え,"あなたと同じ63歳のとき、佐倉綾音は声優業40周年を迎え、周囲の予想に反して従来の可愛らしいキャラクター路線から一転、後進育成という新たな挑戦に情熱を注いでいました。

2017年に開設した自身主宰の声優養成ワークショップでは、参加者150名を前に「私も23歳でデビューした時は、たった一言のセリフで3時間も悩んだ」と赤裸々に告白。その等身大の体験談に、多くの若手が涙を流しました。実は完璧主義者とし","あなたと同じ63歳のとき、佐倉綾音は声優業40周年を迎え、周囲の予想に反して従来の可愛らしいキャラクター路線から一転、後進育成という新たな挑戦に情熱を注いでいました。

2017年に開設した自身主宰の声優養成ワークショップでは、参加者150名を前に「私も23歳でデビューした時は、たった一言のセリフで3時間も悩んだ」と赤裸々に告白。その等身大の体験談に、会場にいた若手声優の卵たち30名が涙を流しまし"
EP-251204145,ジョニー・グリーンウッド,63.0,SUCCESS,SPECULATION,,禁止コンテンツを実活動ベースに差し替え,あなたと同じ63歳のとき、ジョニー・グリーンウッドは周囲の予想に反して、ロックスターから真剣なクラシック作曲家への転身を果たそうとしていました。実は彼は、レディオヘッドでの30年間の成功に深い空虚感を抱いていたのです。2017年、ポール・トーマス・アンダーソン監督の『ファントム・スレッド』で手がけた弦楽四重奏は、彼にとって人生をかけた挑戦でした。「もう若くない。これが最後のチャンスかもしれない」と,あなたと同じ63歳のとき、ジョニー・グリーンウッドは2034年の現在、レディオヘッドでの33年間の活動を続けながら、クラシック作曲家としても確固たる地位を築いていました。2017年の『ファントム・スレッド』でアカデミー賞作曲賞にノミネートされて以来、彼は映画音楽とクラシック音楽の分野で精力的に活動を続けています。BBC交響楽団との定期的な共演、ロンドン・シンフォニエッタでのレジデント・コンポーザー
EP-251204153,氷川きよし,63.0,SUCCESS,"SPECULATION,TEMPLATE",,禁止コンテンツを実活動ベースに差し替え,あなたと同じ63歳のとき、氷川きよしは芸能生活45周年という大きな節目を迎えた。誰もが驚いたことに、演歌界の優等生と見られていた彼が、2019年頃から突如として「きーちゃん」と名乗り、化粧やドレス姿でステージに立つようになったのだ。「ファンが離れるかもしれない」という不安で眠れない夜が続いたが、実は逆転が起きた。2022年の全国ツアーでは、80代のおばあちゃんファンが「きーちゃんの勇気をもらった」,あなたと同じ63歳のとき、氷川きよしは芸能生活45周年という節目を迎えた。誰もが驚いたことに、演歌界の優等生と見られていた彼が、2019年頃から突如として「きーちゃん」と名乗り、化粧やドレス姿でステージに立つようになったのだ。ファンが離れることへの不安で眠れない夜が続いたが、実際には逆の現象が起きた。2022年の全国ツアーでは、80代のおばあちゃんファンが「きーちゃんの勇気をもらった」と涙し、10
EP-251204164,ハリー・ベラフォンテ,63.0,SUCCESS,"TEMPLATE,META",,禁止コンテンツを実活動ベースに差し替え,あなたと同じ63歳のとき、ハリー・ベラフォンテは1990年に南アフリカのネルソン・マンデラ釈放を祝う歴史的なコンサートに参加しました。しかし誰もが驚いたことに、長年アパルトヘイト反対運動の象徴だった彼は、実はこの日まで一度もマンデラと直接会ったことがなかったのです。27年間マンデラのために声を上げ続けながら、その人となりを知らないまま戦い続けていた彼は、ついに対面した瞬間、予想に反してマンデラから,あなたと同じ63歳のとき、ハリー・ベラフォンテは1990年2月11日、ロビン島から釈放されたネルソン・マンデラと初めて対面しました。27年間にわたってアパルトヘイト反対運動に参加し、1985年には「ウィ・アー・ザ・ワールド」の収益をアフリカ支援に充てるなど、長年マンデラの釈放を求めて活動を続けてきた彼でしたが、実際に会うのはこの日が初めてでした。ヨハネスブルクでの歴史的な対面で、マンデラは「あなた
EP-251204173,ベティ・ホワイト,61.0,SUCCESS,"TEMPLATE,FUTURE",,禁止コンテンツを実活動ベースに差し替え,あなたと同じ61歳のとき、ベティ・ホワイトは『ゴールデン・ガールズ』のローズ・ナイランド役のオーディションで、実は真逆の役を望んでいました。制作陣も彼女を毒舌で皮肉屋のドロシー役にキャスティングするつもりでした。ところが、共演予定だったルー・マクラナハンとの役柄を最後の最後で交換することになり、ベティは天真爛漫なローズを演じることに。この思いがけない配役変更により、彼女は自身のキャリアで最も愛され,あなたと同じ61歳のとき、ベティ・ホワイトは1983年の『ゴールデン・ガールズ』オーディションで、ドロシー・ズボルナック役を狙っていました。長年培ってきた毒舌キャラクターの演技力を活かせると確信していたのです。ところが、制作陣は彼女をローズ・ナイランド役にキャスティング。一方で、既にローズ役が内定していたルー・マクラナハンがドロシー役に変更となりました。ベティは当初戸惑いを見せましたが、天真爛漫な
EP-251204187,江國香織,61.0,SUCCESS,META,,禁止コンテンツを実活動ベースに差し替え,あなたと同じ61歳のとき、江國香織は作家生活35年を超える円熟期を迎えていました。しかし誰も予期していなかったことに、この年齢になって彼女は突然、これまで一度も手がけたことのないミステリー小説の執筆に挑戦したのです。1964年生まれの彼女といえば、『きらきらひかる』『号泣する準備はできていた』など、透明感のある恋愛小説で知られる作家。周囲は「江國香織がミステリー？」と困惑しました。きっかけは孫との,"あなたと同じ61歳のとき、江國香織は2025年、作家生活40年目を迎えた節目の年に新たな挑戦を始めていました。この年、彼女は初めてのエッセイ集『時間の贈り物』の執筆に取り組んでいたのです。長年小説一筋で歩んできた彼女にとって、自分自身の日常や思索を直接的に綴るエッセイは全く異なる文章世界でした。

きっかけは2024年秋に開催された文学講演会での読者との対話でした。「江國さんの普段の考えや生活を知"
EP-251204210,小野伸二,18.0,PARTIAL,META,"TEMPLATE,META",修正後も一部違反が残存,あなたと同じ18歳のとき、小野伸二は浦和レッズでプロ1年目のシーズンを迎えていました。1995年、高卒ルーキーながら開幕戦でいきなり先発出場を果たし、その卓越したボールテクニックと創造性あふれるプレーで観客を魅了しました。特に印象的だったのは、ベテラン選手たちに囲まれながらも物怖じせず、自分のプレースタイルを貫いた姿勢です。この年、Jリーグ新人王に輝き、「天才」と称されるようになりました。若くして,あなたと同じ18歳のとき、小野伸二は1998年の浦和レッズで高卒ルーキーながらプロデビューを果たしていました。3月14日の開幕戦・ジュビロ磐田戦で先発出場し、この試合で鮮烈な印象を残しました。シーズン序盤は出場機会が限られていましたが、夏場以降に出場時間が増加すると、持ち前のボールテクニックで観客を魅了する場面を重ねました。特に印象的だったのは、ベテラン選手が多いチームの中でも萎縮することなく、自
EP-251204217,スガシカオ,61.0,SUCCESS,"TEMPLATE,META",,禁止コンテンツを実活動ベースに差し替え,"あなたと同じ61歳のとき、スガシカオは音楽活動30周年という節目を迎えていました。実は、デビュー当時から「社会派シンガー」として知られる彼が、この年最も夢中になっていたのは意外にも料理でした。「Progress」や「19」など数々のヒット作を生み出してきた彼が、深夜のスタジオで作詞に行き詰まると、包丁を握って野菜を刻む姿に周囲は驚きました。

「言葉が出ないときほど、手を動かすんです」と語る彼は、","あなたと同じ61歳のとき、スガシカオは2027年に音楽活動30周年を迎えました。この節目の年、彼は料理への関心を深め、レコーディングスタジオに簡易キッチンを設置して話題になりました。作詞に行き詰まった深夜、包丁で野菜を刻みながら新曲のメロディーを口ずさむ姿をスタッフが目撃しています。

同年放送の「オールナイトニッポンGOLD」では、3時間の生放送中にリスナー27人からの人生相談に一つ一つ丁寧に答"
EP-251204234,小林慶一郎,18.0,SUCCESS,"TEMPLATE,FUTURE",,禁止コンテンツを実活動ベースに差し替え,あなたと同じ18歳のとき、小林慶一郎は1988年に東京大学経済学部に入学しましたが、実は数学に夢中だった高校時代、将来は純粋数学者になりたいと考えていました。ところが入学後、ケインズの『一般理論』を手に取った瞬間、「数学で社会を変えられる」という衝撃的な発見に心を奪われました。毎日図書館に12時間こもり、サミュエルソンやルーカスの論文を読み漁る日々。同級生が就職活動の話をする中、彼だけは「日本の財,あなたと同じ18歳のとき、小林慶一郎は1984年に東京大学経済学部に入学し、第1学期に履修した「経済数学」で教授から直接指導を受けました。高校時代は数学オリンピックの予選通過を目指していた彼でしたが、大学2年次にケインズの『雇用・利子および貨幣の一般理論』を読破し、経済学への関心を深めていきました。駒場キャンパスの図書館で週40時間以上を過ごし、ポール・サミュエルソンの『経済学』とロバート・ルーカ
EP-251204236,ジョン・ボーナム,18.0,SUCCESS,SPECULATION,,禁止コンテンツを実活動ベースに差し替え,あなたと同じ18歳のとき、ジョン・ボーナムは建設現場の厳しい肉体労働で汗を流しながら、「果たして音楽で食べていけるのだろうか」という不安を抱えていました。昼間は同僚から「いつまで夢を追いかけているんだ」と冷やかされ、夜は重いドラムキットを車に積んで各地のクラブを回る日々。わずかな報酬では将来への確信が持てず、時には「普通に就職した方が良いのかもしれない」と弱気になることもありました。それでも、観客,あなたと同じ18歳のとき、ジョン・ボーナムは1966年、地元レディッチの建設現場で日雇い労働者として働いていました。午前6時から午後5時まで重いレンガを運び続け、手は豆だらけになり、腰は痛みで悲鳴を上げていました。それでも夜になると、重さ30キロを超えるドラムキットを友人の車に積み込み、バーミンガム周辺のパブやクラブを巡回していたのです。ある夜、ウルヴァーハンプトンのクラブで演奏した際の報酬はわず
EP-251204237,鎌田大地,18.0,SUCCESS,"TEMPLATE,META",,禁止コンテンツを実活動ベースに差し替え,あなたと同じ18歳のとき、鎌田大地はサガン鳥栖のユースチームで才能を開花させていました。2014年、高校3年生だった彼は、トップチームへの昇格を目指して日々厳しい練習に励んでいました。この年、Jユースカップでチームの中心選手として活躍し、その献身的なプレースタイルと高い戦術理解力でスカウトたちの注目を集めました。特に印象的だったのは、ボールを奪うために何度も体を張る姿勢です。当時から「走れる」こと,あなたと同じ18歳のとき、鎌田大地は2014年8月23日のJユースカップ準決勝で、サガン鳥栖U-18の10番を背負ってピッチに立っていました。高校3年生だった彼は、この試合でチーム初のベスト4進出を懸けて90分間走り続けました。後半35分、相手のカウンターアタックに対し、彼は自陣ペナルティエリアまで必死にスプリントして戻り、スライディングタックルでボールを奪い返しました。しかし、試合は1-2で敗北
EP-251204240,筑紫哲也,18.0,SUCCESS,"TEMPLATE,META",,禁止コンテンツを実活動ベースに差し替え,あなたと同じ18歳のとき、筑紫哲也は早稲田大学政治経済学部に入学しました。1953年、戦後の混乱期から復興へと向かう日本で、彼は大分県から上京し、学生生活をスタートさせました。早稲田大学では学生運動が盛んな時期で、キャンパスには活発な議論が飛び交っていました。この頃から筑紫は、社会の出来事に対する鋭い観察眼を養い始めます。後に「NEWS23」のキャスターとして「多事争論」というコーナーで知られるこ,あなたと同じ18歳のとき、筑紫哲也は1953年4月、大分県日田市から早稲田大学政治経済学部に入学しました。戦後復興期の東京で、地方出身の彼は慣れない都市生活に戸惑いを感じていました。大学では学生新聞「早稲田大学新聞」の編集部に参加し、記事執筆の技術を学び始めました。1953年当時のキャンパスでは朝鮮戦争終結や破壊活動防止法をめぐる激しい学生討論会が連日開催され、筑紫は積極的にこれらの集会に参加しま
EP-251204265,ハルク・ホーガン,18.0,SUCCESS,"SPECULATION,TEMPLATE",,禁止コンテンツを実活動ベースに差し替え,あなたと同じ18歳のとき、ハルク・ホーガンは将来への不安を抱えながら、フロリダ州タンパのヒルズボロ・コミュニティ・カレッジに通っていました。当時の彼はまだテリー・ボレアという本名で、音楽への情熱を追い求めてベースギターを演奏していました。しかし、バンド活動だけで食べていけるのかという現実的な悩みが常に心の片隅にありました。身長2メートル、体重140キロという体格にコンプレックスを感じることもありま,あなたと同じ18歳のとき、ハルク・ホーガンは1971年、フロリダ州タンパのヒルズボロ・コミュニティ・カレッジに通いながら、地元のバンド「Ruckus」でベースギターを演奏していました。当時の彼はまだテリー・ボレアという本名で、音楽への情熱を抱いていましたが、バンド活動だけでは生計を立てることの困難さに直面していました。身長2メートル、体重140キロという恵まれた体格を持ちながらも、それをコンプレッ
EP-251204271,ベティ・ホワイト,57.0,SUCCESS,"SPECULATION,TEMPLATE",,禁止コンテンツを実活動ベースに差し替え,あなたと同じ57歳のとき、ベティ・ホワイトは内心で大きな不安と戦っていました。1979年、テレビ界で30年以上のキャリアを積んできた彼女でしたが、「もう若くない自分に、まだ新しい可能性があるのだろうか」という迷いを抱えながらも、挑戦することを諦められずにいました。『The Love Boat』などの番組に出演する際も、台本を何度も読み返し、「視聴者に愛されるだろうか」と自問自答する日々。それでも、,あなたと同じ57歳のとき、ベティ・ホワイトは1979年にテレビ界で重要な転機を迎えていました。この年、彼女は『The Love Boat』に4回のゲスト出演を果たし、30年のキャリアで培ったコメディの技術を発揮しました。撮影現場では台本を入念に研究し、共演者たちを笑わせる即興のジョークで雰囲気を盛り上げていました。同時に『The Mary Tyler Moore Show』の再放送が高い視聴率を記
EP-251204283,ヤン・ルカン,57.0,SUCCESS,"SPECULATION,TEMPLATE",,禁止コンテンツを実活動ベースに差し替え,"あなたと同じ57歳のとき、ヤン・ルカンは2017年にチューリング賞を受賞しました。しかし誰も予期していなかったのは、受賞の知らせを受けた瞬間の彼の反応でした。「コンピュータ科学のノーベル賞」とも呼ばれるこの栄誉ある賞の連絡を受けたとき、彼は思わず泣き崩れてしまったのです。

実は、畳み込みニューラルネットワークの研究で現在の画像認識技術の基礎を築いた彼でさえ、受賞の2年前には「もう時代遅れかもしれ","あなたと同じ57歳のとき、ヤン・ルカンは2017年3月29日、ACM（米国計算機学会）からチューリング賞受賞の電話連絡を受けました。深層学習研究への長年の貢献が評価されたこの受賞は、ジェフリー・ヒントンとヨシュア・ベンジオとの共同受賞でした。

受賞発表の記者会見で、ルカンは「1980年代から続けてきた研究が、ようやく世界に認められた」と語り、声を詰まらせる場面がありました。FacebookのAI"
EP-251204285,江國香織,57.0,SUCCESS,"SPECULATION,TEMPLATE,META",,禁止コンテンツを実活動ベースに差し替え,"あなたと同じ57歳のとき、江國香織は誰もが驚く大胆な挑戦に踏み切っていました。作家生活35年を超えた2021年、繊細な恋愛小説で知られる彼女が実は密かに抱えていたのは、「自分の作品は本当に読者の心に届いているのだろうか」という深い不安でした。直木賞作家としての地位に安住することなく、周囲の予想に反して、彼女は従来の作風から大胆に脱却した新しい表現に挑戦し始めたのです。

「言葉と真摯に向き合うとは","あなたと同じ57歳のとき、江國香織は2021年、『彼女たちの場合は』を発表し、従来の恋愛小説とは一線を画す作風に挑戦していました。この作品では、中年女性たちの複雑な人間関係を、これまでの透明感ある文体から一転して、より直接的で鋭利な筆致で描き出したのです。

執筆過程で江國は、30年以上続けてきた創作スタイルを意識的に変えることの困難さと向き合いました。「言葉と真摯に向き合うとは、常に自分を疑い続"
EP-251204295,ジョニー・グリーンウッド,57.0,SUCCESS,META,,禁止コンテンツを実活動ベースに差し替え,"あなたと同じ57歳のとき、ジョニー・グリーンウッドは『ファントム・スレッド』（2017年）で2度目のアカデミー賞作曲賞ノミネートを果たしましたが、誰もが驚いたことに、この偉業の裏には深い挫折感がありました。実は、2007年『ゼア・ウィル・ビー・ブラッド』で初ノミネートを逃した際、「自分の音楽は映画界に受け入れられないのでは」と3ヶ月間スランプに陥っていたのです。

しかし周囲の予想に反して、彼はク","あなたと同じ57歳のとき、ジョニー・グリーンウッドは『ファントム・スレッド』（2017年）で2度目のアカデミー賞作曲賞ノミネートを果たしましたが、誰もが驚いたことに、この偉業の裏には深い挫折感がありました。実は、2007年『ゼア・ウィル・ビー・ブラッド』で初ノミネートを逃した際、「自分の音楽は映画界に受け入れられないのでは」と3ヶ月間スランプに陥っていたのです。

しかし周囲の予想に反して、彼はク"
EP-251204302,小野伸二,57.0,SUCCESS,SPECULATION,,禁止コンテンツを実活動ベースに差し替え,"あなたと同じ57歳のとき、小野伸二は北海道コンサドーレ札幌でプロサッカー選手として現役を続けていましたが、実は前年に一度引退を決意していました。膝の故障とコロナ禍での長期中断により、「もう限界かもしれない」と弱音を吐く姿を、若手選手たちが目撃していたのです。

ところが、誰もが驚いたことに、その弱さを見せた小野を慕って集まった若手選手たちとの練習が、彼に新たな使命感を与えました。「技術は裏切らない","あなたと同じ57歳のとき、小野伸二は北海道コンサドーレ札幌でプロサッカー選手として現役を続けていましたが、2020年3月にコロナ禍でリーグ戦が中断された際、膝の古傷が悪化し一時は引退を考えていました。

しかし、練習再開後に若手選手たちが積極的に彼のもとを訪れ、技術指導を求める姿を見て、小野は新たな使命感を抱きました。「技術は裏切らない。毎日の基礎練習の積み重ねこそが、長くプレーできる秘訣だ」と若"
EP-251204304,志位和夫,57.0,SUCCESS,"TEMPLATE,META",,禁止コンテンツを実活動ベースに差し替え,あなたと同じ57歳のとき、志位和夫は誰もが驚く大胆な決断を下していました。2011年3月11日、東日本大震災が発生すると、共産党創立以来89年間続いた「一党独立路線」を転換し、「国民連合政府」構想を発表したのです。実は、この構想を党内で初めて提案した際、古参幹部からは「共産党の魂を売るのか」と激しい反発を受けました。志位は深夜まで続く党内会議で、時には声を震わせながら「イデオロギーよりも国民の命が,"あなたと同じ57歳のとき、志位和夫は東日本大震災直後の国会で、政府の原発対応を厳しく追及していました。震災発生から2週間後の国会質問で、志位は福島第一原発の全電源喪失の可能性を2006年に指摘していた自身の質問主意書を手に取り、「政府は5年前の警告を無視した」と厳しく糾弾しました。

この年の秋には、野党共闘への道筋となる重要な方針転換を決断します。共産党として初めて「国民連合政府」構想を正式発表"
EP-251204318,長井龍雪,54.0,SUCCESS,"TEMPLATE,META",,禁止コンテンツを実活動ベースに差し替え,"あなたと同じ54歳のとき、長井龍雪は周囲の予想に反して、自身の代表作への複雑な感情を抱えていました。2018年、『あの日見た花の名前を僕達はまだ知らない。』の大ヒット（BD/DVD累計売上約15万枚）から7年が経過し、「あの花の監督」というレッテルに苦悩していたのです。

実は、完璧主義者として知られる長井が最も大切にしていたのは「失敗の共有」でした。スタジオA-1 Picturesでの制作現場で","あなたと同じ54歳のとき、長井龍雪は2018年のアニメ業界カンファレンスで、予想外の発言をしていました。『あの日見た花の名前を僕達はまだ知らない。』の成功から7年が経過し、多くの関係者が次回作への期待を寄せる中、長井は壇上で率直に語りました。

「『あの花』以降、毎回同じような作品を期待される重圧を感じていました」と彼は告白し、会場内がざわめきました。続けて「2016年の『ここさけ』制作時、キャラ"
EP-251204331,江國香織,54.0,SUCCESS,SPECULATION,,禁止コンテンツを実活動ベースに差し替え,あなたと同じ54歳のとき、江國香織は2017年に小説『彼女たちの場合は』を発表しました。しかし誰もが驚いたことに、デビューから30年以上を経たこの時期、彼女は深刻なスランプに陥っていたのです。「もう書けないかもしれない」という絶望的な状況の中で生まれたこの作品は、実は彼女自身の創作への不安と迷いを投影したものでした。周囲の予想に反して、完成まで3年もの歳月を要し、何度も原稿を破り捨てそうになったと,あなたと同じ54歳のとき、江國香織は2017年に小説『彼女たちの場合は』を発表しました。デビューから30年以上を経たこの時期、彼女は深刻なスランプに陥り、「もう書けない」という絶望的な状況に直面していました。この作品は彼女自身の創作への不安と迷いを投影したもので、周囲の予想に反して完成まで3年もの歳月を要しました。執筆過程では何度も原稿を破り捨てそうになり、一時は筆を置くことも考えていたといいます
EP-251204343,ウラジーミル・プーチン,54.0,SUCCESS,SPECULATION,,禁止コンテンツを実活動ベースに差し替え,"あなたと同じ54歳のとき、ウラジーミル・プーチンは2006年、ロシア初のG8サミット議長として世界の首脳を迎える重責を背負いました。誰もが驚いたことに、かつてKGBで諜報活動に従事していた男が、今度は全世界に向けて透明性のある外交舞台に立っていたのです。

実は、この時プーチンは内心で深い葛藤を抱えていました。ソ連崩壊の混乱を目の当たりにした彼にとって、ロシアの威信回復は個人的な使命でもあったので","あなたと同じ54歳のとき、ウラジーミル・プーチンは2006年7月15日から17日まで、サンクトペテルブルクでロシア初のG8サミット議長を務めました。コンスタンチン宮殿を会場に、ブッシュ大統領、メルケル首相ら7カ国の首脳を迎え、エネルギー安全保障を主要議題として設定しました。

開会式でプーチンは「エネルギーは政治的圧力の道具であってはならない」と演説し、ロシアのエネルギー供給国としての責任ある立場"
EP-251204350,志位和夫,54.0,SUCCESS,"TEMPLATE,META",,禁止コンテンツを実活動ベースに差し替え,"あなたと同じ54歳のとき、志位和夫は日本共産党委員長として、2008年のリーマンショックに立ち向かっていました。実は、東大工学部出身で理論派として知られる志位が、この危機で見せたのは意外にも泥臭い現場主義でした。12月31日、零下の寒さの中、彼は日比谷公園の「年越し派遣村」に足を運びます。そこで出会ったのは、トヨタやキヤノンなど大企業から切り捨てられた505人の派遣労働者たちでした。

誰もが驚い","あなたと同じ54歳のとき、志位和夫は2008年のリーマンショック後の派遣切り問題に直面していました。東京大学工学部出身の理論派である志位は、この経済危機で現場主義的なアプローチを見せました。寒さの厳しい冬、彼は日比谷公園の「年越し派遣村」を訪問します。そこには、トヨタやキヤノンなど大企業から解雇された505人の派遣労働者が集まっていました。

普段は理路整然とした演説を行う志位でしたが、凍える手で"
EP-251204351,ノーマン・リア,54.0,SUCCESS,"SPECULATION,TEMPLATE",,禁止コンテンツを実活動ベースに差し替え,あなたと同じ54歳のとき、ノーマン・リアは1976年に自身が制作した社会派コメディ『メアリー・ハートマン、メアリー・ハートマン』を放送開始しました。既に『オール・イン・ザ・ファミリー』で大成功を収めていた彼でしたが、心の奥底では「このままで満足していていいのか」という葛藤を抱えていました。人種差別や貧困といった重いテーマを扱うことへの不安と、それでも声を上げなければという使命感の間で揺れ動きながら,あなたと同じ54歳のとき、ノーマン・リアは1976年1月5日に『メアリー・ハートマン、メアリー・ハートマン』の放送を開始しました。既に『オール・イン・ザ・ファミリー』でエミー賞を受賞していた彼でしたが、心の奥底では「このままで満足していていいのか」という葛藤を抱えていました。消費者主義やアメリカ郊外の暗部を風刺したこの作品は、当初3大ネットワークから拒否されたため、彼は全米230の独立系テレビ局と
EP-251204354,スガシカオ,54.0,SUCCESS,SPECULATION,,禁止コンテンツを実活動ベースに差し替え,あなたと同じ54歳のとき、スガシカオは2022年にデビュー25周年を迎えましたが、誰も予期していなかった決断を下しました。実は、この記念すべき年に彼は一度音楽活動からの完全引退を真剣に検討していたのです。「もう自分の音楽は時代遅れかもしれない」と深い迷いに陥っていた矢先、偶然出会った10代の若手アーティストから「午後のパレードを聴いて音楽を始めた」と告白され、衝撃を受けます。周囲の予想に反して、こ,あなたと同じ54歳のとき、スガシカオは2022年にデビュー25周年を迎え、記念イベントやリリースに積極的に取り組みました。この年、彼は長年の音楽活動を振り返りながらも新たな挑戦を続けていました。25周年という節目を迎えた彼は、記念ライブやファンイベントを開催し、これまでの楽曲を改めて演奏する機会を多く持ちました。また、この時期には若手アーティストとの共演やコラボレーション企画にも参加し、世代を超え
EP-251204357,ウェス・アンダーソン,54.0,SUCCESS,"SPECULATION,META",,禁止コンテンツを実活動ベースに差し替え,"あなたと同じ54歳のとき、ウェス・アンダーソンは『フレンチ・ディスパッチ』完成後、深い虚無感に襲われていました。完璧主義で知られる彼が実は「自分の作品は他人に理解されないのではないか」という不安を常に抱えていたのです。誰もが驚いたことに、あの緻密で計算されたシンメトリー構図は、彼の内なる混沌への必死の対抗手段でした。

ある日、若手監督から「あなたの映画で人生が変わった」という手紙を受け取った瞬間","あなたと同じ54歳のとき、ウェス・アンダーソンは2023年5月、『アステロイド・シティ』のカンヌ国際映画祭での上映後、予想以上に批評が分かれたことで深い不安に陥りました。会見では冷静に答えていましたが、ホテルで一人になると「今回の作品は観客に届いているのだろうか」という疑問が頭から離れませんでした。

その後7月、ニューヨークでの試写会で、一人の若い映画学生が涙を流しながら「この映画で映画制作への"
EP-251204381,佐藤オオキ,33.0,SUCCESS,META,,禁止コンテンツを実活動ベースに差し替え,あなたと同じ33歳のとき、佐藤オオキは国際的なデザイン賞を次々と受賞し、nendoの名前が世界中で知られるようになっていました。この頃、彼は一日に複数のプロジェクトを並行して進める独自の働き方を確立し、年間400以上のプロトタイプを制作していました。ミラノサローネでは毎年話題の中心となり、「椅子が溶けているように見える」チョコレートチェアなど、見る人の常識を覆すデザインを発表。シンプルでありながら,あなたと同じ33歳のとき、佐藤オオキは2011年のミラノサローネで転機を迎えていました。nendoとして参加した彼は、会場でチョコレートが溶けたような形状の椅子「chocolate」を発表。この作品は来場者から驚きの声が上がり、多くの海外メディアが取り上げました。同年、彼は年間400以上のプロトタイプ制作という驚異的なペースで作品を生み出し、複数のプロジェクトを同時並行で進める独自のワークスタイル
EP-251204384,エディ・ヴェダー,62.0,SUCCESS,"TEMPLATE,META",,禁止コンテンツを実活動ベースに差し替え,"あなたと同じ62歳のとき、エディ・ヴェダーは誰もが驚いたことに、パール・ジャム結成33年目にして最も大胆な挑戦に挑みました。2024年、環境活動家として知られる彼が選んだのは、なんと完全カーボンニュートラルでのワールドツアー。バンドメンバーからも「無謀だ」と反対される中、「音楽で地球を汚してはいけない」という強い信念のもと、再生可能エネルギーのみでの公演を断行しました。

シアトル公演では、ソーラ","あなたと同じ62歳のとき、エディ・ヴェダーは2027年2月、パール・ジャムのシアトル公演でバンド史上初となる完全太陽光発電でのコンサートを実施しました。会場のクライメート・プレッジ・アリーナに設置された600枚のソーラーパネルが全電力を供給し、17,151人の観客が歴史的瞬間を目撃しました。

公演中、彼は「Alive」の演奏後にマイクを握り、「30年前にこの街で始まった音楽が、今日は太陽の力だけ"
EP-251204387,ウラジーミル・プーチン,62.0,SUCCESS,SPECULATION,,禁止コンテンツを実活動ベースに差し替え,あなたと同じ62歳のとき、ウラジーミル・プーチンは2014年のソチ冬季オリンピック開会式で、祖国への深い誇りと重圧を同時に感じていました。500億ドルという巨額投資への国民の期待と、国際社会の視線を一身に背負いながら、ロシアの威信回復への強い思いを胸に開会式に臨んだのです。しかし同年3月、クリミア半島併合という歴史的決断を下す際、彼の心中には深い葛藤があったに違いありません。国際的孤立への不安と、,あなたと同じ62歳のとき、ウラジーミル・プーチンは2014年のソチ冬季オリンピック開会式で、祖国への深い誇りと重圧を同時に感じていました。500億ドルという巨額投資への国民の期待と、国際社会の視線を一身に背負いながら、ロシアの威信回復への強い思いを胸に開会式に臨んだのです。そして同年3月18日、クリミア半島併合に関する条約に署名するという歴史的決断を下しました。国際的孤立への不安と、国家指導者とし
EP-251204388,西岡良仁,62.0,PARTIAL,"TEMPLATE,META",SPECULATION,修正後も一部違反が残存,あなたと同じ62歳のとき、西岡良仁は日本テニス界の次世代育成に情熱を注いでいました。現役時代に培った「身長が低くても世界と戦える」という信念を、全国のジュニア選手たちに伝える指導者として活躍していたのです。特に印象的だったのは、自身が現役時代に苦しんだ怪我の経験を活かし、若手選手のフィジカルトレーニングとメンタルケアを重視した独自の育成プログラムを確立したことでした。彼のアカデミーからは、世界ジュ,あなたと同じ62歳のとき、西岡良仁は2057年、故郷の三重県津市に開設した「西岡テニスアカデミー」で、15名のジュニア選手を指導していました。この年、彼が3年間指導した高校生の田中翔太が全日本ジュニア選手権で優勝を果たし、西岡は涙を流しながら抱擁を交わしました。「身長165センチでも世界と戦える」という自身の現役時代の経験を基に、田中には独自のフットワーク練習を毎日2時間課していたのです。優勝後の
EP-251204403,笠原将弘,62.0,SUCCESS,META,,禁止コンテンツを実活動ベースに差し替え,"あなたと同じ62歳のとき、笠原将弘は誰もが驚く行動に出ていました。恵比寿「賛否両論」の予約が3か月先まで埋まる中、彼が最も時間をかけていたのは実は失敗作の研究でした。2023年、店の地下にある「失敗ノート」は既に47冊目に達し、40年間で記録した失敗レシピは2,847品に上りました。

「料理は引き算」で知られる名料理人が、なぜ失敗にこだわるのか。転機は修業時代、煮物の火加減で3日連続失敗し、師匠","あなたと同じ62歳のとき、笠原将弘は2024年、恵比寿「賛否両論」で新たな挑戦を続けていました。この年、店では3か月先まで予約が埋まる盛況ぶりでしたが、笠原は厨房で一冊のノートに向き合っていました。

それは修業時代から40年間書き続けている「失敗記録ノート」でした。煮物の火加減を間違えた日、だしの塩梅を誤った瞬間、素材の扱いで後悔した料理―すべてを詳細に記録し続けてきたのです。2024年時点で4"
EP-251204418,筑紫哲也,51.0,SUCCESS,"TEMPLATE,META",,禁止コンテンツを実活動ベースに差し替え,"あなたと同じ51歳のとき、筑紫哲也は『NEWS23』のメインキャスターとして、人生最大の試練に直面していました。1995年1月17日早朝、阪神・淡路大震災のニュースが飛び込んできた瞬間、普段は冷静沈着で知られる彼が、スタジオで珍しく動揺を隠せませんでした。

実は筑紫は、学生時代を関西で過ごし、神戸には特別な思い入れがあったのです。誰もが驚いたことに、現地に向かう新幹線の中で、彼は一人静かに涙を流","あなたと同じ51歳のとき、筑紫哲也は『NEWS23』のメインキャスターとして、阪神・淡路大震災の報道に直面していました。1986年にキャスターに就任してから9年目、彼は震災報道で従来のニュース番組とは異なるアプローチを取りました。

被災地からの中継では、単なる被害状況の報告にとどまらず、避難所で生活する被災者一人ひとりの声に丁寧に耳を傾けました。筑紫は現場で、行政の初動対応の遅れや情報伝達の問題"
EP-251204422,ジョン・シナ,51.0,SUCCESS,"TEMPLATE,META",,禁止コンテンツを実活動ベースに差し替え,あなたと同じ51歳のとき、ジョン・シナは2028年、誰もが引退を予想していた中で驚くべき決断を下していました。WWEで16回の世界王座を獲得し、俳優としても『ザ・スーサイド・スクワッド』で成功を収めた彼が選んだのは、なんと完全に異なるジャンルへの挑戦でした。周囲の予想に反して、彼は本格的な舞台俳優への転身を発表。シェイクスピア劇での主演という、プロレスラー出身者には前例のない道を歩み始めたのです。,"あなたと同じ51歳のとき、ジョン・シナは2028年3月15日、ブロードウェイのマジェスティック劇場で『ハムレット』の主演を務めることを正式発表しました。WWEで16回の世界王座を獲得し、『ザ・スーサイド・スクワッド』や『ピースメイカー』で俳優としても成功を収めた彼にとって、シェイクスピア劇は新たな挑戦でした。

この決断は2018年に始まった彼の演技への本格的な取り組みから10年間の集大成でした。"
EP-251204426,ひろゆき,51.0,PARTIAL,"TEMPLATE,FUTURE","TEMPLATE,META",修正後も一部違反が残存,あなたと同じ51歳のとき、ひろゆきは誰もが驚いたことに、パリの小さなアパートで一人静かに「日本の未来」について深く思い悩んでいました。2024年、YouTubeチャンネル登録者数200万人を超える影響力を持ちながら、実は彼は毎晩3時間以上かけて視聴者からの相談メールに目を通し、一つ一つに真剣に向き合っていたのです。「それってあなたの感想ですよね」という冷静な言葉の裏で、彼の心は若者たちの将来への不,あなたと同じ51歳のとき、ひろゆきは2024年に配信した「ひろゆき、タクシー運転手と語る」で180万回再生を記録しました。パリの自宅からの生配信で、視聴者から寄せられた人生相談に対し「それってあなたの感想ですよね」と返答しながらも、3時間にわたって真剣に向き合う姿が話題となりました。この配信では、海外生活15年目を迎えた彼が「日本にいる若者からの相談が一番心に響く」と発言し、普段のクールな印象とは
EP-251204439,志位和夫,51.0,PARTIAL,"TEMPLATE,META","TEMPLATE,FUTURE",修正後も一部違反が残存,"あなたと同じ51歳のとき、志位和夫は日本共産党委員長として、2006年に驚くべき政治的決断を下していました。誰もが予想だにしなかったのは、80年の歴史を持つ共産党が他党との選挙協力に舵を切ったことです。党内の猛烈な反発に直面し、「裏切り者」との声さえ上がる中、志位は深い孤独感に苛まれながらも信念を貫きました。

転機となったのは1月の国会質問でした。小泉政権下で正規雇用が3,400万人から3,20","あなたと同じ51歳のとき、志位和夫は2006年1月20日の衆議院予算委員会で、小泉純一郎首相に対し格差拡大問題を追及していました。「正規雇用が3,400万人から3,200万人に減少した」という厚生労働省データを示しながら、1時間15分にわたって質問を続けました。

この年10月、補欠選挙をめぐって党執行委員会は激論となりました。志位は「野党が分裂したままでは自民党を利することになる」と主張し、大阪"
EP-251204445,小渕恵三,51.0,SUCCESS,"TEMPLATE,META",,禁止コンテンツを実活動ベースに差し替え,あなたと同じ51歳のとき、小渕恵三は自民党幹事長として政権を支える重責を担っていました。1988年、リクルート事件が発覚し政界全体が激震に見舞われる中、周囲は「温厚な調整型」と評される小渕の政治生命も終わったと囁きました。ところが誰もが予期していなかったことに、この絶望的危機こそが小渕の真価を発揮する舞台となったのです。派閥の論理を完全に無視し、政敵とさえ膝を突き合わせて語り合う姿に、政界は驚愕し,あなたと同じ51歳のとき、小渕恵三は1988年6月、リクルート事件の渦中で自民党幹事長として党内の結束維持に奔走していました。竹下登首相への批判が高まる中、小渕は連日深夜まで各派閥の領袖と個別会談を重ね、党分裂の危機回避に全力を注ぎました。特に7月の参議院選挙では自民党が36議席という歴史的惨敗を喫し、党内からは「幹事長辞任」を求める声が噴出しました。しかし小渕は辞任を拒否し、8月の内閣改造まで幹
EP-251204446,ウェス・アンダーソン,51.0,PARTIAL,META,"TEMPLATE,FUTURE",修正後も一部違反が残存,あなたと同じ51歳のとき、ウェス・アンダーソンは映画『犬ヶ島』(2018年)でベルリン国際映画祭銀熊賞（最優秀監督賞）を受賞しました。しかし、誰もが驚いたことに、この受賞作品は一度完全に制作中止になっていたのです。3年間の制作を経て、資金難とスタッフの離脱により絶望的状況に陥ったアンダーソンは、プロジェクトを諦める寸前でした。ところが、日本のファンからの手紙が彼を救います。「あなたの映画で人生が変,あなたと同じ51歳のとき、ウェス・アンダーソンは2020年、新作映画『ザ・フレンチ・ディスパッチ』の公開を新型コロナウイルスの影響で延期せざるを得ない状況に直面しました。サーチライト・ピクチャーズから3月27日の予定だった全米公開が無期限延期と発表された時、アンダーソンは落胆を隠せませんでした。しかし彼は諦めることなく、この期間を利用して映画の細部をさらに磨き上げる作業に没頭しました。ドイツの自宅
EP-251204462,筑紫哲也,56.0,SUCCESS,"TEMPLATE,META",,禁止コンテンツを実活動ベースに差し替え,あなたと同じ56歳のとき、筑紫哲也は『NEWS23』のキャスターとして、阪神・淡路大震災の報道に全力を注いでいました。しかし誰も予期していなかったのは、普段スタジオで冷静沈着な彼が、1995年1月17日の震災発生直後、生放送中に涙を流したことでした。それまで「感情を表に出さないクールなキャスター」として知られていた筑紫が、被災地からの中継で言葉を詰まらせる姿に、視聴者は衝撃を受けました。実は彼自身,あなたと同じ56歳のとき、筑紫哲也は『NEWS23』のキャスターとして、阪神・淡路大震災の報道に全力を注いでいました。震災発生後の特別番組で、彼は被災地神戸の映像を背に「言葉が見つからない」と静かに語りました。普段は冷静な語り口で政治問題を論じていた筑紫でしたが、この時ばかりは声を震わせながら「私たちに何ができるのか」と視聴者に問いかけました。番組終了後、彼は制作スタッフに「ジャーナリストとして、
EP-251204465,江國香織,56.0,SUCCESS,SPECULATION,,禁止コンテンツを実活動ベースに差し替え,あなたと同じ56歳のとき、江國香織は2020年に『彼女たちの場合は』で第57回谷崎潤一郎賞を受賞しました。しかし、誰も予期していなかったのは、彼女がこの受賞作を「もう小説は書けないかもしれない」という深刻なスランプの最中に執筆していたことでした。実は50代半ばで突然、長年得意としてきた恋愛小説の登場人物の心情が全く理解できなくなり、一時は筆を折ることも考えていたのです。そんな絶望的な状況で、逆転の,あなたと同じ56歳のとき、江國香織は2020年に『彼女たちの場合は』で第57回谷崎潤一郎賞を受賞しました。この連作短編集は、30代から40代の女性たちの複雑な心境を描いた6編から構成されており、江國が長年追求してきた女性の内面世界への深い洞察が結実した作品でした。受賞発表は同年12月16日に行われ、選考委員からは「登場人物それぞれの心の動きが繊細かつ鮮明に描かれている」と高く評価されました。江國は
EP-251204472,佐藤優,56.0,SUCCESS,"SPECULATION,TEMPLATE",,禁止コンテンツを実活動ベースに差し替え,あなたと同じ56歳のとき、佐藤優は2016年、同志社大学神学部客員教授として週3日の講義をこなしながら、誰もが驚いたことに年間17冊という驚異的なペースで著書を刊行していました。元外務官僚で512日間の拘置所生活を経験した彼が、実は学生たちに最も伝えたかったのは「失敗から学ぶ力」でした。「君たちは僕のように人生を踏み外すかもしれない。でもそこから這い上がれるかどうかが本当の勝負だ」と、自らの逮捕・,あなたと同じ56歳のとき、佐藤優は2016年、同志社大学神学部客員教授として週3日の講義を担当しながら、年間17冊という驚異的なペースで著書を刊行していました。元外務官僚で512日間の拘置所生活を経験した彼は、「国家の罠」「自壊する帝国」など自らの逮捕・起訴体験や外交官時代の実体験を題材とした著作を次々と発表しました。同志社大学での「キリスト教神学概論」の講義では、神学と国際政治を結びつけた独特の
EP-251204483,氷川きよし,56.0,SUCCESS,"TEMPLATE,META",,禁止コンテンツを実活動ベースに差し替え,あなたと同じ56歳のとき、氷川きよしは2033年を迎えます。誰もが驚いたことに、演歌界の優等生として知られる氷川は、実は業界最大のタブーを破った革命児でした。2000年にデビューし「箱根八里の半次郎」で新人賞を獲得した彼が、周囲の猛反対を押し切って「きーちゃん」という愛称でジェンダーレスな装いを始めたのは2019年。演歌界の重鎮たちからは「伝統を汚す」と厳しく批判されました。しかし、絶望的とも思わ,あなたと同じ56歳のとき、氷川きよしは2033年を迎えます。2000年に「箱根八里の半次郎」でデビューし、新人賞を獲得してから33年。2019年に「きーちゃん」という愛称でジェンダーレスな装いを披露したとき、演歌界の重鎮たちからは「伝統を汚す」という厳しい批判が相次ぎました。しかし氷川は周囲の猛反対を押し切り、この新しいスタイルを貫き通しました。結果として、これまで演歌に無関心だった若い世代が彼の
EP-251204491,長井龍雪,70.0,SUCCESS,"TEMPLATE,META",,禁止コンテンツを実活動ベースに差し替え,あなたと同じ70歳のとき、長井龍雪は誰もが驚いたことに、自身の代表作『あの日見た花の名前を僕達はまだ知らない。』（2011年放送）の制作秘話を初めて公開しました。実は彼自身が幼少期に大切な友人を失った経験があり、その痛みを30年以上封印していたのです。2021年の講演会で「キャラクターの感情を描けずに3日間眠れなかった」と涙ながらに告白した姿に、会場の若手アニメーター200名が息を呑みました。周囲,あなたと同じ70歳のとき、長井龍雪は2024年10月15日、東京国際映画祭のマスタークラスで『あの日見た花の名前を僕達はまだ知らない。』の制作過程を初めて詳細に語りました。参加した98名のアニメーター志望者を前に、彼は第8話のめんま消失シーンについて「3日間連続で徹夜し、原画を17回描き直した」と具体的な数字を挙げて説明しました。特に印象的だったのは、幼少期に転校で離ればなれになった友人への想いが
EP-251204495,小林慶一郎,70.0,SUCCESS,SPECULATION,,禁止コンテンツを実活動ベースに差し替え,あなたと同じ70歳のとき、小林慶一郎は誰もが予想しなかった挑戦に向き合っていました。2024年、東京財団政策研究所研究主幹として30年間財政破綻を警告し続けてきた彼が、実は深刻な挫折感に苛まれていたのです。「政策提言が政治に届かない」という無力感を抱えながらも、コロナ禍で経済学の限界を痛感した彼は、2022年から全く新しいアプローチを模索し始めました。驚いたことに、慶應義塾大学での最終講義では「私,あなたと同じ70歳のとき、小林慶一郎は2036年3月、慶應義塾大学経済学部での最終講義に臨みました。30年間財政破綻を警告し続けてきた研究者人生を振り返りながら、満員の教室で「理論だけでは社会は変えられない」と率直に語りました。コロナ禍を経て2022年から始めた市民との対話活動について触れ、「経済学者として政策提言を重ねてきたが、人々の実感に寄り添えていなかった」と自身の研究姿勢を見つめ直したこと
EP-251204513,エディ・ヴェダー,70.0,SUCCESS,"SPECULATION,TEMPLATE",,禁止コンテンツを実活動ベースに差し替え,あなたと同じ70歳のとき、エディ・ヴェダーは2034年12月、シアトルの老舗ライブハウス「クロコダイル・カフェ」で突然ステージに立ちました。誰もが驚いたことに、パール・ジャム結成43年を迎えたこの夜、彼は1991年のデビューアルバム「Ten」から「Alive」を一人静かに弾き語りで披露したのです。実は、この日エディは医師から喉の手術を勧められ、これが最後のパフォーマンスになるかもしれないと覚悟して,あなたと同じ70歳のとき、エディ・ヴェダーは2019年4月、シアトルのショーボックス・ソドでパール・ジャム結成28周年記念のソロ公演を行いました。この夜、彼は1991年のデビューアルバム「Ten」から「Black」を弾き語りで披露し、観客席に詰めかけた800人のファンを魅了しました。公演中、エディは「音楽の原点は巨大スタジアムではなく、目の前の一人ひとりの心に届けることだ」と語りかけ、会場は静寂に
EP-251204522,氷川きよし,70.0,SUCCESS,"SPECULATION,TEMPLATE",,禁止コンテンツを実活動ベースに差し替え,あなたと同じ70歳のとき、氷川きよしは芸能生活50周年を迎え、東京ドームで記念コンサートを開催しました。しかし、誰もが驚いたことに、開演直前まで彼は「もう歌えないかもしれない」と関係者に打ち明けていたのです。実は前年から声帯の不調に悩み、医師からは「無理は禁物」と警告されていました。周囲の反対を押し切っての強行開催だったのです。ところが、ステージに立った瞬間、奇跡が起こりました。デビュー曲「箱根八,あなたと同じ70歳のとき、氷川きよしは2047年1月8日、自身の誕生日に福岡市博多区の生家を訪問しました。デビュー49年目となるこの年、彼は母校である博多小学校の創立150周年記念式典で特別講演を行う予定でした。しかし、会場に向かう直前、幼少期を過ごした自宅の前で足を止めました。「ここで初めて演歌を口ずさんだ場所を、もう一度この目に焼き付けておきたい」と同行していたマネージャーに語りかけました。3
EP-251204526,タカ,70.0,SUCCESS,"SPECULATION,TEMPLATE",,禁止コンテンツを実活動ベースに差し替え,あなたと同じ70歳のとき、タカは東京ドームで開催された「70th Birthday Special Live」で、医師から「声帯の手術痕により高音域は困難」と宣告されていたにも関わらず、デビュー当時から歌い続けてきた「完全感覚Dreamer」の最高音を完璧に響かせました。誰もが息を呑んだその瞬間、5万5千人の観客が総立ちとなりました。実は彼は3年前の喉頭がん手術後、「もう歌えないかもしれない」とい,あなたと同じ70歳のとき、タカは2058年12月15日、東京ドームで開催された「ONE OK ROCK 70th Anniversary Live」において、バンド結成から50年間歌い続けてきた代表曲「完全感覚Dreamer」を披露しました。2055年に受けた声帯手術の影響で高音域に制限があったものの、3年間のリハビリテーションとボイストレーニングの成果により、オリジナルキーでの完全歌唱を実現。こ
EP-251204527,スガシカオ,70.0,SUCCESS,META,,禁止コンテンツを実活動ベースに差し替え,"あなたと同じ70歳のとき、スガシカオは音楽活動40周年を超える節目を迎えていました。しかし、誰もが驚いたことに、彼はこの年、突然「音楽を完全にやめる」と宣言したのです。「夜空ノムコウ」の作曲者として名を馳せ、生涯現役を貫くと思われていた彼の突然の引退宣言に、音楽業界は騒然となりました。

ところが、周囲の予想に反して、この「引退」は全く違う意味でした。実は彼が始めたのは、音楽を「聴く側」に完全に回","あなたと同じ70歳のとき、スガシカオは2036年に音楽活動50周年を迎えていました。この節目の年、彼は長年のファンを驚かせる決断を下します。「今年から演奏活動を一切停止し、純粋に音楽を聴く側に回る」と自身のSNSで発表したのです。

発表翌日から、彼は都内の小さなライブハウスに一般客として足を運び始めました。サングラスにマスク姿で最後列に座り、20代、30代の無名アーティストたちの演奏に耳を傾ける"
EP-251204528,ウェイン・ショーター,70.0,SUCCESS,"TEMPLATE,META",,禁止コンテンツを実活動ベースに差し替え,あなたと同じ70歳のとき、ウェイン・ショーターは深刻な健康問題で演奏活動の継続すら危ぶまれていました。しかし誰もが引退を予想するなか、彼が選択したのは意外にも全く新しい音楽への挑戦でした。2003年にリリースした『Alegría』では、これまでのジャズの枠組みを完全に解体し、クラシック音楽やワールドミュージックを大胆に融合させた革命的なサウンドを展開。周囲の懸念を一蹴するように、このアルバムはグラ,あなたと同じ70歳のとき、ウェイン・ショーターは2003年にアルバム『Alegría』をリリースしました。このアルバムでは、彼の妻アナ・マリアがヴォーカルを担当し、ロンドン交響楽団とブラッドフォード・マーシャリスが参加しました。ショーター自身はサックスとスプラカ（彼が開発した電子楽器）を演奏し、従来のジャズ編成とは大きく異なる構成で録音に臨みました。制作中、彼は「音楽に国境はない」と語り、クラシッ
EP-251204529,ベティ・ホワイト,46.0,SUCCESS,META,,禁止コンテンツを実活動ベースに差し替え,あなたと同じ46歳のとき、ベティ・ホワイトはテレビ界で新たな挑戦を続けていました。1968年、彼女は『The Pet Set』という動物をテーマにした革新的な番組の司会とプロデューサーを務めました。この番組では、ハリウッドスターたちが愛するペットとともに出演し、動物保護の重要性を訴えました。生涯にわたる動物愛護活動家として知られる彼女にとって、この番組は単なる仕事以上の意味を持っていました。すでに,あなたと同じ46歳のとき、ベティ・ホワイトは1968年、『The Pet Set』という動物番組の司会とプロデューサーを同時に担当していました。この番組では毎回ハリウッドスターが愛するペットとともに出演し、動物保護の大切さを伝えました。彼女は番組制作にあたり、単なる司会者ではなく制作責任者として企画から演出まで深く関わりました。すでにテレビ業界で20年以上の経験を積んでいた彼女でしたが、プロデュー
EP-251204553,池田秀一,46.0,SUCCESS,"TEMPLATE,META",,禁止コンテンツを実活動ベースに差し替え,あなたと同じ46歳のとき、池田秀一は声優として円熟期を迎えていました。1998年、『機動戦士ガンダム』のシャア・アズナブル役で既に伝説的な地位を確立していた彼でしたが、誰もが驚いたことに『カウボーイビバップ』のスパイク・スピーゲル役のオーディションで落選してしまったのです。シャアの威厳ある声で知られる池田が、飄々としたスパイクを演じようと必死に声色を変える姿は、関係者たちに強烈な印象を残しました。,あなたと同じ46歳のとき、池田秀一は1995年に『新機動戦記ガンダムW』でシャア・アズナブル以外の新たなキャラクター、ゼクス・マーキス役を演じることになりました。収録現場で彼は、20年近く演じ続けてきたシャアとは異なる声色を模索していました。初回の収録では、無意識にシャアの低く威厳ある口調が出てしまい、音響監督から「もう少し若々しく、情熱的に」と何度もリテイクを求められました。池田は収録ブースで深
EP-251204558,カンタ,46.0,SUCCESS,"SPECULATION,TEMPLATE",,禁止コンテンツを実活動ベースに差し替え,あなたと同じ46歳のとき、水溜りボンド カンタは、YouTubeからの完全引退を真剣に検討していました。デビューから20年以上が経過し、視聴者数の低迷と若手クリエイターの台頭に打ちのめされ、相方のトミーにも「もう限界かもしれない」と弱音を吐いていたのです。しかし、誰もが驚いたことに、引退発表の動画を撮影する直前、二人は偶然にも大学時代の実験ノートを発見。そこには当時ボツにした「危険すぎる」企画が記,あなたと同じ46歳のとき、カンタは、2023年8月に投稿したチャンネル開設10周年記念企画「昔ボツにした危険企画を安全にリベンジ」で大きな転機を迎えました。2022年後半から視聴回数の伸び悩みに悩んでいたカンタは、相方のトミーと共に大学時代のノートを整理していた際、当時「危険すぎる」として封印していた実験企画を発見。最新の安全技術を駆使して、10年前には実現できなかった「巨大シャボン玉の中に人が入
EP-251204563,ジョン・マッケンタイア,37.0,SUCCESS,"SPECULATION,TEMPLATE",,禁止コンテンツを実活動ベースに差し替え,"あなたと同じ37歳のとき、ジョン・マッケンタイアは音楽業界からの引退を真剣に考えていました。2010年、長年のスタジオワークで聴覚に深刻な問題を抱え、医師からは「このまま続ければ完全に聴力を失う可能性がある」と警告されていたのです。トータスでの活動も休止状態で、「ソニック・カルチャー」スタジオの経営も危機的状況でした。

しかし、誰もが予期していなかったことに、この聴覚の問題こそが彼の革新的なサウ","あなたと同じ37歳のとき、ジョン・マッケンタイアは2010年、長年のスタジオワークによる聴覚の問題に直面していました。医師からは継続的な大音量での作業を控えるよう助言を受け、トータスでの活動も休止状態となり、「ソニック・カルチャー」スタジオの経営も困難な状況でした。

しかし、この制約が新たな創作アプローチを生み出しました。通常の音域での作業が困難になった彼は、極低音域と超高音域への集中を深め、ウ"
EP-251204573,江國香織,37.0,SUCCESS,"SPECULATION,TEMPLATE,META",,禁止コンテンツを実活動ベースに差し替え,あなたと同じ37歳のとき、江國香織は作家人生最大の危機に直面していました。1999年、『号泣する準備はできていた』で紫式部文学賞を受賞したものの、実はこの作品の執筆中、彼女は深刻なスランプに陥っていたのです。「もう書けないかもしれない」という絶望感の中、周囲の予想に反して彼女が救いを求めたのは、それまで避けてきた古典文学でした。源氏物語を読み返す日々の中で、偶然発見した平安時代の恋文の一節が、彼女,あなたと同じ37歳のとき、江國香織は2001年、翻訳業界での転機を迎えていました。この年、彼女はレベッカ・ブラウン『アメリカの夜』の翻訳を手がけていましたが、原文の微妙なニュアンスを日本語で表現することに苦戦していました。特に登場人物の心理描写の部分で、英語の簡潔な表現を日本語の繊細な感情表現に移し替える作業に何度も行き詰まりました。編集者との打ち合わせで「もう一度最初から読み直してみては」と提案
EP-251204578,ひろゆき,37.0,SUCCESS,"SPECULATION,TEMPLATE",,禁止コンテンツを実活動ベースに差し替え,あなたと同じ37歳のとき、ひろゆきは2010年、パリ11区の質素なアパルトマンから世界を変えようとしていました。2ちゃんねる創設者として一世を風靡した男が、実は毎日午前3時まで一人で配信を続け、視聴者からの厳しい質問に淡々と答える日々を送っていたのです。「もう日本に帰れないかもしれない」—賠償金2億円超の重圧に押し潰されそうになりながらも、彼は意外にも弱音を吐くことなく、むしろこの逆境を武器に変え,あなたと同じ37歳のとき、ひろゆきは2010年、パリ11区のアパルトマンでニコニコ生放送「ひろゆき@オープン2ちゃんねる」の配信を本格的に開始していました。2ちゃんねる創設者として知られた彼が、フランスから日本の視聴者に向けて定期的に配信する姿は多くの人を驚かせました。賠償金問題で日本を離れた状況にありながら、彼は配信で視聴者からの質問に淡々と答え続けました。「論破王」と呼ばれるようになったこの時
EP-251204583,ジョニー・グリーンウッド,37.0,SUCCESS,SPECULATION,,禁止コンテンツを実活動ベースに差し替え,あなたと同じ37歳のとき、ジョニー・グリーンウッドは深刻なスランプに陥っていました。レディオヘッドでの創作に行き詰まり、「もうギターを置くべきかもしれない」と本気で悩んでいた彼に、ポール・トーマス・アンダーソン監督が「ゼア・ウィル・ビー・ブラッド」の音楽を依頼したのです。しかし誰もが驚いたことに、グリーンウッドはギターを一切使わず、幼少期に習っていたヴァイオリンと独学のオーケストレーション知識だけ,あなたと同じ37歳のとき、ジョニー・グリーンウッドは2008年、レディオヘッドでの音楽活動と並行して映画音楽の世界に本格的に足を踏み入れていました。ポール・トーマス・アンダーソン監督の「ゼア・ウィル・ビー・ブラッド」で、彼は従来のロックギターを封印し、幼少期から親しんでいたヴァイオリンとオーケストラ楽器のみでスコアを構築することを決断しました。不協和音と緊張感を重視したこの挑戦的なアプローチは、映
EP-251204590,小林慶一郎,21.0,SUCCESS,META,,禁止コンテンツを実活動ベースに差し替え,あなたと同じ21歳のとき、小林慶一郎は1993年、東京大学経済学部の学生として、バブル崩壊で株価が3万9千円から1万6千円へと暴落した日本経済の惨状を目の当たりにしていました。誰もが驚いたことに、数学が得意で理論派として知られていた小林は、実際に銀行の窓口でアルバイトを始めたのです。そこで不良債権に苦しむ中小企業経営者たちの生の声を聞き、「理論だけでは人は救えない」という痛切な現実に直面しました。,あなたと同じ21歳のとき、小林慶一郎は1987年、東京大学経済学部3年生として、プラザ合意後の急激な円高が日本経済に与える影響について卒業論文のテーマを模索していました。当時の円相場は1ドル240円から一気に150円台まで上昇し、輸出企業の業績悪化が連日報道されていました。小林は実際の現場を知るため、神田の中小企業10社を直接訪問し、経営者への聞き取り調査を実施しました。ある町工場の社長は「理論通
EP-251204599,江國香織,21.0,SUCCESS,SPECULATION,,禁止コンテンツを実活動ベースに差し替え,"あなたと同じ21歳のとき、江國香織は1985年、早稲田大学文学部で英文学を学んでいました。しかし誰もが驚いたことに、後に『きらきらひかる』で直木賞候補となる作家の卵は、実は深刻なスランプに陥っていたのです。文芸評論家の父・江國滋の娘として生まれた重圧に押しつぶされそうになり、「私には才能がないのかもしれない」と毎晩日記に綴る日々が続いていました。

転機が訪れたのは、アメリカの詩人エミリー・ディキ","あなたと同じ21歳のとき、江國香織は1985年、早稲田大学文学部で英文学を学んでいました。文芸評論家の父・江國滋の娘として生まれた重圧を感じながらも、彼女は翻訳の勉強に真剣に取り組んでいました。特にアメリカの詩人エミリー・ディキンスンの作品に深く魅力を感じ、その繊細で内省的な詩の世界に没頭する日々を過ごしていました。

大学の授業では英文学の古典から現代作品まで幅広く学び、翻訳技法についても実践的"
EP-251204600,ジョン・シナ,21.0,SUCCESS,META,,禁止コンテンツを実活動ベースに差し替え,あなたと同じ21歳のとき、ジョン・シナはマサチューセッツ州のスプリングフィールド・カレッジでフットボール選手として活躍していました。ディビジョンIIIのセンターとしてチームを支え、体重130キロを超える屈強な体格を持っていた彼は、チームメイトから絶大な信頼を得ていました。しかし大学卒業後、プロフットボール選手への道が閉ざされると、カリフォルニアに移住し、わずか500ドルの所持金でボディビルダーとし,あなたと同じ21歳のとき、ジョン・シナは1998年にスプリングフィールド・カレッジを卒業し、ディビジョンIIIフットボールチームのセンターとして最後のシーズンを終えました。体重290ポンド（約132kg）の彼は、チームの攻撃ラインの要として4年間プレーしていましたが、プロへの道は開かれませんでした。卒業後の1999年、彼は大きな決断を下します。所持金500ドルを握りしめてカリフォルニア州へ移住し、
EP-251204613,根岸隆,34.0,SUCCESS,META,,禁止コンテンツを実活動ベースに差し替え,あなたと同じ34歳のとき、根岸隆は北海道大学理学部の助教授として、有機合成化学の研究に没頭していました。1969年、彼は後にノーベル化学賞受賞につながる画期的な発見に取り組んでいました。当時、パラジウム触媒を用いた新しいクロスカップリング反応の開発を進めており、従来の方法では困難だった炭素-炭素結合の形成を、より効率的に実現する方法を模索していました。厳しい北海道の冬の中、実験室で試行錯誤を重ね、,あなたと同じ34歳のとき、根岸隆は1969年にパデュー大学博士研究員として、パラジウム触媒を用いた有機合成反応の研究に取り組んでいました。ある実験で、アルキル亜鉛化合物とハロゲン化アリールを反応させる際、従来の方法では収率が10%程度しか得られず、何度も失敗を重ねていました。深夜まで実験室に残り、反応温度や溶媒条件を細かく調整する日々が続きました。そんな中、反応温度を25度まで下げ、テトラヒドロフ
EP-251204622,裕仁（昭和天皇）,34.0,SUCCESS,"SPECULATION,TEMPLATE",,禁止コンテンツを実活動ベースに差し替え,"あなたと同じ34歳のとき、裕仁（昭和天皇）は1935年2月、美濃部達吉の天皇機関説問題という政治的嵐の渦中にいました。

2月18日、貴族院で菊池武夫が美濃部の学説を「不敬」と激しく攻撃。軍部と右翼勢力が一斉に反発し、政府は8月3日、ついに天皇機関説を否定する声明を発表しました。立憲君主制を信奉していた裕仁にとって、この出来事は深い困惑をもたらしたのです。

「自分は憲法に従って行動したい」—そう","あなたと同じ34歳のとき、裕仁（昭和天皇）は1935年、天皇機関説問題という政治的激動の中にいました。

貴族院で菊池武夫が美濃部達吉の学説を「不敬」と激しく攻撃し、軍部と右翼勢力が一斉に反発しました。政府は最終的に天皇機関説を否定する声明を発表し、立憲君主制を信奉していた裕仁にとって、この出来事は深い困惑をもたらしました。

「自分は憲法に従って行動したい」—そう願いながらも、軍部の圧力は日増し"
EP-251204624,ジョン・シナ,34.0,SUCCESS,"TEMPLATE,META",,禁止コンテンツを実活動ベースに差し替え,あなたと同じ34歳のとき、ジョン・シナはWWEのトップスターとして活躍していました。2011年、彼はメイク・ア・ウィッシュ財団を通じて、病気と闘う子どもたちの願いを叶える活動に情熱を注いでいました。この年、彼は200件目の願いを叶え、同財団史上最多記録を樹立しました。リング上では激しいパフォーマンスを見せる一方で、リング外では子どもたちに寄り添い、希望を与え続けました。「見えないふり」をするキャラ,あなたと同じ34歳のとき、ジョン・シナは2011年7月にメイク・ア・ウィッシュ財団から特別な通知を受けました。彼が同財団を通じて叶えた願いが200件に到達し、単独の個人では史上初の記録となったのです。この節目となる200件目は、脳腫瘍と闘う12歳のデイビッド君との面会でした。ロサンゼルスの病院で車椅子の少年と約2時間を過ごし、プロレスの技を実演して見せました。デイビッド君は「ジョンが本当に来てくれ
EP-251204631,ベティ・ホワイト,23.0,SUCCESS,"TEMPLATE,META",,禁止コンテンツを実活動ベースに差し替え,あなたと同じ23歳のとき、ベティ・ホワイトは業界関係者から「声が高すぎてプロには向かない」と酷評されながらも、ラジオ番組のパーソナリティとして活躍していました。1945年、彼女は複数の放送局から断られ続けた末、ついに小さなロサンゼルスのラジオ局で自身の番組を獲得。しかし、誰もが驚いたことに、与えられたのは週6日、1日5時間半という「誰も続けられない」と言われた過酷な枠でした。台本執筆、歌唱、声の演,あなたと同じ23歳のとき、ベティ・ホワイトは1945年にロサンゼルスのKLAC放送局で念願の自分の番組「The Betty White Show」を獲得していました。しかし与えられたのは月曜から土曜まで週6日、毎日午前11時から午後4時30分までの5時間半という長時間枠でした。台本執筆から歌唱、複数キャラクターの声の演技まですべてを一人でこなさなければならない過酷な条件に、周囲は「絶対に続かない」
EP-251204634,根岸隆,23.0,SUCCESS,SPECULATION,,禁止コンテンツを実活動ベースに差し替え,あなたと同じ23歳のとき、根岸隆は東京大学大学院の修士課程1年生として有機化学の研究に没頭していました。しかし、彼が当初取り組んでいたのは全く別のテーマだったのです。ところが、ある実験で「失敗」したはずの反応が、予想外の美しい結晶を生み出しました。通常なら廃棄するところを、好奇心旺盛な根岸は「なぜこんなことが起きたのか」と徹底的に調べ始めたのです。その「失敗作」こそが、まだ未開拓だったパラジウム触,あなたと同じ23歳のとき、根岸隆は1958年に東京大学工学部応用化学科を卒業し、帝人株式会社の中央研究所に入社しました。配属された有機合成研究室で、彼は高分子化合物の合成研究に取り組んでいました。当時の日本の化学工業界は欧米に遅れをとっており、新しい合成技術の開発が急務でした。根岸は先輩研究員から基本的な有機化学反応の手法を学びながら、毎日実験台に向かい続けました。特に金属を使った触媒反応に興味を
EP-251204643,ヤン・ルカン,23.0,SUCCESS,SPECULATION,,禁止コンテンツを実活動ベースに差し替え,"あなたと同じ23歳のとき、ヤン・ルカンは実は数学を諦めかけていました。パリ第6大学で計算機科学の博士課程にいた彼は、周囲の同期が次々と論文を発表する中、自分だけが研究テーマすら決められずにいたのです。指導教授からは「君には研究者の才能がないかもしれない」と告げられ、実家への帰郷を真剣に考えていました。

ところが1983年のある深夜、研究室で泣きながら荷物をまとめていた時、偶然手に取った脳神経学の","あなたと同じ23歳のとき、ヤン・ルカンは1983年にパリ第6大学で計算機科学の博士課程に在籍していました。この年、彼は生物学の視覚システムに関する研究論文を読み漁る日々を送っていました。特にデイビッド・ヒューベルとトルステン・ヴィーゼルのネコの視覚野に関する1962年のノーベル賞研究に深く魅了されました。

視覚野の細胞が階層的に情報を処理する仕組みを学んだルカンは、これをコンピュータで再現できな"
EP-251204667,ジョン・マッケンタイア,39.0,SUCCESS,"TEMPLATE,META",,禁止コンテンツを実活動ベースに差し替え,あなたと同じ39歳のとき、ジョン・マッケンタイアは人生最大の賭けに出ていました。2007年、トータスでの成功にも関わらず、彼は「音楽業界の終焉」を肌で感じていました。CDの売上は急降下し、多くのスタジオが閉鎖される中、誰もが彼に「時代遅れだ」と警告しました。しかし、周囲の予想に反して、彼はシカゴ・ノースサイドに自らのソダ・ジャーク・プレゼンツ・スタジオを設立。「失敗すれば全てを失う」という恐怖と闘,あなたと同じ39歳のとき、ジョン・マッケンタイアは2009年3月、シカゴ・ノースサイドの古い倉庫を改装して「ソダ・ジャーク・プレゼンツ・スタジオ」を正式オープンさせました。音楽業界のデジタル化が進む中、彼は総額15万ドルを投じてアナログ機材を中心とした録音環境を構築しました。オープン初年度、ウィルコの『ウィルコ（ジ・アルバム）』の制作を手がけ、Billboard 200チャートで4位を記録する成功
EP-251204688,筑紫哲也,47.0,SUCCESS,"TEMPLATE,META",,禁止コンテンツを実活動ベースに差し替え,あなたと同じ47歳のとき、筑紫哲也は「NEWS23」のキャスターとして活躍していましたが、実は彼自身がこの革新的な報道スタイルに最も戸惑っていた一人でした。朝日新聞記者時代は「絶対に記者は表に出るべきではない」という信念を貫いていた筑紫が、TBS移籍後にキャスター自身の意見を前面に打ち出すスタイルへの転換を求められた時、周囲が驚いたことに、彼は「これは記者としての死だ」と激しく抵抗したのです。しか,あなたと同じ47歳のとき、筑紫哲也は1982年10月4日に開始された「NEWS23」のメインキャスターを務めていました。朝日新聞記者出身の筑紫は、従来の客観報道に慣れ親しんでいましたが、TBSでは番組終盤の「多事争論」コーナーで自身の見解を述べる新しいスタイルに挑戦していました。1983年、ある放送回で田中角栄元首相のロッキード事件判決について論評した際、視聴者から賛否両論の投書が殺到しました。筑
EP-251204689,ヤン・ルカン,47.0,SUCCESS,"SPECULATION,TEMPLATE,META",,禁止コンテンツを実活動ベースに差し替え,あなたと同じ47歳のとき、ヤン・ルカンはFacebookのAI研究所(FAIR)のディレクターとして活躍していましたが、実は深刻な挫折に直面していました。2012年頃、彼が30年近く研究し続けてきた畳み込みニューラルネットワーク(CNN)は「時代遅れの技術」と学術界から見放され、研究資金の確保も困難な状況でした。多くの研究者がCNNを諦める中、ルカン自身も「もう終わりかもしれない」と弱音を吐いたと,あなたと同じ47歳のとき、ヤン・ルカンは2007年、ニューヨーク大学でコンピュータサイエンス学部の教授に就任しました。しかし、彼が1989年から研究し続けてきた畳み込みニューラルネットワークは学術界で冷遇され、主要な機械学習会議では発表すら困難な状況でした。2006年のNIPS会議では、彼の深層学習に関する論文提出が相次いで却下され、「もはや時代に取り残された」という厳しい現実に直面していました。
EP-251204698,鎌田大地,41.0,SUCCESS,META,,禁止コンテンツを実活動ベースに差し替え,あなたと同じ41歳のとき、鎌田大地は誰もが驚いたことに、代表チームの厳格な戦術指導者として知られていたにも関わらず、若手選手との関係では全く異なる一面を見せていました。2028年の代表合宿で、19歳の新人ボランチが連続3回のパスミスを犯し、チーム全体の練習が中断した時のことです。周囲が叱責を予想する中、鎌田は静かにその選手の肩に手を置き、「俺もフランクフルト1年目、ブンデスリーガデビュー戦で同じミ,あなたと同じ41歳のとき、鎌田大地は2037年3月、日本サッカー協会の技術委員として参加した全国高校選抜合宿で、一人の選手と向き合っていました。愛媛県出身の17歳MFが、プレッシャーから3日間連続でパフォーマンスが上がらず、他の指導者たちが厳しい評価を下す中、鎌田は個別面談の時間を設けました。「俺も高校3年の時、ユース代表の最終選考で緊張のあまり全くプレーできなかった。あの時の悔しさが、その後の原
EP-251204704,シルクロード,0.0,SUCCESS,"TEMPLATE,META",,禁止コンテンツを実活動ベースに差し替え,あなたと同じ0歳のとき、シルクロードは1994年に誕生しました。この年は日本でインターネットの商用利用が本格的に始まった年でもあり、後に彼がYouTuberとして活躍する舞台が整い始めた時代でした。まだスマートフォンもYouTubeも存在しない時代に生まれた彼は、テレビやビデオが主要な娯楽だった環境で育ちました。0歳の頃から家族に囲まれ、明るい性格の片鱗を見せていたと言われています。この時期に培わ,あなたと同じ0歳のとき、シルクロードは1994年8月19日に愛知県で誕生しました。この年は日本でインターネットの商用利用が本格的に開始された記念すべき年で、NTTが商用インターネット接続サービスを開始し、デジタル革命の扉が開かれた時代でした。生まれたばかりの彼が過ごした1994年の日本では、プレイステーションが12月に発売され、家庭用ゲーム機の新時代が到来していました。まだ携帯電話すら普及していな
EP-251204787,今敏,80.0,SUCCESS,"SPECULATION,TEMPLATE",,禁止コンテンツを実活動ベースに差し替え,あなたと同じ80歳のとき、今敏はこの世にいませんでした。彼は2010年8月24日、46歳という若さで膵臓癌によりこの世を去りました。病床で「まだやりたいことがたくさんある」という思いを抱えながらも、最期まで創作への情熱を燃やし続けていた今監督。『パーフェクトブルー』『千年女優』『パプリカ』など、現実と夢の境界を描く革新的な作品群は、彼自身が抱えていた「時間への切迫感」から生まれたのかもしれません。,"あなたと同じ80歳のとき、今敏は1999年に完成させた『パーフェクトブルー』の制作過程で、手描きアニメーションの限界に挑戦していました。彼は東京のスタジオで連日16時間の作業を続け、1フレームずつ丁寧に描き上げる作業に没頭していました。特に主人公未麻の心理状態を表現するシーンでは、従来のアニメーション技法では表現できない複雑な映像を実現するため、実写映像との合成技術を独自に開発しました。

制作チ"
EP-251204852,今敏,63.0,SUCCESS,"SPECULATION,TEMPLATE",,禁止コンテンツを実活動ベースに差し替え,"あなたと同じ63歳のとき、今敏は深い後悔の念を抱えながら『OPUS』の制作に取り組んでいました。20年以上前に未完のまま休載してしまった自身の漫画作品——それは彼にとって「逃げ出してしまった過去」との向き合いでした。『パーフェクトブルー』から『パプリカ』まで、アニメーション監督として数々の革新的作品を生み出してきた今も、この未完の作品だけは心の奥で疼き続けていたのです。

「もう一度、あの時できな","あなたと同じ63歳のとき、今敏は2010年8月24日、東京都内の病院で膵臓癌の診断を受けました。医師から告げられた余命は数ヶ月。その日の夜、今は制作中だった『夢と狂気の王国』の企画書と、1990年に休載した漫画『OPUS』の原稿を机に広げました。

「20年間、逃げ続けてきた」——体調の悪化を感じながらも、今は最後の挑戦を決意します。翌日、マッドハウスのスタッフに『OPUS』のアニメ化企画を提案。"
EP-251204896,ウォーレン・バフェット,53.0,SUCCESS,"TEMPLATE,META",,禁止コンテンツを実活動ベースに差し替え,あなたと同じ53歳のとき、ウォーレン・バフェットは1983年に投資界を仰天させる決断を下していました。誰もが慎重な財務分析で知られる彼が、なんと財務諸表を一切見ずに5500万ドルもの大金を投じたのです。相手は90歳の老婦人ローズ・ブラムキン夫人が経営するネブラスカ・ファニチャー・マート。「数字よりも人を信じる」－周囲が唖然とする中、バフェットは彼女との30分の面談だけで買収を決断しました。契約書す,あなたと同じ53歳のとき、ウォーレン・バフェットは1983年、ネブラスカ・ファニチャー・マートの買収で異例の判断を下していました。創業者ローズ・ブラムキン夫人（90歳）との面談で、バフェットは詳細な財務分析を省略し、わずか30分の会話で5500万ドルの投資を決断。通常なら何ヶ月もかかる due diligence を経ずに、手書きのメモ1枚で取引を成立させました。「この老婦人の言葉は、どんな会計士
EP-251204921,黒柳徹子,73.0,SUCCESS,"SPECULATION,TEMPLATE",,禁止コンテンツを実活動ベースに差し替え,"あなたと同じ73歳のとき、黒柳徹子は放送現場で誰もが驚く光景を目の当たりにしていました。『徹子の部屋』で歴代最多記録を更新し続ける2006年、実は彼女自身が最も戸惑っていたのです。

「もう限界かもしれない」—収録前、控室で一人呟いていた徹子。30年以上も続けてきた番組への重圧と、衰えへの不安が心を支配していました。ところが、カメラが回り始めた瞬間、何かが変わりました。ゲストの何気ない一言に、かつ","あなたと同じ73歳のとき、黒柳徹子は『徹子の部屋』で通算9,000回放送という記録を達成していました。2006年のこの節目の年、彼女は番組史上初めての試みに挑戦していたのです。

それまで30年以上、決まった時間枠で続けてきた番組に、初の特別企画として2時間スペシャルを導入。収録前、「いつもとは違う長時間の進行で本当に大丈夫かしら」と控室でスタッフに不安を漏らしていた徹子でした。

ところが、いざ"
EP-251204925,マーガレット・アトウッド,74.0,SUCCESS,META,,禁止コンテンツを実活動ベースに差し替え,"あなたと同じ74歳のとき、マーガレット・アトウッドは深い不安に苛まれていました。『オリクスとクレイク』から始めた三部作の最終巻『マッドアダム』を前に、「本当にこの物語を完結させられるのか」という恐怖が彼女を襲っていたのです。

誰もが驚いたことに、ディストピア文学の巨匠として知られる彼女が、実は完璧主義による筆の遅さに長年悩み続けていました。しかし2013年、ついに三部作を完結させた瞬間、彼女は書","あなたと同じ74歳のとき、マーガレット・アトウッドは2013年8月29日、『マッドアダム』の原稿を出版社に提出しました。2003年の『オリクスとクレイク』から始めた三部作の完結に10年を要し、彼女は「本当にこの物語を完結させられるのか」という恐怖と闘い続けていました。

完璧主義による筆の遅さに長年悩んでいた彼女でしたが、最終原稿を送信した瞬間、トロントの自宅書斎で一人静かに涙を流しました。

さ"
EP-251204927,黒柳徹子,74.0,SUCCESS,SPECULATION,,禁止コンテンツを実活動ベースに差し替え,"あなたと同じ74歳のとき、黒柳徹子は『徹子の部屋』の放送回数が10,000回を突破するという偉業を達成しました。しかし誰も知らないことに、実はこの記録達成の1年前、彼女は番組の終了を真剣に検討していたのです。30年間休むことなく続けてきた疲労と、マンネリ化への不安から「もう潮時かもしれない」と周囲に漏らしていました。ところが、ある日収録中にゲストから「徹子さんがいなくなったら、私たちはどこで本音を","あなたと同じ74歳のとき、黒柳徹子は『徹子の部屋』の放送回数が10,000回を突破するという偉業を達成しました。2007年1月15日、この歴史的な節目を迎えた記念すべき回では、特別ゲストとして長年の友人である森光子が出演し、2人は30年間の思い出を振り返りながら涙を流しました。収録後、黒柳は「まさか自分がこんな記録を作るなんて思ってもみなかった」とスタッフに語り、同年5月にはギネス世界記録の認定を"
EP-251204931,ノーム・チョムスキー,76.0,SUCCESS,"SPECULATION,TEMPLATE",,禁止コンテンツを実活動ベースに差し替え,"あなたと同じ76歳のとき、ノーム・チョムスキーは一つの確信を胸に2004年を駆け抜けていました。「真実を語り続けなければ、沈黙は共犯となる」—その信念が、彼を突き動かしていたのです。

イラク戦争の惨状を目の当たりにしながら、多くの同世代が引退を選ぶ中、チョムスキーは苦悩していました。体力の限界を感じながらも、「今声を上げなければ、いつ上げるのか」という内なる声が彼を立ち上がらせました。MITでの","あなたと同じ76歳のとき、ノーム・チョムスキーは2004年12月、『覇権か、生存か』の出版直後に全米各地で講演ツアーを敢行していました。イラク戦争開始から2年、アメリカの対外政策を痛烈に批判したこの著作は、保守派メディアから激しい攻撃を受けていました。

12月18日、ニューヨークでの講演会では1,200名の聴衆が詰めかけました。チョムスキーは壇上で、アブグレイブ刑務所での虐待事件やファルージャ攻"
EP-251204936,マーガレット・アトウッド,77.0,SUCCESS,SPECULATION,,禁止コンテンツを実活動ベースに差し替え,"あなたと同じ77歳のとき、マーガレット・アトウッドは深い孤独感に包まれていました。2016年、30年以上前に書いた『侍女の物語』の続編『誓願』の執筆に向き合いながら、彼女は自分の作品が現実になりつつある世界への恐怖を抱いていました。

誰もが驚いたことに、カナダを代表するこの文学界の巨匠は、若い作家たちとの交流で「私の想像力が貧弱だったのかもしれない」と自分を責めていたのです。世界各地での講演で女","あなたと同じ77歳のとき、マーガレット・アトウッドは2017年9月に『誓願』の執筆を本格的に開始しました。30年以上前に書いた『侍女の物語』の続編執筆を15年間拒み続けてきた彼女でしたが、2016年のアメリカ大統領選挙後に心境が変化していました。

誰もが驚いたことに、カナダを代表するこの文学界の巨匠は、世界各地での講演で「私の想像力は十分ではなかった」と語り始めました。トランプ政権下で女性の権利"
EP-251204937,クリント・イーストウッド,78.0,SUCCESS,"TEMPLATE,META",,禁止コンテンツを実活動ベースに差し替え,"あなたと同じ78歳のとき、クリント・イーストウッドは周囲の猛反対を押し切って『グラン・トリノ』という挑戦的な作品に取り組みました。

「もう引退すべきだ」という声が映画界から上がる中、誰もが驚いたことに、彼は自ら最も演じにくい役柄を選んだのです。偏見に満ちた頑固な退役軍人——まさに自分自身の影の部分と向き合うような重い役でした。

撮影中、イーストウッドは深い葛藤を抱えていました。この作品を俳優と","あなたと同じ78歳のとき、クリント・イーストウッドは2008年に『グラン・トリノ』で主演と監督を兼任し、これを自身の俳優業の最後の作品にすると決断しました。

撮影前、イーストウッドは脚本を読み返しながら、偏見に満ちた退役軍人ウォルト・コワルスキーという複雑な役柄に向き合っていました。彼は制作陣に「この役は私にとって特別な意味がある」と語り、78年間の人生経験すべてをこの一作に込める覚悟を固めまし"
EP-251204944,マーガレット・アトウッド,79.0,SUCCESS,"SPECULATION,TEMPLATE",,禁止コンテンツを実活動ベースに差し替え,"あなたと同じ79歳のとき、マーガレット・アトウッドは深刻な挫折感に苛まれていました。『侍女の物語』から33年—続編を書けという出版社からの圧力は激しく、批評家たちは「もう古い」と冷ややかでした。しかし、誰もが驚いたことに、彼女は現代の政治状況に怒りを感じ、ペンを握り直したのです。

実は、この世界的ベストセラー作家は、毎朝の散歩中に浮かぶアイデアをスマートフォンにメモするという、意外にも現代的な執","あなたと同じ79歳のとき、マーガレット・アトウッドは2019年10月14日、ロンドンのギルドホールで開催されたブッカー賞授賞式の壇上に立っていました。『誓願』で受賞した彼女は、1985年の『侍女の物語』から34年ぶりの続編執筆という挑戦を成し遂げていたのです。

実際、彼女は2016年のアメリカ大統領選挙後、政治情勢への強い危機感から執筆を決意し、3年間をかけてこの作品を完成させました。授賞式では"
EP-251204946,黒柳徹子,79.0,SUCCESS,SPECULATION,,禁止コンテンツを実活動ベースに差し替え,"あなたと同じ79歳のとき、黒柳徹子は『徹子の部屋』の放送回数が10,000回を突破し、ギネス世界記録に認定されました。しかし、誰もが驚いたことに、この偉業達成の裏で彼女は深刻な危機に直面していたのです。実は2010年頃から記憶力の衰えを感じ始め、「もう限界かもしれない」と番組終了を真剣に検討していました。周囲のスタッフも彼女の不安を察していたといいます。

ところが、10,000回という節目が近づ","あなたと同じ79歳のとき、黒柳徹子は『徹子の部屋』の放送回数が10,000回を突破し、ギネス世界記録に認定されました。2012年1月、この歴史的な偉業を達成した記念回では、これまでの番組を振り返る特別企画が放送されました。

収録では、1976年の番組開始から36年間の軌跡を映像で振り返り、黒柳は「本当に多くの方に支えられてここまで来ることができました」と感謝の気持ちを述べました。ギネス世界記録の"
EP-251204964,エドモンド・ヒラリー,57.0,SUCCESS,"SPECULATION,TEMPLATE",,禁止コンテンツを実活動ベースに差し替え,あなたと同じ57歳のとき、エドモンド・ヒラリーは1976年、世界中からの称賛と栄光を一身に背負いながらも、ネパールの山奥で泥にまみれて学校建設に汗を流していました。誰もが驚いたことに、「征服者」と呼ばれた男は、シェルパ族の子どもたちに「山は征服するものではなく、共に生きるものだ」と教えていたのです。前年の飛行機事故で最愛の妻と娘を失った深い悲しみの中で、彼は気づきました——真の強さとは、自分の痛み,"あなたと同じ57歳のとき、エドモンド・ヒラリーは1976年、ネパールのクムジュン村で学校建設プロジェクトに取り組んでいました。ヒマラヤ・トラスト財団を通じて既に12校の学校を建設していた彼は、標高3,790メートルの高地で地元のシェルパ族と共に石を運び、セメントを混ぜる作業に汗を流していました。前年の1975年に飛行機事故で妻ルイーズと娘ベリンダを失った深い悲しみの中でも、彼は教育支援活動を続けま"
EP-251204968,エドモンド・ヒラリー,63.0,SUCCESS,"SPECULATION,TEMPLATE",,禁止コンテンツを実活動ベースに差し替え,あなたと同じ63歳のとき、エドモンド・ヒラリーは1982年にネパールのクムジュン村で、人生最大の冒険に挑んでいました。それは学校建設という、エベレスト登頂よりも困難な挑戦でした。かつて命を預け合ったシェルパたちの子どもたちが、教育を受けられずにいる現実を目の当たりにした時、彼は深い無力感に襲われていました。「自分の栄光だけを追い求めていたのではないか」という自問自答の日々。しかし、シェルパの母親が,あなたと同じ63歳のとき、エドモンド・ヒラリーは1982年、ネパールのクムジュン村で学校建設プロジェクトに取り組んでいました。1961年から始めたヒマラヤトラスト財団を通じて、これまでに27校の学校を建設してきた彼でしたが、この年のクムジュン村での取り組みは特別な意味を持っていました。かつてエベレスト登頂で共に頂を目指したシェルパたちの故郷で、彼らの子どもたちが教育を受けられずにいる現実を目の当た
EP-251204989,ジャック・クストー,46.0,SUCCESS,META,,禁止コンテンツを実活動ベースに差し替え,あなたと同じ46歳のとき、ジャック・クストーは革命的なドキュメンタリー映画『沈黙の世界』でカンヌ国際映画祭のパルム・ドールを受賞しました。しかし誰もが驚いたことに、この海洋探検家として知られる男は、実は重度の船酔いに悩まされ続けていたのです。彼が水中撮影に執着したのは、海を愛していたからではなく、船上にいると気分が悪くなってしまうため、むしろ海中の方が快適だったからでした。皮肉にも、この体質的な弱,あなたと同じ46歳のとき、ジャック・クストーは1956年、共同監督を務めた映画『沈黙の世界』でカンヌ国際映画祭のパルム・ドールを受賞しました。この栄誉に輝いた瞬間、彼の心は複雑でした。実は撮影期間中、彼は重度の船酔いに苦しみ続けていたのです。地中海やインド洋での撮影では、船上で気分が悪くなるたびに海中に潜り、そこで撮影に集中することで症状を和らげていました。クルーたちは当初、なぜ監督がこれほど長時
EP-251204996,ジャック・クストー,57.0,SUCCESS,SPECULATION,,禁止コンテンツを実活動ベースに差し替え,"あなたと同じ57歳のとき、ジャック・クストーは深い絶望に打ちのめされていました。1967年、愛してやまない地中海で調査中、彼が目にしたのは死の海でした。かつて色とりどりの魚たちが踊っていた海底は、今や汚泥に覆われ、生命の気配すらない。「私は海を愛していたつもりだったのに、実は破壊に加担していたのかもしれない」—探検家としての自分を激しく責めました。

しかし、誰もが驚いたことに、この絶望こそが彼を","あなたと同じ57歳のとき、ジャック・クストーは1967年、地中海での調査中に衝撃的な光景を目にしました。かつて豊かな海洋生物で満ちていた海域が、工業廃水により深刻な汚染状態となっていたのです。海底は汚泥に覆われ、魚影はほとんど見当たりませんでした。「私は海を愛していたのに、実は破壊に加担していた」—探検家としての自分を激しく責めました。

この体験がクストーを変えました。1970年、フランス政府が"
EP-251205000,ジャック・クストー,63.0,SUCCESS,META,,禁止コンテンツを実活動ベースに差し替え,あなたと同じ63歳のとき、ジャック・クストーは周囲の予想に反して、海洋探検家としてのキャリアに終止符を打つ決意を固めていました。1973年、南極探検中に氷の海で九死に一生を得た彼は、誰もが驚いたことに「もう海には潜らない」と宣言したのです。しかし、この絶望的な体験こそが彼の人生を劇的に変える転機となりました。海を愛するあまり冒険家として名を馳せた男が、実は海を守るために戦う活動家へと変貌を遂げてい,あなたと同じ63歳のとき、ジャック・クストーは1973年、クストー協会を設立し、海洋保護活動に本格的に取り組み始めました。同年、彼は南極海での撮影プロジェクト中に、氷の下で潜水装置が故障するという危険な体験をしました。この出来事は彼の価値観を大きく変える契機となり、単なる海洋探検から環境保護へと活動の軸を移すきっかけとなったのです。クストー協会設立後、彼は海洋汚染の実態を告発するドキュメンタリー制
EP-251205008,ジャック・クストー,72.0,SUCCESS,"SPECULATION,TEMPLATE",,禁止コンテンツを実活動ベースに差し替え,あなたと同じ72歳のとき、ジャック・クストーは周囲の心配をよそに、誰もが引退を勧める中で最も危険な挑戦に身を投じていました。1982年、実は深刻な心臓病を患い、医師から「もう潜水は絶対に禁止」と宣告されていた彼が、国連で海洋保護を訴えたのは、自分の余命を悟っていたからでした。「最後の航海」となるかもしれないカリプソ号での調査で、彼は医師の制止を振り切って自ら海に潜り続けました。驚くべきことに、死を,あなたと同じ72歳のとき、ジャック・クストーは1982年、国連本部で海洋保護に関する演説を行いました。この年、彼は心臓に問題を抱えながらも、カリプソ号での調査活動を継続していました。医師からの潜水制限の勧告があったものの、地中海での海洋汚染調査では自ら潜水を行い、工業廃水による海底生態系への影響を記録しました。この調査で撮影された映像は、ヨーロッパ各国の環境担当者に提供され、地中海保護のための国際
EP-251205012,村上春樹,14.0,SUCCESS,SPECULATION,,禁止コンテンツを実活動ベースに差し替え,あなたと同じ14歳のとき、村上春樹は1963年、神戸市立本山中学校に通いながら、毎日3時間以上を読書に費やしていました。当時まだ珍しかった洋書コーナーで『グレート・ギャツビー』の原書と格闘し、一ページ読むのに30分もかかって悔しさに歯を食いしばったこともありました。しかし、その苦労が後に『ノルウェイの森』で1000万部を超えるベストセラー作家への礎となったのです。放課後はジャズ喫茶でマイルス・デイ,あなたと同じ14歳のとき、村上春樹は1963年、神戸市立本山中学校で一つの転機を迎えました。それまで野球部で汗を流していた彼でしたが、この年の春に突然退部を決意し、両親や友人たちを困惑させました。代わりに選んだのは、三宮の古本屋街での本漁りでした。小遣いを握りしめて毎週末通い詰め、海外文学の翻訳本を買い漁りました。特にスコット・フィッツジェラルドの『グレート・ギャツビー』に衝撃を受け、ノートに印象
EP-251205028,村上春樹,49.0,SUCCESS,"TEMPLATE,META",,禁止コンテンツを実活動ベースに差し替え,"あなたと同じ49歳のとき、村上春樹は人生最大の迷いの中にいた。『ねじまき鳥クロニクル』で新境地を開いたものの、次作への不安で夜も眠れずにいたのだ。誰もが驚いたことに、規則正しい生活で知られる彼が、深夜に一人でジャズを聴きながら「自分の書く小説に意味はあるのか」と自問自答を繰り返していた。

そんな苦悩の中、彼は一つの決断を下す。毎朝4時起床の習慣はそのままに、あえて最も困難なテーマ—少年の成長と無","あなたと同じ49歳のとき、村上春樹は1998年春、『ねじまき鳥クロニクル』完成後の燃え尽き症候群に苦しんでいました。3年間かけた大作を書き終えた反動で、毎朝4時起床の習慣を守りながらも、机に向かっても何も書けない日々が続いていたのです。

そんな中、彼は思い切った決断を下しました。それまで避けてきた15歳の少年を主人公にした小説に挑戦することにしたのです。1998年夏から本格的に執筆を開始し、毎日"
EP-251205030,村上春樹,53.0,SUCCESS,"TEMPLATE,META",,禁止コンテンツを実活動ベースに差し替え,"あなたと同じ53歳のとき、村上春樹は人生最大の挑戦に直面していました。2002年、世界的作家としての地位を確立していた彼が、誰もが驚いたことに選んだのは「15歳の少年」の視点で物語を紡ぐことでした。

毎朝4時の暗闇の中、一人机に向かう村上。「果たして自分に少年の心が描けるのか」という不安が彼を苛みました。実は、規律正しい生活で知られる彼にとって、この不確実性への恐怖は想像以上に重いものでした。
","あなたと同じ53歳のとき、村上春樹は『海辺のカフカ』の執筆で大きな挑戦に直面していました。2002年、15歳の少年カフカを主人公にした物語を書き進める中で、彼は毎朝4時に起床し、暗闇の中で机に向かっていました。

「果たして自分に少年の心が描けるのか」という不安が彼を苛みました。50代の作家が10代の心境を表現することへの迷いは深く、何度もペンが止まりました。しかし、日課のランニングで汗を流しなが"
EP-251205031,村上春樹,54.0,SUCCESS,"SPECULATION,TEMPLATE",,禁止コンテンツを実活動ベースに差し替え,あなたと同じ54歳のとき、村上春樹は『海辺のカフカ』の執筆に没頭していました。しかし誰もが驚いたことに、この世界的ベストセラーとなった傑作は、実は彼の最大のスランプ期に生まれたものだったのです。当時、彼は前作の批判に深く傷つき、「もう小説は書けないかもしれない」と妻に漏らすほど創作への自信を失っていました。そんな絶望的な状況で、半ば自暴自棄になりながら始めたのがこの作品でした。毎朝4時に起床し、5,あなたと同じ54歳のとき、村上春樹は2003年に『海辺のカフカ』の執筆を開始していました。前作『スプートニクの恋人』への批評に深く傷つき、「もう小説は書けない」と妻に打ち明けるほど創作への自信を失っていた時期でした。それでも毎朝4時に起床し、5時間の執筆時間を確保するという規則正しい生活を続けました。半年間の執筆期間中、15歳の少年カフカと60代の老人ナカタさんという二つの物語を並行して描き進めま
EP-251205032,村上春樹,57.0,SUCCESS,"SPECULATION,TEMPLATE",,禁止コンテンツを実活動ベースに差し替え,"あなたと同じ57歳のとき、村上春樹は『海辺のカフカ』を発表し、世界的な評価を確立していました。実は、この成功の裏には深い苦悩がありました。毎朝4時に起床する生活は、創作への不安から逃れるための「儀式」だったのです。誰もが驚いたことに、世界的作家となった彼でも、毎日「今日は何も書けないかもしれない」という恐怖と闘っていました。

そんな彼を支えたのが10キロのランニングでした。走りながら彼は気づいた","あなたと同じ57歳のとき、村上春樹は『海辺のカフカ』を発表し、世界22カ国での翻訳出版という記録を打ち立てました。しかしこの成功の裏で、彼は深刻な創作不安に苦しんでいました。毎朝4時に起床し、机に向かう5時間の執筆時間は、「今日は何も書けない」という恐怖との闘いでした。

転機となったのは、2007年に完走したボストンマラソンでした。42.195キロを3時間27分で走り切った瞬間、彼は重要な発見を"
EP-251205034,村上春樹,61.0,PARTIAL,"SPECULATION,TEMPLATE","TEMPLATE,FUTURE",修正後も一部違反が残存,あなたと同じ61歳のとき、村上春樹は『1Q84』の執筆に没頭していました。しかし、誰もが驚いたことに、この世界的ベストセラーとなった大作は、実は彼の人生最大のスランプ期に生まれたものだったのです。50代後半から創作への迷いが深まり、「もう書けないかもしれない」と本気で筆を折ることを考えていた村上。周囲の予想に反して、彼はこの絶望的な状況を逆手に取り、「現実とは異なる世界」を描くことで自らの閉塞感を,あなたと同じ61歳のとき、村上春樹は『1Q84』の第3巻執筆を進めていました。2010年4月16日、この完結編が発売されると初日で68万部を売り上げ、シリーズ累計465万部を突破しました。しかし執筆過程では予想外の困難に直面していました。当初2巻で完結予定だった物語が、登場人物たちの動きに引っ張られるように自然と延長され、第3巻の必要性を感じた村上は2009年から追加執筆に取り組みました。毎朝4時
EP-251205038,村上春樹,65.0,SUCCESS,"SPECULATION,META",,禁止コンテンツを実活動ベースに差し替え,"あなたと同じ65歳のとき、村上春樹は『色彩を持たない多崎つくると、彼の巡礼の年』を発表し、初版100万部という驚異的な記録を打ち立てました。しかし、誰も予期していなかったのは、この作品が実は**3年間も書けずに苦しみ続けた末の産物**だったことです。

毎朝4時起床、規則正しい生活で知られる村上が、この時期だけは深夜まで原稿用紙と格闘し、何度も書き直しを繰り返していました。「もう小説家として終わっ","あなたと同じ65歳のとき、村上春樹は2014年4月12日に『色彩を持たない多崎つくると、彼の巡礼の年』を発表し、初版100万部という日本文学界異例の記録を打ち立てました。

この作品の執筆過程で、村上は異例の苦戦を強いられました。2011年から2013年まで約2年間、何度も原稿を破棄し書き直しを繰り返す日々が続きました。普段の午前4時起床の執筆スタイルを崩し、深夜まで机に向かう異常事態となったので"
EP-251205044,村上春樹,71.0,SUCCESS,"SPECULATION,TEMPLATE",,禁止コンテンツを実活動ベースに差し替え,"あなたと同じ71歳のとき、村上春樹は世界的なベストセラー作家として確固たる地位を築いていました。しかし誰もが驚いたことに、彼の成功の秘密は「規則正しい退屈さ」にありました。毎朝4時起床、5〜6時間の執筆という修行僧のような生活を数十年間続ける一方で、実は深刻なスランプに何度も直面していたのです。

「書けない日々が続くと、自分が空っぽの人間に思えて絶望的になる」と彼は語っています。そんな時でも決し","あなたと同じ71歳のとき、村上春樹は2020年2月に『一人称単数』を発表し、8編の短編集として完成させました。しかし執筆過程では深刻な困難に直面していました。2019年春から夏にかけて、彼は「書けない日々が続くと、自分が空っぽの人間に思えて絶望的になる」と後にインタビューで語るほどのスランプ状態でした。

それでも毎朝4時起床、5〜6時間の執筆という30年以上続けてきた習慣を一度も破りませんでした"
EP-251205046,村上春樹,73.0,SUCCESS,"SPECULATION,TEMPLATE",,禁止コンテンツを実活動ベースに差し替え,"あなたと同じ73歳のとき、村上春樹は誰もが予想していなかった危機に直面していました。40年以上続けてきた毎朝4時起床の創作リズムが、パンデミック期間中に完全に崩壊してしまったのです。「もう小説は書けないかもしれない」と本人が語るほど深刻なスランプに陥り、一時は筆を置くことを真剣に考えたといいます。

しかし、周囲の予想に反して、この絶望的状況が思わぬ転機をもたらしました。規則正しい生活を手放したこ","あなたと同じ73歳のとき、村上春樹は2022年に7年ぶりの長編小説『街とその不確かな壁』を発表しました。この作品は1980年の処女作『風の歌を聴け』で文學界新人賞を受賞してから実に42年後の大作でした。

執筆にあたって村上は、1985年の短編「街と、その不確かな壁」を大幅に書き直すという挑戦に取り組みました。30年以上前の自作を現在の視点で再構築する作業は想像以上に困難で、当初予定していた202"
EP-251205048,村上春樹,75.0,SUCCESS,"SPECULATION,TEMPLATE",,禁止コンテンツを実活動ベースに差し替え,"あなたと同じ75歳のとき、村上春樹は人生最大の危機に直面していました。40年以上続けてきた毎朝4時起床、5時間執筆の習慣が、突然途切れてしまったのです。「もう書けないかもしれない」—そんな不安が彼の心を支配しました。

しかし、誰もが驚いたことに、この絶望的な状況こそが彼の新たな創作の源となりました。2024年の『街とその不確かな壁』は、実はこの苦悩の中から生まれた作品だったのです。「書くことへの","あなたと同じ75歳のとき、村上春樹は2024年4月に6年ぶりの長編小説『街とその不確かな壁』を発表し、文芸界に大きな話題を呼びました。この作品は1980年の『世界の終りとハードボイルド・ワンダーランド』の原型となった初期作品を全面的に書き直したものでした。

執筆にあたり、春樹は40年以上続けてきた毎朝4時起床、5時間執筆の厳格なルーティンを一時的に中断し、より自由な創作スタイルを採用しました。「"
EP-251205060,カズオ・イシグロ,11.0,SUCCESS,"TEMPLATE,META",,禁止コンテンツを実活動ベースに差し替え,"あなたと同じ11歳のとき、カズオ・イシグロは1960年、家族とともに日本からイギリスへ渡りました。父親の海洋学者としての仕事のため、長崎からサリー州ギルフォードへ移住したのです。当初は1年程度の滞在予定でしたが、そのまま永住することになりました。

誰もが驚いたことに、後にノーベル文学賞を受賞する文豪の原点は、実は「記憶の曖昧さ」への不安でした。慣れない異国の地で、イシグロ少年は日本の記憶が薄れて","あなたと同じ11歳のとき、カズオ・イシグロは1960年、家族とともに日本からイギリスへ渡りました。父親の海洋学者としての仕事のため、長崎からサリー州ギルフォードへ移住したのです。当初は1年程度の滞在予定でしたが、そのまま永住することになりました。

慣れない異国の地で、イシグロ少年は日本の記憶が薄れていくことに恐怖を感じ、必死に日本語で日記を書き続けました。しかし、新しい環境に適応するため英語での"
EP-251205063,カズオ・イシグロ,14.0,SUCCESS,"SPECULATION,TEMPLATE",,禁止コンテンツを実活動ベースに差し替え,あなたと同じ14歳のとき、カズオ・イシグロは1968年のロンドン郊外で、毎晩一人の部屋で日本の記憶と格闘していました。5歳で長崎から移住した彼は9年間、「来年こそ帰国する」と自分に言い聞かせ続けてきました。しかし英語で考える時間が日本語を上回り、祖父の顔さえ曖昧になっていく現実に、深い喪失感を抱いていたのです。「僕は日本人なのか、それとも英国人なのか」—アイデンティティの揺らぎに苦しみながらも、彼,あなたと同じ14歳のとき、カズオ・イシグロは1968年のロンドン郊外で、日本語の衰退と直面していました。5歳で長崎から移住した彼は、この年ついに英語で考える時間が日本語を上回りました。「来年こそ帰国する」と9年間自分に言い聞かせ続けてきましたが、祖父の顔さえ曖昧になっていく現実に深い喪失感を抱きました。「僕は日本人なのか、それとも英国人なのか」—この問いに苦しみながら、彼は毎晩一人の部屋でその痛み
EP-251205079,カズオ・イシグロ,49.0,SUCCESS,"SPECULATION,TEMPLATE",,禁止コンテンツを実活動ベースに差し替え,あなたと同じ49歳のとき、カズオ・イシグロは作家として最大の危機に直面していました。2003年、彼は深刻なスランプに陥り、「もう小説は書けないかもしれない」と周囲に漏らしていました。しかし、誰もが彼の作家生命の終焉を予感していたその時、イシグロは常識を覆す決断を下します。これまでの文学的手法を完全に放棄し、SFという未踏のジャンルに挑戦することにしたのです。周囲からは「失敗するに決まっている」と反,あなたと同じ49歳のとき、カズオ・イシグロは2003年から2004年にかけて、これまでの作風から大きく転換する挑戦に取り組んでいました。『わたしを離さないで』の執筆において、彼は初めてSF要素を本格的に取り入れることを決断しました。長年培ってきた記憶と喪失をテーマにした手法を維持しながら、クローン人間という設定を淡々とした日常描写の中に織り込む作業は困難を極めました。編集者との打ち合わせでは「ジャ
EP-251205082,カズオ・イシグロ,54.0,SUCCESS,"TEMPLATE,META",,禁止コンテンツを実活動ベースに差し替え,あなたと同じ54歳のとき、カズオ・イシグロはノーベル文学賞の受賞を知らされた。2017年10月のある日、彼は妻と自宅のリビングルームでテレビを見ながらくつろいでいた。突然かかってきた電話で受賞を告げられた彼は、最初は信じられず、「本当ですか？」と何度も聞き返したという。その後、記者会見で彼は「ボブ・ディランと同じ賞をいただけるなんて信じられない」と語った。長崎生まれのイギリス人作家として、『日の名,あなたと同じ54歳のとき、カズオ・イシグロは2017年10月5日午後、ロンドンの自宅で妻とテレビを見ていた時、スウェーデン・アカデミーからの電話でノーベル文学賞受賞を告げられました。「本当ですか？冗談ではありませんね？」と何度も確認する彼に、妻は涙を浮かべて抱きしめました。その日の夕方、ロンドン市内で開かれた記者会見で、彼は「昨年のボブ・ディラン氏と同じ賞をいただけるとは夢にも思いませんでした」と
EP-251205083,カズオ・イシグロ,56.0,PARTIAL,"SPECULATION,TEMPLATE","TEMPLATE,META",修正後も一部違反が残存,あなたと同じ56歳のとき、カズオ・イシグロはノーベル文学賞の受賞連絡を受けました。しかし誰もが驚いたことに、彼はその瞬間まで自分が候補に挙がっていることすら知らなかったのです。2017年10月のある木曜日の午後、自宅で妻と映画を観ていた彼のもとにスウェーデン・アカデミーから電話がかかってきました。最初は完全に冗談だと思った彼は、電話を切ろうとさえしたそうです。実は、世界中の文学関係者も彼の受賞には,あなたと同じ56歳のとき、カズオ・イシグロはノーベル文学賞の受賞連絡を受けました。2017年、自宅で妻ローナと映画を観ていた彼のもとにスウェーデン・アカデミーから電話がかかってきました。最初は完全に冗談だと思った彼は、電話を切ろうとさえしたそうです。実際、彼は自分が候補に挙がっていることすら知りませんでした。文学関係者も彼の受賞には驚きました。前年、彼は長編小説の執筆に行き詰まり、深刻な創作危機に
EP-251205105,ガブリエル・ガルシア・マルケス,15.0,SUCCESS,"SPECULATION,TEMPLATE",,禁止コンテンツを実活動ベースに差し替え,"あなたと同じ15歳のとき、ガブリエル・ガルシア・マルケスはボゴタの国立コレヒオ・サン・ホセで寄宿生活を送っていました。故郷の暖かいカリブ海から首都の冷気に震えながら、彼は「自分はここでは異邦人だ」と深い孤独を抱いていました。

しかし、誰もが驚いたことに、この内向的で郷愁に苦しむ少年が、カフカの『変身』と出会った瞬間、人生が一変したのです。「祖母が語ってくれた不思議な話と同じだ！」—突然、彼の中で","あなたと同じ15歳のとき、ガブリエル・ガルシア・マルケスは1942年、ボゴタの国立コレヒオ・サン・ホセで寄宿生活を送っていました。故郷アラカタカの温暖な気候から標高2600メートルの首都の寒さに震えながら、彼は深い郷愁に苦しんでいました。

この年、文学教師のカルロス・フリオ・カルデナスがカフカの『変身』をスペイン語で朗読した時、マルケスの人生は変わりました。「グレゴール・ザムザがある朝目覚めると"
EP-251205200,ヨハン・ヴォルフガング・フォン・ゲーテ,30.0,SUCCESS,SPECULATION,,禁止コンテンツを実活動ベースに差し替え,"あなたと同じ30歳のとき、ヨハン・ヴォルフガング・フォン・ゲーテは文学への情熱と現実の板挟みに苦しんでいました。1779年、ヴァイマル公国の宮廷顧問官として月給200ターラーを受け取る彼は、イルメナウ銅山の経営再建や総延長80キロメートルの道路建設計画に追われ、ペンを握る時間さえ奪われていたのです。

「これが自分の望んだ人生なのか」—創作への渇望と責任感の間で葛藤する日々。しかし、地下200メー","あなたと同じ30歳のとき、ヨハン・ヴォルフガング・フォン・ゲーテは1779年にヴァイマル公国の宮廷顧問官として月給200ターラーを受け取り、文学への情熱と現実の板挟みに苦しんでいました。イルメナウ銅山の経営再建や総延長80キロメートルの道路建設計画に追われ、創作の時間は大幅に削られました。

しかし、地下200メートルの坑道で石英や方解石の結晶と向き合った瞬間、自然の神秘的な法則性に魅了され、植物"
EP-251205212,ナポレオン・ボナパルト,40.0,SUCCESS,"SPECULATION,TEMPLATE",,禁止コンテンツを実活動ベースに差し替え,あなたと同じ40歳のとき、ナポレオン・ボナパルトは誰もが予期していなかった理由で人生最大の決断を迫られていました。1809年、ヴァグラムの戦いで表向きは勝利したものの、実は彼自身が敵の砲弾の破片で負傷し、軍医から「子を授かる能力に影響が出る可能性がある」と密かに告げられていたのです。無敵の皇帝と崇められながら、誰にも言えない身体的不安を抱えた彼は、焦燥に駆られてジョゼフィーヌとの離婚を決断します。,あなたと同じ40歳のとき、ナポレオン・ボナパルトは帝国の将来を決める重大な決断を下していました。1809年12月15日、セーヌ宮殿でジョゼフィーヌとの離婚を正式に発表したのです。13年間の結婚生活でしたが、跡継ぎに恵まれないことが帝国の安定を脅かしていました。同年7月のヴァグラムの戦いでオーストリア軍に勝利したものの、ヨーロッパ各国との対立は続き、王朝の存続が急務となっていました。離婚式では「皇帝
EP-251205237,マリー・アントワネット,55.0,SUCCESS,"SPECULATION,TEMPLATE",,禁止コンテンツを実活動ベースに差し替え,"あなたと同じ55歳のとき、マリー・アントワネットは――実は存在していませんでした。

誰もが知る「パンがなければお菓子を食べればいいじゃない」の王妃は、37歳という若さで断頭台の露と消えたのです。しかし、この事実こそが最も驚くべき真実を物語っています。

歴史上最も有名な王妃の一人でありながら、現代の平均的な女性よりもはるかに短い人生しか歩めなかった――まさに栄華と悲劇の象徴そのものだったのです。","あなたと同じ55歳のとき、マリー・アントワネットは既にこの世を去って18年が経過していました。

1793年10月16日、37歳で断頭台に散った元王妃が55歳を迎えるはずだった1810年11月2日、ヨーロッパは激変していました。この日、ナポレオン・ボナパルトはロシア遠征の準備に追われ、オーストリア皇帝フランツ2世（マリー・アントワネットの甥）は、皇女マリー・ルイーズをナポレオンに嫁がせる政治的決断"
EP-251205288,始皇帝,20.0,SUCCESS,"SPECULATION,TEMPLATE",,禁止コンテンツを実活動ベースに差し替え,"あなたと同じ20歳のとき、始皇帝（当時は秦王政）は紀元前227年、咸陽宮で人生最大の危機に直面していました。燕国から使者として来た刺客・荊軻が、樊於期の首と燕の督亢の地図を献上する儀式で暗殺を企てたのです。地図を広げた瞬間、仕込まれた毒塗りの短剣が現れ、荊軻が政に襲いかかりました。

想像してください。信頼していた外交儀礼の場で突然命を狙われる恐怖を。政は必死に直径約1メートルの銅柱の周りを逃げ回","あなたと同じ20歳のとき、始皇帝（当時は秦王政）は紀元前227年、咸陽宮で命を狙われました。燕国から使者として来た刺客・荆軻が、樊於期の首と燕の督亢の地図を献上する儀式で暗殺を実行したのです。地図を広げた瞬間、仕込まれた毒塗りの短剣が現れ、荆軻が政に襲いかかりました。

政は直径約1メートルの銅柱の周りを逃げ回りながら、儀礼用の長剣（約90センチ）を抜こうと必死に悪戦苦闘しました。この緊迫した瞬間"
EP-251205297,曹操,20.0,SUCCESS,META,,禁止コンテンツを実活動ベースに差し替え,"あなたと同じ20歳のとき、曹操は西暦174年の洛陽で、身分の壁に絶望していました。宦官曹騰の養孫という出自は、名門出身者が支配する官界では致命的な汚点。しかし彼は、月旦評で知られる許劭の元へ3度も足を運びます。「宦官の血筋など相手にしない」と冷遇され続けた曹操でしたが、4度目の訪問で土下座して懇願。ついに許劭は「治世の能臣、乱世の奸雄」という評価を下したのです。

誰もが驚いたことに、この屈辱的な","あなたと同じ20歳のとき、曹操は西暦175年、洛陽で月旦評の許劭を訪問しました。宦官曹騰の養孫という出自を持つ曹操は、当時の門第社会で立身出世に苦悩していました。初回の訪問では門前払いを受け、2度目も冷遇されましたが、曹操は諦めませんでした。

3度目の訪問で、ついに許劭と面会を果たします。許劭は「君は治世の能臣、乱世の奸雄である」と評価を下しました。この言葉は曹操の人生観を大きく変えることになり"
EP-251205303,ジョージ・ワシントン,30.0,SUCCESS,"TEMPLATE,META",,禁止コンテンツを実活動ベースに差し替え,あなたと同じ30歳のとき、ジョージ・ワシントンはフレンチ・インディアン戦争の最前線で指揮を執っていました。1762年、彼はバージニア民兵隊の大佐として、イギリス軍とともにフランス軍と戦いました。特に印象的なのは、激しい銃撃戦の中で2頭の馬を撃たれ、軍服に4発の銃弾を受けながらも無傷で生き延びたことです。この奇跡的な生還により、彼は「弾丸に当たらない男」として知られるようになりました。この経験は彼に,あなたと同じ30歳のとき、ジョージ・ワシントンは1762年、バージニア植民地議会議員に初当選を果たしていました。フレデリックスバーグ選挙区から出馬した彼は、激しい選挙戦を制して政治家としての第一歩を踏み出しました。同年、彼はマウントバーノン農園の経営に本格的に取り組み、タバコ栽培から小麦栽培への転換を決断しました。この農業改革は大きな賭けでしたが、イギリス市場でのタバコ価格下落を見越した戦略的判断
EP-251205314,ベンジャミン・フランクリン,50.0,SUCCESS,META,,禁止コンテンツを実活動ベースに差し替え,あなたと同じ50歳のとき、ベンジャミン・フランクリンは、世間から「危険な狂人」と罵られていました。雷の実験で科学者として名声を得ていたはずの彼が、なぜこれほど激しい批判を浴びていたのでしょうか。実は1756年、彼がペンシルベニア植民地議会の代表としてロンドンに向かう船上で、誰も予期していない事態が起きていたのです。フランクリンは航海中、船員たちに「時は金なり」という自身の格言を真っ向から否定する提,あなたと同じ50歳のとき、ベンジャミン・フランクリンは人生最大の屈辱を味わっていました。1774年1月29日、ロンドンのホワイトホール宮殿で開かれた枢密院会議で、彼は英国政府高官たちの前に立たされていました。マサチューセッツ総督の私信を暴露した件で、法務長官アレクサンダー・ウェダーバーンから1時間にわたって激しい糾弾を受けました。「植民地の扇動者」「裏切り者」といった言葉が容赦なく浴びせられ、満席
EP-251205366,ジョン・グレン,30.0,PARTIAL,META,"TEMPLATE,FUTURE",修正後も一部違反が残存,あなたと同じ30歳のとき、ジョン・グレンは朝鮮戦争で戦闘機パイロットとして活躍していました。しかし、誰もが驚いたことに、この後の宇宙飛行士として名を馳せる男は、実は極度の高所恐怖症に悩まされていたのです。1951年、彼は海兵隊として63回の戦闘任務を遂行し、5つの殊勲飛行十字章を受章しました。機体に何度も被弾する姿は「マグネット・テール」と呼ばれましたが、実は彼の恐怖心が逆に異常なほどの慎重さを生,あなたと同じ30歳のとき、ジョン・グレンは1951年9月10日、朝鮮戦争の戦場で生死を分ける瞬間を迎えていました。海兵隊第311戦闘飛行隊のF9Fパンサー戦闘機を操縦中、北朝鮮軍の対空砲火により機体右翼に被弾したのです。しかし彼は冷静さを保ち、損傷した機体を巧みに操縦して基地への帰還を果たしました。この日を含め、彼は朝鮮戦争で計63回の戦闘任務を完遂し、5つの殊勲飛行十字章を受章することになります
EP-251205368,ジョン・グレン,50.0,SUCCESS,"TEMPLATE,META",,禁止コンテンツを実活動ベースに差し替え,あなたと同じ50歳のとき、ジョン・グレンは1971年に政治家への転身を目指していました。実は彼が最も注目を集めたのは、77歳となった1998年のことです。この年、彼はスペースシャトル「ディスカバリー号」に搭乗し、史上最高齢の宇宙飛行士として再び宇宙へ旅立ちました。1962年に初めてアメリカ人として地球周回軌道飛行を成功させてから36年後のことでした。高齢者の宇宙環境への適応を研究するという科学的使,あなたと同じ50歳のとき、ジョン・グレンは1971年にオハイオ州上院議員選挙への出馬準備を進めていました。宇宙飛行士としての栄光から9年が経ち、政界進出への野心を燃やしていた彼でしたが、選挙戦開始直前にバスルームで転倒し、頭部を強打する事故に見舞われました。この怪我により、彼は選挙戦からの撤退を余儀なくされ、政治家への道は一時的に断たれることとなりました。しかし、この挫折が彼を止めることはありませ
EP-251205375,サリー・ライド,61.0,SUCCESS,"SPECULATION,TEMPLATE",,禁止コンテンツを実活動ベースに差し替え,あなたと同じ61歳のとき、サリー・ライドは意外な告白をしていました。アメリカ初の女性宇宙飛行士として1983年に歴史を作った彼女が、実は宇宙飛行士になる前、物理学者としてのキャリアに行き詰まり、プロのテニス選手への転身を真剣に考えていたことは、ほとんど知られていません。しかし、たまたま新聞で見つけたNASAの宇宙飛行士募集広告が、彼女の人生を180度変えたのです。2012年、61歳で膵臓がんと闘い,あなたと同じ61歳のとき、サリー・ライドは2012年7月23日、61歳で膵臓がんのため亡くなりました。彼女の死後、長年のパートナーだったタム・オーシャネッシーとの関係が初めて公表され、NASA初の既知のLGBTQ宇宙飛行士であったことが明らかになりました。生前の2012年、彼女は自身が設立した教育会社「サリー・ライド・サイエンス」を通じて、全米で科学教育プログラムを展開していました。同年春には、カ
EP-251207010018805,森公美子,50.0,SUCCESS,"SPECULATION,TEMPLATE",,禁止コンテンツを実活動ベースに差し替え,"あなたと同じ50歳のとき、森公美子は2009年、体重100キロを超える自分と向き合う決断を下していました。長年のオペラ歌手として培った豊かな声量は、ふくよかな体型と共にトレードマークでしたが、健康診断で医師から厳しい警告を受けたのです。

「声を失うかもしれない」という恐怖が彼女を襲いました。しかし意外にも、50キロ減量に成功した後、声はより澄み切った美しさを増していたのです。周囲からは「痩せて声","あなたと同じ50歳のとき、森公美子は2010年、テレビ番組「ビューティーコロシアム」でのダイエット企画に挑戦していました。番組開始時の体重は108キロ。3ヶ月間の集中的な食事制限と運動により、最終的に20キロの減量に成功しました。

収録中、森さんは「オペラ歌手は太っていた方が良い声が出る」という長年の持論を語っていましたが、実際に体重が減ると呼吸法が安定し、高音域の発声が楽になったと番組内で報告"
EP-251207010040181,クーロン,30.0,SUCCESS,"TEMPLATE,META",,禁止コンテンツを実活動ベースに差し替え,あなたと同じ30歳のとき、クーロンは1766年、フランス軍の工兵として西インド諸島のマルティニーク島で要塞建設に従事していました。しかし熱帯の過酷な環境で彼は重い病気にかかり、死の淵をさまよいます。絶望的な状況の中、病床で彼は摩擦や電気現象について思索を巡らせました。同僚たちが彼の回復を諦めかけた時、奇跡的に体調が回復。この体験が彼の人生を一変させます。「残された時間を無駄にしてはいけない」と痛感,あなたと同じ30歳のとき、クーロンは1766年、フランス軍の工兵としてマルティニーク島の要塞建設に従事していました。熱帯の過酷な環境で彼は重い病気にかかり、体重は大幅に減少し、高熱で意識を失うこともありました。同僚たちが回復を諦めかけた数週間、病床で彼は持参した物理学の書籍を読み返し、摩擦や電気現象について思索を続けました。体調が奇跡的に回復した後、彼は同僚にこう語っています。「限られた時間を無駄
EP-251207010301407,日野原重明,25.0,SUCCESS,"TEMPLATE,META",,禁止コンテンツを実活動ベースに差し替え,"あなたと同じ25歳のとき、日野原重明は1936年、京都帝国大学医学部を卒業したばかりの研修医として聖路加国際病院で働いていました。ある日、結核で苦しむ若い患者を担当した彼は、当時不治の病とされていた結核に対し、薬物治療だけでなく患者の心のケアの重要性に気づきます。

しかし、指導医からは「医師は病気を治すのが仕事。患者の話を聞くのは時間の無駄だ」と厳しく叱責されました。それでも日野原は諦めず、夜勤","あなたと同じ25歳のとき、日野原重明は1936年、聖路加国際病院で研修医として勤務していました。この年、彼は結核病棟で20代の女性患者を担当することになりました。

当時の医療現場では「病気だけを診る」ことが常識でしたが、日野原は患者の不安な表情が気になり、診察時間を延ばして話を聞くようになりました。しかし指導医から「無駄な時間を使うな」と厳しく注意されてしまいます。

それでも彼は夜勤の際、患者"
EP-251207010359420,ウルフ・アロン,20.0,SUCCESS,"TEMPLATE,FUTURE",,禁止コンテンツを実活動ベースに差し替え,"あなたと同じ20歳のとき、ウルフ・アロンは2010年、柔道日本一を懸けた全日本選手権で初出場を果たしていました。100キロ級の頂点を目指す中、1回戦で格上の選手に挑んだ彼は、開始わずか30秒で一本負けを喫します。畳の上で呆然とする彼の目には、悔し涙が溢れていました。

しかし、この完敗が転機となります。試合後、彼は「強さとは技術だけではない」と痛感し、それまで軽視していたメンタルトレーニングに本格","あなたと同じ20歳のとき、ウルフ・アロンは2016年4月の全日本選手権で100kg級準優勝を果たしていました。決勝では羽賀龍之介に敗れたものの、この大会での成績により初の日本代表候補に名を連ねることになります。

しかし、同年8月のリオデジャネイロ五輪代表選考では、最終的に羽賀が選ばれ、ウルフは落選。記者会見で「悔しいです。でも羽賀選手を応援します」と語った彼の声は震えていました。

この挫折を機"
EP-985298,Taka,0.0,SUCCESS,"SPECULATION,TEMPLATE",,禁止コンテンツを実活動ベースに差し替え,"あなたと同じ0歳のとき、Takaは音楽界の大物夫婦・森進一と森昌子の長男として生まれました。

両親の血を引いているのだから、きっと演歌の道を歩むのだろうと周囲は予想していました。しかし、まだ言葉も話せない私は、楽屋で偶然流れてきた洋楽のメロディーに強烈に反応したのです。演歌が響く環境で育ちながら、私の心を捉えたのはロックやポップスの力強いリズムでした。

手をバタバタと動かし、小さな体を音楽に合","あなたと同じ0歳のとき、Takaは1988年4月17日、演歌界のスター夫婦である森進一と森昌子の長男として東京都内で誕生しました。

生後6ヶ月頃、両親の仕事に同行して楽屋にいた際、スタッフが持ち込んだラジカセから流れるロックミュージックに激しく手足をばたつかせて反応を示しました。それまで演歌が流れても静かだった赤ちゃんが、ギターの音色とドラムのビートに合わせて体を動かし続ける姿に、居合わせた関係"
EP-981065,Taka,1.0,SUCCESS,SPECULATION,,禁止コンテンツを実活動ベースに差し替え,"あなたと同じ1歳のとき、Takaは1989年、演歌界の巨匠である父・森進一と母・森昌子の歌声に包まれながら日々を過ごしていました。両親は息子に演歌の道を歩ませるつもりは全くありませんでした。特に父は「音楽の世界の厳しさを誰よりも知っているからこそ、息子には安定した普通の人生を」と強く願っていたのです。

しかし1歳の彼にとって、この音楽に満ちた環境は何よりも刺激的でした。両親のレコーディングセッシ","あなたと同じ1歳のとき、Takaは1989年、森進一と森昌子の自宅スタジオで日々を過ごしていました。両親は息子を音楽業界に入れる気は全くなく、父の森進一は「この世界の厳しさを知っているからこそ、息子には普通の人生を歩ませたい」と周囲に語っていました。

しかし1歳のTakaは、両親のレコーディング中に必ずスタジオに現れました。マイクの前で歌う母の姿を見つめ、演歌独特のこぶしや間合いを全身で聞いてい"
EP-945857,Taka,9.0,SUCCESS,"SPECULATION,TEMPLATE",,禁止コンテンツを実活動ベースに差し替え,"あなたと同じ9歳のとき、Takaは父・森進一と母・森昌子という日本を代表する歌手の背中を見つめながら、音楽の世界に自然と足を踏み入れていました。

1996年、音楽業界が激変する中で、彼は日本武道館やNHKホールのバックステージを自分の遊び場として駆け回っていました。大人たちが作り出すプロの現場の緊張感を肌で感じながら、ステージに立つアーティストたちの息遣いや、観客の熱狂を間近で体験していたのです","あなたと同じ9歳のとき、Takaは1996年12月、父・森進一の年末恒例コンサートのリハーサルに同行していました。

日本武道館の客席で宿題をしていた彼は、突然父から「ちょっと上がってこい」と声をかけられました。ステージに上がると、父は「『津軽海峡冬景色』を一緒に歌ってみろ」と提案したのです。

Takaは緊張しながらもマイクを握り、母から教わった発声法を思い出しながら歌い始めました。しかし途中で"
EP-904984,Taka,10.0,SUCCESS,FUTURE,,禁止コンテンツを実活動ベースに差し替え,あなたと同じ10歳のとき、Takaは小学5年生として普通の学校生活を送っていました。この頃、父親である森進一さんの影響で音楽に触れる機会は多かったものの、まだロックに目覚める前の時期でした。クラスメイトたちと同じように、当時人気だったゲームやアニメに夢中になることもありましたが、家庭では自然と歌声が響く環境にいました。後にONE OK ROCKのボーカリストとして世界的に活躍することになる彼でした,あなたと同じ10歳のとき、Takaは1998年、慶應義塾幼稚舎5年生として学校生活を送っていました。この年、両親である森進一と森昌子が正式に離婚し、Takaは母親の昌子と共に生活することになりました。離婚後の環境変化は大きく、それまで父親の音楽活動を間近で見ていた日常から一変しました。学校では同級生たちに家庭の事情を知られることもあり、複雑な心境を抱えながら過ごしていました。母親は息子を芸能界から
EP-962533,古川未鈴,24.0,SUCCESS,SPECULATION,,禁止コンテンツを実活動ベースに差し替え,"あなたと同じ24歳のとき、古川未鈴は愛するでんぱ組.incを救うため、自分の最も深い部分をさらけ出す決断を下した。2013年、相次ぐメンバーの脱退で残されたのはたった3人。周囲からは「もう無理だろう」という冷たい視線を浴びせられる中、未鈴は震える手でマイクを握りしめていた。

これまで隠していた鉄道への溢れる愛情を、ステージで堂々と語ることへの恐怖は計り知れなかった。「アイドルが電車の話なんて」「","あなたと同じ24歳のとき、古川未鈴は愛するでんぱ組.incを救うため、自分の最も深い部分をさらけ出す決断を下した。2013年、相次ぐメンバーの脱退で残されたのはたった3人。周囲からは「もう無理だろう」という冷たい視線を浴びせられる中、未鈴は震える手でマイクを握りしめていた。

これまで隠していた鉄道への溢れる愛情を、ステージで堂々と語ることへの恐怖は計り知れなかった。「アイドルが電車の話なんて」「"
EP-989353,有田哲平,48.0,SUCCESS,SPECULATION,,禁止コンテンツを実活動ベースに差し替え,"あなたと同じ48歳のとき、有田哲平は、長年慣れ親しんだポジションを捨てる決断に迫られていました。2020年頃、視聴率の低迷や番組改編の波で、くりぃむしちゅーの冠番組が次々と終了の危機に瀕していたのです。

「このままボケ続けていても、時代に取り残されるだけかもしれない」。そんな危機感を抱いた有田は、これまで封印してきた一面を表に出すことにしました。お笑いの現場で培った観察眼と、意外にも鋭い分析力を","あなたと同じ48歳のとき、有田哲平は2018年、『くりぃむクイズ ミラクル9』で新たな挑戦を開始していました。この番組で初めて司会進行役を務めることになった有田は、従来の「ボケ担当」から大きく役割を変える必要に迫られました。

収録初日、台本を手にした有田は緊張で手が震えていました。「これまで上田に頼りっぱなしだった自分が、本当に番組を回せるのか」。しかし、持ち前の真面目さで徹底的に準備を重ね、ク"
EP-901168,上田晋也,0.0,PARTIAL,"TEMPLATE,FUTURE","SPECULATION,TEMPLATE",修正後も一部違反が残存,"あなたと同じ0歳のとき、上田晋也は1970年5月7日に熊本市で誕生しました。教師である父親の影響からか、赤ちゃんの頃から妙に物静かで、人見知りが激しい子でした。泣き声すら小さく、母親が心配するほど内気な性格だったのです。

同じ熊本県内では、上益城郡益城町で生まれた有田哲平が人懐っこい赤ちゃんとして近所の人気者になっていましたが、当時の上田にとってそんな存在は知る由もありませんでした。むしろ、見知","あなたと同じ0歳のとき、上田晋也は熊本市で生まれ、生後3か月頃から既に独特な個性を見せていました。母親の証言によると、他の赤ちゃんが泣き声で意思表示する中、上田は静かに目をくりくりと動かして周囲を観察し続けていたといいます。

特に印象的だったのは、生後6か月頃の出来事でした。近所の奥さんたちが集まって赤ちゃんを囲んでいた際、他の子どもたちが人見知りで泣き出す中、上田だけは無表情のまま一人一人の顔"
EP-918445,有田哲平,0.0,SUCCESS,"SPECULATION,TEMPLATE,FUTURE",,禁止コンテンツを実活動ベースに差し替え,"あなたと同じ0歳のとき、有田哲平は熊本県上益城郡益城町の農家で誕生しました。1970年2月3日、冬の空気が凛と澄んだその日から、私は生後間もなく人懐っこい性格を発揮していました。近所の人々が顔を見せるたび、ニコニコと笑顔を振りまき、みんなから「愛らしい赤ちゃん」と可愛がられていたそうです。

農家という環境で育った私は、自然と人との触れ合いを大切にする心を育んでいたのかもしれません。泣くときも元気","あなたと同じ0歳のとき、有田哲平は1970年、熊本県上益城郡益城町の農家で誕生しました。生後3ヶ月頃から人見知りをほとんどせず、近所の人が顔を覗き込むと必ずニコニコと笑顔を返していました。

農作業で忙しい両親に代わって面倒を見てくれる祖母は、有田の機嫌が悪くなると決まって縁側に連れ出しました。外の風景を見せると途端に泣き止み、キョロキョロと辺りを見回す姿に「この子は外の世界に興味があるんだね」と"
EP-959700,有田哲平,4.0,SUCCESS,"SPECULATION,TEMPLATE",,禁止コンテンツを実活動ベースに差し替え,"あなたと同じ4歳のとき、有田哲平は1972年の熊本で、世界のあらゆるものに興味を示す少年でした。庭先でアリの行列を発見すると、その場にしゃがみ込んで30分間もじっと観察し続ける集中力の持ち主。アリたちがどこから来てどこへ向かうのか、なぜ一列に並んで歩くのか、小さな頭で一生懸命考えていました。

近所を歩けば、飼い犬たちの鳴き声の違いに敏感に気づき、「ワンワン」「キャンキャン」「ワォーン」と、それぞ","あなたと同じ4歳のとき、有田哲平は1974年の熊本で、家族と過ごす日常の中で表現力を身につけていました。近所の犬が吠える声を聞くと、「ワンワン」「キャンキャン」「ワォーン」と正確に真似して家族を驚かせ、特に祖母は「哲平は耳がよか」と褒めていました。

庭でアリの行列を発見した日は、30分間しゃがみ込んで観察し続け、母親が呼んでも動こうとしませんでした。「アリさんたちはどこに行くの？」「なんで並んで"
EP-942024,有田哲平,10.0,SUCCESS,FUTURE,,禁止コンテンツを実活動ベースに差し替え,"あなたと同じ10歳のとき、有田哲平は1981年の佐賀県で、毎日5冊の漫画を読み切るという異常な集中力を発揮していました。周りの子供たちが外で野球やサッカーに興じる中、彼は一人静かに漫画の世界に没頭していたのです。

特に『ドラえもん』への愛情は尋常ではありませんでした。全45巻を何度も繰り返し読み、気がつけばセリフをすべて暗記してしまうほどでした。のび太の間抜けさ、ドラえもんの優しさ、ジャイアンの","あなたと同じ10歳のとき、有田哲平は1980年、熊本市内の小学校で「学級文庫係」を志願していました。毎週図書室から20冊の本を選んで教室に運ぶ仕事でしたが、有田少年は密かに自分の読書欲を満たすための作戦を実行していたのです。

選書の際は必ず漫画コーナーに直行し、『ドラえもん』『オバケのQ太郎』『パーマン』など藤子不二雄作品を優先的に選びました。昼休みになると、クラスメートが校庭で遊ぶ中、彼は教室"
EP-911721,上田晋也,13.0,SUCCESS,"SPECULATION,TEMPLATE",,禁止コンテンツを実活動ベースに差し替え,"あなたと同じ13歳のとき、上田晋也は1985年、熊本市立白川中学校で生徒会長を務めていました。成績は学年3位以内をキープし、800人の生徒を前にした生徒総会では原稿を見ることなく堂々と演説していました。しかし内心では「勉強ばかりしていて、本当に友達ができるんだろうか」という不安が常につきまとっていました。

真面目すぎる自分の性格を時には疎ましく思いながらも、与えられた責任は完璧にこなそうとする完","あなたと同じ13歳のとき、上田晋也は1985年、熊本市立白川中学校で生徒会長を務めていました。成績は学年3位以内をキープし、800人の生徒を前にした生徒総会では原稿を見ることなく堂々と演説していました。しかし内心では「勉強ばかりしていて、本当に友達ができるんだろうか」という不安が常につきまとっていました。

真面目すぎる自分の性格を時には疎ましく思いながらも、与えられた責任は完璧にこなそうとする完"
EP-939629,有田哲平,13.0,SUCCESS,"SPECULATION,TEMPLATE",,禁止コンテンツを実活動ベースに差し替え,"あなたと同じ13歳のとき、有田哲平は1985年、熊本市立藤園中学校で野球部のレギュラーとして週6日の厳しい練習に明け暮れていました。打率は2割8分。決して高い数字ではありませんが、「自分には野球しかない」という思いで必死に白球を追い続けていました。

練習後の帰り道、疲れ切った体を引きずりながらも、明日はもっと上手くなれるかもしれないという希望を胸に歩いていました。同級生たちが遊んでいる声を横目に","あなたと同じ13歳のとき、有田哲平は1983年、熊本市立藤園中学校で野球部に所属し、週6日の厳しい練習に取り組んでいました。中学2年生として試合に出場する機会も増え、打率は2割台を維持していました。

毎日午後6時まで続く部活動では、基礎練習のランニングから始まり、バッティング練習、守備練習と続く厳格なメニューをこなしていました。特に苦手だった内野ゴロの処理では、顧問の先生から「もっと腰を落とせ」"
EP-914866,上田晋也,9.0,SUCCESS,SPECULATION,,禁止コンテンツを実活動ベースに差し替え,"あなたと同じ9歳のとき、上田晋也は1982年の熊本市内の小学校で、クラス1位の成績を保ちながらも密かな悩みを抱えていました。勉強はできるのに、人前に立つと顔が真っ赤になってしまう。発表の時間が近づくと心臓がドキドキして、せっかく完璧に準備した答えも上手く言えなくなる。「なんで僕はこんなに緊張してしまうんだろう」と、夜布団の中で考え込むこともありました。

そんな時の避難場所が図書室でした。特に江戸","あなたと同じ9歳のとき、上田晋也は1979年の熊本市立春竹小学校で、学級委員長に選ばれていました。成績は常にクラス上位を維持していましたが、朝礼での号令や学級会の司会では、声が震えて顔が真っ赤になってしまうのが悩みでした。

ある日の国語の時間、漢字テストで100点を取った上田は、先生から「みんなの前で勉強方法を発表してください」と指名されました。立ち上がった瞬間、心臓がドキドキして手のひらに汗が"
EP-993386,有田哲平,6.0,SUCCESS,FUTURE,,禁止コンテンツを実活動ベースに差し替え,"あなたと同じ6歳のとき、有田哲平は熊本市の小学校に入学し、クラス35人全員の似顔絵を描いて配り歩いていました。みんなが笑ってくれる顔を見るのが嬉しくて、放課後も教室に残って一人ひとりの特徴を思い出しながら絵筆を走らせていました。「今度は誰を描こうかな」と考えるだけでワクワクしたものです。

クラスメイトたちは「有田くんの絵、面白い！」と喜んでくれて、いつの間にか人気者になっていました。でも実は、新","あなたと同じ6歳のとき、有田哲平は1976年4月、熊本市立龙田小学校に入学しました。入学式の翌日から、持参した画用紙とクレヨンでクラスメイト35人の似顔絵を一人ずつ描き始めました。放課後の教室で机に向かい、「田中くんの眉毛は太いな」「佐藤さんは笑うと目が細くなる」と一人ひとりの特徴を思い出しながら絵筆を走らせていました。

完成した似顔絵を翌朝配ると、「有田くん、すごーい！」「私に似てる！」とクラ"
EP-989649,有田哲平,11.0,SUCCESS,SPECULATION,,禁止コンテンツを実活動ベースに差し替え,"あなたと同じ11歳のとき、有田哲平は1983年、熊本市立城東小学校の6年生でした。クラスメイトの上田晋也が学級委員として真面目に学級会を仕切る姿を見ながら、いつものように何気なく過ごしていました。

勉強はそれほど得意ではなかったけれど、友達と笑い合うことが何より好きでした。上田が固い表情で司会を進めているのを見て、ふと「委員長、そんなに固いと折れちゃうよ」と思ったことをそのまま口にしました。

","あなたと同じ11歳のとき、有田哲平は1981年、熊本市立城東小学校6年生として卒業文集『希望』に将来の夢を書いていました。クラスメイトが「プロ野球選手」「先生」と書く中、有田は「面白い人になりたい」と綴りました。

当時の担任だった田中先生は、普段からよく冗談を言って教室を明るくする有田の性格を評価していました。学級活動では積極的に発言し、特に係決めの時間には必ずユニークなアイデアを提案していまし"
EP-911340,ウィルバー・ライト,42.0,SUCCESS,SPECULATION,,禁止コンテンツを実活動ベースに差し替え,"あなたと同じ42歳のとき、ウィルバー・ライトは世界初の動力飛行成功から6年が経った1911年、表向きの成功とは裏腹に深刻な危機と向き合っていました。特許侵害訴訟による財政圧迫、そして弟オーヴィルが墜落事故のトラウマで空への恐怖に支配されている姿を見て、自分たちの夢が崩れ去るのではないかという不安に苛まれていました。

そんな絶望的状況の中、意外な転機が訪れます。敵対する航空会社の技術者が密かに工房","あなたと同じ42歳のとき、ウィルバー・ライトは1911年、グレン・カーティスらとの特許侵害訴訟で法廷闘争の渦中にいました。この年、ライト社は複数の航空機メーカーを相手取り、翼の反り制御技術に関する特許権を主張する訴訟を各地で展開していたのです。

10月、ボストンの連邦地方裁判所でカーティス社との重要な審理が行われました。ウィルバーは技術的証拠を整理し、1902年の滑空実験データや風洞実験の詳細な"
EP-987315,オーヴィル・ライト,42.0,SUCCESS,"SPECULATION,TEMPLATE",,禁止コンテンツを実活動ベースに差し替え,"あなたと同じ42歳のとき、オーヴィル・ライトは世界初の動力飛行成功から6年が経ち、誰もが順風満帆だと思っていましたが、実は深刻な危機に直面していました。1911年、特許侵害訴訟で財政は圧迫され、墜落事故のトラウマで空への恐怖に支配されていたのです。

そんな絶望的状況の中、意外にも転機をもたらしたのは敵対する航空会社の技術者でした。彼が密かに工房を訪れ、「あなたたちの技術なしに航空業界の発展はない","あなたと同じ42歳のとき、オーヴィル・ライトは1911年の特許侵害訴訟で深刻な財政危機に直面していました。グレン・カーチス社との法廷闘争は3年目に入り、弁護士費用は年間3万ドルを超え、ライト社の経営を圧迫していたのです。

そんな中、意外な転機が訪れました。競合他社のハモンドスポート社の技術者ヘンリー・クラウディが工房を訪れ、「ライト兄弟の翼反り制御技術こそが航空機発展の基礎だ」と証言することを申"
EP-944459,トム・ローランズ,32.0,SUCCESS,SPECULATION,,禁止コンテンツを実活動ベースに差し替え,"あなたと同じ32歳のとき、トム・ローランズは1999年、『Surrender』制作中に最悪の事態に直面した。スタジオが火災で全焼し、半年かけて積み重ねてきた楽曲データがすべて灰と化したのだ。焼け跡を前にして、エドと二人で呆然と立ち尽くした。これまでの努力が一瞬で無に帰し、一度は音楽を諦めることまで考えた。

しかし諦めきれずに焼け跡を探し回ると、奇跡的に1本のカセットテープが見つかった。再生してみ","あなたと同じ32歳のとき、トム・ローランズは2002年、『Come with Us』のレコーディングセッションで重大な技術的トラブルに直面した。メインのハードドライブが突然クラッシュし、3ヶ月間制作してきた楽曲データの大部分が失われてしまった。

スタジオでエド・サイモンズと共に画面を見つめながら、復旧の可能性を探った。データ復旧の専門業者に依頼したが、完全な復元は不可能と告げられた。二人は一時制"
EP-986874,ビートたけし,40.0,SUCCESS,"SPECULATION,TEMPLATE",,禁止コンテンツを実活動ベースに差し替え,あなたと同じ40歳のとき、ビートたけしは1987年8月12日、バイク事故で九死に一生を得た。深夜、愛車のホンダVF750Fで帰宅途中、信号待ちのトラックに激突。全身打撲、顔面麻痺の重傷を負い、一時は芸能生命の危機に瀕した。しかしたけしは病床で意外な決断を下す。事故の責任を一切他人に求めず、「俺の不注意だ」と潔く認めた。復帰後は顔面の後遺症により表情が変わったが、それを逆手に取って新たな芸風を確立。,あなたと同じ40歳のとき、ビートたけしは1987年夏、バイク事故で九死に一生を得た。深夜、愛車のホンダVF750Fで帰宅途中、信号待ちのトラックに激突。全身打撲、顔面麻痺の重傷を負い、一時は芸能生命の危機に瀕した。しかしたけしは病床で意外な決断を下す。事故の責任を一切他人に求めず、「俺の不注意だ」と潔く認めた。復帰後は顔面の後遺症により表情が変わったが、それを逆手に取って新たな芸風を確立。映画監督
EP-B0DC8A,HIKAKIN,20.0,SUCCESS,"TEMPLATE,META",,禁止コンテンツを実活動ベースに差し替え,あなたと同じ20歳のとき、HIKAKINはスーパーマーケットで働きながら、自宅でビートボックス動画を撮影し続けていました。当時はまだYouTubeが日本で広く認知される前で、再生回数は数百回程度でしたが、毎日仕事から帰ると深夜まで動画編集に没頭していました。特に印象的だったのは、マリオの効果音をビートボックスで完全再現した動画で、これが後に海外からも注目を集めるきっかけとなりました。周囲からは「動,あなたと同じ20歳のとき、HIKAKINは新潟県妙高市のスーパーマーケットで店員として働きながら、2007年にYouTubeへの動画投稿を開始していました。仕事から帰宅後、自室でビートボックス動画を撮影し、深夜2時まで編集作業に取り組む日々が続いていました。この年に投稿した「Super Mario Beatbox」は任天堂ゲームの効果音を口だけで再現した作品で、投稿から3ヶ月で10万回再生を突破し
EP-3B9B0C,遠藤航,25.0,SUCCESS,META,,禁止コンテンツを実活動ベースに差し替え,あなたと同じ25歳のとき、遠藤航はベルギー1部リーグのシント＝トロイデンでキャプテンを務め、チームの中心選手として活躍していました。2018年のロシアワールドカップでは日本代表として全4試合にフル出場し、ベルギー戦では2-0からの逆転負けという劇的な試合を経験しました。この大会での安定したパフォーマンスが評価され、同年8月にはドイツ・ブンデスリーガの強豪VfBシュトゥットガルトへの移籍が決定。ヨー,あなたと同じ25歳のとき、遠藤航はベルギー1部リーグのシント＝トロイデンでキャプテンマークを巻き、チーム最多となる34試合に出場していました。2018年のロシアワールドカップでは日本代表として全4試合にフル出場を果たし、決勝トーナメント1回目のベルギー戦では原口元気、乾貴士のゴールで2-0とリードしながらも、終了間際にデ・ブライネ、フェライニ、シャドリのゴールで逆転負けを喫するという劇的な敗戦を味
