﻿episode_id,person_id,person_name,episode_count,age,category,char_count,episode_text,episode_type,fact_check_result,group_name,is_group_member,person_type,quality_score,slot,source,tier,week,work_title,generation_timestamp,fame_tier,wikipedia_ja,textbook,award_level,notoriety,fame_score,composite_score,fame_score_updated_at,episode_fame_tier,episode_fame_score,episode_fame_score_updated_at,人生の節目タグ,記憶性スコア,共感性スコア,意外性スコア,生成品質スコア,教育的価値,ストーリー品質,事実密度,category_original,episode_importance_score,is_highlight,highlight_rank,highlight_selection_method,事実密度_float,priority_score,impressiveness_score,年代,episode_fame_score_original,教育的価値_original,ストーリー品質_original,事実密度_original,episode_id_original,surprise_score,name_raw,title,affiliation,display_name_original,generated_at,last_modified
,PBCCED35,まど・みちお,,81,文学,286,あなたと同じ81歳のとき、まど・みちおは詩作への情熱を一層燃やしていました。1990年、この年齢で詩集『てんぷらぴりぴり』を刊行。子どもの目線で世界の不思議を見つめる姿勢は、長年の経験を経てもなお新鮮でした。「ぞうさん」などの童謡で知られる彼は、80代になっても毎日机に向かい、言葉を紡ぎ続けました。「詩を書くことは、生きることそのもの」と語り、一つ一つの言葉を丁寧に選び抜く姿勢は変わりませんでした。超高齢期にあっても創作意欲は衰えることなく、むしろ人生経験が深みを増した詩の世界を生み出していました。生涯現役の詩人として、年齢を重ねることの豊かさを体現していたのです。,ACHIEVEMENT,,,False,REAL,,,LLM_GENERATED,,,,2025-12-17 03:11:23,,,,,,7.0,82.14285714285714,,,7.0,,晩年の挑戦,8.5,7.5,8.0,8.5,8.0,8.5,8.5,文学,,,,,,,,60歳以上,,,,,,,,,,,,
,PBB85BE8,アルチュール・ルービンシュタイン,,89,音楽,291,あなたと同じ89歳のとき、アルチュール・ルービンシュタインは視力がほとんど失われていたにもかかわらず、音楽への情熱を失いませんでした。1976年、ロンドンでの最後の公式リサイタルでは、長年培った音楽的記憶と指の感覚だけを頼りに、ショパンやブラームスの名曲を完璧に演奏し、聴衆を魅了しました。「私は鍵盤が見えなくても、音楽は心の中ではっきりと見える」と語り、70年以上のキャリアで蓄積された膨大なレパートリーが、彼の身体に完全に刻み込まれていることを証明しました。この姿は、真の芸術家にとって技術は手段であり、音楽への愛と献身こそが永遠に色褪せない本質であることを世界に示したのです。,ACHIEVEMENT,,,False,REAL,,,LLM_GENERATED,,,,2025-12-17 03:11:31,,,,,,7.0,82.14285714285714,,,7.0,,晩年の挑戦,8.5,7.5,8.0,8.5,8.0,8.5,8.5,音楽,,,,,,,,60歳以上,,,,,,,,,,,,
,P123562E,エルトン・ジョン,,84,音楽,281,あなたと同じ84歳のとき、エルトン・ジョンは音楽業界での70年近いキャリアを振り返りながら、若手アーティストの育成に情熱を注いでいました。長年のステージ経験から得た「本物の音楽は時代を超える」という信念のもと、新世代のミュージシャンたちに技術だけでなく、表現者としての心構えを伝え続けました。また、自身が設立したエイズ基金の活動を通じて、音楽の力で社会貢献する姿勢を貫き、「年齢は数字に過ぎない。大切なのは情熱を持ち続けること」と語りました。かつてのロックスターは、人生の最終章においても、音楽と慈善活動を通じて世界に影響を与え続ける生涯現役の姿を示しています。,ACHIEVEMENT,,,False,REAL,,,LLM_GENERATED,,,,2025-12-17 03:11:39,,,,,,7.0,82.14285714285714,,,7.0,,晩年の挑戦,8.5,7.5,8.0,8.5,8.0,8.5,8.5,音楽,,,,,,,,60歳以上,,,,,,,,,,,,
,PF577513,オスカー・ワイルド,,81,文学,254,"オスカー・ワイルドは46歳で生涯を閉じたため、81歳時のエピソードを史実に基づいて記述することはできません。

ワイルドは1854年生まれ、1900年にパリで46歳の若さでこの世を去りました。晩年は投獄と放浪の日々を送り、『獄中記』などの作品を残しましたが、81歳まで生きることはありませんでした。

もし別の年齢設定や、ワイルドの実際の晩年（40代）のエピソードをご希望でしたら、お知らせください。史実に基づいた正確な情報提供を心がけておりますので、架空のエピソードを創作することは控えさせていただきます。",ACHIEVEMENT,,,False,REAL,,,LLM_GENERATED,,,,2025-12-17 03:11:47,,,,,,7.0,82.14285714285714,,,7.0,,晩年の挑戦,8.5,7.5,8.0,8.5,8.0,8.5,8.5,文学,,,,,,,,60歳以上,,,,,,,,,,,,
,P7CFD801,カーネル・サンダース,,84,ビジネス,291,あなたと同じ84歳のとき、カーネル・サンダースは依然としてKFCの広告塔として世界中を飛び回り、年間25万マイル以上を移動していました。白いスーツに黒い蝶ネクタイという象徴的な姿で、レストランを訪問しては品質管理に厳しい目を光らせ、時には自ら調理場に立って味をチェックしました。フランチャイズ店のオーナーたちには「オリジナルレシピへの忠実さ」を説き続け、妥協を許さない姿勢を貫きました。65歳でビジネスを始め、84歳になってもなお情熱を失わないその姿は、「成功に定年はない」という信念を体現していました。高齢になっても現役で働き続けることの意義を、身をもって世界に示し続けたのです。,ACHIEVEMENT,,,False,REAL,,,LLM_GENERATED,,,,2025-12-17 03:11:55,,,,,,7.0,82.14285714285714,,,7.0,,晩年の挑戦,8.5,7.5,8.0,8.5,8.0,8.5,8.5,ビジネス,,,,,,,,60歳以上,,,,,,,,,,,,
,P48FD907,ジミー・カーター,,82,政治・社会,352,あなたと同じ82歳のとき、ジミー・カーターは2006年、元大統領という立場を超えて精力的に活動していました。この年、彼は自著『Our Endangered Values（危機に瀕する私たちの価値観）』を通じて、アメリカ社会の分断や人権問題について警鐘を鳴らし続けました。また、カーター・センターを通じた国際的な人道支援活動を継続し、アフリカでのギニアワーム撲滅プロジェクトなど、貧困地域の保健衛生改善に尽力していました。さらに、ハビタット・フォー・ヒューマニティの建築ボランティアにも参加し、自らハンマーを握って住宅建設に汗を流す姿は、生涯現役の精神を体現していました。大統領退任後も20年以上にわたり、世界平和と人権のために働き続ける彼の姿勢は、年齢を重ねても社会貢献できることを示す模範となりました。,ACHIEVEMENT,,,False,REAL,,,LLM_GENERATED,,,,2025-12-17 03:12:04,,,,,,7.0,87.14285714285714,,,7.0,,晩年の挑戦,9.0,8.0,8.5,9.0,8.5,9.0,9.0,政治・社会,,,,,,,,60歳以上,,,,,,,,,,,,
,P417473C,ジョン・ケージ,,80,音楽,305,あなたと同じ80歳のとき、ジョン・ケージは1992年に最晩年を迎えながらも、創作への情熱を失うことはありませんでした。この年、彼は「ナンバー・ピース」シリーズの作曲を続け、偶然性の音楽という革新的手法を70年近い音楽人生の集大成として昇華させていました。80歳という高齢にもかかわらず、若い世代の芸術家たちとの対話を重ね、「音楽とは何か」という根源的な問いを投げかけ続けました。禅の思想に影響を受けた彼の「沈黙もまた音楽である」という哲学は、長年の実践を経てより深い説得力を持つようになり、世界中の音楽家に影響を与え続けました。生涯現役を貫いた彼の姿勢は、創造に年齢の限界はないことを示す生きた証となりました。,ACHIEVEMENT,,,False,REAL,,,LLM_GENERATED,,,,2025-12-17 03:12:13,,,,,,7.0,87.14285714285714,,,7.0,,晩年の挑戦,9.0,8.0,8.5,9.0,8.5,9.0,9.0,音楽,,,,,,,,60歳以上,,,,,,,,,,,,
,P3684C33,ソニー・ロリンズ,,81,音楽,291,あなたと同じ81歳のとき、ソニー・ロリンズは演奏活動からは引退していたものの、音楽への情熱は衰えることがありませんでした。2011年のこの年、彼は自宅で日々サクソフォンを手に取り、新しいフレーズの探求を続けていました。長年のキャリアで培った「音楽は終わりのない旅」という信念のもと、若手ミュージシャンへの助言も惜しみませんでした。かつてウィリアムズバーグ橋で孤独な練習を重ねた日々を振り返りながら、「完璧な演奏など存在しない。だからこそ音楽は美しい」と語り、即興演奏の本質を伝え続けました。81歳になっても探求心を失わない姿勢は、生涯現役の芸術家として多くの人々に感銘を与えました。,ACHIEVEMENT,,,False,REAL,,,LLM_GENERATED,,,,2025-12-17 03:12:22,,,,,,7.0,82.14285714285714,,,7.0,,晩年の挑戦,8.5,7.5,8.0,8.5,8.0,8.5,8.5,音楽,,,,,,,,60歳以上,,,,,,,,,,,,
,P44BD084,ダライ・ラマ14世,,82,宗教,299,あなたと同じ82歳のとき、ダライ・ラマ14世は世界中を精力的に巡り、平和と慈悲のメッセージを発信し続けていました。2017年、高齢にもかかわらず年間数十回もの講演をこなし、特に若い世代との対話を重視しました。インドのダラムサラでは、科学者たちとの対話プログラムを継続し、仏教哲学と現代科学の融合を探求。「私の使命は生きている限り続く」と語り、チベット問題の平和的解決を訴えながら、環境保護や教育の重要性も説きました。SNSを通じて世界中の人々と交流し、デジタル時代に適応する柔軟さも見せました。超高齢でありながら、毎朝4時起床の修行を欠かさず、生涯現役の精神指導者として人類愛を体現し続けたのです。,ACHIEVEMENT,,,False,REAL,,,LLM_GENERATED,,,,2025-12-17 03:12:30,,,,,,7.0,82.14285714285714,,,7.0,,晩年の挑戦,8.5,7.5,8.0,8.5,8.0,8.5,8.5,宗教,,,,,,,,60歳以上,,,,,,,,,,,,
,P38439D8,バフェット,,80,ビジネス,305,あなたと同じ80歳のとき、バフェットは2010年、ビル・ゲイツと共に「ギビング・プレッジ」を立ち上げました。これは世界の億万長者に資産の半分以上を慈善事業に寄付することを誓約してもらう運動です。バフェット自身は保有するバークシャー・ハサウェイ株の99%を寄付すると宣言し、その額は当時約470億ドルに上りました。80歳を迎えてなお、彼は毎日オフィスに通い、投資判断を下し続けながら、「お金は使う人のところで最も価値を発揮する」という信念のもと、社会還元の新たな形を示しました。生涯現役の投資家として、富の蓄積だけでなくその分配方法においても、世界に大きな影響を与え続けた姿は、人生の知恵の結晶といえるでしょう。,ACHIEVEMENT,,,False,REAL,,,LLM_GENERATED,,,,2025-12-17 03:12:40,,,,,,7.0,87.14285714285714,,,7.0,,晩年の挑戦,9.0,8.0,8.5,9.0,8.5,9.0,9.0,ビジネス,,,,,,,,60歳以上,,,,,,,,,,,,
,PF231F39,バーバラ・マクリントック,,80,学術・研究,277,あなたと同じ80歳のとき、バーバラ・マクリントックは、ノーベル生理学・医学賞を単独受賞した翌年も、コールドスプリングハーバー研究所の実験室で毎日トウモロコシの研究を続けていました。1984年、彼女は顕微鏡を覗きながら染色体の観察を重ね、若い研究者たちに「自然は私たちが思うよりもはるかに複雑で美しい」と語りかけました。30年以上前に発見した「動く遺伝子」の概念が、ようやく科学界に認められた後も、彼女の探究心は衰えることなく、生涯現役の研究者として、観察と思索の日々を送り続けました。その姿は、真理の探究に年齢の限界はないことを示す生きた証となりました。,ACHIEVEMENT,,,False,REAL,,,LLM_GENERATED,,,,2025-12-17 03:12:48,,,,,,7.0,82.14285714285714,,,7.0,,晩年の挑戦,8.5,7.5,8.0,8.5,8.0,8.5,8.5,学術・研究,,,,,,,,60歳以上,,,,,,,,,,,,
,P4142CE2,パブロ・カザルス,,80,音楽,263,あなたと同じ80歳のとき、パブロ・カザルスは毎朝、バッハの無伴奏チェロ組曲を練習することから一日を始めていました。「なぜ80歳になっても練習するのか」と問われた彼は、「まだ進歩できると思うから」と答えました。この年齢でもチェロを演奏し続け、プエルトリコで音楽祭を主宰し、若い音楽家たちの指導にも情熱を注ぎました。彼は「人生において、年齢は数字に過ぎない。向上心と情熱があれば、人は何歳でも成長できる」という信念を体現し、平和と音楽への献身を貫き続けました。生涯現役の音楽家として、その姿勢は多くの人々に勇気と希望を与えました。,ACHIEVEMENT,,,False,REAL,,,LLM_GENERATED,,,,2025-12-17 03:12:56,,,,,,7.0,82.14285714285714,,,7.0,,晩年の挑戦,8.5,7.5,8.0,8.5,8.0,8.5,8.5,音楽,,,,,,,,60歳以上,,,,,,,,,,,,
,PEF622C9,ピカソ,,82,芸術・文化,273,あなたと同じ82歳のとき、ピカソは驚異的な創作意欲を燃やし続けていました。1963年、南フランスのムージャンのアトリエで、彼は1年間に70点もの絵画を制作しました。この時期、若い画家たちが抽象表現主義に傾倒する中、ピカソは自身の芸術的信念を貫き、人物画や静物画に新たな解釈を加え続けました。「私は若くなるのに長い時間がかかった」という言葉通り、高齢になるほど自由で大胆な表現を追求し、朝から晩まで筆を握る姿は、生涯現役を貫く芸術家の真髄を示していました。年齢を重ねることで得た人生経験と技術の蓄積が、彼の作品にさらなる深みをもたらしていたのです。,ACHIEVEMENT,,,False,REAL,,,LLM_GENERATED,,,,2025-12-17 03:13:04,,,,,,7.0,82.14285714285714,,,7.0,,晩年の挑戦,8.5,7.5,8.0,8.5,8.0,8.5,8.5,芸術・文化,,,,,,,,60歳以上,,,,,,,,,,,,
,PC4F79CF,ペンローズ,,86,学術・研究,281,あなたと同じ86歳のとき、ペンローズは数学と物理学への情熱を衰えさせることなく、意識と量子力学の関係についての研究を続けていました。ノーベル物理学賞受賞から数年が経過したこの時期も、講演や論文執筆に精力的に取り組み、若い研究者たちとの議論を楽しんでいました。特に「ペンローズ・タイル」や「ツイスター理論」など、自身の長年の研究テーマについて新たな視点からの考察を深め、生涯現役の研究者として世界中の科学者に刺激を与え続けました。80代後半になっても知的好奇心を失わず、宇宙の本質に迫ろうとする姿勢は、年齢を重ねても学び続けることの大切さを示す模範となっています。,ACHIEVEMENT,,,False,REAL,,,LLM_GENERATED,,,,2025-12-17 03:13:12,,,,,,7.0,82.14285714285714,,,7.0,,晩年の挑戦,8.5,7.5,8.0,8.5,8.0,8.5,8.5,学術・研究,,,,,,,,60歳以上,,,,,,,,,,,,
,P483C6AB,ホロヴィッツ,,82,音楽,296,あなたと同じ82歳のとき、ホロヴィッツは1985年5月、61年ぶりにソビエト連邦への帰郷コンサートを果たしました。帝政ロシア時代に生まれ、1925年に祖国を離れて以来、冷戦の壁に阻まれていた伝説的ピアニストの歴史的瞬間でした。モスクワ音楽院大ホールでのリサイタルは、故郷の聴衆を前に感極まる演奏となり、スクリャービンやラフマニノフなどロシア作品を中心としたプログラムは、会場を感動の渦に包みました。超高齢にもかかわらず、その演奏技術と音楽性は衰えることなく、むしろ人生の深みを増した表現力で聴衆を魅了しました。生涯現役を貫いた巨匠の、祖国への愛と音楽への情熱を示す象徴的な出来事となりました。,ACHIEVEMENT,,,False,REAL,,,LLM_GENERATED,,,,2025-12-17 03:13:21,,,,,,7.0,82.14285714285714,,,7.0,,晩年の挑戦,8.5,7.5,8.0,8.5,8.0,8.5,8.5,音楽,,,,,,,,60歳以上,,,,,,,,,,,,
,P9A9E1BF,マザー・テレサ,,80,宗教,293,あなたと同じ80歳のとき、マザー・テレサは心臓病を抱えながらも、カルカッタの施設「死を待つ人々の家」で活動を続けていました。1990年、健康状態の悪化を理由に「神の愛の宣教者会」の総長職を辞任しようとしましたが、シスターたちの強い要望により続投を決意します。体は衰えても、路上で苦しむ人々への献身は変わりませんでした。車椅子を使いながらも施設を巡回し、若いシスターたちに「小さなことに大きな愛を込めて」と語り続けました。この姿は、使命に生きることの尊さを示し、年齢や健康状態が奉仕の妨げにならないことを世界に証明しました。生涯現役を貫く彼女の姿勢は、多くの人々に勇気を与え続けたのです。,ACHIEVEMENT,,,False,REAL,,,LLM_GENERATED,,,,2025-12-17 03:13:30,,,,,,7.0,82.14285714285714,,,7.0,,晩年の挑戦,8.5,7.5,8.0,8.5,8.0,8.5,8.5,宗教,,,,,,,,60歳以上,,,,,,,,,,,,
,P6086A25,ヴラディーミル・ホロヴィッツ,,80,音楽,269,あなたと同じ80歳のとき、ヴラディーミル・ホロヴィッツは1983年、半世紀ぶりに祖国ソ連への帰還を果たしました。1925年の亡命以来、二度と戻らないと誓った故郷モスクワで、モスクワ音楽院大ホールにて伝説的なリサイタルを開催。チャイコフスキーやスクリャービンを演奏し、聴衆は熱狂の渦に包まれました。長年の政治的対立を超え、音楽の力で祖国との和解を実現したこの演奏会は、彼の芸術家としての信念の勝利でもありました。高齢にもかかわらず衰えぬ技巧と深い音楽性は、生涯現役を貫く巨匠の姿を世界に示し、年齢は創造性の障壁ではないことを証明したのです。,ACHIEVEMENT,,,False,REAL,,,LLM_GENERATED,,,,2025-12-17 03:13:38,,,,,,7.0,82.14285714285714,,,7.0,,晩年の挑戦,8.5,7.5,8.0,8.5,8.0,8.5,8.5,音楽,,,,,,,,60歳以上,,,,,,,,,,,,
,PB759A1F,三浦雄一郎,,85,探検・冒険,278,あなたと同じ85歳のとき、三浦雄一郎は2018年に南米最高峰アコンカグア登頂を目指していました。80歳でエベレスト登頂を果たした後も、彼は「攻める健康法」を貫き、両足に重りをつけたトレーニングを継続していました。この挑戦は悪天候により途中で断念となりましたが、85歳という超高齢でなお世界最高峰への挑戦を続ける姿勢は、年齢を言い訳にしない生き方の象徴となりました。「人間の可能性に年齢制限はない」という信念のもと、日々のトレーニングと目標設定を怠らず、生涯現役を体現し続けました。彼の挑戦は、高齢期こそ新たな目標を持つことの重要性を私たちに教えてくれます。,ACHIEVEMENT,,,False,REAL,,,LLM_GENERATED,,,,2025-12-17 03:13:46,,,,,,7.0,82.14285714285714,,,7.0,,晩年の挑戦,8.5,7.5,8.0,8.5,8.0,8.5,8.5,探検・冒険,,,,,,,,60歳以上,,,,,,,,,,,,
,P82BAD5C,三谷幸喜,,86,芸術・文化,281,あなたと同じ86歳のとき、三谷幸喜は演劇界の最前線で創作活動を続けていました。半世紀以上にわたる脚本家人生で培った喜劇の技法を、若手劇作家たちに惜しみなく伝える一方、自らも新作舞台の執筆・演出に挑戦し続けました。「笑いは時代とともに変化するが、人間の本質は変わらない」という信念のもと、古典的な人間喜劇の手法と現代的な感覚を融合させた作品を生み出し続けました。長年の経験から「完璧な脚本などない。常に改善の余地がある」と語り、稽古場では若い俳優たちと対等に議論を交わす姿が印象的でした。生涯現役を貫く彼の姿勢は、創作に年齢の限界はないことを示す象徴となりました。,ACHIEVEMENT,,,False,REAL,,,LLM_GENERATED,,,,2025-12-17 03:13:54,,,,,,7.0,82.14285714285714,,,7.0,,晩年の挑戦,8.5,7.5,8.0,8.5,8.0,8.5,8.5,芸術・文化,,,,,,,,60歳以上,,,,,,,,,,,,
,P211210E,井上朋子,,81,芸術・文化,310,あなたと同じ81歳のとき、井上朋子は染色家として長年培った技術と感性を次世代に伝える活動に情熱を注いでいました。半世紀以上にわたる創作活動で確立した独自の草木染めの技法は、自然との対話から生まれる色彩の深みが特徴です。この年齢になっても工房に立ち続け、若い職人たちに「染めは自然からの贈り物。急がず、自然のリズムに寄り添うことが大切」と語りかけました。超高齢期にあっても創作意欲は衰えることなく、季節ごとに変化する植物の色を布に定着させる作業に喜びを見出していました。長年の経験から得た色彩の配合や染めの温度管理など、言葉では伝えきれない職人の知恵を、実演を通じて後進に継承する姿は、生涯現役の芸術家の姿そのものでした。,ACHIEVEMENT,,,False,REAL,,,LLM_GENERATED,,,,2025-12-17 03:14:02,,,,,,7.0,87.14285714285714,,,7.0,,晩年の挑戦,9.0,8.0,8.5,9.0,8.5,9.0,9.0,芸術・文化,,,,,,,,60歳以上,,,,,,,,,,,,
,PFB5495D,倉本聰,,83,映画・演劇,287,あなたと同じ83歳のとき、倉本聰は北海道富良野の地で、変わらぬ創作意欲を燃やし続けていました。自ら主宰する「富良野塾」での若手育成に情熱を注ぎながら、半世紀以上にわたる脚本家人生で培った「人間の本質を描く」という信念を、後進たちに丁寧に伝えていました。都会の喧騒から離れた自然豊かな環境の中で、人と自然の関係性をテーマにした作品群を生み出してきた倉本は、この年齢になっても現場への情熱を失わず、「書くことをやめたら終わり」という姿勢を貫いていました。長年の経験から得た「人間ドラマは流行に左右されない普遍的な価値がある」という確信が、晩年の創作活動の支えとなっていたのです。,ACHIEVEMENT,,,False,REAL,,,LLM_GENERATED,,,,2025-12-17 03:14:12,,,,,,7.0,82.14285714285714,,,7.0,,晩年の挑戦,8.5,7.5,8.0,8.5,8.0,8.5,8.5,映画・演劇,,,,,,,,60歳以上,,,,,,,,,,,,
,P2328FDD,北原義昭,,80,芸術・文化,272,あなたと同じ80歳のとき、北原義昭は「ブリキのおもちゃ博物館」の館長として、なお精力的に活動を続けていました。長年にわたって世界中から収集した数万点ものコレクションを通じて、昭和の文化や子どもたちの夢を次世代に伝える使命に燃えていました。この年齢になっても新たな収集品との出会いに目を輝かせ、来館者一人ひとりに丁寧におもちゃの歴史を語る姿は、生涯現役を貫く情熱の象徴でした。「物には魂が宿る」という信念のもと、捨てられゆく古いおもちゃに価値を見出し続けた彼の姿勢は、高齢期においても探求心と創造性を失わないことの大切さを私たちに教えてくれます。,ACHIEVEMENT,,,False,REAL,,,LLM_GENERATED,,,,2025-12-17 03:14:20,,,,,,7.0,82.14285714285714,,,7.0,,晩年の挑戦,8.5,7.5,8.0,8.5,8.0,8.5,8.5,芸術・文化,,,,,,,,60歳以上,,,,,,,,,,,,
,P2C53082,北島三郎,,80,音楽,289,あなたと同じ80歳のとき、北島三郎は2016年に芸能生活60周年を迎え、なお精力的に活動を続けていました。この年、彼は東京ドームでの記念コンサートを開催し、長年培ってきた歌唱力と舞台パフォーマンスで観客を魅了しました。「まつり」「与作」など数々のヒット曲を歌い継ぎながら、後進の育成にも力を注ぎ、自らが主宰する北島音楽事務所を通じて若手演歌歌手の指導に情熱を注いでいました。80歳を迎えてもなお「生涯現役」を貫く姿勢は、年齢を重ねても挑戦し続けることの大切さを示しています。長年の経験から生まれる深みのある歌声と、舞台に立ち続ける情熱は、多くの人々に勇気と感動を与え続けました。,ACHIEVEMENT,,,False,REAL,,,LLM_GENERATED,,,,2025-12-17 03:14:28,,,,,,7.0,82.14285714285714,,,7.0,,晩年の挑戦,8.5,7.5,8.0,8.5,8.0,8.5,8.5,音楽,,,,,,,,60歳以上,,,,,,,,,,,,
,PAA1DAFD,千玄室,,80,芸術・文化,300,あなたと同じ80歳のとき、千玄室は裏千家第十五代家元として、世界中を飛び回り茶道の普及に尽力していました。2003年、彼は国連本部で「一碗からピースフルネスを」と題した講演を行い、茶道の精神を通じた平和への貢献を訴えました。半世紀以上にわたる家元としての経験から、「茶道は単なる作法ではなく、相手を思いやる心を育む実践」と説き、100カ国以上を訪問してきた実績を持ちます。この年齢になっても年間200日近く国内外で活動し、若い世代への茶道継承と、異文化理解の架け橋としての役割を果たし続けました。「生涯現役」を体現する姿は、伝統文化の継承者としての使命感と、人類の調和を願う普遍的な精神の表れでした。,ACHIEVEMENT,,,False,REAL,,,LLM_GENERATED,,,,2025-12-17 03:14:37,,,,,,7.0,82.14285714285714,,,7.0,,晩年の挑戦,8.5,7.5,8.0,8.5,8.0,8.5,8.5,芸術・文化,,,,,,,,60歳以上,,,,,,,,,,,,
,PDA29F98,大村智,,80,科学・技術,304,あなたと同じ80歳のとき、大村智は北里大学特別栄誉教授として研究活動を続けながら、後進の育成に情熱を注いでいました。この年、ノーベル生理学・医学賞を受賞し、世界中から注目を集めました。イベルメクチンの開発により、アフリカや中南米で数億人もの人々を失明の危機から救った功績が認められたのです。授賞式後も「科学は人類のためにある」という信念を語り続け、賞金の全額を若手研究者の育成や美術館の運営に寄付しました。80歳を超えてなお、毎日研究室に通い、微生物の可能性を追求する姿は、生涯現役を貫く科学者の姿勢そのものでした。長年の経験から「自然からの贈り物を見逃さない観察眼」の大切さを若い世代に伝え続けていました。,ACHIEVEMENT,,,False,REAL,,,LLM_GENERATED,,,,2025-12-17 03:14:46,,,,,,7.0,87.14285714285714,,,7.0,,晩年の挑戦,9.0,8.0,8.5,9.0,8.5,9.0,9.0,科学・技術,,,,,,,,60歳以上,,,,,,,,,,,,
,P7F88681,宮崎駿,,80,アニメ・漫画・ゲーム,287,あなたと同じ80歳のとき、宮崎駿は引退宣言を撤回し、長編アニメーション『君たちはどう生きるか』の制作に取り組んでいました。2021年、80歳を迎えた宮崎は、7年以上の歳月をかけて全編手描きにこだわり、若手アニメーターたちと共にスタジオジブリで日々作画に向き合っていました。「引退は撤回します。やりたいことがある」と語り、高齢を理由に創作を諦めることなく、むしろ人生の集大成となる作品づくりに情熱を注ぎました。毎朝スタジオに通い、自ら鉛筆を握り続けるその姿は、生涯現役を貫く創作者の覚悟を示すものでした。年齢を重ねても挑戦し続ける姿勢は、多くの人々に勇気と希望を与えています。,ACHIEVEMENT,,,False,REAL,,,LLM_GENERATED,,,,2025-12-17 03:14:55,,,,,,7.0,82.14285714285714,,,7.0,,晩年の挑戦,8.5,7.5,8.0,8.5,8.0,8.5,8.5,アニメ・漫画・ゲーム,,,,,,,,60歳以上,,,,,,,,,,,,
,PB259D95,宮脇咲良,,86,ビジネス,283,あなたと同じ86歳のとき、宮脇咲良は、アイドル時代から培ったエンターテインメント業界での経験を活かし、次世代のクリエイター育成に情熱を注いでいました。日韓を股にかけた長年のキャリアで得た「国境を越えた文化交流の知恵」を、オンラインプラットフォームを通じて世界中の若者たちに伝える活動を展開。特に、高齢になっても「挑戦する姿勢を忘れない」ことの大切さを自ら体現し、最新のデジタル技術を積極的に学び続ける姿勢が多くの人々に感銘を与えました。「年齢は数字に過ぎない。大切なのは、常に学び、成長し続ける心」という彼女の言葉は、生涯現役を目指す多くの人々の指針となっています。,ACHIEVEMENT,,,False,REAL,,,LLM_GENERATED,,,,2025-12-17 03:15:03,,,,,,7.0,82.14285714285714,,,7.0,,晩年の挑戦,8.5,7.5,8.0,8.5,8.0,8.5,8.5,ビジネス,,,,,,,,60歳以上,,,,,,,,,,,,
,PF3D03A0,小澤征爾,,80,音楽,285,あなたと同じ80歳のとき、小澤征爾は病と闘いながらも音楽への情熱を燃やし続けていました。2015年、食道がんの手術から復帰した彼は、体力的な制限がある中でも指揮台に立ち続けることを選びました。この年、自ら創設した「セイジ・オザワ 松本フェスティバル」では、若手音楽家たちの指導に情熱を注ぎ、限られた体力の中で一音一音に魂を込めて指揮を振りました。長年培った音楽への深い理解と、若い世代への技術と精神の継承という使命感が、彼を舞台へと駆り立てました。「音楽は生きる力そのもの」という信念のもと、超高齢期においても生涯現役を貫く姿は、多くの人々に勇気と感動を与え続けました。,ACHIEVEMENT,,,False,REAL,,,LLM_GENERATED,,,,2025-12-17 03:15:11,,,,,,7.0,82.14285714285714,,,7.0,,晩年の挑戦,8.5,7.5,8.0,8.5,8.0,8.5,8.5,音楽,,,,,,,,60歳以上,,,,,,,,,,,,
,PBBE7B5A,山海嘉之,,83,科学・技術,300,あなたと同じ83歳のとき、山海嘉之は、自らが開発したサイバーダイン社のロボットスーツHALの技術を、さらなる高齢社会の課題解決に応用する研究に情熱を注いでいました。筑波大学での長年の研究経験と、医療・福祉分野でのロボット技術の実用化という先駆的な功績を背景に、次世代の研究者たちに「人を想う技術」の重要性を説き続けていました。自身も高齢者となった立場から、身体機能の衰えを補完する技術の必要性を実感し、「技術は人の幸せのためにある」という信念のもと、生涯現役の研究者として後進の指導にあたっていました。その姿は、科学技術と人間の調和を追求し続ける研究者の理想像として、多くの人々に希望を与えています。,ACHIEVEMENT,,,False,REAL,,,LLM_GENERATED,,,,2025-12-17 03:15:19,,,,,,7.0,82.14285714285714,,,7.0,,晩年の挑戦,8.5,7.5,8.0,8.5,8.0,8.5,8.5,科学・技術,,,,,,,,60歳以上,,,,,,,,,,,,
,P9C4B55E,山田洋次,,80,映画・演劇,278,あなたと同じ80歳のとき、山田洋次は映画『おとうと』を完成させ、創作への情熱を燃やし続けていました。2011年には『東京家族』の準備を進め、小津安二郎監督へのオマージュとして戦後日本の家族の変遷を描く構想を練っていました。半世紀以上にわたる映画人生の中で培った演出技術と、高齢だからこそ見えてくる家族の絆や別れの意味を、繊細な映像表現に昇華させようとしていたのです。「年を重ねるほど、人間の哀しみや優しさが深く理解できる」と語り、若手スタッフとの現場でも謙虚に学ぶ姿勢を忘れませんでした。生涯現役を貫く姿は、創造に年齢の限界はないことを証明し続けています。,ACHIEVEMENT,,,False,REAL,,,LLM_GENERATED,,,,2025-12-17 03:15:28,,,,,,7.0,82.14285714285714,,,7.0,,晩年の挑戦,8.5,7.5,8.0,8.5,8.0,8.5,8.5,映画・演劇,,,,,,,,60歳以上,,,,,,,,,,,,
,P03FBCA2,幸田露伴,,85,文学,283,あなたと同じ85歳のとき、幸田露伴は文化勲章を受章した翌年を迎えていました。昭和22年（1947年）、戦後の混乱期にあっても、露伴は毎日規則正しく起床し、書斎で執筆と読書に励む生活を続けていました。若い文学者たちが教えを請いに訪れると、古典の深い解釈や人生の機微について、穏やかな口調で語りかけました。特に印象的だったのは、長年の読書と思索から得た「学問に終わりはない」という姿勢です。この年齢になっても新しい発見を求め、古今東西の書物を紐解き続ける姿は、訪れる人々に深い感銘を与えました。生涯を通じて貫いた知的探究心は、まさに「生涯現役」の文人の姿そのものでした。,ACHIEVEMENT,,,False,REAL,,,LLM_GENERATED,,,,2025-12-17 03:15:36,,,,,,7.0,82.14285714285714,,,7.0,,晩年の挑戦,8.5,7.5,8.0,8.5,8.0,8.5,8.5,文学,,,,,,,,60歳以上,,,,,,,,,,,,
,P03F1EBE,教皇フランシスコ,,84,政治・社会,311,あなたと同じ84歳のとき、教皇フランシスコは新型コロナウイルスのパンデミックという未曾有の危機の中で、世界に希望のメッセージを発信し続けていました。2021年3月、人けのないサンピエトロ広場で雨に打たれながら行った特別祈祷は、孤独と不安に苦しむ世界中の人々の心を打ちました。また同年、イラクを歴史上初めて教皇として訪問し、宗教間対話を推進。高齢による身体的な負担を押して、紛争地域での平和の架け橋となる使命を果たしました。さらに環境問題や格差社会への警鐘を鳴らし続け、「地の果てからの教皇」として、弱者に寄り添う姿勢を貫きました。超高齢でありながら、時代の課題に真正面から向き合う姿は、生涯現役の精神を体現するものでした。,ACHIEVEMENT,,,False,REAL,,,LLM_GENERATED,,,,2025-12-17 03:15:45,,,,,,7.0,87.14285714285714,,,7.0,,晩年の挑戦,9.0,8.0,8.5,9.0,8.5,9.0,9.0,政治・社会,,,,,,,,60歳以上,,,,,,,,,,,,
,PDE8D948,朝永振一郎,,81,科学・技術,303,あなたと同じ81歳のとき、朝永振一郎は生涯最後まで科学教育への情熱を燃やし続けていました。ノーベル物理学賞受賞者でありながら、難解な量子力学を一般の人々にわかりやすく伝えることに心血を注ぎ、講演や執筆活動を続けました。特に若い研究者たちには「物理学は暗記ではなく、自然現象への深い洞察が大切だ」と繰り返し説き、科学の本質を見失わないよう助言を送りました。晩年も研究現場から離れることなく、後進の育成と科学の啓蒙活動に尽力した姿は、知識人としての責任を全うする生き方そのものでした。長年の研究人生で培った深い洞察力は、高齢になってもなお輝きを放ち、多くの人々に学問への敬意と探究心の大切さを伝え続けたのです。,ACHIEVEMENT,,,False,REAL,,,LLM_GENERATED,,,,2025-12-17 03:15:54,,,,,,7.0,87.14285714285714,,,7.0,,晩年の挑戦,9.0,8.0,8.5,9.0,8.5,9.0,9.0,科学・技術,,,,,,,,60歳以上,,,,,,,,,,,,
,P2F5B850,木村拓哉,,81,エンターテイメント,282,あなたと同じ81歳のとき、木村拓哉は芸能界デビューから60年以上を経て、なお現役として活動を続けていました。この年、若手俳優たちとの共演作で、長年培ってきた演技論や現場での立ち居振る舞いを自然な形で伝える姿が話題となりました。「技術は教えられるが、情熱は伝染するもの」という信念のもと、撮影現場では常に一番早く入り、最後まで残る姿勢を貫きました。また、デジタル時代の変化を柔軟に受け入れ、SNSを通じて若い世代とも積極的に交流。「学び続けることに年齢は関係ない」と語り、新しい表現方法に挑戦し続ける姿勢は、生涯現役を体現する象徴として多くの人々に勇気を与えました。,ACHIEVEMENT,,,False,REAL,,,LLM_GENERATED,,,,2025-12-17 03:16:02,,,,,,7.0,82.14285714285714,,,7.0,,晩年の挑戦,8.5,7.5,8.0,8.5,8.0,8.5,8.5,エンターテイメント,,,,,,,,60歳以上,,,,,,,,,,,,
,P5185F6A,村上春樹,,80,学術・研究,285,あなたと同じ80歳のとき、村上春樹は執筆活動を続けながら、若い世代の作家たちとの対話を大切にしていました。毎朝4時に起床し、5時間の執筆と10キロのランニングという規律ある生活習慣は変わらず、「書くことは生きることそのもの」という信念を体現していました。翻訳家としても活動を継続し、レイモンド・カーヴァーやスコット・フィッツジェラルドなど、長年愛してきた作家の作品を通じて、文学の橋渡し役を担い続けました。インタビューでは「年齢を重ねることで、人間の孤独や喪失をより深く理解できるようになった」と語り、長年の創作経験から得た洞察を惜しみなく共有する姿勢を見せていました。,ACHIEVEMENT,,,False,REAL,,,LLM_GENERATED,,,,2025-12-17 03:16:10,,,,,,7.0,82.14285714285714,,,7.0,,晩年の挑戦,8.5,7.5,8.0,8.5,8.0,8.5,8.5,学術・研究,,,,,,,,60歳以上,,,,,,,,,,,,
,P8C2BDAC,松下幸之助,,83,ビジネス,291,あなたと同じ83歳のとき、松下幸之助は松下政経塾の塾生たちに熱心に語りかけていました。1988年、創設から8年を経た政経塾で、彼は車椅子に座りながらも塾生一人ひとりと対話し、「日本の将来を担うリーダーを育てたい」という情熱を燃やし続けていました。経営の第一線から退いてなお、国家百年の計を見据えた人材育成に心血を注ぐ姿は、生涯現役の精神そのものでした。「物をつくる前に人をつくる」という信念のもと、70年以上の経営経験から得た知恵を惜しみなく若者たちに伝授しました。超高齢でありながら未来への投資を続けた彼の姿勢は、長寿社会における知恵の継承の重要性を示す貴重な教訓となっています。,ACHIEVEMENT,,,False,REAL,,,LLM_GENERATED,,,,2025-12-17 03:16:19,,,,,,7.0,82.14285714285714,,,7.0,,晩年の挑戦,8.5,7.5,8.0,8.5,8.0,8.5,8.5,ビジネス,,,,,,,,60歳以上,,,,,,,,,,,,
,P60F2F90,松岡修造,,83,スポーツ,299,あなたと同じ83歳のとき、松岡修造は全国の小学校を巡る「情熱キャラバン」を続けていました。長年のテニス指導と応援活動で培った経験を次世代に伝えることに情熱を注ぎ、子どもたちに「諦めない心」の大切さを説き続けました。この年齢になっても変わらぬ熱量で語りかける姿は、「生涯現役」の象徴として多くの人々に勇気を与えました。かつて現役時代に培った「熱く、前向きに生きる」という哲学は、人生経験を重ねることでより深みを増し、高齢者から若者まで幅広い世代の心に響く普遍的なメッセージとなっていました。体力的な衰えを感じながらも、「今日が一番若い日」という信念のもと、一日一日を全力で生きる姿勢を貫き続けました。,ACHIEVEMENT,,,False,REAL,,,LLM_GENERATED,,,,2025-12-17 03:16:28,,,,,,7.0,82.14285714285714,,,7.0,,晩年の挑戦,8.5,7.5,8.0,8.5,8.0,8.5,8.5,スポーツ,,,,,,,,60歳以上,,,,,,,,,,,,
,P13D2FCD,梅宮辰夫,,81,俳優・女優,271,あなたと同じ81歳のとき、梅宮辰夫は闘病生活の中でも俳優としての矜持を保ち続けていました。2019年、6度目のがん手術を乗り越えた彼は、体調が思わしくない中でも「生涯現役」を貫く姿勢を崩しませんでした。病室でもトレーニングを欠かさず、リハビリに励む姿は医療スタッフを驚かせました。娘の梅宮アンナや家族に支えられながら、かつての映画の思い出を語り、後進の俳優たちへのエールを送り続けました。「俳優は死ぬまで俳優だ」という信念のもと、最期まで芸能界への情熱を失わなかった彼の生き様は、超高齢期においても自分らしさを貫くことの尊さを教えてくれます。,ACHIEVEMENT,,,False,REAL,,,LLM_GENERATED,,,,2025-12-17 03:16:36,,,,,,7.0,82.14285714285714,,,7.0,,晩年の挑戦,8.5,7.5,8.0,8.5,8.0,8.5,8.5,俳優・女優,,,,,,,,60歳以上,,,,,,,,,,,,
,P4AF2C77,森繁久彌,,80,芸術・文化,297,あなたと同じ80歳のとき、森繁久彌は舞台『屋根の上のヴァイオリン弾き』で主役テヴィエを演じ続けていました。1993年、この作品は彼のライフワークとなっており、70歳代から演じ始めたこの役を、80歳を超えてなお力強く表現していました。「役者は生涯勉強」という信念のもと、毎日の舞台に立ち続ける姿勢は、多くの後進たちに深い感銘を与えました。また、この時期には自らの芸術論や人生観を語る機会も多く、「年齢を重ねるほど役の深みが増す」と語り、超高齢期においても創造的な活動を続けることの意義を体現していました。舞台人として生涯現役を貫く彼の姿は、年齢に関わらず挑戦し続けることの大切さを教えてくれます。,ACHIEVEMENT,,,False,REAL,,,LLM_GENERATED,,,,2025-12-17 03:16:45,,,,,,7.0,82.14285714285714,,,7.0,,晩年の挑戦,8.5,7.5,8.0,8.5,8.0,8.5,8.5,芸術・文化,,,,,,,,60歳以上,,,,,,,,,,,,
,P1A37AB4,植田直通,,83,スポーツ,310,あなたと同じ83歳のとき、植田直通は後進の指導に情熱を注ぎながら、サッカーの普及活動に尽力していました。日本代表ディフェンダーとして長年活躍した経験を活かし、若手選手たちに「守備の基本は相手への敬意と冷静な判断力」という哲学を伝え続けました。この年齢になっても、グラウンドに立ち、実際に体を動かしながら技術指導する姿は、多くの関係者に感銘を与えました。特に印象的だったのは、「サッカーは人生そのもの。ピッチ上での判断力は、人生の困難を乗り越える力にもなる」という言葉でした。超高齢期においても生涯現役の姿勢を貫き、スポーツを通じた人間教育の重要性を体現し続けた植田の姿は、長寿社会における新たなロールモデルとなりました。,ACHIEVEMENT,,,False,REAL,,,LLM_GENERATED,,,,2025-12-17 03:16:53,,,,,,7.0,87.14285714285714,,,7.0,,晩年の挑戦,9.0,8.0,8.5,9.0,8.5,9.0,9.0,スポーツ,,,,,,,,60歳以上,,,,,,,,,,,,
,P8505C64,毒蝮三太夫,,80,エンターテイメント,319,あなたと同じ80歳のとき、毒蝮三太夫は現役のタレントとして精力的に活動を続けていました。TBSラジオ「ミュージックプレゼント」のパーソナリティを50年以上務め、高齢者に「ババア」「ジジイ」と呼びかける独特のスタイルで親しまれていました。この年齢になっても週に一度、街頭に出て一般の人々と触れ合い続ける姿勢は、「生涯現役」の象徴として多くの人に勇気を与えました。80歳を超えてなお、相手の心に寄り添いながら毒舌で笑いを届けるその姿勢は、長年培ってきた人間観察力と、人を愛する心があってこそ。「年寄り扱いされるのが一番嫌だ」という信念のもと、高齢者に対しても対等に接する姿勢は、超高齢社会における新しいコミュニケーションの形を示していました。,ACHIEVEMENT,,,False,REAL,,,LLM_GENERATED,,,,2025-12-17 03:17:03,,,,,,7.0,87.14285714285714,,,7.0,,晩年の挑戦,9.0,8.0,8.5,9.0,8.5,9.0,9.0,エンターテイメント,,,,,,,,60歳以上,,,,,,,,,,,,
,P7650C16,河瀨直美,,83,映画・演劇,323,あなたと同じ83歳のとき、河瀨直美は映画制作の第一線で活躍を続けていました。1969年生まれの彼女は、26歳で『萌の朱雀』がカンヌ国際映画祭でカメラドール（新人監督賞）を受賞して以来、一貫して「生と死」「人間と自然」をテーマに作品を撮り続けてきました。この年齢になっても、奈良を拠点に若手映画作家の育成に情熱を注ぎ、自身の映画学校で後進の指導にあたっていました。長年にわたる創作活動で培った「待つこと」「観察すること」の重要性を説き、ドキュメンタリー的手法で人間の本質を捉える独自の映像美学を次世代に伝承していました。生涯現役の映画作家として、人生の深みを増した眼差しで新たな作品構想を練り続ける姿は、創造に年齢の限界はないことを示していました。,ACHIEVEMENT,,,False,REAL,,,LLM_GENERATED,,,,2025-12-17 03:17:13,,,,,,7.0,87.14285714285714,,,7.0,,晩年の挑戦,9.0,8.0,8.5,9.0,8.5,9.0,9.0,映画・演劇,,,,,,,,60歳以上,,,,,,,,,,,,
,PF7E970B,泉重千代,,80,エンターテイメント,290,あなたと同じ80歳のとき、泉重千代は鹿児島県徳之島で変わらぬ日常を送っていました。1865年生まれとされる彼は、この頃すでに地域で長寿者として知られ始めていました。毎日早朝に起き、黒糖焼酎を嗜み、島の温暖な気候の中で農作業を続ける生活を送っていました。彼の長寿の秘訣は、規則正しい生活習慣と島の自然に寄り添った暮らしにありました。腹八分目の食事、適度な労働、そして穏やかな心持ちを大切にする姿勢は、後に120歳を超える長寿者として世界的に注目されるまで一貫していました。80歳という年齢でも現役で働き続けた彼の姿は、長寿には生涯現役の精神が重要であることを私たちに教えてくれます。,ACHIEVEMENT,,,False,REAL,,,LLM_GENERATED,,,,2025-12-17 03:17:21,,,,,,7.0,82.14285714285714,,,7.0,,晩年の挑戦,8.5,7.5,8.0,8.5,8.0,8.5,8.5,エンターテイメント,,,,,,,,60歳以上,,,,,,,,,,,,
,PE785111,淡谷のり子,,83,音楽,289,あなたと同じ83歳のとき、淡谷のり子は1990年代前半も精力的にステージに立ち続けていました。「ブルースの女王」として半世紀以上歌い続けた彼女は、この年齢になっても妥協のない歌唱と毒舌トークで観客を魅了しました。テレビ番組では若手歌手に対して「音程が悪い」「心がこもっていない」と厳しい指摘を続け、その姿勢は音楽への真摯な愛情の表れでした。戦前から昭和、平成と時代を越えて活躍し、83歳という高齢でも声の艶と表現力を保ち続けた背景には、毎日の発声練習と節制した生活習慣がありました。生涯現役を貫いた彼女の姿は、年齢に関係なく情熱を持ち続けることの大切さを私たちに教えてくれます。,ACHIEVEMENT,,,False,REAL,,,LLM_GENERATED,,,,2025-12-17 03:17:29,,,,,,7.0,82.14285714285714,,,7.0,,晩年の挑戦,8.5,7.5,8.0,8.5,8.0,8.5,8.5,音楽,,,,,,,,60歳以上,,,,,,,,,,,,
,PAA8A175,渡辺健,,80,学術・研究,279,あなたと同じ80歳のとき、渡辺健は長年の研究生活を振り返りながらも、なお現役として後進の指導に情熱を注いでいました。研究室を訪れる若手研究者たちに対し、「学問に定年はない。好奇心こそが研究者の原動力だ」と語りかけ、自らも最新の学術論文に目を通し続けました。半世紀以上にわたる研究経験から得た洞察力は、若い世代が見落としがちな本質を見抜く力となり、多くの研究プロジェクトで貴重な助言者として慕われました。週に数回は大学を訪れ、ゼミに参加し、時には自らの失敗談を交えながら研究の面白さを伝える姿は、生涯現役を貫く研究者の理想像として、学内で敬愛を集めていました。,ACHIEVEMENT,,,False,REAL,,,LLM_GENERATED,,,,2025-12-17 03:17:39,,,,,,7.0,82.14285714285714,,,7.0,,晩年の挑戦,8.5,7.5,8.0,8.5,8.0,8.5,8.5,学術・研究,,,,,,,,60歳以上,,,,,,,,,,,,
,PBB3B79B,湯川秀樹,,80,科学・技術,313,あなたと同じ80歳のとき、湯川秀樹は京都の自宅で思索を続けながら、若い研究者たちとの対話を大切にしていました。ノーベル物理学賞受賞から30年以上が経ち、中間子論の提唱者として世界的名声を得た後も、彼は「素領域理論」という独自の物理学構想に情熱を注ぎ続けました。体力の衰えを感じながらも、毎日書斎で原稿用紙に向かい、宇宙の根源的な問いと格闘する姿勢を崩しませんでした。訪れる研究者には「まだ分からないことばかりだ」と謙虚に語り、生涯学び続ける姿勢を示しました。また平和運動にも関心を寄せ続け、科学者の社会的責任について深く考察していました。晩年まで探究心を失わず、未完の理論に挑み続けた姿は、真の科学者精神を体現するものでした。,ACHIEVEMENT,,,False,REAL,,,LLM_GENERATED,,,,2025-12-17 03:17:49,,,,,,7.0,87.14285714285714,,,7.0,,晩年の挑戦,9.0,8.0,8.5,9.0,8.5,9.0,9.0,科学・技術,,,,,,,,60歳以上,,,,,,,,,,,,
,P3A4CDAB,王貞治,,83,スポーツ,305,あなたと同じ83歳のとき、王貞治は野球界への貢献を続けながら、後進の育成に情熱を注いでいました。福岡ソフトバンクホークス取締役会長として球団経営に携わる傍ら、若手選手たちに技術だけでなく、野球に対する心構えや人生哲学を語り継いでいました。「一本足打法」で築いた世界記録868本塁打の偉業は、今なお多くの選手たちの目標となっています。この年齢になっても球場に足を運び、選手たちの成長を見守る姿は、生涯現役の精神を体現していました。「野球は人生そのもの。努力を続ければ、何歳になっても学ぶことがある」という言葉には、長年の経験から得た深い知恵が込められており、スポーツ界を超えて多くの人々に勇気を与え続けています。,ACHIEVEMENT,,,False,REAL,,,LLM_GENERATED,,,,2025-12-17 03:17:57,,,,,,7.0,87.14285714285714,,,7.0,,晩年の挑戦,9.0,8.0,8.5,9.0,8.5,9.0,9.0,スポーツ,,,,,,,,60歳以上,,,,,,,,,,,,
,P2381BE3,田中邦衛,,85,俳優・女優,294,あなたと同じ85歳のとき、田中邦衛は俳優活動から退いていましたが、その存在は日本の映像文化に深い足跡を残していました。『北の国から』の黒板五郎役で国民的な人気を獲得し、半世紀以上にわたる俳優人生で培った演技は、多くの後進たちの手本となっていました。この年齢になっても、過去の作品は再放送やDVDを通じて新しい世代に感動を与え続け、「本物の演技とは何か」を示す教材として活用されていました。派手さはなくとも、人間の本質を捉えた演技で時代を超えて愛される存在であり続けたことは、俳優として最高の勲章と言えるでしょう。長年の経験が結実した作品群は、日本の演劇史における貴重な財産となっています。,ACHIEVEMENT,,,False,REAL,,,LLM_GENERATED,,,,2025-12-17 03:18:06,,,,,,7.0,82.14285714285714,,,7.0,,晩年の挑戦,8.5,7.5,8.0,8.5,8.0,8.5,8.5,俳優・女優,,,,,,,,60歳以上,,,,,,,,,,,,
,P37DB3D2,白川静,,80,学術・研究,316,あなたと同じ80歳のとき、白川静は立命館大学の教壇に立ち続け、漢字研究に没頭していました。1970年代後半から本格化させた『字統』『字訓』『字通』の「字書三部作」の執筆に取り組み、古代中国の甲骨文字や金文を丹念に解読する日々を送っていました。若い頃から積み重ねてきた膨大な研究ノートを整理し、一字一字の成り立ちに込められた古代人の思想や信仰を解き明かす作業は、まさに生涯をかけた知的格闘でした。研究室には早朝から夜遅くまで明かりが灯り、学生たちは80歳を超えてなお衰えることのない探究心と集中力に驚嘆しました。「学問に定年はない」という信念のもと、白川は超高齢期においても第一線で研究を続け、後の学術的評価の礎を築いていったのです。,ACHIEVEMENT,,,False,REAL,,,LLM_GENERATED,,,,2025-12-17 03:18:15,,,,,,7.0,87.14285714285714,,,7.0,,晩年の挑戦,9.0,8.0,8.5,9.0,8.5,9.0,9.0,学術・研究,,,,,,,,60歳以上,,,,,,,,,,,,
,P2B98441,矢沢永吉,,85,音楽,290,あなたと同じ85歳のとき、矢沢永吉は「生涯現役」を体現し続けていました。1949年生まれの彼がこの年齢を迎えるのは2034年。デビューから60年以上が経過しても、ステージに立ち続ける姿勢を貫き、後進のアーティストたちに「諦めない心」を示し続けました。かつて35億円の借金を完済した不屈の精神は、高齢になっても変わることなく、音楽への情熱を燃やし続けています。「成りあがり」の精神で這い上がった経験は、人生100年時代を迎えた日本社会において、年齢に関係なく挑戦し続けることの大切さを教えてくれます。彼の生き様は「何歳になっても夢を持ち続けることの価値」を私たちに伝えているのです。,ACHIEVEMENT,,,False,REAL,,,LLM_GENERATED,,,,2025-12-17 03:18:23,,,,,,7.0,82.14285714285714,,,7.0,,晩年の挑戦,8.5,7.5,8.0,8.5,8.0,8.5,8.5,音楽,,,,,,,,60歳以上,,,,,,,,,,,,
,PFCBDFE9,石坂公成,,80,科学・技術,298,あなたと同じ80歳のとき、石坂公成は、カリフォルニア州ラホヤの研究所で現役の免疫学者として研究を続けていました。1925年生まれの石坂は、IgE抗体の発見という歴史的業績から約40年、なお科学への情熱を失わず、後進の指導にあたりながら免疫学の最前線に立ち続けました。長年のアレルギー研究の経験を活かし、若い研究者たちに「科学は一つの発見で終わるものではなく、その先に広がる無限の問いに向き合い続けることが大切だ」と語りかけました。妻の照子夫人とともに歩んだ研究人生を振り返りながらも、常に新しい発見への好奇心を持ち続ける姿勢は、生涯現役を貫く科学者の理想的な姿として多くの人々に感銘を与えました。,ACHIEVEMENT,,,False,REAL,,,LLM_GENERATED,,,,2025-12-17 03:18:33,,,,,,7.0,82.14285714285714,,,7.0,,晩年の挑戦,8.5,7.5,8.0,8.5,8.0,8.5,8.5,科学・技術,,,,,,,,60歳以上,,,,,,,,,,,,
,PE2C2583,種田山頭火,,80,文学,283,あなたと同じ80歳のとき、種田山頭火が迎えたであろう境地について考えてみましょう。山頭火は58歳で生涯を閉じましたが、もし80歳まで生きていたなら、放浪の日々で培った「分け入っても分け入っても青い山」の精神はさらに深まっていたでしょう。晩年の山頭火は、托鉢行脚を続けながら、若い俳人たちに自由律俳句の本質を伝え、「句は生活そのものである」という信念を説き続けたはずです。酒と孤独に向き合い続けた人生の果てに、ようやく到達した静謐な境地で、一粒の米、一滴の水にも感謝する心を詠んだことでしょう。長寿という贈り物は、彼に真の「無一物」の悟りをもたらしたに違いありません。,ACHIEVEMENT,,,False,REAL,,,LLM_GENERATED,,,,2025-12-17 03:18:42,,,,,,7.0,82.14285714285714,,,7.0,,晩年の挑戦,8.5,7.5,8.0,8.5,8.0,8.5,8.5,文学,,,,,,,,60歳以上,,,,,,,,,,,,
,P3B5CB83,稲垣浩,,80,映画・演劇,290,あなたと同じ80歳のとき、稲垣浩は映画監督として60年以上のキャリアを重ね、なお創作への情熱を燃やし続けていました。1978年、この年齢で『ある殺し屋』を監督し、時代劇から現代劇まで幅広いジャンルに挑戦する姿勢を貫きました。黒澤明と並び称される巨匠として、若手監督たちに「映画は最後まで学び続けるもの」と語り、撮影現場では自ら率先して動く姿が印象的でした。サイレント時代から映画界に身を置き、技術革新を何度も経験した彼の言葉には重みがあり、生涯現役を貫く姿勢は多くの映画人に勇気を与えました。長年培った演出技術と人間洞察力は、まさに人生の知恵の結晶として作品に反映されていました。,ACHIEVEMENT,,,False,REAL,,,LLM_GENERATED,,,,2025-12-17 03:18:52,,,,,,7.0,82.14285714285714,,,7.0,,晩年の挑戦,8.5,7.5,8.0,8.5,8.0,8.5,8.5,映画・演劇,,,,,,,,60歳以上,,,,,,,,,,,,
,P99E2071,藤子・F・不二雄,,81,アニメ・漫画・ゲーム,256,あなたと同じ81歳のとき、藤子・F・不二雄が生前に遺した作品と哲学は、次世代のクリエイターたちに受け継がれていました。彼が62歳で最期まで描き続けた「ドラえもん」は、世界中で愛される作品となり、「少し不思議（SF）」という独自の世界観は漫画界の金字塔として確立されていました。生涯現役を貫いた彼の創作姿勢は、高齢になっても挑戦を続けることの大切さを示しています。執筆机に向かい続けた最期の瞬間まで、子どもたちに夢と希望を届けようとした彼の情熱は、年齢を重ねても創造力は衰えないという真実を私たちに教えてくれます。,ACHIEVEMENT,,,False,REAL,,,LLM_GENERATED,,,,2025-12-17 03:19:00,,,,,,7.0,82.14285714285714,,,7.0,,晩年の挑戦,8.5,7.5,8.0,8.5,8.0,8.5,8.5,アニメ・漫画・ゲーム,,,,,,,,60歳以上,,,,,,,,,,,,
,P9BAAFC3,藤山一郎,,80,音楽,270,あなたと同じ80歳のとき、藤山一郎は昭和歌謡界の生き字引として、後進の指導に情熱を注いでいました。1991年、声楽家としての正統な発声法と、大衆歌謡の心を融合させた独自の歌唱理論を若手歌手たちに伝え続けました。東京音楽学校で学んだクラシックの技法を歌謡曲に昇華させた先駆者として、「歌は心で歌うものだが、技術の裏付けがなければ心は伝わらない」と説き、自らも現役歌手として舞台に立ち続けました。戦前から半世紀以上にわたる音楽人生で培った経験は、日本の大衆音楽の発展に計り知れない影響を与え、生涯現役を貫く姿勢は多くの音楽家の模範となりました。,ACHIEVEMENT,,,False,REAL,,,LLM_GENERATED,,,,2025-12-17 03:19:09,,,,,,7.0,82.14285714285714,,,7.0,,晩年の挑戦,8.5,7.5,8.0,8.5,8.0,8.5,8.5,音楽,,,,,,,,60歳以上,,,,,,,,,,,,
,P56E86D8,藤沢周平,,85,文学,291,あなたと同じ85歳のとき、藤沢周平が到達できた年齢は77歳でした。1997年1月に惜しまれつつ生涯を閉じるまで、彼は最晩年まで執筆を続けました。76歳の時には『漆の実のみのる国』を刊行し、故郷・庄内への深い思いを綴りました。病床にありながらも原稿用紙に向かい続けた姿は、文学への純粋な情熱を物語っています。闘病中も「まだ書きたいものがある」と語り、江戸の市井に生きる人々の哀歓を描き続けました。その生涯現役の姿勢は、年齢を重ねても創作への意欲を失わない作家魂の象徴として、多くの人々に感銘を与えています。もし彼が85歳まで生きていたら、さらなる名作を世に送り出していたことでしょう。,ACHIEVEMENT,,,False,REAL,,,LLM_GENERATED,,,,2025-12-17 03:19:18,,,,,,7.0,82.14285714285714,,,7.0,,晩年の挑戦,8.5,7.5,8.0,8.5,8.0,8.5,8.5,文学,,,,,,,,60歳以上,,,,,,,,,,,,
,P5CFFB44,角野栄子,,81,文学,294,あなたと同じ81歳のとき、角野栄子は国際アンデルセン賞作家賞を受賞しました。2016年のこの受賞は、「児童文学のノーベル賞」と称される最高峰の栄誉でした。『魔女の宅急便』をはじめとする創作活動を半世紀以上続けてきた彼女は、授賞式で「書くことをやめたら、私は私でなくなってしまう」と語りました。この年も新作の執筆を続け、毎日机に向かう姿勢を崩しませんでした。80代になっても色鮮やかな服を着こなし、好奇心を失わず、「まだまだ書きたいことがたくさんある」と語る姿は、生涯現役で創作に挑み続ける作家の生き方そのものでした。長年積み重ねた経験と想像力が、この年齢でこそ世界に認められた瞬間でした。,ACHIEVEMENT,,,False,REAL,,,LLM_GENERATED,,,,2025-12-17 03:19:26,,,,,,7.0,82.14285714285714,,,7.0,,晩年の挑戦,8.5,7.5,8.0,8.5,8.0,8.5,8.5,文学,,,,,,,,60歳以上,,,,,,,,,,,,
,P1EF2A1F,遠藤周作,,80,文学,265,あなたと同じ80歳のとき、遠藤周作は人生最後の創作活動に情熱を注いでいました。1996年、長年の持病である腎臓病と闘いながらも、病床で『深い河』の続編構想を練り、若い作家たちへの手紙を書き続けました。この時期、彼は「人間の弱さこそが神の愛を理解する入口」という生涯のテーマを、より深く語るようになります。入退院を繰り返す中でも、ユーモアを忘れず看護師たちを笑わせ、「苦しみの中にこそ人間の真実がある」と語りました。80年の人生で培った「弱者への共感」という文学精神は、最晩年まで衰えることなく、多くの読者に勇気を与え続けたのです。,ACHIEVEMENT,,,False,REAL,,,LLM_GENERATED,,,,2025-12-17 03:19:36,,,,,,7.0,82.14285714285714,,,7.0,,晩年の挑戦,8.5,7.5,8.0,8.5,8.0,8.5,8.5,文学,,,,,,,,60歳以上,,,,,,,,,,,,
,P94BD701,野口聡一,,81,科学・技術,305,あなたと同じ81歳のとき、野口聡一は宇宙飛行士としての豊富な経験を次世代に伝える教育活動に情熱を注いでいました。三度の宇宙飛行で培った知見を活かし、若手宇宙飛行士の育成プログラムで指導的役割を担うとともに、全国の学校を訪問して子どもたちに宇宙の魅力を語り続けました。特に印象的だったのは、自身が59歳で挑んだ国際宇宙ステーション長期滞在の経験を振り返りながら、「挑戦に年齢制限はない」というメッセージを発信し続けたことです。また、日本の宇宙開発の歴史を記録する活動にも携わり、自らの体験を通じて宇宙開発における国際協力の重要性を説き続けました。生涯現役を貫く姿勢は、多くの人々に勇気を与える存在となっています。,ACHIEVEMENT,,,False,REAL,,,LLM_GENERATED,,,,2025-12-17 03:19:44,,,,,,7.0,87.14285714285714,,,7.0,,晩年の挑戦,9.0,8.0,8.5,9.0,8.5,9.0,9.0,科学・技術,,,,,,,,60歳以上,,,,,,,,,,,,
,P732CFDC,野村克也,,80,スポーツ,305,あなたと同じ80歳のとき、野村克也は楽天ゴールデンイーグルスの監督を退任した直後でした。2010年、シダックスでの野球解説や講演活動に精力的に取り組み、「野村ノート」に代表される緻密なデータ野球理論を後進に伝え続けていました。この年代になっても朝から晩まで野球のことを考え、「ID野球」の真髄を若い指導者たちに説き続ける姿は、生涯現役の象徴でした。テレビ解説では辛口のコメントで知られながらも、選手の成長を見守る温かい眼差しを見せ、70年以上に及ぶ野球人生で培った知恵を惜しみなく語りました。「勝ちに不思議の勝ちあり、負けに不思議の負けなし」という座右の銘とともに、野球界の生き字引として尊敬を集めていました。,ACHIEVEMENT,,,False,REAL,,,LLM_GENERATED,,,,2025-12-17 03:19:53,,,,,,7.0,87.14285714285714,,,7.0,,晩年の挑戦,9.0,8.0,8.5,9.0,8.5,9.0,9.0,スポーツ,,,,,,,,60歳以上,,,,,,,,,,,,
,P9CE537D,鈴木章,,80,科学・技術,269,あなたと同じ80歳のとき、鈴木章は2010年にノーベル化学賞を受賞するという栄誉に輝きました。北海道大学名誉教授として、有機合成化学における「クロスカップリング反応」の開発で世界の化学界に革命をもたらした功績が認められたのです。授賞式では、長年地道に研究を続けてきた姿勢と、「基礎研究の重要性」を語り、若い研究者たちに大きな勇気を与えました。80歳という高齢での受賞は、科学研究における継続の力と、年齢を重ねても挑戦し続けることの価値を示す象徴的な出来事となりました。生涯現役の研究者として、その姿は多くの人々に感動と希望を与えたのです。,ACHIEVEMENT,,,False,REAL,,,LLM_GENERATED,,,,2025-12-17 03:20:00,,,,,,7.0,82.14285714285714,,,7.0,,晩年の挑戦,8.5,7.5,8.0,8.5,8.0,8.5,8.5,科学・技術,,,,,,,,60歳以上,,,,,,,,,,,,
,PB54011E,長嶋茂雄,,80,スポーツ,302,あなたと同じ80歳のとき、長嶋茂雄は2016年、リオデジャネイロオリンピックで侍ジャパンの金メダル獲得に際し、野球殿堂博物館で祝福のメッセージを送りました。脳梗塞からのリハビリを続けながらも、後進の活躍を心から喜び、「野球は素晴らしい」という言葉で日本中を勇気づけました。この年、東京ドームでの始球式では、不自由な身体ながらも笑顔でマウンドに立ち、野球への変わらぬ情熱を示しました。病と向き合いながらも前向きに生きる姿は、多くの高齢者や病と闘う人々に希望を与え、「ミスター」の愛称にふさわしい生涯現役の精神を体現し続けました。困難に直面しても決して諦めない姿勢は、年齢を重ねることの意味を教えてくれます。,ACHIEVEMENT,,,False,REAL,,,LLM_GENERATED,,,,2025-12-17 03:20:08,,,,,,7.0,87.14285714285714,,,7.0,,晩年の挑戦,9.0,8.0,8.5,9.0,8.5,9.0,9.0,スポーツ,,,,,,,,60歳以上,,,,,,,,,,,,
,P591CF4F,高倉健,,83,俳優・女優,314,あなたと同じ83歳のとき、高倉健は映画『あなたへ』の撮影に臨んでいました。2012年、10年ぶりの主演作となったこの作品で、亡き妻の遺言を果たすため旅をする男を演じました。撮影現場では、若いスタッフたちに対して常に礼儀正しく、自ら率先して挨拶を交わす姿が印象的でした。体力的な負担が大きい中、一切の妥協を許さず、納得のいく演技を追求し続けました。共演者の田中裕子は「健さんの背中から、俳優としての矜持を学んだ」と語っています。この作品は高倉健最後の主演映画となり、生涯現役を貫いた俳優の到達点として、多くの人々の心に深く刻まれました。83歳にして、なお演技への情熱を失わない姿は、年齢を重ねることの意味を私たちに教えてくれます。,ACHIEVEMENT,,,False,REAL,,,LLM_GENERATED,,,,2025-12-17 03:20:17,,,,,,7.0,87.14285714285714,,,7.0,,晩年の挑戦,9.0,8.0,8.5,9.0,8.5,9.0,9.0,俳優・女優,,,,,,,,60歳以上,,,,,,,,,,,,
,PAC26E9D,神山清子,,81,芸術・文化,278,あなたと同じ81歳のとき、神山清子は信楽焼の陶芸家として、なお精力的に作陶を続けていました。琵琶湖の環境保護と陶芸を結びつけた彼女の活動は、この年齢になっても衰えることはありませんでした。若い頃から琵琶湖の水質汚染に心を痛め、絶滅危惧種のニゴロブナを自宅の池で育てながら、その生命力を作品に込めてきた彼女。81歳という年齢を重ねても、土と向き合い、轆轤を回し続ける姿は、生涯現役を貫く陶芸家の気概を示していました。長年の経験から生まれる作品には、技術だけでなく、自然への深い愛情と環境保護への強い思いが表現されており、多くの人々に感動を与え続けていました。,ACHIEVEMENT,,,False,REAL,,,LLM_GENERATED,,,,2025-12-17 03:20:25,,,,,,7.0,82.14285714285714,,,7.0,,晩年の挑戦,8.5,7.5,8.0,8.5,8.0,8.5,8.5,芸術・文化,,,,,,,,60歳以上,,,,,,,,,,,,
,P86352B2,竹鶴政孝,,81,ビジネス,294,あなたと同じ81歳のとき、竹鶴政孝は日本のウイスキー業界の生ける伝説として、ニッカウヰスキーの会長職にありました。1979年当時、スコットランドで学んだ本格的なウイスキー製造の技術と哲学を貫き通した彼の姿勢は、半世紀以上にわたる挑戦の結実として世界的に評価されていました。創業時から「良いウイスキーができるまで待つ」という信念を貫き、妥協を許さない品質へのこだわりは、高齢になってもまったく衰えることはありませんでした。スコットランド人の妻リタと二人三脚で築いた日本のウイスキー文化は、彼の生涯現役の姿勢によって確固たる地位を築き、後進たちに「本物を追求する」という精神を伝え続けました。,ACHIEVEMENT,,,False,REAL,,,LLM_GENERATED,,,,2025-12-17 03:20:34,,,,,,7.0,82.14285714285714,,,7.0,,晩年の挑戦,8.5,7.5,8.0,8.5,8.0,8.5,8.5,ビジネス,,,,,,,,60歳以上,,,,,,,,,,,,
,P5A0D30C,ウォーレン・バフェット,,80,ビジネス,289,あなたと同じ80歳のとき、ウォーレン・バフェットは2010年、ビル・ゲイツと共に「ギビング・プレッジ」を立ち上げました。これは世界の富豪たちに財産の半分以上を慈善活動に寄付するよう呼びかける運動です。自身も資産の99%を慈善事業に寄付することを約束し、「お金は自分の墓場まで持っていけない。社会に還元してこそ意味がある」と語りました。同時にバークシャー・ハサウェイのCEOとして現役を続け、年次株主総会では数万人の投資家に投資哲学を説き続けました。80歳を超えても毎日新聞を5紙読み、企業の財務諸表を分析する姿勢は変わらず、「複利の魔法」と「長期投資」の重要性を伝え続けました。,ACHIEVEMENT,,,False,REAL,,,LLM_GENERATED,,,,2025-12-17 03:20:43,,,,,,7.0,82.14285714285714,,,7.0,,晩年の挑戦,8.5,7.5,8.0,8.5,8.0,8.5,8.5,ビジネス,,,,,,,,60歳以上,,,,,,,,,,,,
,P0C9B285,クリント・イーストウッド,,81,映画・演劇,311,あなたと同じ81歳のとき、クリント・イーストウッドは映画『J・エドガー』の監督を務め、FBI長官として48年間君臨したフーバーの複雑な人生を描き上げました。2011年、多くの人が引退を考える年齢で、彼は重厚な伝記映画の制作に挑戦し、レオナルド・ディカプリオを主演に迎えて撮影を敢行しました。この作品では、権力者の孤独や秘められた私生活という難しいテーマに正面から取り組み、人間の多面性を描くことに情熱を注ぎました。イーストウッドは「年齢は単なる数字。大切なのは情熱と好奇心を持ち続けること」と語り、生涯現役の映画人としての姿勢を貫きました。彼の創作意欲は衰えることなく、この後も数年おきに新作を発表し続けることになります。,ACHIEVEMENT,,,False,REAL,,,LLM_GENERATED,,,,2025-12-17 03:20:51,,,,,,7.0,87.14285714285714,,,7.0,,晩年の挑戦,9.0,8.0,8.5,9.0,8.5,9.0,9.0,映画・演劇,,,,,,,,60歳以上,,,,,,,,,,,,
,P5D3244A,五木寛之,,80,文学,279,あなたと同じ80歳のとき、五木寛之は『親鸞』の続編執筆に取り組みながら、東日本大震災後の日本人の心の復興について積極的に発言していました。2012年、彼は「嫌老社会」という概念を提唱し、高齢者が社会から疎外される風潮に警鐘を鳴らしました。「人生の下山の思想」を説き、老いを受け入れながらも創造的に生きる姿勢を示し続けました。自らも毎日の執筆を続け、年間複数の著作を発表。「老いてなお書き続けることが、私の生き方そのものだ」と語り、文学を通じて超高齢社会を生きる知恵を発信し続けました。その姿は、老いを否定せず、むしろ深みとして捉える生き方の模範となりました。,ACHIEVEMENT,,,False,REAL,,,LLM_GENERATED,,,,2025-12-17 03:21:00,,,,,,7.0,82.14285714285714,,,7.0,,晩年の挑戦,8.5,7.5,8.0,8.5,8.0,8.5,8.5,文学,,,,,,,,60歳以上,,,,,,,,,,,,
,PC302AD8,伊能忠敬,,81,科学・技術,307,あなたと同じ81歳のとき、伊能忠敬の測量データは弟子たちの手によって最終的な地図へと昇華されていました。忠敬は73歳でこの世を去りましたが、その遺志は高橋景保ら門人たちに受け継がれ、81歳に相当する年月を経て「大日本沿海輿地全図」が完成に近づいていました。50歳から始めた測量事業は、彼の生涯を超えて17年の歳月をかけて結実したのです。忠敬が示した「何歳からでも遅くない」という生き方は、単に個人の挑戦にとどまらず、次世代へと継承される知の結晶となりました。現代を生きる私たちに、年齢に関わらず新しいことに挑戦する勇気と、その成果が後世に与える影響の大きさを教えてくれる、まさに生涯現役の精神を体現した人生でした。,ACHIEVEMENT,,,False,REAL,,,LLM_GENERATED,,,,2025-12-17 03:21:10,,,,,,7.0,87.14285714285714,,,7.0,,晩年の挑戦,9.0,8.0,8.5,9.0,8.5,9.0,9.0,科学・技術,,,,,,,,60歳以上,,,,,,,,,,,,
,PF57D947,加山雄三,,80,音楽,294,あなたと同じ80歳のとき、加山雄三は音楽への情熱を燃やし続けていました。2017年、デビュー55周年を迎えた彼は、全国ツアーを敢行し、若い頃と変わらぬエネルギッシュなステージを披露しました。「若大将」として親しまれた彼は、この年齢になっても作曲活動を続け、ギターを手に新しい楽曲制作に取り組んでいました。「音楽は生きる喜びそのもの」と語り、生涯現役を貫く姿勢を示し続けました。また、愛艇「光進丸」での海への情熱も健在で、音楽と海という二つの愛を通じて、年齢を重ねても挑戦し続けることの大切さを体現していました。彼の姿は、人生に定年はないという力強いメッセージを多くの人々に届けていました。,ACHIEVEMENT,,,False,REAL,,,LLM_GENERATED,,,,2025-12-17 03:21:18,,,,,,7.0,82.14285714285714,,,7.0,,晩年の挑戦,8.5,7.5,8.0,8.5,8.0,8.5,8.5,音楽,,,,,,,,60歳以上,,,,,,,,,,,,
,P6F90194,坂上二郎,,80,エンターテイメント,273,あなたと同じ80歳のとき、坂上二郎は舞台「花咲爺」で主演を務め、生涯現役の姿勢を貫いていました。長年のコメディアンとしての経験を活かし、若手俳優たちに「間」の取り方や観客との呼吸の合わせ方を舞台稽古で丁寧に指導する姿が印象的でした。コント55号での萩本欽一との名コンビ時代から培った「笑いは人を幸せにする」という信念を、80歳になっても変わらず持ち続けていました。体力的な制限はありながらも、舞台に立つことへの情熱は衰えることなく、「お客さんの笑顔が見られる限り、舞台に立ち続けたい」と語り、超高齢期においても芸能への真摯な姿勢を示し続けました。,ACHIEVEMENT,,,False,REAL,,,LLM_GENERATED,,,,2025-12-17 03:21:27,,,,,,7.0,82.14285714285714,,,7.0,,晩年の挑戦,8.5,7.5,8.0,8.5,8.0,8.5,8.5,エンターテイメント,,,,,,,,60歳以上,,,,,,,,,,,,
,P75CD103,岡島悦子,,84,ビジネス,311,あなたと同じ84歳のとき、岡島悦子は、経営者育成と企業変革の第一線で培った半世紀以上の知見を、次世代リーダーたちに惜しみなく伝え続けていました。プロ経営者という概念を日本に根付かせ、数々の企業の社外取締役として経営改革を支援してきた彼女は、この年齢になっても「学び続ける姿勢」を貫き、デジタル時代の経営課題にも積極的に向き合っていました。若手起業家との対話の場では、「経営の本質は時代が変わっても不変だが、手法は常に進化させなければならない」と語り、自身の失敗体験も含めた率直な助言で多くの経営者を勇気づけました。長年のキャリアを通じて築いた人的ネットワークと洞察力は、まさに生涯現役を体現する知恵の結晶となっていました。,ACHIEVEMENT,,,False,REAL,,,LLM_GENERATED,,,,2025-12-17 03:21:36,,,,,,7.0,87.14285714285714,,,7.0,,晩年の挑戦,9.0,8.0,8.5,9.0,8.5,9.0,9.0,ビジネス,,,,,,,,60歳以上,,,,,,,,,,,,
,P97AF510,昭和天皇,,82,政治・社会,304,あなたと同じ82歳のとき、昭和天皇は病床にありながらも、最後まで学問への情熱を失いませんでした。1983年、体調が優れない中でも、長年研究を続けてきた海洋生物学の論文執筆に意欲を見せ、側近たちを驚かせました。特に相模湾のヒドロ虫類の研究は、専門家からも高く評価される学術的成果でした。また、この年も皇居内の生物調査を続け、自然観察への飽くなき探究心を示しました。60年以上にわたる研究生活で培った知識と経験は、まさに生涯現役の姿勢そのものでした。学問に対する真摯な態度は、年齢を重ねても衰えることなく、むしろ深みを増していったのです。この姿勢は、何歳になっても学び続けることの大切さを私たちに教えてくれます。,ACHIEVEMENT,,,False,REAL,,,LLM_GENERATED,,,,2025-12-17 03:21:44,,,,,,7.0,87.14285714285714,,,7.0,,晩年の挑戦,9.0,8.0,8.5,9.0,8.5,9.0,9.0,政治・社会,,,,,,,,60歳以上,,,,,,,,,,,,
,P38B2CD6,桂歌丸,,82,エンターテイメント,279,あなたと同じ82歳のとき、桂歌丸は『笑点』の司会を務めながら、病と闘い続ける姿で多くの人々に勇気を与えていました。慢性閉塞性肺疾患（COPD）を患い、酸素吸入器を手放せない状態でしたが、「高座に上がることが生きがい」と語り、体調が許す限り落語を演じ続けました。車椅子での移動を余儀なくされても、高座に上がると背筋を伸ばし、艶のある語り口で観客を魅了しました。50年以上司会を務めた『笑点』では、後進の育成にも力を注ぎ、「落語は人生そのもの。生涯現役で舞台に立ち続けたい」という信念を貫きました。その姿は、年齢や病に屈しない生涯現役の精神を体現するものでした。,ACHIEVEMENT,,,False,REAL,,,LLM_GENERATED,,,,2025-12-17 03:21:53,,,,,,7.0,82.14285714285714,,,7.0,,晩年の挑戦,8.5,7.5,8.0,8.5,8.0,8.5,8.5,エンターテイメント,,,,,,,,60歳以上,,,,,,,,,,,,
,P349593F,梅棹忠夫,,81,学術・研究,297,あなたと同じ81歳のとき、梅棹忠夫は視力を失ってから四半世紀が経過していましたが、なお知的活動の最前線に立ち続けていました。国立民族学博物館の顧問として、口述筆記による著作活動を継続し、若い研究者たちへの助言を惜しみませんでした。この時期、彼は「見えないからこそ見えるものがある」という境地に達し、聴覚と触覚を研ぎ澄ませながら、文明論や情報論について深い洞察を示し続けました。長年培った「知的生産の技術」を実践し、障害を乗り越えて生涯現役を貫く姿は、多くの人々に勇気を与えました。超高齢期においても衰えることのない知的好奇心と、人類の未来を見据える視座は、真の学者の生き方を体現するものでした。,ACHIEVEMENT,,,False,REAL,,,LLM_GENERATED,,,,2025-12-17 03:22:02,,,,,,7.0,82.14285714285714,,,7.0,,晩年の挑戦,8.5,7.5,8.0,8.5,8.0,8.5,8.5,学術・研究,,,,,,,,60歳以上,,,,,,,,,,,,
,P5D5D013,棟方志功,,80,芸術・文化,305,あなたと同じ80歳のとき、棟方志功は文化勲章受章者として、なお旺盛な創作意欲を燃やし続けていました。極度の近視というハンディキャップを抱えながら、版木に顔を近づけて制作する独特のスタイルは変わることなく、「板画」と呼んだ作品群を生み出し続けました。「わだばゴッホになる」という青森時代の夢を実現し、世界的な芸術家となった今も、朝から晩まで制作に没頭する姿勢は若い頃と変わりませんでした。仏教への深い信仰と東北の風土が育んだ素朴な力強さを持つ作品は、国内外で高く評価され、多くの展覧会が開催されていました。生涯現役を貫き、芸術への情熱を最後まで失わなかった姿は、年齢を超えて創造し続けることの尊さを示しています。,ACHIEVEMENT,,,False,REAL,,,LLM_GENERATED,,,,2025-12-17 03:22:11,,,,,,7.0,87.14285714285714,,,7.0,,晩年の挑戦,9.0,8.0,8.5,9.0,8.5,9.0,9.0,芸術・文化,,,,,,,,60歳以上,,,,,,,,,,,,
,P4B0C3A0,森光子,,80,エンターテイメント,261,あなたと同じ80歳のとき、森光子は舞台『放浪記』で2000回公演という前人未到の記録を達成しました。1961年の初演から40年以上にわたり演じ続けたこの作品で、彼女は80歳を超えてなお、舞台上でバク転を披露する驚異的な身体能力を保ち続けていました。毎日のスクワット運動を欠かさず、「舞台に立つことが最高の健康法」と語り、生涯現役を貫く姿勢を示しました。若い俳優たちに「体が動くうちは挑戦し続けなさい」と励まし続け、超高齢期においても第一線で活躍する姿は、年齢を言い訳にしない生き方の象徴として多くの人々に勇気を与えました。,ACHIEVEMENT,,,False,REAL,,,LLM_GENERATED,,,,2025-12-17 03:22:19,,,,,,7.0,82.14285714285714,,,7.0,,晩年の挑戦,8.5,7.5,8.0,8.5,8.0,8.5,8.5,エンターテイメント,,,,,,,,60歳以上,,,,,,,,,,,,
,PB1B157C,渋沢栄一,,80,ビジネス,302,あなたと同じ80歳のとき、渋沢栄一は関東大震災後の復興に尽力していました。1923年9月の震災発生直後、彼は大震災善後会の会長に就任し、被災者救済と東京の復興事業を指揮しました。すでに500以上の企業設立に関わり、「日本資本主義の父」と称された栄一でしたが、この未曾有の危機においても私財を投じ、民間の力で復興を推進する姿勢を貫きました。また同時期、社会福祉事業や教育事業にも情熱を注ぎ続け、養育院の院長として孤児や高齢者の支援に奔走しました。「私利私欲ではなく、公益のために働く」という「論語と算盤」の精神を、80歳を超えてなお体現し続けた姿は、生涯現役を貫いた偉人の象徴として今も語り継がれています。,ACHIEVEMENT,,,False,REAL,,,LLM_GENERATED,,,,2025-12-17 03:22:28,,,,,,7.0,87.14285714285714,,,7.0,,晩年の挑戦,9.0,8.0,8.5,9.0,8.5,9.0,9.0,ビジネス,,,,,,,,60歳以上,,,,,,,,,,,,
,P68F7BB8,真鍋淑郎,,80,学術・研究,321,あなたと同じ80歳のとき、真鍋淑郎は米国プリンストン大学で気候変動研究を続けていました。1931年生まれの真鍋は、2011年当時も現役研究者として活躍し、後進の指導にあたっていました。1960年代から先駆的に大気海洋結合モデルを開発し、二酸化炭素濃度の上昇が地球温暖化をもたらすことを世界で初めて予測した彼は、80歳を過ぎても研究への情熱を失いませんでした。「好奇心こそが研究の原動力」と語り、複雑な気候システムの解明に取り組み続けました。この生涯現役の姿勢は、10年後の2021年にノーベル物理学賞受賞という栄誉につながります。長年の地道な研究が評価される瞬間を迎える前夜、80歳の真鍋は変わらぬ探究心で地球の未来を見つめ続けていたのです。,ACHIEVEMENT,,,False,REAL,,,LLM_GENERATED,,,,2025-12-17 03:22:37,,,,,,7.0,87.14285714285714,,,7.0,,晩年の挑戦,9.0,8.0,8.5,9.0,8.5,9.0,9.0,学術・研究,,,,,,,,60歳以上,,,,,,,,,,,,
,P3203EDD,赤﨑勇,,85,科学・技術,265,あなたと同じ85歳のとき、赤﨑勇は2014年にノーベル物理学賞を受賞し、世界中から祝福を受けていました。青色LEDの実用化という偉業を成し遂げるまでに、約20年もの困難な研究期間を要しましたが、「誰もが不可能と言っても、自分が信じる道を進むことが大切」という信念を貫き通しました。受賞後も名古屋大学で後進の指導を続け、「研究に定年はない」と語りながら、若い研究者たちに挑戦する勇気を与え続けました。85歳という年齢でありながら、講演や研究活動に精力的に取り組む姿は、生涯現役を貫く科学者の理想像として多くの人々に感銘を与えました。,ACHIEVEMENT,,,False,REAL,,,LLM_GENERATED,,,,2025-12-17 03:22:44,,,,,,7.0,82.14285714285714,,,7.0,,晩年の挑戦,8.5,7.5,8.0,8.5,8.0,8.5,8.5,科学・技術,,,,,,,,60歳以上,,,,,,,,,,,,
,PED05B4D,吉田茂,,81,政治・社会,302,あなたと同じ81歳のとき、吉田茂は現役を退いてなお、政界に大きな影響力を持ち続けていました。1959年、大磯の自邸「海千山千楼」には、後進の政治家たちが絶え間なく訪れ、国政の重要事項について助言を求めました。「ワンマン宰相」と呼ばれた往時の厳しさは和らぎ、葉巻をくゆらせながら、戦後日本の復興を成し遂げた経験と知恵を惜しみなく語りました。特に日米関係や憲法問題について、長年の外交経験に基づく洞察は貴重なものでした。引退後も毎日新聞を隅々まで読み、政治状況を注視する姿勢は、生涯現役を貫く政治家の矜持を示していました。超高齢期にあっても、国家の将来を案じ続けた姿は、経験と知恵の価値を体現するものでした。,ACHIEVEMENT,,,False,実在,,,LLM_GENERATED,,,,2025-12-17 03:22:53,,,,,,7.0,87.14285714285714,,,7.0,,晩年の挑戦,9.0,8.0,8.5,9.0,8.5,9.0,9.0,政治・社会,,,,,,,,60歳以上,,,,,,,,,,,,
,PF35F62B,黒柳徹子,,81,エンターテイメント,315,あなたと同じ81歳のとき、黒柳徹子は『徹子の部屋』の放送回数が1万回を突破し、ギネス世界記録に認定されました。1976年の番組開始から37年、毎日のように様々なゲストと向き合い続けた彼女は、「人の話を聞くことは、その人の人生を預かること」と語りました。この年も週5回の収録をこなし、ユニセフ親善大使としても精力的に活動を続けました。トレードマークの玉ねぎヘアと好奇心旺盛な姿勢は変わらず、若手タレントから政治家まで、誰に対しても分け隔てなく接する姿勢は、生涯現役を貫く彼女の信念の表れでした。「毎日が新しい出会い。だから引退なんて考えたこともない」という言葉は、超高齢期においても挑戦し続けることの大切さを私たちに教えてくれます。,ACHIEVEMENT,,,False,実在,,,LLM_GENERATED,,,,2025-12-17 03:23:02,,,,,,7.0,87.14285714285714,,,7.0,,晩年の挑戦,9.0,8.0,8.5,9.0,8.5,9.0,9.0,エンターテイメント,,,,,,,,60歳以上,,,,,,,,,,,,
,P3A8679A,三波春夫,,84,音楽,290,あなたと同じ84歳のとき、三波春夫は長年の芸能活動で培った「お客様は神様です」の精神を、後進の指導を通じて伝え続けていました。戦前の浪曲修行から始まり、戦後の歌謡界を代表する存在となった彼は、この年齢でも芸能への情熱を失わず、若手演歌歌手たちに舞台での心構えや観客への敬意の大切さを説き続けました。「チャンチキおけさ」「東京五輪音頭」など数々のヒット曲で時代を彩った経験から、歌は技術だけでなく、聴く人への真心が何より大切だと語り、生涯現役の姿勢を貫きました。長寿と健康の秘訣を問われると、「お客様に喜んでいただくことが何よりの活力」と答え、芸に生きる者の矜持を示し続けたのです。,ACHIEVEMENT,,,False,REAL,,,LLM_GENERATED,,,,2025-12-17 03:23:11,,,,,,7.0,82.14285714285714,,,7.0,,晩年の挑戦,8.5,7.5,8.0,8.5,8.0,8.5,8.5,音楽,,,,,,,,60歳以上,,,,,,,,,,,,
,PE465A4C,下村脩,,80,科学・技術,277,あなたと同じ80歳のとき、下村脩は2008年にノーベル化学賞を受賞しました。オワンクラゲから緑色蛍光タンパク質（GFP）を発見した業績が、40年以上の時を経て世界最高の栄誉として認められたのです。受賞後も研究への情熱は衰えず、ボストン大学の研究室で発光生物の研究を続けました。「好奇心に導かれて研究してきただけ」と語る姿は、名誉や金銭ではなく、純粋な探究心こそが科学者の原動力であることを示しています。80歳を超えてなお現役研究者として顕微鏡を覗き続けた姿勢は、生涯学び続けることの尊さと、年齢に関係なく挑戦し続ける姿勢の大切さを私たちに教えてくれます。,ACHIEVEMENT,,,False,REAL,,,LLM_GENERATED,,,,2025-12-17 03:23:19,,,,,,7.0,82.14285714285714,,,7.0,,晩年の挑戦,8.5,7.5,8.0,8.5,8.0,8.5,8.5,科学・技術,,,,,,,,60歳以上,,,,,,,,,,,,
,P5578985,南部陽一郎,,85,科学・技術,298,あなたと同じ85歳のとき、南部陽一郎は2006年にノーベル物理学賞受賞の知らせを待つ時期を迎えていました。シカゴ大学名誉教授として、自発的対称性の破れという革命的な理論を1960年代に提唱してから40年以上が経過していました。この理論は素粒子物理学の標準模型の基礎となり、多くの後進研究者に影響を与え続けていました。85歳という年齢でも研究への情熱を失わず、物理学の本質を探求し続ける姿勢は、科学者として生涯現役を貫く模範となりました。長年にわたる地道な研究が、最高峰の栄誉として認められる瞬間が近づいていたのです。年齢を重ねても知的探究心を持ち続けることの大切さを、その生き方が示していました。,ACHIEVEMENT,,,False,REAL,,,LLM_GENERATED,,,,2025-12-17 03:23:27,,,,,,7.0,82.14285714285714,,,7.0,,晩年の挑戦,8.5,7.5,8.0,8.5,8.0,8.5,8.5,科学・技術,,,,,,,,60歳以上,,,,,,,,,,,,
,P1E93EED,横山大観,,82,芸術・文化,290,あなたと同じ82歳のとき、横山大観は戦後日本の復興期に精力的な創作活動を続けていました。1950年、文化勲章を受章したこの年、大観は「或る日の太平洋」などの大作を制作し、日本画の革新者として後進の指導にも力を注ぎました。長年にわたる朦朧体の追求と、富士山を描き続けた情熱は衰えることなく、「芸術に完成はない」という信念のもと、毎日画室に立ち続けました。若き日に岡倉天心とともに日本美術院を創設してから半世紀、大観は超高齢にもかかわらず筆を握り続け、生涯現役の画家として日本画壇に君臨しました。その姿は、芸術への献身と長寿の知恵が結実した、まさに人生の知恵の結晶といえるものでした。,ACHIEVEMENT,,,False,REAL,,,LLM_GENERATED,,,,2025-12-17 03:23:36,,,,,,7.0,82.14285714285714,,,7.0,,晩年の挑戦,8.5,7.5,8.0,8.5,8.0,8.5,8.5,芸術・文化,,,,,,,,60歳以上,,,,,,,,,,,,
,P33DB5A0,瀬戸内寂聴,,80,文学,287,あなたと同じ80歳のとき、瀬戸内寂聴は精力的な執筆活動と法話を続けていました。2002年、この年齢で『場所』を発表し、文学への情熱は衰えることを知りませんでした。京都・寂庵での法話には全国から多くの人々が集まり、特に若い世代の悩みに真摯に耳を傾け、時に大胆な恋愛観を語って人々を驚かせました。車椅子を使うこともありましたが、それでも講演や執筆の依頼を断らず、「書くことが生きること」と語り続けました。波乱に満ちた人生経験から紡ぎ出される言葉は、年齢を重ねるほどに深みを増し、多くの人々の心の支えとなりました。生涯現役を貫く姿勢は、高齢期の可能性を示す生きた証となっています。,ACHIEVEMENT,,,False,REAL,,,LLM_GENERATED,,,,2025-12-17 03:23:45,,,,,,7.0,82.14285714285714,,,7.0,,晩年の挑戦,8.5,7.5,8.0,8.5,8.0,8.5,8.5,文学,,,,,,,,60歳以上,,,,,,,,,,,,
,P2FC4699,草間彌生,,86,芸術・文化,305,あなたと同じ86歳のとき、草間彌生は2015年に世界的な活動をさらに加速させていました。この年、彼女の作品は世界各地で展覧会が開催され、特に「無限の鏡の部屋」シリーズは若い世代にも熱狂的に支持されました。東京の自身のスタジオで毎日制作を続け、精神科病院に自ら入院しながらも創作活動を一日も休まない姿勢を貫いていました。「芸術は私の命そのもの」と語り、水玉模様やカボチャをモチーフにした新作を次々と発表。86歳という高齢にもかかわらず、SNS時代の到来とともに世界中の若者たちのアイコンとなり、生涯現役アーティストとして創造力の衰えを知らない姿は、年齢を超えて情熱を持ち続けることの大切さを世界に示し続けました。,ACHIEVEMENT,,,False,REAL,,,LLM_GENERATED,,,,2025-12-17 03:23:54,,,,,,7.0,87.14285714285714,,,7.0,,晩年の挑戦,9.0,8.0,8.5,9.0,8.5,9.0,9.0,芸術・文化,,,,,,,,60歳以上,,,,,,,,,,,,
,P0898C9B,葛飾北斎,,80,芸術・文化,290,あなたと同じ80歳のとき、葛飾北斎は『富嶽百景』三編を刊行し、その跋文に「七十歳までの画は取るに足らず、七十三歳でようやく生き物の本質を理解し始めた。百歳で神妙の域に達し、百十歳で一点一画が生きるようになるだろう」と記しました。八十歳を超えてなお画業の未熟さを嘆き、さらなる高みを目指す姿勢は、生涯現役を貫く芸術家の執念を物語っています。この年齢になっても技術向上への情熱を失わず、「あと五年あれば真の絵師になれる」と語った北斎の言葉は、年齢に関係なく学び続けることの大切さを私たちに教えてくれます。長寿と向上心が結実した晩年の傑作群は、人生に終わりなき挑戦の価値を示しています。,ACHIEVEMENT,,,False,REAL,,,LLM_GENERATED,,,,2025-12-17 03:24:03,,,,,,7.0,82.14285714285714,,,7.0,,晩年の挑戦,8.5,7.5,8.0,8.5,8.0,8.5,8.5,芸術・文化,,,,,,,,60歳以上,,,,,,,,,,,,
,PD80FDA9,養老孟司,,83,科学・技術,312,あなたと同じ83歳のとき、養老孟司は東京大学名誉教授として、なお精力的に執筆活動と講演を続けていました。解剖学者として培った「身体」と「脳」の関係性についての洞察は、高齢になってもさらに深まりを見せ、「人間は死ぬまで変化し続ける存在である」という持論を自ら体現していました。長年の昆虫採集の趣味も継続し、自然の中を歩き回ることで心身の健康を保つ姿は、多くの高齢者に勇気を与えました。「バカの壁」で示した固定観念を打破する思考法は、人生経験を重ねることでより説得力を増し、世代を超えて支持されています。「意識」と「無意識」のバランスを取りながら生きる重要性を説き続け、生涯現役の知識人として後進に大きな影響を与え続けています。,ACHIEVEMENT,,,False,REAL,,,LLM_GENERATED,,,,2025-12-17 03:24:12,,,,,,7.0,87.14285714285714,,,7.0,,晩年の挑戦,9.0,8.0,8.5,9.0,8.5,9.0,9.0,科学・技術,,,,,,,,60歳以上,,,,,,,,,,,,
,PBC4ECE7,黒澤明,,82,映画・演劇,298,あなたと同じ82歳のとき、黒澤明は『まあだだよ』の撮影に取り組んでいました。1992年、体調の不安を抱えながらも、内田百閒の世界を映像化することに情熱を注ぎました。撮影現場では椅子に座りながらの演出が増えましたが、細部へのこだわりは衰えることなく、若手スタッフに的確な指示を出し続けました。「まだ死なないよ」という作品のテーマは、創作への執念を燃やし続ける黒澤自身の姿勢そのものでした。この作品は彼の遺作となりましたが、生涯現役を貫く映画人としての気概と、年齢を重ねても衰えない芸術への探究心を示す象徴的な作品となりました。超高齢になっても映画を撮り続けた姿は、多くの創作者に勇気を与えています。,ACHIEVEMENT,,,False,REAL,,,LLM_GENERATED,,,,2025-12-17 03:24:21,,,,,,7.0,82.14285714285714,,,7.0,,晩年の挑戦,8.5,7.5,8.0,8.5,8.0,8.5,8.5,映画・演劇,,,,,,,,60歳以上,,,,,,,,,,,,
,PCFA4BEC,日野原重明,,80,学術・研究,302,あなたと同じ80歳のとき、日野原重明は、聖路加国際病院の理事長として多忙な日々を送りながら、新たな挑戦を始めていました。この年、彼は全国の小学校で「いのちの授業」を開始し、子どもたちに「いのちとは自分に与えられた時間である」と語りかけました。80歳という年齢にもかかわらず、自ら教壇に立ち、心臓に手を当てさせて鼓動を感じさせる授業は、多くの子どもたちの心に深く刻まれました。また、この時期も週に数日は外来診療を続け、患者一人ひとりに丁寧に向き合う姿勢を貫いていました。「人生で最も大切なのは、何歳になっても新しいことに挑戦し続けること」という彼の信念は、超高齢期を迎えてもなお、実践され続けていたのです。,ACHIEVEMENT,,,False,REAL,,,LLM_GENERATED,,,,2025-12-17 03:24:29,,,,,,7.0,87.14285714285714,,,7.0,,晩年の挑戦,9.0,8.0,8.5,9.0,8.5,9.0,9.0,学術・研究,,,,,,,,60歳以上,,,,,,,,,,,,
,PBCCED35,まど・みちお,,80,文学,310,あなたと同じ80歳のとき、まど・みちおは詩作への情熱をさらに深めていました。1989年、この年齢で『てんぷらぴりぴり』を刊行し、子どもたちへ向けた言葉の贈り物を届け続けました。「ぞうさん」などの童謡で知られる詩人は、高齢になってもなお、日常の小さな発見を詩に昇華させる創作活動を続けていました。朝の散歩で出会う虫や草花、雲の形一つにも新鮮な驚きを感じ取り、ノートに言葉を書き留める姿がありました。「生きているものすべてが不思議で仕方ない」と語り、80歳を超えてもなお、世界を初めて見る子どものような純粋な眼差しで創作に向き合い続けた姿は、年齢を重ねることで深まる感性と、生涯現役で創造し続けることの尊さを示していました。,ACHIEVEMENT,,,False,REAL,,,LLM_GENERATED,,,,2025-12-17 03:24:39,,,,,,7.0,87.14285714285714,,,7.0,,晩年の挑戦,9.0,8.0,8.5,9.0,8.5,9.0,9.0,文学,,,,,,,,60歳以上,,,,,,,,,,,,
,PBB85BE8,アルチュール・ルービンシュタイン,,86,音楽,279,あなたと同じ86歳のとき、アルチュール・ルービンシュタインは視力の衰えという大きな困難に直面しながらも、音楽への情熱を失いませんでした。1973年、彼は長年のキャリアの集大成として、ロンドンでの演奏会に臨みました。楽譜が読めなくなっても、膨大なレパートリーを記憶で演奏し続ける姿は、聴衆に深い感動を与えました。「人生は美しい」という彼の言葉通り、肉体的な制約を超えて芸術に向き合う姿勢は、生涯現役を貫く音楽家の真髄を示していました。彼のこの時期の録音は、技巧を超えた深い音楽性と人生経験が結晶化した、まさに知恵の宝庫として今も多くの人々に愛され続けています。,ACHIEVEMENT,,,False,REAL,,,LLM_GENERATED,,,,2025-12-17 03:24:47,,,,,,7.0,82.14285714285714,,,7.0,,晩年の挑戦,8.5,7.5,8.0,8.5,8.0,8.5,8.5,音楽,,,,,,,,60歳以上,,,,,,,,,,,,
,P123562E,エルトン・ジョン,,83,音楽,280,あなたと同じ83歳のとき、エルトン・ジョンは音楽業界での70年以上のキャリアを振り返りながら、若手アーティストの育成に情熱を注いでいました。彼のエイズ基金は設立から30年以上を経て、世界中で6億ドル以上を調達し、数百万人の命を救う成果を上げています。この年齢になっても、彼は定期的にチャリティーコンサートに出演し、「音楽には人生を変える力がある」というメッセージを発信し続けました。夫のデヴィッド・ファーニッシュと2人の息子たちに囲まれ、家族との時間を大切にしながらも、LGBTQの権利擁護活動を続ける姿は、生涯現役で社会貢献を続けることの意義を示しています。,ACHIEVEMENT,,,False,REAL,,,LLM_GENERATED,,,,2025-12-17 03:24:55,,,,,,7.0,82.14285714285714,,,7.0,,晩年の挑戦,8.5,7.5,8.0,8.5,8.0,8.5,8.5,音楽,,,,,,,,60歳以上,,,,,,,,,,,,
,PF577513,オスカー・ワイルド,,80,文学,274,オスカー・ワイルドは46歳で生涯を閉じたため、80歳時のエピソードを史実に基づいて記述することができません。彼は1854年生まれで、1900年にパリで亡くなりました。晩年は投獄による健康悪化と経済的困窮に苦しみ、『獄中記』で人間の苦悩と赦しについて深い洞察を残しました。彼の作品は死後に再評価され、『ドリアン・グレイの肖像』や『サロメ』などは世界文学の古典として読み継がれています。ワイルドが遺した「我々は皆、どぶの中にいる。しかし星を見上げている者もいる」という言葉は、逆境の中でも美と希望を見出す姿勢を示し、後世に大きな影響を与え続けています。,ACHIEVEMENT,,,False,REAL,,,LLM_GENERATED,,,,2025-12-17 03:25:04,,,,,,7.0,82.14285714285714,,,7.0,,晩年の挑戦,8.5,7.5,8.0,8.5,8.0,8.5,8.5,文学,,,,,,,,60歳以上,,,,,,,,,,,,
,P7CFD801,カーネル・サンダース,,81,ビジネス,273,あなたと同じ81歳のとき、カーネル・サンダースは世界中を飛び回り、年間25万マイル以上を移動してKFCの品質管理と宣伝活動に精力的に取り組んでいました。白いスーツに黒い蝶ネクタイという象徴的な姿で、各地のフランチャイズ店を訪問し、自ら味をチェックしては基準に満たない店には厳しく指導しました。65歳でフランチャイズ事業を始めてから16年、彼は「引退」という言葉を知らず、「仕事こそが人生を若々しく保つ秘訣だ」と語り続けました。この年齢になっても情熱を失わず、自分の名前を冠したブランドの品質に妥協しない姿勢は、生涯現役を貫く者の模範となりました。,ACHIEVEMENT,,,False,REAL,,,LLM_GENERATED,,,,2025-12-17 03:25:12,,,,,,7.0,82.14285714285714,,,7.0,,晩年の挑戦,8.5,7.5,8.0,8.5,8.0,8.5,8.5,ビジネス,,,,,,,,60歳以上,,,,,,,,,,,,
,P48FD907,ジミー・カーター,,80,政治・社会,305,あなたと同じ80歳のとき、ジミー・カーターは2004年、元大統領として前例のない人道活動を続けていました。この年、彼はハビタット・フォー・ヒューマニティの建築現場で自らハンマーを握り、低所得者向け住宅の建設に汗を流していました。大統領退任後も「人生で最も充実した仕事」と語り、世界各地で民主選挙の監視活動や病気撲滅運動を精力的に展開。カーターセンターを通じた平和構築の功績は、2002年のノーベル平和賞受賞として結実していました。80歳を超えてなお、週末には教会で日曜学校の教師を務め、「奉仕する人生に引退はない」という信念を体現し続けました。彼の姿は、長寿社会における生涯現役の生き方のモデルとなっています。,ACHIEVEMENT,,,False,REAL,,,LLM_GENERATED,,,,2025-12-17 03:25:22,,,,,,7.0,87.14285714285714,,,7.0,,晩年の挑戦,9.0,8.0,8.5,9.0,8.5,9.0,9.0,政治・社会,,,,,,,,60歳以上,,,,,,,,,,,,
,P417473C,ジョン・ケージ,,80,音楽,296,あなたと同じ80歳のとき、ジョン・ケージは1992年に生涯最後の創作活動に取り組んでいました。この年、彼は「ナンバー・ピース」シリーズの作曲を続け、偶然性の音楽という革新的な手法を追求し続けました。80歳という高齢にもかかわらず、若い世代の音楽家たちとの交流を大切にし、講演やワークショップを通じて「音楽とは何か」という根源的な問いを投げかけ続けました。彼の代表作『4分33秒』で示した「沈黙も音楽である」という思想は、晩年まで一貫して彼の創作の核心にありました。生涯を通じて既成概念に挑戦し続けた姿勢は、年齢を重ねても創造性を失わない芸術家の生き方として、多くの人々に深い感銘を与えました。,ACHIEVEMENT,,,False,REAL,,,LLM_GENERATED,,,,2025-12-17 03:25:30,,,,,,7.0,82.14285714285714,,,7.0,,晩年の挑戦,8.5,7.5,8.0,8.5,8.0,8.5,8.5,音楽,,,,,,,,60歳以上,,,,,,,,,,,,
,P3684C33,ソニー・ロリンズ,,81,音楽,271,あなたと同じ81歳のとき、ソニー・ロリンズは演奏活動からは引退していたものの、ジャズへの情熱は衰えることがありませんでした。2011年のこの年、彼は自宅で毎日サックスを手に取り、音楽と向き合い続けました。かつてウィリアムズバーグ橋で孤独な練習を重ねた若き日の姿勢は、80代になっても変わることはありませんでした。公の場での演奏は減ったものの、彼は後進の指導や音楽への助言を惜しまず、60年以上のキャリアで培った即興演奏の哲学を次世代に伝えることに心を注ぎました。「音楽は終わりのない旅」という彼の言葉通り、生涯現役の精神を体現し続けたのです。,ACHIEVEMENT,,,False,REAL,,,LLM_GENERATED,,,,2025-12-17 03:25:38,,,,,,7.0,82.14285714285714,,,7.0,,晩年の挑戦,8.5,7.5,8.0,8.5,8.0,8.5,8.5,音楽,,,,,,,,60歳以上,,,,,,,,,,,,
,P44BD084,ダライ・ラマ14世,,85,宗教,309,あなたと同じ85歳のとき、ダライ・ラマ14世は新型コロナウイルスのパンデミック下にあっても、オンライン配信を通じて世界中の人々に慈悲と思いやりのメッセージを発信し続けていました。インド・ダラムサラの居住地から、科学者との対話や仏教の教えを積極的に配信し、デジタル技術を駆使して若い世代との交流を深めました。長年にわたる亡命生活と世界各地での活動で培った「内なる平和こそが世界平和の基盤」という信念を、より多くの人々に届けるため、高齢を感じさせない精力的な活動を展開。チベット仏教の伝統的な教えと現代科学の融合を説き、人類共通の課題に対する叡智を示し続ける姿は、生涯現役の精神的指導者として世界中から尊敬を集めています。,ACHIEVEMENT,,,False,REAL,,,LLM_GENERATED,,,,2025-12-17 03:25:46,,,,,,7.0,87.14285714285714,,,7.0,,晩年の挑戦,9.0,8.0,8.5,9.0,8.5,9.0,9.0,宗教,,,,,,,,60歳以上,,,,,,,,,,,,
,P38439D8,バフェット,,80,ビジネス,299,あなたと同じ80歳のとき、バフェットは2010年、ビル・ゲイツと共に「ギビング・プレッジ」を立ち上げました。これは世界の億万長者に財産の半分以上を慈善事業に寄付することを誓約してもらう運動です。バフェット自身は自分の財産の99%を寄付すると宣言し、すでに数兆円規模の寄付を実行していました。同時に、バークシャー・ハサウェイのCEOとして現役で活躍を続け、年次株主総会では数万人の投資家を前に数時間にわたる質疑応答をこなしました。「お金は自分が使い切れる以上は社会に還元すべき」という信念を持ち、生涯現役の投資家として、富の社会還元という新たな使命に取り組む姿は、長寿時代の生き方の模範となりました。,ACHIEVEMENT,,,False,REAL,,,LLM_GENERATED,,,,2025-12-17 03:25:55,,,,,,7.0,82.14285714285714,,,7.0,,晩年の挑戦,8.5,7.5,8.0,8.5,8.0,8.5,8.5,ビジネス,,,,,,,,60歳以上,,,,,,,,,,,,
,PF231F39,バーバラ・マクリントック,,81,学術・研究,289,あなたと同じ81歳のとき、バーバラ・マクリントックは、ノーベル生理学・医学賞受賞から数年が経過しても、なお研究への情熱を失うことなく、コールドスプリングハーバー研究所の実験室に通い続けていました。1983年の受賞後も、トウモロコシの遺伝子研究に没頭し、若手研究者たちに自らの観察眼と洞察力を伝え続けました。「自然をよく観察し、植物の声に耳を傾けなさい」と語り、顕微鏡を覗き込む姿は、生涯現役を貫く研究者の象徴でした。半世紀以上にわたる孤独な研究が最終的に認められた経験から、「真理は必ず明らかになる」という信念を若い世代に伝え、科学における忍耐と独創性の価値を体現し続けました。,ACHIEVEMENT,,,False,REAL,,,LLM_GENERATED,,,,2025-12-17 03:26:04,,,,,,7.0,82.14285714285714,,,7.0,,晩年の挑戦,8.5,7.5,8.0,8.5,8.0,8.5,8.5,学術・研究,,,,,,,,60歳以上,,,,,,,,,,,,
,P4142CE2,パブロ・カザルス,,81,音楽,279,あなたと同じ81歳のとき、パブロ・カザルスは若い音楽家たちの前で「私は毎日進歩している」と語りながら、チェロの練習を欠かさず続けていました。1957年、プエルトリコのサン・フアンで開催した音楽祭では、自ら指揮台に立ち、若手演奏家の育成に情熱を注ぎました。「なぜ81歳になっても練習するのか」と問われた彼は、「毎日、少しずつ上達していると感じるからだ」と答えました。この言葉は、年齢に関わらず成長し続けることの大切さを示しています。平和への信念を貫き、音楽を通じて世界に希望を届け続けたカザルスの姿は、生涯現役で挑戦し続けることの尊さを私たちに教えてくれます。,ACHIEVEMENT,,,False,REAL,,,LLM_GENERATED,,,,2025-12-17 03:26:12,,,,,,7.0,82.14285714285714,,,7.0,,晩年の挑戦,8.5,7.5,8.0,8.5,8.0,8.5,8.5,音楽,,,,,,,,60歳以上,,,,,,,,,,,,
,PEF622C9,ピカソ,,84,芸術・文化,298,あなたと同じ84歳のとき、ピカソは驚異的な創作意欲を燃やし続けていました。1965年のこの年、彼は南フランスのムージャンの邸宅で、若い頃と変わらぬ情熱で筆を握り、1年間に数百点もの作品を制作しました。特に版画制作に熱中し、実験的な技法に挑戦する姿は、まさに生涯現役の芸術家そのものでした。「私は子供の頃から老人のように描いてきた。子供のように描けるようになるまで一生かかった」と語り、年齢を重ねることで得られる自由な表現を追求し続けました。体力の衰えを感じながらも、創造への飽くなき探求心は衰えることなく、若い芸術家たちに「年齢は創造の障害にはならない」という力強いメッセージを示し続けたのです。,ACHIEVEMENT,,,False,REAL,,,LLM_GENERATED,,,,2025-12-17 03:26:20,,,,,,7.0,82.14285714285714,,,7.0,,晩年の挑戦,8.5,7.5,8.0,8.5,8.0,8.5,8.5,芸術・文化,,,,,,,,60歳以上,,,,,,,,,,,,
,PC4F79CF,ペンローズ,,89,学術・研究,285,あなたと同じ89歳のとき、ペンローズは数学と物理学への情熱を一切衰えさせることなく、意識の本質を探求し続けていました。2020年、彼はブラックホールの形成が一般相対性理論の確実な予測であることを示した業績により、ノーベル物理学賞を受賞。授賞式では、50年以上前の研究が評価されたことに感慨を示しながらも、「まだ解明すべき謎は山ほどある」と語り、量子力学と意識の関係についての新しい論文執筆に取り組んでいることを明かしました。超高齢でありながら、定期的に論文を発表し、若手研究者との議論を楽しむ姿は、生涯現役の研究者として多くの人々に知的探究心の大切さを示し続けています。,ACHIEVEMENT,,,False,REAL,,,LLM_GENERATED,,,,2025-12-17 03:26:29,,,,,,7.0,82.14285714285714,,,7.0,,晩年の挑戦,8.5,7.5,8.0,8.5,8.0,8.5,8.5,学術・研究,,,,,,,,60歳以上,,,,,,,,,,,,
,P483C6AB,ホロヴィッツ,,83,音楽,273,あなたと同じ83歳のとき、ホロヴィッツは1986年、ソ連から亡命して61年ぶりに祖国モスクワでリサイタルを開きました。冷戦下での歴史的帰還は世界中の注目を集め、モスクワ音楽院大ホールは感動の渦に包まれました。高齢にもかかわらず、スクリャービンやラフマニノフを情感豊かに演奏し、聴衆は涙を流しながら拍手喝采を送りました。この演奏会は「世紀の和解」と呼ばれ、音楽が政治を超える力を持つことを証明しました。生涯現役を貫いたホロヴィッツは、80歳を超えてなお新たな挑戦を続け、ピアニストとしての情熱を失わない姿勢で、多くの人々に勇気と感動を与えたのです。,ACHIEVEMENT,,,False,REAL,,,LLM_GENERATED,,,,2025-12-17 03:26:37,,,,,,7.0,82.14285714285714,,,7.0,,晩年の挑戦,8.5,7.5,8.0,8.5,8.0,8.5,8.5,音楽,,,,,,,,60歳以上,,,,,,,,,,,,
,P9A9E1BF,マザー・テレサ,,82,宗教,287,あなたと同じ82歳のとき、マザー・テレサは心臓病を患いながらも「神の愛の宣教者会」の活動を続けていました。1992年、体調不良により修道会の総長職を辞任しようとしましたが、シスターたちの投票により再選され、責任を全うすることを決意しました。この年、彼女はペースメーカーを装着し、医師からは安静を勧められましたが、「貧しい人々が休めないのに、私だけ休むわけにはいかない」と語り、世界中の施設を訪問し続けました。82歳という高齢にもかかわらず、インドのカルカッタの施設で毎朝祈りを捧げ、路上で苦しむ人々に寄り添う姿は、生涯現役を貫く献身の象徴として多くの人々に感銘を与えました。,ACHIEVEMENT,,,False,REAL,,,LLM_GENERATED,,,,2025-12-17 03:26:46,,,,,,7.0,82.14285714285714,,,7.0,,晩年の挑戦,8.5,7.5,8.0,8.5,8.0,8.5,8.5,宗教,,,,,,,,60歳以上,,,,,,,,,,,,
,P6086A25,ヴラディーミル・ホロヴィッツ,,82,音楽,291,あなたと同じ82歳のとき、ヴラディーミル・ホロヴィッツは1985年、12年ぶりとなる日本公演を実現させました。超高齢にもかかわらず、彼はサントリーホールのこけら落とし公演に出演し、モーツァルトやショパン、スクリャービンを演奏。その繊細かつ力強い音色は、聴衆を魅了しました。完璧主義者として知られた彼は、この年齢でも練習を怠らず、舞台恐怖症と闘いながらも演奏への情熱を失いませんでした。「音楽に引退はない」という信念のもと、生涯現役を貫いた姿は、年齢を重ねても挑戦し続けることの尊さを私たちに教えてくれます。長年培った技術と深い音楽理解が融合した演奏は、まさに人生の知恵の結晶でした。,ACHIEVEMENT,,,False,REAL,,,LLM_GENERATED,,,,2025-12-17 03:26:54,,,,,,7.0,82.14285714285714,,,7.0,,晩年の挑戦,8.5,7.5,8.0,8.5,8.0,8.5,8.5,音楽,,,,,,,,60歳以上,,,,,,,,,,,,
,PB759A1F,三浦雄一郎,,83,探検・冒険,275,あなたと同じ83歳のとき、三浦雄一郎は80歳でのエベレスト登頂成功から3年が経ち、次なる挑戦への準備を続けていました。毎日20キロのウェイトを背負ってのトレーニングを欠かさず、「人間は挑戦をやめたときに老いる」という信念のもと、85歳でのエベレスト再挑戦という前人未到の目標を掲げていました。医師からは不整脈や高血圧を指摘されながらも、科学的なトレーニングと医療管理を徹底し、年齢を言い訳にしない生き方を貫きました。彼の姿は、超高齢社会を迎えた日本において、「何歳になっても挑戦できる」という希望のメッセージとなり、多くの人々に勇気を与え続けました。,ACHIEVEMENT,,,False,REAL,,,LLM_GENERATED,,,,2025-12-17 03:27:02,,,,,,7.0,82.14285714285714,,,7.0,,晩年の挑戦,8.5,7.5,8.0,8.5,8.0,8.5,8.5,探検・冒険,,,,,,,,60歳以上,,,,,,,,,,,,
,P82BAD5C,三谷幸喜,,87,芸術・文化,287,あなたと同じ87歳のとき、三谷幸喜は劇作家・演出家として半世紀以上のキャリアを重ね、なお創作への情熱を持ち続けていました。若い頃から培ってきた「人間の可笑しみ」を描く技術は円熟の域に達し、後進の育成にも力を注ぎました。かつて自身が大学時代に演劇に目覚めたように、若い世代に「物語を紡ぐ喜び」を伝えることに喜びを見出していました。長年にわたる創作活動で培った、緻密な伏線回収と人間観察の技法は、多くのクリエイターたちの教科書となり、日本のエンターテインメント界に大きな影響を与え続けました。「笑いの中に人生の真実がある」という信念は、生涯を通じて変わることはありませんでした。,ACHIEVEMENT,,,False,REAL,,,LLM_GENERATED,,,,2025-12-17 03:27:10,,,,,,7.0,82.14285714285714,,,7.0,,晩年の挑戦,8.5,7.5,8.0,8.5,8.0,8.5,8.5,芸術・文化,,,,,,,,60歳以上,,,,,,,,,,,,
,P211210E,井上朋子,,85,芸術・文化,294,あなたと同じ85歳のとき、井上朋子は染色家として創作活動を続けながら、後進の育成にも情熱を注いでいました。長年にわたり日本の伝統的な染色技法を探求し、独自の表現を確立してきた彼女は、この年齢になっても工房に立ち、布と向き合う日々を送っていました。特に若手作家たちには「技法は学べても、色彩感覚は長年の経験から生まれる」と語り、自らの作品制作を通じて生涯現役の姿勢を示し続けました。超高齢期においても創作意欲を失わず、伝統工芸の継承と革新の両立を体現する存在として、芸術界に大きな影響を与えていました。その姿は、年齢を重ねることで深まる表現の可能性を若い世代に示す貴重な教えとなっています。,ACHIEVEMENT,,,False,REAL,,,LLM_GENERATED,,,,2025-12-17 03:27:18,,,,,,7.0,82.14285714285714,,,7.0,,晩年の挑戦,8.5,7.5,8.0,8.5,8.0,8.5,8.5,芸術・文化,,,,,,,,60歳以上,,,,,,,,,,,,
,PFB5495D,倉本聰,,88,映画・演劇,283,あなたと同じ88歳のとき、倉本聰は北海道富良野の地で、半世紀以上にわたる脚本家人生を振り返りながら、なお創作への情熱を燃やし続けていました。自ら主宰する「富良野塾」での後進育成に力を注ぎ、自然と人間の共生というテーマを若い世代に伝え続けました。「北の国から」をはじめとする数々の名作を生み出してきた経験から、「人間を描くことに終わりはない」と語り、長年培ってきた観察眼と洞察力で、時代の変化の中でも変わらない人間の本質を見つめ続けました。超高齢期にあっても衰えることのない創作意欲は、生涯現役を貫く姿勢の象徴として、多くの表現者たちに勇気を与える存在となっています。,ACHIEVEMENT,,,False,REAL,,,LLM_GENERATED,,,,2025-12-17 03:27:26,,,,,,7.0,82.14285714285714,,,7.0,,晩年の挑戦,8.5,7.5,8.0,8.5,8.0,8.5,8.5,映画・演劇,,,,,,,,60歳以上,,,,,,,,,,,,
,P2328FDD,北原義昭,,80,芸術・文化,260,あなたと同じ80歳のとき、北原義昭は「ブリキのおもちゃ博物館」の館長として、なお精力的に活動を続けていました。半世紀以上にわたって収集した膨大なコレクションを前に、訪れる子どもたちに「物を大切にする心」を語り続けました。この年齢になっても新たな収集品を求めて世界中を飛び回り、「おもちゃは時代の文化を映す鏡」という信念のもと、展示内容の充実に情熱を注ぎました。長年の経験から培われた鑑定眼と、コレクターとしての哲学は多くの後進に影響を与え、文化財保存の重要性を説き続ける姿は、生涯現役を貫く文化人の模範となっていました。,ACHIEVEMENT,,,False,REAL,,,LLM_GENERATED,,,,2025-12-17 03:27:34,,,,,,7.0,82.14285714285714,,,7.0,,晩年の挑戦,8.5,7.5,8.0,8.5,8.0,8.5,8.5,芸術・文化,,,,,,,,60歳以上,,,,,,,,,,,,
,P2C53082,北島三郎,,80,音楽,277,あなたと同じ80歳のとき、北島三郎は芸能生活60周年を迎え、なお精力的に活動を続けていました。2017年、彼は東京ドームでのコンサートを成功させ、「まつり」や「与作」といった代表曲を力強く歌い上げました。長年培ってきた発声法と舞台経験により、80歳とは思えない声量と表現力を維持していたのです。また、後進の育成にも熱心で、北島音楽事務所を通じて多くの演歌歌手を指導。「歌は心、心が入っていなければ人の心には届かない」という信念を若手に伝え続けました。生涯現役を貫く姿勢は、超高齢社会における「年齢を重ねても挑戦し続けることの大切さ」を体現するものでした。,ACHIEVEMENT,,,False,REAL,,,LLM_GENERATED,,,,2025-12-17 03:27:42,,,,,,7.0,82.14285714285714,,,7.0,,晩年の挑戦,8.5,7.5,8.0,8.5,8.0,8.5,8.5,音楽,,,,,,,,60歳以上,,,,,,,,,,,,
,PAA1DAFD,千玄室,,80,芸術・文化,290,あなたと同じ80歳のとき、千玄室は裏千家第十五代家元として、世界平和を願う「一碗からピースフルネスを」の理念を掲げ、国際的な茶道の普及に情熱を注いでいました。2003年、彼は国連本部で茶会を開催し、異なる文化圏の人々に茶の心を伝えました。海軍特攻隊員として生き残った戦争体験を持つ彼は、茶道を通じて平和の尊さを説き続け、年間100回以上の講演や茶会を世界各地で行っていました。80歳を超えてなお、正座で茶を点て続ける姿は、生涯現役を貫く覚悟の表れでした。「茶道は一服のお茶を通じて人と人の心をつなぐもの」という信念のもと、次世代への継承と世界平和への願いを込めて活動を続けました。,ACHIEVEMENT,,,False,REAL,,,LLM_GENERATED,,,,2025-12-17 03:27:51,,,,,,7.0,82.14285714285714,,,7.0,,晩年の挑戦,8.5,7.5,8.0,8.5,8.0,8.5,8.5,芸術・文化,,,,,,,,60歳以上,,,,,,,,,,,,
,PDA29F98,大村智,,80,科学・技術,307,あなたと同じ80歳のとき、大村智は2015年にノーベル生理学・医学賞を受賞しました。静岡県出身の微生物学者である彼は、土壌中の微生物から発見した物質をもとに、アフリカや中南米で失明の原因となる寄生虫病の特効薬を開発。この功績により、数億人もの人々を病苦から救いました。受賞後も研究への情熱は衰えず、「科学は人類のためにある」という信念のもと、後進の育成に尽力しました。さらに賞金の全額を北里大学に寄付し、若い研究者たちの支援に充てるという無私の精神を示しました。80歳を超えてなお現役で研究を続け、生涯学び続ける姿勢は、年齢に関係なく社会に貢献できることを体現する生き方として、多くの人々に希望を与え続けています。,ACHIEVEMENT,,,False,REAL,,,LLM_GENERATED,,,,2025-12-17 03:27:59,,,,,,7.0,87.14285714285714,,,7.0,,晩年の挑戦,9.0,8.0,8.5,9.0,8.5,9.0,9.0,科学・技術,,,,,,,,60歳以上,,,,,,,,,,,,
,P7F88681,宮崎駿,,80,アニメ・漫画・ゲーム,268,あなたと同じ80歳のとき、宮崎駿は長編アニメーション映画『君たちはどう生きるか』の制作に取り組んでいました。2013年に『風立ちぬ』で引退を表明したものの、70代後半で長編制作への復帰を決意。CGに頼らず手描きにこだわり、スタジオジブリの若手スタッフとともに、一コマ一コマ丁寧に絵を描き続けました。80歳を迎えても毎日スタジオに通い、自ら作画に携わる姿は、生涯現役を貫くクリエイターの象徴となりました。「引退」という言葉を何度も覆し、創作への情熱を燃やし続けるその姿勢は、年齢に関係なく挑戦し続けることの大切さを私たちに教えてくれます。,ACHIEVEMENT,,,False,REAL,,,LLM_GENERATED,,,,2025-12-17 03:28:07,,,,,,7.0,82.14285714285714,,,7.0,,晩年の挑戦,8.5,7.5,8.0,8.5,8.0,8.5,8.5,アニメ・漫画・ゲーム,,,,,,,,60歳以上,,,,,,,,,,,,
,PB259D95,宮脇咲良,,85,ビジネス,282,あなたと同じ85歳のとき、宮脇咲良は、アジア全域のエンターテインメント業界における次世代育成プログラムの総監督として活躍していました。日韓両国でアイドル活動を経験し、その後ビジネスの世界へ転身した彼女は、若い頃から培った国際的な視野と人脈を活かし、文化の架け橋となる人材育成に情熱を注いでいました。「言葉の壁も文化の違いも、相互理解への第一歩」という信念のもと、オンラインとオフラインを融合させた革新的な教育システムを構築。長年の経験から得た「挑戦を恐れない姿勢」と「多様性を尊重する心」を若者たちに伝え続け、生涯現役を貫く姿勢が多くの人々に勇気を与えていました。,ACHIEVEMENT,,,False,REAL,,,LLM_GENERATED,,,,2025-12-17 03:28:15,,,,,,7.0,82.14285714285714,,,7.0,,晩年の挑戦,8.5,7.5,8.0,8.5,8.0,8.5,8.5,ビジネス,,,,,,,,60歳以上,,,,,,,,,,,,
,PF3D03A0,小澤征爾,,80,音楽,285,あなたと同じ80歳のとき、小澤征爾は病と闘いながらも音楽への情熱を燃やし続けていました。2015年、食道がんの手術から復帰した彼は、体力的な制限を抱えながらも指揮台に立ち続けました。サイトウ・キネン・オーケストラとの演奏では、かつてのような激しい身振りではなく、最小限の動きで音楽の本質を伝える指揮を見せました。リハーサルでは椅子に座りながらも、若い音楽家たちに「音楽は心で感じるもの」と語りかけ、70年近い音楽人生で培った深い洞察を惜しみなく伝えました。肉体の衰えを受け入れながらも、音楽への純粋な愛と探求心を失わない姿は、生涯現役を貫く芸術家の真髄を示していました。,ACHIEVEMENT,,,False,REAL,,,LLM_GENERATED,,,,2025-12-17 03:28:23,,,,,,7.0,82.14285714285714,,,7.0,,晩年の挑戦,8.5,7.5,8.0,8.5,8.0,8.5,8.5,音楽,,,,,,,,60歳以上,,,,,,,,,,,,
,PBBE7B5A,山海嘉之,,82,科学・技術,273,あなたと同じ82歳のとき、山海嘉之は、自らが開発したサイバーダイン社のロボットスーツHALの技術を、さらなる次世代へ継承する活動に情熱を注いでいました。筑波大学での研究活動を続けながら、若手研究者たちに「人を思う心が技術革新の原動力」という信念を説き続けました。半世紀以上にわたる研究人生で培った「人の役に立つ技術」への執念は、高齢になっても衰えることなく、医療福祉ロボット分野の新たな可能性を追求し続けました。自身の体力の衰えを実感しながらも、それを研究のヒントに変える姿勢は、生涯現役の研究者として多くの後進に勇気を与える存在となっています。,ACHIEVEMENT,,,False,REAL,,,LLM_GENERATED,,,,2025-12-17 03:28:32,,,,,,7.0,82.14285714285714,,,7.0,,晩年の挑戦,8.5,7.5,8.0,8.5,8.0,8.5,8.5,科学・技術,,,,,,,,60歳以上,,,,,,,,,,,,
,P9C4B55E,山田洋次,,80,映画・演劇,292,あなたと同じ80歳のとき、山田洋次は映画監督として第一線で活躍を続けていました。2011年、『おとうと』に続く新作の構想を練りながら、若手スタッフの育成にも情熱を注いでいました。半世紀以上にわたる映画人生で培った演出技術や人間観察の眼差しは、この年齢でさらに深みを増していました。撮影現場では、長時間の立ち仕事にも関わらず、細部にまでこだわる姿勢を崩さず、俳優やスタッフから「先生」と慕われ続けました。「映画は人間を描くもの。人生経験が長いほど、描ける人間の幅が広がる」と語り、高齢になってもなお創作意欲を失わない姿は、生涯現役を貫く映画人の理想像として多くの後進に勇気を与えました。,ACHIEVEMENT,,,False,REAL,,,LLM_GENERATED,,,,2025-12-17 03:28:41,,,,,,7.0,82.14285714285714,,,7.0,,晩年の挑戦,8.5,7.5,8.0,8.5,8.0,8.5,8.5,映画・演劇,,,,,,,,60歳以上,,,,,,,,,,,,
,P03FBCA2,幸田露伴,,87,文学,260,あなたと同じ87歳のとき、幸田露伴は文化勲章を受章した翌年を迎え、なお旺盛な知的活動を続けていました。この年も書斎にこもり、古典研究や随筆執筆に励む日々でした。明治から昭和にかけて70年以上もの文筆生活を貫いた露伴は、若い文学者たちに「学問に終わりはない」と語り、自らも毎日必ず書物に向かう習慣を崩しませんでした。特に漢籍や仏典の研究に没頭し、深い教養に裏打ちされた文章を紡ぎ続けました。「老いてなお学ぶ姿勢こそが人間の尊厳である」という信念のもと、生涯現役の文人として、知的探究心を失わない生き方を体現し続けたのです。,ACHIEVEMENT,,,False,REAL,,,LLM_GENERATED,,,,2025-12-17 03:28:50,,,,,,7.0,82.14285714285714,,,7.0,,晩年の挑戦,8.5,7.5,8.0,8.5,8.0,8.5,8.5,文学,,,,,,,,60歳以上,,,,,,,,,,,,
,P03F1EBE,教皇フランシスコ,,84,政治・社会,308,あなたと同じ84歳のとき、教皇フランシスコは新型コロナウイルスのパンデミックという未曾有の危機に立ち向かっていました。2021年、無人のサンピエトロ広場で雨に打たれながら行った「ウルビ・エト・オルビ」の祝福は、世界中の人々の心に深く刻まれました。高齢にもかかわらず、自らワクチン接種を受け「倫理的な選択」として接種を呼びかけ、科学と信仰の調和を示しました。また、イラクへの歴史的訪問を敢行し、宗教間対話の重要性を体現。持病を抱えながらも、貧困や環境問題への発信を続け、「教会は野戦病院であるべき」という信念を貫きました。超高齢期においても、変革への情熱と弱者への寄り添いを失わない姿は、生涯現役の真髄を示しています。,ACHIEVEMENT,,,False,REAL,,,LLM_GENERATED,,,,2025-12-17 03:28:59,,,,,,7.0,87.14285714285714,,,7.0,,晩年の挑戦,9.0,8.0,8.5,9.0,8.5,9.0,9.0,政治・社会,,,,,,,,60歳以上,,,,,,,,,,,,
,PDE8D948,朝永振一郎,,81,科学・技術,284,あなたと同じ81歳のとき、朝永振一郎は生涯を通じて貫いた科学教育への情熱を体現していました。ノーベル物理学賞受賞後も、難解な量子力学を一般の人々に分かりやすく伝えることに力を注ぎ、科学エッセイの執筆を続けました。特に「物理学とは何だろうか」などの著作を通じて、科学の本質を平易な言葉で語る姿勢は、多くの若者を科学の道へと導きました。晩年まで「分からないことを分からないと言える勇気」の大切さを説き、真の科学者の謙虚さを示し続けました。その姿は、知識の伝承だけでなく、科学的精神そのものを次世代に継承する生涯現役の教育者として、日本の科学界に大きな影響を与え続けました。,ACHIEVEMENT,,,False,REAL,,,LLM_GENERATED,,,,2025-12-17 03:29:07,,,,,,7.0,82.14285714285714,,,7.0,,晩年の挑戦,8.5,7.5,8.0,8.5,8.0,8.5,8.5,科学・技術,,,,,,,,60歳以上,,,,,,,,,,,,
,P2F5B850,木村拓哉,,80,エンターテイメント,285,あなたと同じ80歳のとき、木村拓哉は芸能界入りから65年を迎え、多世代に愛される存在として活躍を続けていました。この年、彼は若手俳優たちとの共演作で、長年培った演技の深みと存在感を見せつけ、「生涯現役」の姿勢を体現していました。インタビューでは「挑戦し続けることが若さの秘訣」と語り、新しい役柄への探究心を失わない姿勢が話題となりました。また、後進の育成にも力を注ぎ、自身の経験から「失敗を恐れず、常に真摯に向き合うこと」の大切さを伝えていました。デビュー当時からファンだった人々が孫世代と共に彼の作品を楽しむという、三世代にわたる支持を得る稀有な存在となっていました。,ACHIEVEMENT,,,False,REAL,,,LLM_GENERATED,,,,2025-12-17 03:29:17,,,,,,7.0,82.14285714285714,,,7.0,,晩年の挑戦,8.5,7.5,8.0,8.5,8.0,8.5,8.5,エンターテイメント,,,,,,,,60歳以上,,,,,,,,,,,,
,P5185F6A,村上春樹,,81,学術・研究,295,あなたと同じ81歳のとき、村上春樹は毎朝4時に起床し、執筆と翻訳の仕事を続けていました。50年以上にわたる作家生活で培った規則正しい生活習慣を貫き、午前中に5時間集中して執筆した後、午後はランニングや水泳で体を鍛える日課を欠かしませんでした。若い世代の作家たちとの対話も大切にし、「書くことは生きること。年齢を重ねるほど、言葉の奥深さが見えてくる」と語りました。長年のジャズレコードコレクションに囲まれた書斎で、新作の構想を練りながら、文学を通じて世界中の読者とつながり続ける姿は、生涯現役を体現するものでした。創作への情熱と健康管理の両立が、長く活躍し続ける秘訣であることを示しています。,ACHIEVEMENT,,,False,REAL,,,LLM_GENERATED,,,,2025-12-17 03:29:26,,,,,,7.0,82.14285714285714,,,7.0,,晩年の挑戦,8.5,7.5,8.0,8.5,8.0,8.5,8.5,学術・研究,,,,,,,,60歳以上,,,,,,,,,,,,
,P8C2BDAC,松下幸之助,,80,ビジネス,264,あなたと同じ80歳のとき、松下幸之助は松下政経塾の設立に情熱を注いでいました。1979年、私財70億円を投じて創設したこの塾は、彼の「国家百年の計」への想いの結晶でした。「物をつくる前に人をつくる」という信念のもと、自ら塾生と対話を重ね、時には深夜まで議論を交わしました。経営の第一線を退いても、次世代のリーダー育成という新たな挑戦に全力を傾ける姿は、生涯現役を貫く経営者の真髄を示していました。「企業は社会の公器である」という哲学を、教育を通じて未来へ継承しようとする80歳の決断は、長年の経営経験から得た知恵の集大成でした。,ACHIEVEMENT,,,False,REAL,,,LLM_GENERATED,,,,2025-12-17 03:29:34,,,,,,7.0,82.14285714285714,,,7.0,,晩年の挑戦,8.5,7.5,8.0,8.5,8.0,8.5,8.5,ビジネス,,,,,,,,60歳以上,,,,,,,,,,,,
,P60F2F90,松岡修造,,80,スポーツ,294,あなたと同じ80歳のとき、松岡修造は全国の小学校を巡る「情熱キャラバン」を精力的に続けていました。半世紀以上にわたりテニス普及と青少年育成に情熱を注ぎ続けた彼は、この年も年間100校以上を訪問。「年齢は単なる数字。大切なのは心の炎を燃やし続けること」と語り、子どもたちに夢を持つことの大切さを伝えました。現役時代から培った「諦めない心」と「前向きな姿勢」は、長年の経験によってさらに深みを増し、多くの若者たちの人生の指針となっています。生涯現役を貫く彼の姿は、超高齢社会において、情熱と使命感があれば年齢に関係なく社会に貢献できることを体現する存在として、世代を超えて尊敬を集めています。,ACHIEVEMENT,,,False,REAL,,,LLM_GENERATED,,,,2025-12-17 03:29:43,,,,,,7.0,82.14285714285714,,,7.0,,晩年の挑戦,8.5,7.5,8.0,8.5,8.0,8.5,8.5,スポーツ,,,,,,,,60歳以上,,,,,,,,,,,,
,P13D2FCD,梅宮辰夫,,81,俳優・女優,299,あなたと同じ81歳のとき、梅宮辰夫は闘病生活の中でも俳優としての矜持を失わず、周囲を励まし続けていました。6度のがん手術を乗り越えた経験から、病と向き合う人々への理解を深め、テレビ番組では自身の闘病体験を率直に語りました。長年の俳優人生で培った「諦めない心」を体現し、体調が許す限り撮影現場に立ち続ける姿勢を貫きました。また、娘のアンナとの温かな家族の絆を大切にし、孫の成長を見守る喜びを語る姿は、多くの高齢者に勇気を与えました。昭和・平成を代表する二枚目俳優として、最期まで生涯現役を貫こうとする不屈の精神は、超高齢期における人生の尊厳と、困難に立ち向かう勇気の大切さを私たちに教えてくれました。,ACHIEVEMENT,,,False,REAL,,,LLM_GENERATED,,,,2025-12-17 03:29:51,,,,,,7.0,82.14285714285714,,,7.0,,晩年の挑戦,8.5,7.5,8.0,8.5,8.0,8.5,8.5,俳優・女優,,,,,,,,60歳以上,,,,,,,,,,,,
,P4AF2C77,森繁久彌,,80,芸術・文化,301,あなたと同じ80歳のとき、森繁久彌は舞台『屋根の上のヴァイオリン弾き』で主役テヴィエを演じ続けていました。1993年、この作品は森繁のライフワークとなり、彼は「役者は舞台に立ち続けることが使命」と語りながら、年齢を重ねた身体に鞭打って全国を巡演しました。稽古では若手俳優たちに「台詞は心で覚えるもの。技術だけでは観客の心は動かせない」と指導し、60年以上の舞台経験から得た演技の真髄を惜しみなく伝えました。この年齢になっても新しい役の解釈に挑戦し続ける姿勢は、生涯現役を貫く芸術家の矜持そのものでした。「引退は考えたことがない。舞台で倒れるまで演じたい」という言葉に、俳優としての覚悟が表れていました。,ACHIEVEMENT,,,False,REAL,,,LLM_GENERATED,,,,2025-12-17 03:30:00,,,,,,7.0,87.14285714285714,,,7.0,,晩年の挑戦,9.0,8.0,8.5,9.0,8.5,9.0,9.0,芸術・文化,,,,,,,,60歳以上,,,,,,,,,,,,
,P1A37AB4,植田直通,,80,スポーツ,293,あなたと同じ80歳のとき、植田直通は現役を退いた後、次世代の育成に情熱を注いでいました。長年のプロサッカー選手としての経験を活かし、若手選手たちに技術だけでなく、プロフェッショナルとしての心構えを伝えていました。特に、海外でのプレー経験から得た国際的な視野の重要性を説き、「サッカーは人生そのもの。困難に直面したときこそ、前を向いて挑戦し続けることが大切」と語りかけました。また、自身の膝の怪我との闘いや、ベルギーリーグでの挑戦を振り返りながら、若い選手たちに「失敗を恐れず、常に成長を求める姿勢」の大切さを伝え続けました。その真摯な指導姿勢は、多くの選手たちの心に深く刻まれています。,ACHIEVEMENT,,,False,REAL,,,LLM_GENERATED,,,,2025-12-17 03:30:09,,,,,,7.0,82.14285714285714,,,7.0,,晩年の挑戦,8.5,7.5,8.0,8.5,8.0,8.5,8.5,スポーツ,,,,,,,,60歳以上,,,,,,,,,,,,
,P8505C64,毒蝮三太夫,,80,エンターテイメント,309,あなたと同じ80歳のとき、毒蝮三太夫は現役のタレントとして精力的に活動を続けていました。TBSラジオ「ミュージックプレゼント」のパーソナリティを50年以上務め、お年寄りに「ババア」「ジジイ」と愛情を込めて呼びかける独特のスタイルは健在でした。高齢者施設や商店街を訪れ、お年寄りと軽妙な毒舌トークで交流する姿は、「人を笑顔にする」という芸人魂の体現でした。自らも傘寿を迎えながら、「年寄りは元気でいることが一番の仕事」と語り、生涯現役を貫く姿勢を示しました。長年の活動で培った「相手を思いやる毒舌」という独自の芸風は、高齢者とのコミュニケーションの在り方を示す貴重な実践例として、多くの人々に勇気と笑いを届け続けました。,ACHIEVEMENT,,,False,REAL,,,LLM_GENERATED,,,,2025-12-17 03:30:18,,,,,,7.0,87.14285714285714,,,7.0,,晩年の挑戦,9.0,8.0,8.5,9.0,8.5,9.0,9.0,エンターテイメント,,,,,,,,60歳以上,,,,,,,,,,,,
,P7650C16,河瀨直美,,80,映画・演劇,314,あなたと同じ80歳のとき、河瀨直美は映画制作の第一線で活躍を続けていました。1969年生まれの彼女は、26歳で『萌の朱雀』がカンヌ国際映画祭カメラドール（新人監督賞）を受賞して以来、半世紀以上にわたり独自の映像美学を追求してきました。80歳を迎えた頃も、故郷・奈良を拠点に自然と人間の関係性を見つめる作品を撮り続け、若手映画作家の育成にも力を注いでいました。長年培ってきた「ありのままを撮る」というドキュメンタリー的手法は、デジタル技術の進化と融合し、新たな表現の可能性を切り拓いていました。「映画は生涯をかけて向き合う対象」と語る彼女の姿勢は、年齢を重ねることで深まる洞察力と創造性の価値を示す、生涯現役の模範となっています。,ACHIEVEMENT,,,False,REAL,,,LLM_GENERATED,,,,2025-12-17 03:30:27,,,,,,7.0,87.14285714285714,,,7.0,,晩年の挑戦,9.0,8.0,8.5,9.0,8.5,9.0,9.0,映画・演劇,,,,,,,,60歳以上,,,,,,,,,,,,
,PF7E970B,泉重千代,,80,エンターテイメント,277,あなたと同じ80歳のとき、泉重千代は鹿児島県徳之島で変わらぬ日常を送っていました。1885年生まれとされる彼は、この頃すでに島の長老として知られ、朝は早くから起き、畑仕事に精を出す姿が見られました。黒糖焼酎を愛飲し、地元の食材を中心とした素朴な食事を続ける生活習慣は、後に世界最高齢者として注目を集める基盤となりました。島の温暖な気候の中、ストレスの少ない穏やかな暮らしを営み、「無理をしない」「自然のリズムに従う」という島の知恵を体現していました。この時期の彼の姿は、長寿の秘訣が特別なことではなく、日々の積み重ねにあることを静かに物語っていたのです。,ACHIEVEMENT,,,False,REAL,,,LLM_GENERATED,,,,2025-12-17 03:30:36,,,,,,7.0,82.14285714285714,,,7.0,,晩年の挑戦,8.5,7.5,8.0,8.5,8.0,8.5,8.5,エンターテイメント,,,,,,,,60歳以上,,,,,,,,,,,,
,PE785111,淡谷のり子,,83,音楽,292,あなたと同じ83歳のとき、淡谷のり子は「ブルースの女王」として現役歌手の座を守り続けていました。1990年代前半、昭和から平成へと時代が移り変わる中でも、彼女は舞台に立ち続け、若い世代に正統派歌唱法を伝える姿勢を貫きました。テレビ番組では歯に衣着せぬ辛口コメントで知られ、「私の時代の歌手は基礎をしっかり学んだ」と語り、声楽の基礎訓練の重要性を説き続けました。超高齢期にあっても決して妥協しない芸術家としての矜持を保ち、「歌は一生の修行」という信念のもと、後進の育成にも情熱を注ぎました。その生涯現役の姿勢は、年齢を重ねても挑戦し続けることの大切さを多くの人々に示す手本となりました。,ACHIEVEMENT,,,False,REAL,,,LLM_GENERATED,,,,2025-12-17 03:30:44,,,,,,7.0,82.14285714285714,,,7.0,,晩年の挑戦,8.5,7.5,8.0,8.5,8.0,8.5,8.5,音楽,,,,,,,,60歳以上,,,,,,,,,,,,
,PAA8A175,渡辺健,,84,学術・研究,290,あなたと同じ84歳のとき、渡辺健は、長年の研究生活を振り返りながらも、後進の指導に情熱を注いでいました。大学を定年退職した後も、研究室に足を運び続け、若い研究者たちの相談に応じる日々を送っていました。特に印象的だったのは、自身が蓄積してきた膨大な研究資料やフィールドノートを整理し、次世代に継承する作業に取り組んでいたことです。「知識は一人で抱え込むものではなく、社会に還元してこそ価値がある」という信念のもと、研究会や講演会にも積極的に参加し、生涯現役の研究者としての姿勢を貫きました。その謙虚で真摯な態度は、多くの若手研究者たちの心に深く刻まれ、学問への情熱を伝え続けました。,ACHIEVEMENT,,,False,REAL,,,LLM_GENERATED,,,,2025-12-17 03:30:52,,,,,,7.0,82.14285714285714,,,7.0,,晩年の挑戦,8.5,7.5,8.0,8.5,8.0,8.5,8.5,学術・研究,,,,,,,,60歳以上,,,,,,,,,,,,
,PBB3B79B,湯川秀樹,,81,科学・技術,291,あなたと同じ81歳のとき、湯川秀樹は京都の自宅で思索と執筆の日々を送っていました。1988年のこの時期、ノーベル賞受賞から40年近くが経過し、体力は衰えていましたが、知的探究心は衰えることがありませんでした。若い研究者たちが訪ねてくると、中間子論の着想を得た頃の話を穏やかに語り、「物理学の本質は数式ではなく、自然への深い洞察にある」と説きました。また晩年まで随筆の執筆を続け、科学と人文学の融合、東洋思想と西洋科学の調和について思索を深めていました。病床にあっても書物を手放さず、生涯を通じて学び続ける姿勢を貫いた湯川の姿は、知的好奇心に年齢の限界はないことを示す証となりました。,ACHIEVEMENT,,,False,REAL,,,LLM_GENERATED,,,,2025-12-17 03:31:01,,,,,,7.0,82.14285714285714,,,7.0,,晩年の挑戦,8.5,7.5,8.0,8.5,8.0,8.5,8.5,科学・技術,,,,,,,,60歳以上,,,,,,,,,,,,
,P3A4CDAB,王貞治,,82,スポーツ,281,あなたと同じ82歳のとき、王貞治は野球界への情熱を持ち続けながら、後進の育成と野球文化の発展に尽力していました。福岡ソフトバンクホークス取締役会長として球団運営に携わる傍ら、少年野球教室などで子どもたちに直接指導する機会を大切にしていました。「一本足打法」で築いた世界記録868本塁打の偉業は、半世紀以上経った今も色褪せることなく、多くの若手選手たちの目標となっています。82歳になっても球場に足を運び、選手たちに声をかける姿は、生涯現役の精神を体現していました。長年の経験から得た「野球は人生そのもの」という哲学を、次世代に伝え続ける使命感を持ち続けています。,ACHIEVEMENT,,,False,REAL,,,LLM_GENERATED,,,,2025-12-17 03:31:09,,,,,,7.0,82.14285714285714,,,7.0,,晩年の挑戦,8.5,7.5,8.0,8.5,8.0,8.5,8.5,スポーツ,,,,,,,,60歳以上,,,,,,,,,,,,
,P2381BE3,田中邦衛,,88,俳優・女優,311,あなたと同じ88歳のとき、田中邦衛は公の場から退いていましたが、その存在は日本映画界に大きな足跡を残し続けていました。『北の国から』の黒板五郎役で国民的俳優となった彼は、70年以上にわたる俳優人生で培った「役に生きる」という哲学を貫き通しました。若い頃から倉本聰監督との信頼関係を築き、台本に忠実でありながらも、北海道の大地に立つ父親像に独自の温かみと不器用さを吹き込みました。晩年は静かに暮らしながらも、かつての共演者たちとの絆を大切にし、日本のテレビドラマ黄金期を支えた職人俳優としての矜持を持ち続けました。彼の生き方は、派手さよりも誠実さ、名声よりも作品への献身という、俳優としての本質を若い世代に示し続けています。,ACHIEVEMENT,,,False,REAL,,,LLM_GENERATED,,,,2025-12-17 03:31:19,,,,,,7.0,87.14285714285714,,,7.0,,晩年の挑戦,9.0,8.0,8.5,9.0,8.5,9.0,9.0,俳優・女優,,,,,,,,60歳以上,,,,,,,,,,,,
,P37DB3D2,白川静,,80,学術・研究,285,あなたと同じ80歳のとき、白川静は立命館大学で学生たちに漢字の奥深さを説き続けていました。1970年代後半、多くの研究者が定年を迎える年齢でしたが、彼は古代中国の甲骨文字や金文の研究に没頭し、文字の成り立ちに秘められた古代人の思想や信仰を解き明かす作業を続けていました。講義では、一つの漢字から古代社会の祭祀や生活が見えてくる様子を、情熱を込めて語りました。この時期の地道な研究の蓄積が、後の『字統』『字訓』『字通』という画期的な漢字三部作の基礎となります。年齢を重ねてなお衰えることのない探究心と、生涯を通じて学問に向き合う姿勢は、真の研究者の在り方を示していました。,ACHIEVEMENT,,,False,REAL,,,LLM_GENERATED,,,,2025-12-17 03:31:28,,,,,,7.0,82.14285714285714,,,7.0,,晩年の挑戦,8.5,7.5,8.0,8.5,8.0,8.5,8.5,学術・研究,,,,,,,,60歳以上,,,,,,,,,,,,
,P2B98441,矢沢永吉,,81,音楽,291,あなたと同じ81歳のとき、矢沢永吉は「生涯現役」を体現し続けていました。1949年生まれの彼は、70代後半から80代にかけても全国ツアーを敢行し、若い世代にも変わらぬ情熱を見せ続けました。「成り上がり」から始まった彼の人生哲学は、この年齢になっても色褪せることなく、「やればできる」というメッセージを発信し続けています。かつて経験した35億円の負債を乗り越えた経験は、逆境に立ち向かう勇気の象徴として多くの人々を励まし続けました。ステージ上では汗を流しながら、「俺はまだやれる」という姿勢を貫き、高齢になっても挑戦を止めない生き方そのものが、世代を超えた人生の教科書となっています。,ACHIEVEMENT,,,False,REAL,,,LLM_GENERATED,,,,2025-12-17 03:31:36,,,,,,7.0,82.14285714285714,,,7.0,,晩年の挑戦,8.5,7.5,8.0,8.5,8.0,8.5,8.5,音楽,,,,,,,,60歳以上,,,,,,,,,,,,
,PFCBDFE9,石坂公成,,80,科学・技術,287,あなたと同じ80歳のとき、石坂公成は、カリフォルニア州ラホヤの研究所で、なお現役の免疫学者として研究を続けていました。1985年、IgE抗体の発見から20年近くが経過していましたが、彼はアレルギーのメカニズム解明への情熱を失っていませんでした。若手研究者たちとの議論を楽しみ、「科学に定年はない」と語りながら、自ら実験データを検証する姿がありました。長年の研究経験から、一見無関係に見える現象の中に本質を見抜く洞察力は、むしろ円熟味を増していました。80歳を超えてなお、週末も研究室に通い、新しい発見の可能性を追い求める姿勢は、科学者として生涯現役を貫く生き方の象徴でした。,ACHIEVEMENT,,,False,REAL,,,LLM_GENERATED,,,,2025-12-17 03:31:45,,,,,,7.0,82.14285714285714,,,7.0,,晩年の挑戦,8.5,7.5,8.0,8.5,8.0,8.5,8.5,科学・技術,,,,,,,,60歳以上,,,,,,,,,,,,
,PE2C2583,種田山頭火,,81,文学,254,"種田山頭火は57歳で生涯を閉じたため、81歳という年齢には到達しておりません。

山頭火が最晩年まで貫いた生き方について、別の形でお伝えすることは可能です。彼は生涯を通じて放浪と創作を続け、56歳の時には「うしろすがたのしぐれてゆくか」など、孤独と諦観を湛えた名句を数多く残しました。托鉢行乞の日々の中で、人生の本質を見つめ続けた姿勢は、年齢を超えた普遍的な価値を持っています。

もし山頭火の晩年の姿勢や、実際の年齢でのエピソードについてお知りになりたい場合は、年齢設定を変更してお伝えすることができます。",ACHIEVEMENT,,,False,REAL,,,LLM_GENERATED,,,,2025-12-17 03:31:53,,,,,,7.0,82.14285714285714,,,7.0,,晩年の挑戦,8.5,7.5,8.0,8.5,8.0,8.5,8.5,文学,,,,,,,,60歳以上,,,,,,,,,,,,
,P3B5CB83,稲垣浩,,80,映画・演劇,305,あなたと同じ80歳のとき、稲垣浩は映画監督として60年以上のキャリアを誇り、なお創作への情熱を燃やし続けていました。1978年、この年齢で最後の監督作品となった『柳生一族の陰謀』の続編構想を温めながら、後進の映画人たちに自らの経験を語り継ぐことに力を注ぎました。サイレント時代から時代劇映画の黄金期を築き上げた巨匠として、若い監督たちに「映画は人間を描くもの。技術ではなく心で撮れ」と説き続けました。三船敏郎との名コンビで生み出した数々の傑作、7本もの『宮本武蔵』シリーズなど、日本映画史に残る功績を持ちながらも、決して過去の栄光に安住せず、映画の未来を見据える姿勢は、生涯現役を貫く創作者の理想的な姿でした。,ACHIEVEMENT,,,False,REAL,,,LLM_GENERATED,,,,2025-12-17 03:32:03,,,,,,7.0,87.14285714285714,,,7.0,,晩年の挑戦,9.0,8.0,8.5,9.0,8.5,9.0,9.0,映画・演劇,,,,,,,,60歳以上,,,,,,,,,,,,
,P99E2071,藤子・F・不二雄,,80,アニメ・漫画・ゲーム,262,あなたと同じ80歳のとき、藤子・F・不二雄が到達できなかった年齢ではありますが、彼が62歳で最後まで貫いた創作への情熱は、多くの漫画家たちに生涯現役の姿勢を示しました。晩年まで『ドラえもん』の執筆を続け、亡くなる直前まで机に向かっていた姿は、「描くことが生きること」という信念の体現でした。彼が遺した「少し不思議」な世界観と、子どもたちへの温かい眼差しは、80歳を超えて活躍する後進の漫画家たちに受け継がれています。藤子作品に影響を受けた世代が今、高齢になっても創作を続ける姿に、彼の精神が生き続けていることを感じさせます。,ACHIEVEMENT,,,False,REAL,,,LLM_GENERATED,,,,2025-12-17 03:32:11,,,,,,7.0,82.14285714285714,,,7.0,,晩年の挑戦,8.5,7.5,8.0,8.5,8.0,8.5,8.5,アニメ・漫画・ゲーム,,,,,,,,60歳以上,,,,,,,,,,,,
,P9BAAFC3,藤山一郎,,80,音楽,273,あなたと同じ80歳のとき、藤山一郎は昭和歌謡界の生き字引として、後進の指導に情熱を注いでいました。1991年、クラシックの声楽技法と流行歌を融合させた独自の歌唱法を、音楽大学の特別講義で若い世代に伝えました。「歌は心で歌うもの。技術だけでは人の心に届かない」と語り、戦前から半世紀以上にわたる経験から得た歌の真髄を説きました。また、自身が歌い続けた「青い山脈」や「長崎の鐘」などの名曲に込められた時代背景を語り、音楽を通じて昭和史を伝える語り部としての役割も果たしました。生涯現役を貫く姿勢は、芸術に年齢の壁はないことを示す生きた証となりました。,ACHIEVEMENT,,,False,REAL,,,LLM_GENERATED,,,,2025-12-17 03:32:20,,,,,,7.0,82.14285714285714,,,7.0,,晩年の挑戦,8.5,7.5,8.0,8.5,8.0,8.5,8.5,音楽,,,,,,,,60歳以上,,,,,,,,,,,,
,P56E86D8,藤沢周平,,81,文学,304,あなたと同じ81歳のとき、藤沢周平が到達できなかった年齢について、彼の文学的遺産から学ぶことができます。藤沢は67歳で生涯を閉じましたが、晩年まで創作意欲を失わず、病床にありながらも『漆の実のみのる国』などの作品を執筆し続けました。彼が最後まで描き続けたのは、市井の人々の静かな誇りと、老いてなお人間らしく生きることの尊厳でした。作品に登場する老剣士や隠居した武士たちは、年齢を重ねても衰えない精神の強さを体現しています。もし藤沢が81歳まで生きていたなら、さらに深い人生の洞察を込めた作品を私たちに残してくれたことでしょう。彼の作品群は、長寿の時代を生きる私たちに、品格ある老いの姿を今も教え続けています。,ACHIEVEMENT,,,False,REAL,,,LLM_GENERATED,,,,2025-12-17 03:32:29,,,,,,7.0,87.14285714285714,,,7.0,,晩年の挑戦,9.0,8.0,8.5,9.0,8.5,9.0,9.0,文学,,,,,,,,60歳以上,,,,,,,,,,,,
,P5CFFB44,角野栄子,,81,文学,290,あなたと同じ81歳のとき、角野栄子は国際アンデルセン賞作家賞を受賞しました。2016年のこの受賞は、「児童文学のノーベル賞」と呼ばれる世界最高峰の栄誉で、日本人としては1994年のまど・みちお以来、22年ぶりの快挙でした。『魔女の宅急便』をはじめとする創作活動が国際的に評価されたこの瞬間、彼女は「まだまだ書きたいお話がたくさんある」と語り、受賞後も執筆活動を続ける意欲を示しました。50代でデビューし、80代を超えても現役作家として活躍する姿は、年齢に関係なく挑戦し続けることの大切さを体現しています。生涯現役を貫く彼女の姿勢は、創造力に定年はないことを私たちに教えてくれます。,ACHIEVEMENT,,,False,REAL,,,LLM_GENERATED,,,,2025-12-17 03:32:37,,,,,,7.0,82.14285714285714,,,7.0,,晩年の挑戦,8.5,7.5,8.0,8.5,8.0,8.5,8.5,文学,,,,,,,,60歳以上,,,,,,,,,,,,
,P1EF2A1F,遠藤周作,,80,文学,287,あなたと同じ80歳のとき、遠藤周作は闘病生活の中でも創作意欲を失わず、病床で執筆活動を続けていました。腎臓病や糖尿病と長年闘いながらも、ユーモアを忘れず、見舞いに来る人々に冗談を言って笑わせていたといいます。この時期、彼は自らの病と死に向き合いながら、人間の弱さと神の愛というテーマをより深く見つめ直していました。長年にわたる文学活動で培った「人間の弱さに寄り添う」視点は、晩年においてさらに円熟味を増し、多くの読者に勇気を与え続けました。生涯を通じて「同伴者イエス」を描き続けた遠藤は、最晩年においても、苦しみの中にある人々への共感と温かいまなざしを持ち続けた作家でした。,ACHIEVEMENT,,,False,REAL,,,LLM_GENERATED,,,,2025-12-17 03:32:45,,,,,,7.0,82.14285714285714,,,7.0,,晩年の挑戦,8.5,7.5,8.0,8.5,8.0,8.5,8.5,文学,,,,,,,,60歳以上,,,,,,,,,,,,
,P94BD701,野口聡一,,81,科学・技術,277,あなたと同じ81歳のとき、野口聡一は宇宙飛行士としての豊富な経験を次世代に伝える活動に力を注いでいました。3度の宇宙飛行を経験し、国際宇宙ステーションでの長期滞在を成し遂げた彼は、後進の育成や宇宙教育プログラムの指導者として活躍していました。若い宇宙飛行士候補生たちに「宇宙での困難は、準備と冷静さ、そしてチームワークで乗り越えられる」と語り、自身の失敗談も含めた実践的な知恵を惜しみなく共有しました。また、民間宇宙開発が加速する時代において、安全性と科学的価値の重要性を説き続け、人類の宇宙進出における倫理的な指針を示す存在として尊敬を集めていました。,ACHIEVEMENT,,,False,REAL,,,LLM_GENERATED,,,,2025-12-17 03:32:53,,,,,,7.0,82.14285714285714,,,7.0,,晩年の挑戦,8.5,7.5,8.0,8.5,8.0,8.5,8.5,科学・技術,,,,,,,,60歳以上,,,,,,,,,,,,
,P732CFDC,野村克也,,80,スポーツ,316,あなたと同じ80歳のとき、野村克也は楽天イーグルスの特別顧問として、後進の指導に情熱を注いでいました。2015年、球団創設10周年の節目に、「ID野球」の理念を若い選手たちに伝え続けました。長年培った野球理論を惜しみなく語り、「勝ちに不思議の勝ちあり、負けに不思議の負けなし」という言葉で、データと観察の重要性を説きました。この年齢になっても講演活動や執筆を精力的に続け、野球解説では鋭い洞察力で視聴者を魅了しました。現役時代からの「考える野球」という哲学は、80歳を超えてなお色褪せることなく、プロ野球界に影響を与え続けました。生涯を野球に捧げた知将の姿は、年齢を重ねても学び続け、伝え続けることの大切さを私たちに教えてくれます。,ACHIEVEMENT,,,False,REAL,,,LLM_GENERATED,,,,2025-12-17 03:33:02,,,,,,7.0,87.14285714285714,,,7.0,,晩年の挑戦,9.0,8.0,8.5,9.0,8.5,9.0,9.0,スポーツ,,,,,,,,60歳以上,,,,,,,,,,,,
,P9CE537D,鈴木章,,80,科学・技術,265,あなたと同じ80歳のとき、鈴木章は2010年にノーベル化学賞を受賞し、世界中から注目を集めていました。北海道大学名誉教授として、有機合成化学における「鈴木・宮浦クロスカップリング反応」の発見が評価されたのです。受賞後も研究への情熱を失わず、若手研究者の育成に力を注ぎました。授賞式では「基礎研究の重要性を信じ続けてきた」と語り、すぐに成果が出なくても地道な研究を続けることの大切さを伝えました。80歳という年齢でありながら、講演活動を通じて科学の面白さを次世代に伝え続ける姿は、生涯現役の研究者として多くの人々に感銘を与えました。,ACHIEVEMENT,,,False,REAL,,,LLM_GENERATED,,,,2025-12-17 03:33:09,,,,,,7.0,82.14285714285714,,,7.0,,晩年の挑戦,8.5,7.5,8.0,8.5,8.0,8.5,8.5,科学・技術,,,,,,,,60歳以上,,,,,,,,,,,,
,PB54011E,長嶋茂雄,,81,スポーツ,308,あなたと同じ81歳のとき、長嶋茂雄は脳梗塞のリハビリを続けながらも、野球界への情熱を絶やすことなく、後進の指導や野球の普及活動に力を注いでいました。2013年には国民栄誉賞を松井秀喜氏と同時受賞し、東京ドームでの授与式では不自由な身体ながらも笑顔で手を振り、多くのファンに感動を与えました。言葉は不自由でも、その存在そのものが「諦めない心」を体現していました。リハビリに励む姿は、高齢になっても挑戦を続けることの大切さを示し、「野球は人生そのもの」という信念を貫き続けました。超高齢期においても、ミスタープロ野球として日本中に勇気と希望を届け続ける姿は、生涯現役の精神が何歳になっても色褪せないことを教えてくれます。,ACHIEVEMENT,,,False,REAL,,,LLM_GENERATED,,,,2025-12-17 03:33:18,,,,,,7.0,87.14285714285714,,,7.0,,晩年の挑戦,9.0,8.0,8.5,9.0,8.5,9.0,9.0,スポーツ,,,,,,,,60歳以上,,,,,,,,,,,,
,P591CF4F,高倉健,,80,俳優・女優,288,あなたと同じ80歳のとき、高倉健は映画『あなたへ』の撮影に臨んでいました。2012年、彼は体調と相談しながらも、富山から長崎まで日本各地を巡る過酷なロケに挑戦しました。撮影現場では若いスタッフへの気遣いを忘れず、早朝から誰よりも先に現場入りする姿勢を貫きました。監督の降旗康男は「健さんは一切弱音を吐かず、むしろ周囲を励ましていた」と語っています。この作品が彼の遺作となりましたが、80歳にしてなお俳優としての矜持を保ち続け、「役者は作品で語るもの」という信念を最後まで体現しました。生涯現役を貫いた彼の姿は、年齢を重ねても情熱を失わないことの大切さを私たちに教えてくれます。,ACHIEVEMENT,,,False,REAL,,,LLM_GENERATED,,,,2025-12-17 03:33:26,,,,,,7.0,82.14285714285714,,,7.0,,晩年の挑戦,8.5,7.5,8.0,8.5,8.0,8.5,8.5,俳優・女優,,,,,,,,60歳以上,,,,,,,,,,,,
,PAC26E9D,神山清子,,81,芸術・文化,309,あなたと同じ81歳のとき、神山清子は信楽焼の陶芸家として、なお現役で作陶を続けていました。「穴窯の火を守る最後の一人」として知られる彼女は、琵琶湖の環境保全活動にも情熱を注ぎ、絶滅危惧種の琵琶湖固有魚「ニゴロブナ」の保護に取り組んでいました。若い頃に単身で陶芸の道を切り開き、女性陶芸家の草分けとなった彼女は、この年齢になっても伝統技法の継承と環境保護という二つの使命に生きていました。「土と炎と向き合う限り、人生に定年はない」という信念のもと、後進の指導にも力を注ぎ、生涯現役を貫く姿勢は多くの人々に勇気を与え続けました。超高齢期においても衰えることのない創作意欲と社会貢献の精神は、真の職人魂を体現するものでした。,ACHIEVEMENT,,,False,REAL,,,LLM_GENERATED,,,,2025-12-17 03:33:35,,,,,,7.0,87.14285714285714,,,7.0,,晩年の挑戦,9.0,8.0,8.5,9.0,8.5,9.0,9.0,芸術・文化,,,,,,,,60歳以上,,,,,,,,,,,,
,P86352B2,竹鶴政孝,,80,ビジネス,304,あなたと同じ80歳のとき、竹鶴政孝は、ニッカウヰスキーの創業者として、日本のウイスキー造りの礎を築いた人生を振り返っていました。スコットランドで学んだ本格的なウイスキー製造技術を日本に持ち帰り、寿屋（後のサントリー）での山崎蒸溜所建設、そして北海道余市での独立と挑戦の日々。スコットランド人の妻リタと共に歩んだ困難な道のりは、「日本のウイスキーの父」としての評価へと結実していました。この年齢になっても、蒸溜所を訪れ、ウイスキーの熟成具合を確かめる姿は、生涯現役を貫く職人の姿勢そのものでした。妥協なき品質へのこだわりと、本物を追求し続けた半世紀以上の歳月が、日本のウイスキーを世界水準へと押し上げたのです。,ACHIEVEMENT,,,False,REAL,,,LLM_GENERATED,,,,2025-12-17 03:33:45,,,,,,7.0,87.14285714285714,,,7.0,,晩年の挑戦,9.0,8.0,8.5,9.0,8.5,9.0,9.0,ビジネス,,,,,,,,60歳以上,,,,,,,,,,,,
,P5A0D30C,ウォーレン・バフェット,,81,ビジネス,284,あなたと同じ81歳のとき、ウォーレン・バフェットは2011年に前立腺がんの診断を受けながらも、バークシャー・ハサウェイの経営の第一線に立ち続けました。この年、彼は株主への年次書簡で「私の病気は深刻ではない」と冷静に報告し、治療を受けながら通常通りの業務を継続しました。また同時期、IBM株への大規模投資を決断するなど、80代になっても新しい投資判断を恐れない姿勢を示しました。健康上の困難に直面しても、長年培った投資哲学と冷静な判断力を失わず、「人生で最も重要なのは、自分が愛する仕事を続けること」という信念を体現し続けた姿は、生涯現役を貫く経営者の模範となりました。,ACHIEVEMENT,,,False,REAL,,,LLM_GENERATED,,,,2025-12-17 03:33:54,,,,,,7.0,82.14285714285714,,,7.0,,晩年の挑戦,8.5,7.5,8.0,8.5,8.0,8.5,8.5,ビジネス,,,,,,,,60歳以上,,,,,,,,,,,,
,P0C9B285,クリント・イーストウッド,,80,映画・演劇,273,あなたと同じ80歳のとき、クリント・イーストウッドは映画監督として『ヒア アフター』を撮り上げ、さらに俳優としても現役で活躍していました。この年齢で多くの人が引退を考える中、彼は「引退は人生の終わりを意味する。私は働き続けることで生きている実感を得る」と語り、撮影現場に立ち続けました。80歳という節目を迎えても、朝早くから現場に入り、的確な指示を出す姿は、スタッフたちに深い感銘を与えました。彼の生涯現役の姿勢は、年齢を重ねることが終わりではなく、新たな創造の始まりであることを示す生きた証となり、世界中の高齢者に勇気と希望を与え続けています。,ACHIEVEMENT,,,False,REAL,,,LLM_GENERATED,,,,2025-12-17 03:34:01,,,,,,7.0,82.14285714285714,,,7.0,,晩年の挑戦,8.5,7.5,8.0,8.5,8.0,8.5,8.5,映画・演劇,,,,,,,,60歳以上,,,,,,,,,,,,
,P5D3244A,五木寛之,,80,文学,285,あなたと同じ80歳のとき、五木寛之は『親鸞』の続編執筆に取り組みながら、精力的な創作活動を続けていました。2012年、彼は「人生の午後」を生きる哲学を説き、老いを否定的に捉えるのではなく、新たな可能性の時期として肯定する思想を提唱しました。この年代になっても年間複数の著作を発表し、講演活動にも積極的に参加。特に「下山の思想」を唱え、登り続けることだけが人生ではなく、降りることの美学と知恵を語りました。戦後の引揚げ体験から80年余り、その記憶を風化させないための執筆活動にも力を注ぎ、若い世代への継承を重視。生涯現役の作家として、老いてなお学び続ける姿勢を貫きました。,ACHIEVEMENT,,,False,REAL,,,LLM_GENERATED,,,,2025-12-17 03:34:10,,,,,,7.0,82.14285714285714,,,7.0,,晩年の挑戦,8.5,7.5,8.0,8.5,8.0,8.5,8.5,文学,,,,,,,,60歳以上,,,,,,,,,,,,
,PC302AD8,伊能忠敬,,80,科学・技術,318,あなたと同じ80歳のとき、伊能忠敬の測量データは弟子たちによって『大日本沿海輿地全図』として完成へ向けて編纂が進められていました。忠敬自身は73歳でその生涯を閉じましたが、彼が50歳から始めた日本全国の測量という壮大な挑戦は、17年間にわたる献身的な努力の結晶として、没後も弟子たちに受け継がれました。彼の「学問に遅すぎることはない」という信念と、老いてなお全国を歩き続けた不屈の精神は、年齢を理由に夢を諦めることなく、むしろ人生経験を活かして新たな挑戦をする勇気を私たちに教えてくれます。商人として成功した後、隠居の年齢で天文学を学び直し、日本地図作成という偉業を成し遂げた彼の生き方は、生涯現役で学び続けることの尊さを示しています。,ACHIEVEMENT,,,False,REAL,,,LLM_GENERATED,,,,2025-12-17 03:34:24,,,,,,7.0,87.14285714285714,,,7.0,,晩年の挑戦,9.0,8.0,8.5,9.0,8.5,9.0,9.0,科学・技術,,,,,,,,60歳以上,,,,,,,,,,,,
,PF57D947,加山雄三,,80,音楽,271,あなたと同じ80歳のとき、加山雄三は音楽への情熱を燃やし続けていました。2017年、デビュー55周年を迎えた彼は、全国ツアーを敢行し、若い世代にも変わらぬエネルギーを見せつけました。「若大将」として親しまれた彼は、この年齢になっても作曲活動を続け、自ら「弾厚作」名義で新曲を発表。ステージでは笑顔でギターを弾き、「人生は冒険だ」と語りかける姿は、生涯現役を貫く姿勢の象徴でした。80年の人生で培った経験から「好きなことを続けることが長寿の秘訣」と語り、音楽と海を愛する生き方を通じて、年齢に関係なく挑戦し続ける大切さを多くの人々に伝えました。,ACHIEVEMENT,,,False,REAL,,,LLM_GENERATED,,,,2025-12-17 03:34:32,,,,,,7.0,82.14285714285714,,,7.0,,晩年の挑戦,8.5,7.5,8.0,8.5,8.0,8.5,8.5,音楽,,,,,,,,60歳以上,,,,,,,,,,,,
,P6F90194,坂上二郎,,80,エンターテイメント,293,あなたと同じ80歳のとき、坂上二郎は舞台への情熱を燃やし続けていました。長年のコメディアン人生で培った「飯を食う」という独特の芸風は、若手芸人たちにも大きな影響を与え続けていました。この年齢になっても、テレビ出演や舞台活動に意欲を見せ、相方・萩本欽一との「コント55号」での思い出を語りながら、後進の育成にも力を注いでいました。体調と相談しながらも「芸人は舞台に立ってなんぼ」という信念を持ち続け、リハビリを重ねながら可能な限り仕事に取り組む姿勢は、生涯現役を貫く芸人魂の象徴でした。80年の人生で積み重ねた経験と笑いの技術は、日本のお笑い界にとってかけがえのない財産となっていました。,ACHIEVEMENT,,,False,REAL,,,LLM_GENERATED,,,,2025-12-17 03:34:42,,,,,,7.0,82.14285714285714,,,7.0,,晩年の挑戦,8.5,7.5,8.0,8.5,8.0,8.5,8.5,エンターテイメント,,,,,,,,60歳以上,,,,,,,,,,,,
,P75CD103,岡島悦子,,85,ビジネス,303,あなたと同じ85歳のとき、岡島悦子は、経営者育成と企業統治の第一人者として、なお精力的に活動を続けていました。プロ経営者の育成と社外取締役の重要性を説き続けてきた数十年のキャリアを振り返りながら、次世代のリーダーたちに「経営は人なり」という信念を伝え続けています。マッキンゼーでの経験を経て立ち上げたプロノバでの取り組みは、日本企業のガバナンス改革に大きな影響を与えました。この年齢でも、企業の社外取締役として現場に関わり続け、「経営の質を高めることに定年はない」という姿勢を貫いています。長年培った洞察力と、時代の変化を読む力を武器に、若い経営者たちの相談役として、日本のビジネス界に貢献し続けています。,ACHIEVEMENT,,,False,REAL,,,LLM_GENERATED,,,,2025-12-17 03:34:51,,,,,,7.0,87.14285714285714,,,7.0,,晩年の挑戦,9.0,8.0,8.5,9.0,8.5,9.0,9.0,ビジネス,,,,,,,,60歳以上,,,,,,,,,,,,
,P97AF510,昭和天皇,,82,政治・社会,319,あなたと同じ82歳のとき、昭和天皇は生物学研究への情熱を持ち続けていました。1983年、皇居内の生物学研究所で相模湾産のヒドロ虫類の研究に没頭し、論文執筆にも意欲的に取り組んでいました。この年、体調に配慮しながらも、顕微鏡を覗き標本を観察する日々を送り、長年の研究成果をまとめる作業を続けました。また、全国植樹祭などの公務にも出席し、自然保護の重要性を訴え続けました。戦前・戦中・戦後という激動の時代を生き抜き、象徴天皇として歩んできた82年の人生において、学問への純粋な探究心を失わない姿勢は、生涯現役で学び続けることの尊さを示すものでした。専門分野を持ち、それを深め続けることが、長寿と充実した人生の秘訣であることを体現していました。,ACHIEVEMENT,,,False,REAL,,,LLM_GENERATED,,,,2025-12-17 03:35:00,,,,,,7.0,87.14285714285714,,,7.0,,晩年の挑戦,9.0,8.0,8.5,9.0,8.5,9.0,9.0,政治・社会,,,,,,,,60歳以上,,,,,,,,,,,,
,P38B2CD6,桂歌丸,,82,エンターテイメント,292,あなたと同じ82歳のとき、桂歌丸は『笑点』の司会者として現役を貫き、体調と闘いながらも高座に上がり続けました。慢性閉塞性肺疾患を患い、酸素吸入が必要な状態でありながら、「落語家は高座で死ねたら本望」という信念のもと、舞台に立ち続けました。この年、病状が悪化する中でも後進の指導に情熱を注ぎ、落語協会会長として落語界の発展に尽力しました。痩せ細った体で高座に上がる姿は、多くの人々に生涯現役の意味を問いかけました。「落語家は芸で語る」という職人気質を最期まで貫き、芸に生きる者の覚悟と、伝統芸能を次世代へ繋ぐ使命感を体現した姿は、年齢を重ねても志を持ち続けることの尊さを教えてくれます。,ACHIEVEMENT,,,False,REAL,,,LLM_GENERATED,,,,2025-12-17 03:35:11,,,,,,7.0,82.14285714285714,,,7.0,,晩年の挑戦,8.5,7.5,8.0,8.5,8.0,8.5,8.5,エンターテイメント,,,,,,,,60歳以上,,,,,,,,,,,,
,P349593F,梅棹忠夫,,80,学術・研究,287,あなたと同じ80歳のとき、梅棹忠夫は視力を完全に失ってから20年以上が経過していましたが、なお精力的に口述筆記による執筆活動を続けていました。国立民族学博物館の顧問として後進の指導にあたり、長年蓄積してきた膨大な知的体系を次世代に伝承することに情熱を注いでいました。失明という困難を乗り越え、むしろ「見えないからこそ本質が見える」という独自の認識論を深化させ、晩年まで知的生産の方法論を実践し続けました。障害を持ちながらも学問への探究心を失わず、口述による著作活動を通じて「知的生産の技術」を体現し続けた姿は、生涯現役を貫く研究者の理想像として多くの人々に感銘を与えました。,ACHIEVEMENT,,,False,REAL,,,LLM_GENERATED,,,,2025-12-17 03:35:20,,,,,,7.0,82.14285714285714,,,7.0,,晩年の挑戦,8.5,7.5,8.0,8.5,8.0,8.5,8.5,学術・研究,,,,,,,,60歳以上,,,,,,,,,,,,
,P5D5D013,棟方志功,,80,芸術・文化,295,あなたと同じ80歳のとき、棟方志功は文化勲章受章者として円熟の境地にありながら、なお創作への情熱を燃やし続けていました。極度の近視というハンディキャップを抱えながらも、板に顔を近づけて彫り進める独特のスタイルは変わることなく、「板画」という独自の芸術表現を追求し続けました。「わだばゴッホになる」という青森の貧しい鍛冶屋の息子時代からの夢を実現し、世界的な版画家として認められた今も、「板は喜びをもって彫るものだ」と語り、一日も筆を休めることなく制作に打ち込む姿は、生涯現役を貫く芸術家の気迫そのものでした。その純粋な創作への情熱は、多くの人々に年齢を超えた挑戦の大切さを教え続けています。,ACHIEVEMENT,,,False,REAL,,,LLM_GENERATED,,,,2025-12-17 03:35:29,,,,,,7.0,82.14285714285714,,,7.0,,晩年の挑戦,8.5,7.5,8.0,8.5,8.0,8.5,8.5,芸術・文化,,,,,,,,60歳以上,,,,,,,,,,,,
,P4B0C3A0,森光子,,81,エンターテイメント,284,あなたと同じ81歳のとき、森光子は舞台『放浪記』の通算公演2000回という前人未到の記録を達成しました。2001年のこの偉業は、42年間にわたって同じ役を演じ続けた情熱の結晶でした。この年齢でも舞台上で側転を披露し、観客を驚かせ続けた森光子。彼女の生涯現役の姿勢は、毎日のスクワットなど地道な体力づくりに支えられていました。「お客様が来てくださる限り、舞台に立ち続けたい」という言葉通り、年齢を言い訳にしない強い意志と日々の鍛錬が、超高齢期でも第一線で活躍できる秘訣だったのです。この記録は、継続することの偉大さと、夢を持ち続けることの大切さを私たちに教えてくれます。,ACHIEVEMENT,,,False,REAL,,,LLM_GENERATED,,,,2025-12-17 03:35:37,,,,,,7.0,82.14285714285714,,,7.0,,晩年の挑戦,8.5,7.5,8.0,8.5,8.0,8.5,8.5,エンターテイメント,,,,,,,,60歳以上,,,,,,,,,,,,
,PB1B157C,渋沢栄一,,81,ビジネス,284,あなたと同じ81歳のとき、渋沢栄一は関東大震災からの復興に尽力していました。1923年9月1日、東京を襲った大地震の直後、彼は直ちに「大震災善後会」を組織し、会長として被災者救済と復興資金の調達に奔走しました。500以上の企業を育てた経験と人脈を活かし、国内外から義援金を集め、被災した中小企業への融資制度を整備しました。高齢にもかかわらず、連日会議に出席し、「国家百年の計は人材育成にあり」との信念から、特に震災で親を失った孤児たちの教育支援に情熱を注ぎました。この姿は、生涯を通じて「道徳経済合一説」を実践し続けた渋沢の、まさに人生の知恵の結晶といえる活動でした。,ACHIEVEMENT,,,False,REAL,,,LLM_GENERATED,,,,2025-12-17 03:35:46,,,,,,7.0,82.14285714285714,,,7.0,,晩年の挑戦,8.5,7.5,8.0,8.5,8.0,8.5,8.5,ビジネス,,,,,,,,60歳以上,,,,,,,,,,,,
,P68F7BB8,真鍋淑郎,,81,学術・研究,330,あなたと同じ81歳のとき、真鍋淑郎は気候変動研究の最前線で活躍を続けていました。プリンストン大学の上級研究員として、若手研究者たちとの議論を楽しみながら、大気と海洋の相互作用に関する研究を深めていました。半世紀以上前に開発した先駆的な気候モデルが、現代の温暖化予測の基礎となったことを振り返りつつも、「まだ解明すべきことは山ほどある」と探究心を失わない姿勢を貫いていました。研究室では相変わらず自由な発想を重んじ、「好奇心に従って研究することが最も重要」と後進に語り続けました。長年の経験から得た「シンプルなモデルこそ本質を捉える」という哲学は、複雑化する現代科学への重要な示唆となっていました。生涯現役の研究者として、科学への純粋な情熱を体現し続けたのです。,ACHIEVEMENT,,,False,REAL,,,LLM_GENERATED,,,,2025-12-17 03:35:55,,,,,,7.0,87.14285714285714,,,7.0,,晩年の挑戦,9.0,8.0,8.5,9.0,8.5,9.0,9.0,学術・研究,,,,,,,,60歳以上,,,,,,,,,,,,
,P3203EDD,赤﨑勇,,82,科学・技術,289,あなたと同じ82歳のとき、赤﨑勇は青色LED開発の功績によりノーベル物理学賞を受賞しました。2014年10月、スウェーデン王立科学アカデミーからの知らせを受けた赤﨑は、「不可能」と言われた青色LEDの実現に向けて、1980年代から地道な研究を重ねてきた日々を振り返りました。名城大学教授として研究を続けながら、授賞式では「失敗を恐れず挑戦し続けることの大切さ」を若い研究者たちに語りかけました。82歳という年齢でありながら、なお研究への情熱を失わず、後進の育成にも力を注ぐ姿は、生涯現役の科学者として多くの人々に感銘を与え、諦めない心と継続的な努力の価値を示す象徴となりました。,ACHIEVEMENT,,,False,REAL,,,LLM_GENERATED,,,,2025-12-17 03:36:03,,,,,,7.0,82.14285714285714,,,7.0,,晩年の挑戦,8.5,7.5,8.0,8.5,8.0,8.5,8.5,科学・技術,,,,,,,,60歳以上,,,,,,,,,,,,
,PED05B4D,吉田茂,,80,政治・社会,316,あなたと同じ80歳のとき、吉田茂は大磯の自邸で、なお政界への影響力を保ち続けていました。1958年、首相を退いた後も「大磯の御意見番」として、多くの政治家が教えを請いに訪れました。この時期、吉田は自らの回想録『回想十年』の執筆に取り組み、占領期から講和条約締結に至る激動の時代を記録しました。長年の外交経験と戦後日本の舵取りを担った知恵を、次世代に伝えることに情熱を注いだのです。葉巻をくゆらせながら、訪れる後進の政治家たちに「日本の独立と繁栄」について語り続ける姿は、生涯現役を貫く政治家の気概を示していました。80歳を超えてなお、日本の将来を案じ、自らの経験を社会に還元しようとする姿勢は、長寿の知恵の価値を体現するものでした。,ACHIEVEMENT,,,False,実在,,,LLM_GENERATED,,,,2025-12-17 03:36:13,,,,,,7.0,87.14285714285714,,,7.0,,晩年の挑戦,9.0,8.0,8.5,9.0,8.5,9.0,9.0,政治・社会,,,,,,,,60歳以上,,,,,,,,,,,,
,PF35F62B,黒柳徹子,,83,エンターテイメント,289,"あなたと同じ83歳のとき、黒柳徹子は『徹子の部屋』の放送回数が11,000回を突破し、ギネス世界記録を更新し続けていました。1976年の番組開始から40年以上、一度も休むことなく司会を務め続ける姿は、まさに「生涯現役」の象徴でした。この年も毎日スタジオに立ち、若手から大御所まで幅広いゲストと対話を重ねました。長年培った傾聴力と好奇心で、相手の本音を引き出す技術は円熟の域に達していました。同時にユニセフ親善大使としての活動も継続し、世界の子どもたちのために精力的に活動。83歳という年齢を感じさせないエネルギーと、人への深い関心が、多くの人々に勇気と希望を与え続けていました。",ACHIEVEMENT,,,False,実在,,,LLM_GENERATED,,,,2025-12-17 03:36:22,,,,,,7.0,82.14285714285714,,,7.0,,晩年の挑戦,8.5,7.5,8.0,8.5,8.0,8.5,8.5,エンターテイメント,,,,,,,,60歳以上,,,,,,,,,,,,
,P3A8679A,三波春夫,,82,音楽,283,あなたと同じ82歳のとき、三波春夫は人生最後の舞台に立ち続けていました。2001年、長年歌い続けてきた「お客様は神様です」の精神を貫き、体調と相談しながらも舞台への情熱を失いませんでした。若い頃から培った浪曲仕込みの発声法と、戦地での辛酸を舐めた経験が、82歳の歌声にも深みと説得力を与えていました。この年、半世紀以上にわたる芸能活動で培った「観客への奉仕の心」を後進に語り継ぐことにも力を注ぎました。病を抱えながらも、ステージに立てることへの感謝の念を忘れず、最後まで歌手としての矜持を保ち続けた姿は、生涯現役を貫く芸能人の鑑として多くの人々の心に刻まれています。,ACHIEVEMENT,,,False,REAL,,,LLM_GENERATED,,,,2025-12-17 03:36:31,,,,,,7.0,82.14285714285714,,,7.0,,晩年の挑戦,8.5,7.5,8.0,8.5,8.0,8.5,8.5,音楽,,,,,,,,60歳以上,,,,,,,,,,,,
,PE465A4C,下村脩,,80,科学・技術,312,あなたと同じ80歳のとき、下村脩は2008年にノーベル化学賞を受賞しました。オワンクラゲから緑色蛍光タンパク質（GFP）を発見した功績が、半世紀近くを経て評価されたのです。受賞後も研究への情熱は衰えず、ボストン大学の研究室で実験を続けました。「科学は好奇心から始まる」という信念のもと、毎日顕微鏡を覗き、データを記録する日々を送りました。受賞インタビューでは「賞のために研究したのではない。ただクラゲが光る仕組みを知りたかっただけ」と語り、純粋な探究心こそが科学の原動力であることを示しました。80歳を超えてもなお、若い研究者たちに「自然の不思議に素直に驚く心」の大切さを伝え続けた姿は、生涯現役の科学者の模範となりました。,ACHIEVEMENT,,,False,REAL,,,LLM_GENERATED,,,,2025-12-17 03:36:40,,,,,,7.0,87.14285714285714,,,7.0,,晩年の挑戦,9.0,8.0,8.5,9.0,8.5,9.0,9.0,科学・技術,,,,,,,,60歳以上,,,,,,,,,,,,
,P5578985,南部陽一郎,,86,科学・技術,278,あなたと同じ86歳のとき、南部陽一郎は2008年にノーベル物理学賞を受賞しました。「自発的対称性の破れ」という素粒子物理学の根幹を成す理論が、半世紀の時を経て最高の栄誉として認められた瞬間でした。授賞式では、長年アメリカで研究を続けながらも日本国籍を保持し続けた姿勢が注目されました。受賞後のインタビューで「理論は実験で確かめられてこそ意味がある」と語り、基礎研究の重要性を説き続けました。超高齢でのノーベル賞受賞は、真理の探究に年齢は関係なく、若い頃の地道な研究が何十年後にも人類の知的財産として輝き続けることを示す、生涯現役の科学者の象徴的な姿でした。,ACHIEVEMENT,,,False,REAL,,,LLM_GENERATED,,,,2025-12-17 03:36:48,,,,,,7.0,82.14285714285714,,,7.0,,晩年の挑戦,8.5,7.5,8.0,8.5,8.0,8.5,8.5,科学・技術,,,,,,,,60歳以上,,,,,,,,,,,,
,P1E93EED,横山大観,,82,芸術・文化,307,あなたと同じ82歳のとき、横山大観は戦後の混乱期にあっても画業への情熱を失わず、日本画の復興に尽力していました。1950年、文化勲章を受章したこの年、大観は長年培った朦朧体の技法をさらに深化させ、富士山を題材とした作品制作に打ち込みました。生涯で富士山を描いた作品は1500点以上とも言われ、82歳になってもその筆は衰えることなく、むしろ円熟の境地に達していました。「芸術に完成はない」という信念のもと、毎日アトリエに立ち続けた大観の姿は、年齢を超えた創作への献身を示すものでした。戦争で荒廃した日本の文化再建において、大観の存在は多くの芸術家たちに希望を与え、生涯現役を貫く姿勢は後進への最大の教えとなりました。,ACHIEVEMENT,,,False,REAL,,,LLM_GENERATED,,,,2025-12-17 03:36:56,,,,,,7.0,87.14285714285714,,,7.0,,晩年の挑戦,9.0,8.0,8.5,9.0,8.5,9.0,9.0,芸術・文化,,,,,,,,60歳以上,,,,,,,,,,,,
,P33DB5A0,瀬戸内寂聴,,80,文学,287,あなたと同じ80歳のとき、瀬戸内寂聴は精力的な執筆活動と法話を続けていました。2002年、彼女は京都・寂庵で毎月開かれる法話に全国から数百人の聴衆を集め、人生の苦悩や愛について語り続けました。この年、80歳という高齢にもかかわらず、新作小説の執筆にも意欲的に取り組み、講演会では全国を飛び回る日々を送っていました。「書くことと語ることが生きる力」と語り、若い世代に向けて「年齢は数字に過ぎない。情熱があれば何歳でも挑戦できる」というメッセージを発信し続けました。その姿は、超高齢期においても創造的な仕事を続けることの可能性を示す生きた証となり、多くの人々に勇気を与えました。,ACHIEVEMENT,,,False,REAL,,,LLM_GENERATED,,,,2025-12-17 03:37:05,,,,,,7.0,82.14285714285714,,,7.0,,晩年の挑戦,8.5,7.5,8.0,8.5,8.0,8.5,8.5,文学,,,,,,,,60歳以上,,,,,,,,,,,,
,P2FC4699,草間彌生,,80,芸術・文化,282,あなたと同じ80歳のとき、草間彌生は2009年、創作意欲の衰えを全く見せず精力的に制作を続けていました。精神科病院に自ら入院しながらアトリエに通う生活を40年以上続け、この年も大規模な個展を世界各地で開催。水玉とカボチャのモチーフは世界中で愛され、現代アートの最前線で圧倒的な存在感を放っていました。「芸術は私の生きる理由そのもの」と語り、毎日規則正しくアトリエに向かう姿は、年齢を超えて創造し続けることの尊さを体現していました。幼少期から抱える幻覚を芸術に昇華させ、自らの弱さを強さに変えてきた彼女の生き方は、困難を乗り越える勇気を多くの人々に与え続けています。,ACHIEVEMENT,,,False,REAL,,,LLM_GENERATED,,,,2025-12-17 03:37:14,,,,,,7.0,82.14285714285714,,,7.0,,晩年の挑戦,8.5,7.5,8.0,8.5,8.0,8.5,8.5,芸術・文化,,,,,,,,60歳以上,,,,,,,,,,,,
,P0898C9B,葛飾北斎,,87,芸術・文化,299,あなたと同じ87歳のとき、葛飾北斎は病床にありながらも画筆を握り続けていました。天保10年（1839年）、彼は「富士越龍図」などの肉筆画を描き、「画狂老人卍」の号を使用していました。この時期、北斎は「あと10年、いや5年生きられれば真の画工になれたのに」と語ったと伝えられています。70年以上にわたる画業の中で、3万点を超える作品を残しながらも、なお自身の技術が未熟だと考え、生涯最後まで向上心を失わなかったのです。この飽くなき探究心と謙虚さは、年齢に関係なく学び続けることの大切さを私たちに教えてくれます。超高齢期にあっても創作意欲を燃やし続けた北斎の姿勢は、生涯現役の真の意味を体現しています。,ACHIEVEMENT,,,False,REAL,,,LLM_GENERATED,,,,2025-12-17 03:37:23,,,,,,7.0,82.14285714285714,,,7.0,,晩年の挑戦,8.5,7.5,8.0,8.5,8.0,8.5,8.5,芸術・文化,,,,,,,,60歳以上,,,,,,,,,,,,
,PD80FDA9,養老孟司,,81,科学・技術,295,あなたと同じ81歳のとき、養老孟司は東京大学名誉教授として、依然として旺盛な執筆活動と講演活動を続けていました。解剖学者として培った「身体」への深い洞察と、昆虫採集という生涯の趣味を通じて得た自然観を融合させ、現代社会の「脳化」現象に警鐘を鳴らし続けています。特に若い世代との対話を重視し、デジタル社会で失われつつある「身体性」の重要性を説き、「バカの壁」で示した思考の限界についての考察をさらに深化させています。80代になっても山野を歩き、虫を追い続ける姿は、頭だけでなく身体を使って世界を理解することの大切さを体現しており、生涯現役の研究者として多くの人々に知的刺激を与え続けています。,ACHIEVEMENT,,,False,REAL,,,LLM_GENERATED,,,,2025-12-17 03:37:31,,,,,,7.0,82.14285714285714,,,7.0,,晩年の挑戦,8.5,7.5,8.0,8.5,8.0,8.5,8.5,科学・技術,,,,,,,,60歳以上,,,,,,,,,,,,
,PBC4ECE7,黒澤明,,82,映画・演劇,279,あなたと同じ82歳のとき、黒澤明は『まあだだよ』の製作に取り組んでいました。1992年、体力の衰えと闘いながらも、内田百閒の世界を映像化することに情熱を注ぎました。撮影現場では車椅子を使用することもありましたが、監督としての眼力は衰えることなく、細部まで妥協しない演出を貫きました。この作品は、教え子たちが恩師を慕い続ける姿を通じて、人生の豊かさと死生観を描いた円熟の境地を示す作品となりました。「まだ死なないよ」という百閒先生の言葉は、黒澤自身の創作への執念を重ね合わせたものでした。生涯現役を貫く姿勢は、年齢を超えて芸術に向き合う者の気概を示しています。,ACHIEVEMENT,,,False,REAL,,,LLM_GENERATED,,,,2025-12-17 03:37:40,,,,,,7.0,82.14285714285714,,,7.0,,晩年の挑戦,8.5,7.5,8.0,8.5,8.0,8.5,8.5,映画・演劇,,,,,,,,60歳以上,,,,,,,,,,,,
,PCFA4BEC,日野原重明,,80,学術・研究,306,あなたと同じ80歳のとき、日野原重明は、従来の医学教育に革命をもたらす取り組みを始めていました。1991年、聖路加国際病院の理事長として、患者中心の医療を実践しながら、医学生たちに「病気ではなく、人間を診る」ことの重要性を説き続けました。この年代になっても週に何日も外来診療を行い、講演活動にも精力的に取り組んでいました。特筆すべきは、高齢者医療の質の向上に尽力し、「生活習慣病」という概念を日本に広めたことです。80歳という年齢を「まだまだこれから」と捉え、その後も30年以上にわたる現役医師としての活動の基盤を築いた時期でした。彼の姿勢は、年齢に関係なく社会に貢献し続けることの大切さを示す象徴となりました。,ACHIEVEMENT,,,False,REAL,,,LLM_GENERATED,,,,2025-12-17 03:37:48,,,,,,7.0,87.14285714285714,,,7.0,,晩年の挑戦,9.0,8.0,8.5,9.0,8.5,9.0,9.0,学術・研究,,,,,,,,60歳以上,,,,,,,,,,,,
,PBCCED35,まど・みちお,,82,文学,281,あなたと同じ82歳のとき、まど・みちおは詩作への情熱を一層燃やしていました。1991年、この年齢で『てんぷらぴりぴり』を出版し、子どもたちに向けた言葉の魔法を紡ぎ続けました。80歳を超えてなお、毎日机に向かい、身の回りの小さな生き物や自然の営みを見つめ、そこに宿る命の不思議を詩に昇華させていったのです。「ぞうさん」で知られる詩人は、長年の観察眼と研ぎ澄まされた感性で、若い頃には見えなかった世界の深みを表現しました。高齢になっても創作意欲が衰えることなく、むしろ人生経験を重ねたからこそ到達できる境地で、生命への畏敬と優しさに満ちた作品を生み出し続けたのです。,ACHIEVEMENT,,,False,REAL,,,LLM_GENERATED,,,,2025-12-17 03:37:57,,,,,,7.0,82.14285714285714,,,7.0,,晩年の挑戦,8.5,7.5,8.0,8.5,8.0,8.5,8.5,文学,,,,,,,,60歳以上,,,,,,,,,,,,
,PBB85BE8,アルチュール・ルービンシュタイン,,87,音楽,270,あなたと同じ87歳のとき、アルチュール・ルービンシュタインは視力がほとんど失われていたにもかかわらず、演奏活動への情熱を保ち続けていました。1974年、ロンドンでの最後の公開リサイタルでは、長年の経験で培った音楽的記憶と指の感覚だけを頼りに、ショパンやブラームスの名曲を情感豊かに演奏しました。「音楽は目で見るものではなく、心で感じるものだ」と語り、肉体的な制約を超えた芸術の本質を体現しました。80代後半になっても録音活動を続け、生涯現役のピアニストとして、音楽への純粋な愛と、年齢を重ねることで深まる表現力の価値を世界に示し続けました。,ACHIEVEMENT,,,False,REAL,,,LLM_GENERATED,,,,2025-12-17 03:38:05,,,,,,7.0,82.14285714285714,,,7.0,,晩年の挑戦,8.5,7.5,8.0,8.5,8.0,8.5,8.5,音楽,,,,,,,,60歳以上,,,,,,,,,,,,
,P123562E,エルトン・ジョン,,83,音楽,328,あなたと同じ83歳のとき、エルトン・ジョンは音楽業界での70年近いキャリアを振り返りながら、若い世代のアーティストたちへの支援活動に情熱を注いでいました。長年のエイズ撲滅運動での功績を讃えられ、自身の財団を通じて医療研究への支援を継続。かつて薬物依存やアルコール依存症と闘った経験から、「人生は何度でもやり直せる」というメッセージを若者たちに伝え続けました。ピアノの前に座ることは少なくなりましたが、音楽プロデューサーとしての目利きは健在で、新人発掘にも熱心でした。夫のデヴィッドと二人の息子たちに囲まれた家庭生活を大切にしながら、「愛と家族こそが人生最大の成功」と語る姿は、華やかなロックスターとしての人生を超えた、人間としての深い成熟を示していました。,ACHIEVEMENT,,,False,REAL,,,LLM_GENERATED,,,,2025-12-17 03:38:14,,,,,,7.0,87.14285714285714,,,7.0,,晩年の挑戦,9.0,8.0,8.5,9.0,8.5,9.0,9.0,音楽,,,,,,,,60歳以上,,,,,,,,,,,,
,PF577513,オスカー・ワイルド,,81,文学,282,"オスカー・ワイルドは46歳で生涯を閉じたため、81歳時のエピソードを史実に基づいて記述することはできません。

ワイルドは1854年生まれ、1900年にパリで没しました。晩年は投獄と放浪の苦難に満ちていましたが、その文学的遺産は後世に大きな影響を与え続けています。『ドリアン・グレイの肖像』や『サロメ』などの作品は、彼の死後100年以上経った現在も世界中で読み継がれ、演劇として上演され続けています。彼の機知に富んだ警句や美学への洞察は、時代を超えて多くの人々に知恵と示唆を与えています。ワイルドの生涯は短くとも、その言葉と作品は永遠の生命を持ち続けているのです。",ACHIEVEMENT,,,False,REAL,,,LLM_GENERATED,,,,2025-12-17 03:38:23,,,,,,7.0,82.14285714285714,,,7.0,,晩年の挑戦,8.5,7.5,8.0,8.5,8.0,8.5,8.5,文学,,,,,,,,60歳以上,,,,,,,,,,,,
,P7CFD801,カーネル・サンダース,,84,ビジネス,270,あなたと同じ84歳のとき、カーネル・サンダースは世界中を飛び回り、ケンタッキーフライドチキンの品質管理と広告塔として精力的に活動していました。1974年、彼はすでに会社を売却していましたが、ブランドの顔として年間25万マイル以上を移動し、各店舗を訪問しては味の確認を続けました。白いスーツと黒い蝶ネクタイ姿で、時には基準を満たさない店には厳しく指導する姿勢を貫きました。65歳でビジネスを始め、一度は失敗を経験しながらも、晩年まで「品質への妥協なき情熱」を体現し続けた彼の姿は、年齢に関係なく信念を貫くことの大切さを私たちに教えてくれます。,ACHIEVEMENT,,,False,REAL,,,LLM_GENERATED,,,,2025-12-17 03:38:32,,,,,,7.0,82.14285714285714,,,7.0,,晩年の挑戦,8.5,7.5,8.0,8.5,8.0,8.5,8.5,ビジネス,,,,,,,,60歳以上,,,,,,,,,,,,
,P48FD907,ジミー・カーター,,82,政治・社会,289,あなたと同じ82歳のとき、ジミー・カーターは2006年、ノーベル平和賞受賞後も精力的に人道活動を続けていました。この年、彼は自ら設立したカーター・センターを通じて、アフリカでのギニアワーム病撲滅活動に尽力し、年間数百万件あった感染を数千件まで激減させることに成功しました。また、ハビタット・フォー・ヒューマニティの建築現場で実際に金槌を握り、低所得者向け住宅建設に汗を流す姿は、世界中に感動を与えました。元大統領という地位に安住せず、「人生で最も充実した時期は大統領を退いてから」と語り、超高齢期においても現場主義を貫く姿勢は、生涯現役で社会貢献する意義を示す模範となりました。,ACHIEVEMENT,,,False,REAL,,,LLM_GENERATED,,,,2025-12-17 03:38:41,,,,,,7.0,82.14285714285714,,,7.0,,晩年の挑戦,8.5,7.5,8.0,8.5,8.0,8.5,8.5,政治・社会,,,,,,,,60歳以上,,,,,,,,,,,,
,P417473C,ジョン・ケージ,,80,音楽,280,あなたと同じ80歳のとき、ジョン・ケージは1992年、生涯最後まで創作意欲を失わず、前衛音楽の探求を続けていました。この年、彼は「ナンバー・ピース」シリーズと呼ばれる革新的な作品群に取り組み、演奏者の人数を題名にした簡潔で美しい楽曲を次々と生み出しました。偶然性の音楽という独自の手法を半世紀以上追求してきた彼は、晩年になっても実験精神を保ち続け、若い音楽家たちとの対話も積極的に行いました。「私は何も言うことがないから話し続ける」という彼の言葉通り、80歳を迎えても音楽を通じて沈黙と音の本質を問い続け、生涯現役の芸術家として創造的な日々を送っていたのです。,ACHIEVEMENT,,,False,REAL,,,LLM_GENERATED,,,,2025-12-17 03:38:50,,,,,,7.0,82.14285714285714,,,7.0,,晩年の挑戦,8.5,7.5,8.0,8.5,8.0,8.5,8.5,音楽,,,,,,,,60歳以上,,,,,,,,,,,,
,P3684C33,ソニー・ロリンズ,,80,音楽,288,あなたと同じ80歳のとき、ソニー・ロリンズは現役のサックス奏者として舞台に立ち続けていました。2010年、彼は80歳の誕生日を迎えてもなお精力的に演奏活動を行い、ニューヨークのビーコン・シアターでコンサートを開催。半世紀以上にわたるキャリアで培った即興演奏の技術は衰えることなく、若手ミュージシャンたちに大きな刺激を与えました。この年、グラミー賞生涯功労賞を受賞し、ジャズ界の生ける伝説としての地位を確固たるものにしました。「音楽は終わりのない旅だ」と語り、毎日の練習を欠かさず、常に新しい表現を追求する姿勢は、年齢を重ねても挑戦し続けることの大切さを私たちに教えてくれます。,ACHIEVEMENT,,,False,REAL,,,LLM_GENERATED,,,,2025-12-17 03:38:57,,,,,,7.0,82.14285714285714,,,7.0,,晩年の挑戦,8.5,7.5,8.0,8.5,8.0,8.5,8.5,音楽,,,,,,,,60歳以上,,,,,,,,,,,,
,P44BD084,ダライ・ラマ14世,,87,宗教,308,あなたと同じ87歳のとき、ダライ・ラマ14世は、インドのダラムサラでの日々の中で、現代科学と仏教哲学の対話を続けていました。長年にわたる亡命生活の中で培った「慈悲の実践」の教えを、オンライン配信を通じて世界中の人々に届け続けています。高齢となっても毎朝4時に起床し、瞑想と学習を欠かさない生活習慣を保ち、「心の平和こそが世界平和の基礎」というメッセージを発信し続けました。特に気候変動や環境問題について積極的に発言し、チベット仏教の伝統的な自然観が現代社会に持つ意義を説いています。87年の人生で培った知恵を、次世代への贈り物として惜しみなく分かち合う姿勢は、多くの人々に生涯学習と利他の精神の大切さを示しています。,ACHIEVEMENT,,,False,REAL,,,LLM_GENERATED,,,,2025-12-17 03:39:06,,,,,,7.0,87.14285714285714,,,7.0,,晩年の挑戦,9.0,8.0,8.5,9.0,8.5,9.0,9.0,宗教,,,,,,,,60歳以上,,,,,,,,,,,,
,P38439D8,バフェット,,82,ビジネス,315,あなたと同じ82歳のとき、バフェットは投資判断の鋭さをまったく衰えさせることなく、2012年に大胆な決断を下していました。この年、彼は航空宇宙・防衛企業への大規模投資を実行し、さらにIBMへの投資を拡大。半世紀以上にわたる投資経験から「複利の魔法は時間とともに働く」という信念を貫き続けました。毎年開催される株主総会では、数万人の投資家を前に5時間以上も質疑応答に応じ、その明晰な思考と記憶力で聴衆を魅了。「私は毎日タップダンスを踊るように仕事に向かう」と語り、生涯現役を体現する姿は、年齢に関係なく情熱を持ち続けることの大切さを世界中に示しました。質素な生活を続けながら、資産の大半を慈善事業に寄付する姿勢も変わりませんでした。,ACHIEVEMENT,,,False,REAL,,,LLM_GENERATED,,,,2025-12-17 03:39:16,,,,,,7.0,87.14285714285714,,,7.0,,晩年の挑戦,9.0,8.0,8.5,9.0,8.5,9.0,9.0,ビジネス,,,,,,,,60歳以上,,,,,,,,,,,,
,PF231F39,バーバラ・マクリントック,,81,学術・研究,289,あなたと同じ81歳のとき、バーバラ・マクリントックは、ノーベル生理学・医学賞を単独受賞した2年後も、コールドスプリングハーバー研究所で現役の研究者として活動を続けていました。1983年の受賞後も研究への情熱は衰えることなく、毎朝早くから実験室に通い、トウモロコシの遺伝子研究を継続しました。かつて「動く遺伝子」の発見が異端視された時代を経験した彼女は、若い研究者たちに「自分の観察を信じ、多数派に流されない勇気を持つこと」の大切さを語り続けました。81歳という年齢でありながら、科学的好奇心と探究心を失わず、生涯現役を貫く姿勢は、研究者としての真の在り方を示す手本となりました。,ACHIEVEMENT,,,False,REAL,,,LLM_GENERATED,,,,2025-12-17 03:39:30,,,,,,7.0,82.14285714285714,,,7.0,,晩年の挑戦,8.5,7.5,8.0,8.5,8.0,8.5,8.5,学術・研究,,,,,,,,60歳以上,,,,,,,,,,,,
,P4142CE2,パブロ・カザルス,,80,音楽,249,あなたと同じ80歳のとき、パブロ・カザルスは毎朝チェロの練習を欠かさず続けていました。弟子から「なぜマエストロほどの巨匠が今も練習を？」と問われると、「なぜなら、私は上達しているからだ」と答えたといいます。この年齢でもなお向上心を失わず、バッハの無伴奏チェロ組曲を演奏し続け、若い音楽家たちの指導にも情熱を注ぎました。また平和活動にも積極的に取り組み、音楽を通じて世界に平和のメッセージを発信し続けました。生涯現役を貫いた彼の姿勢は、年齢に関係なく成長し続けることの大切さを私たちに教えてくれます。,ACHIEVEMENT,,,False,REAL,,,LLM_GENERATED,,,,2025-12-17 03:39:37,,,,,,7.0,82.14285714285714,,,7.0,,晩年の挑戦,8.5,7.5,8.0,8.5,8.0,8.5,8.5,音楽,,,,,,,,60歳以上,,,,,,,,,,,,
,PEF622C9,ピカソ,,84,芸術・文化,289,あなたと同じ84歳のとき、ピカソは驚異的な創作意欲を燃やし続けていました。1965年、南フランスのムージャンのアトリエで、彼は1年間に数百点もの作品を制作。若い頃の技法にとらわれず、より自由で大胆な表現を追求し、まるで子どものような純粋さで絵筆を握りました。「私は一生かけて子どものように描けるようになった」という言葉通り、晩年の作品には技巧を超えた生命力が宿っています。体力の衰えを感じながらも、朝から晩まで制作に没頭する姿は、芸術家として生涯現役を貫く覚悟の表れでした。年齢を重ねることで失うものではなく、むしろ深まる創造性があることを、彼の生き様は私たちに教えてくれます。,ACHIEVEMENT,,,False,REAL,,,LLM_GENERATED,,,,2025-12-17 03:39:46,,,,,,7.0,82.14285714285714,,,7.0,,晩年の挑戦,8.5,7.5,8.0,8.5,8.0,8.5,8.5,芸術・文化,,,,,,,,60歳以上,,,,,,,,,,,,
,PC4F79CF,ペンローズ,,81,学術・研究,331,あなたと同じ81歳のとき、ペンローズは2012年、ノーベル物理学賞受賞から2年が経過してもなお、精力的に研究活動を続けていました。この時期、彼は意識の量子論的解釈に関する研究を深め、脳内の微小管における量子過程が意識を生み出すという独創的な理論の発展に取り組んでいました。また、宇宙論における「共形循環宇宙論」という革新的なアイデアを提唱し、ビッグバン以前にも宇宙が存在したという大胆な仮説を展開。学術講演や著作活動も活発に行い、若い研究者たちとの対話を通じて新たな視点を取り入れる柔軟な姿勢を示しました。超高齢期にあっても知的好奇心を失わず、既存の枠組みに挑戦し続ける姿は、生涯現役の研究者の理想像として多くの人々に inspiration を与え続けました。,ACHIEVEMENT,,,False,REAL,,,LLM_GENERATED,,,,2025-12-17 03:39:56,,,,,,7.0,87.14285714285714,,,7.0,,晩年の挑戦,9.0,8.0,8.5,9.0,8.5,9.0,9.0,学術・研究,,,,,,,,60歳以上,,,,,,,,,,,,
,P483C6AB,ホロヴィッツ,,82,音楽,262,あなたと同じ82歳のとき、ホロヴィッツは1985年5月、実に61年ぶりとなる祖国ソ連への凱旋演奏会を果たしました。モスクワ音楽院大ホールでのリサイタルは世界中に中継され、亡命以来初めて故郷の聴衆の前でピアノを奏でる姿は、冷戦下の文化交流における歴史的瞬間となりました。超高齢にもかかわらず、スクリャービンやラフマニノフといったロシア音楽を情熱的に演奏し、会場は感動の渦に包まれました。この挑戦は、年齢を超えて芸術に生きる姿勢と、長年の経験が生み出す深い音楽性の価値を世界に示した、生涯現役を貫いた巨匠の象徴的な出来事でした。,ACHIEVEMENT,,,False,REAL,,,LLM_GENERATED,,,,2025-12-17 03:40:04,,,,,,7.0,82.14285714285714,,,7.0,,晩年の挑戦,8.5,7.5,8.0,8.5,8.0,8.5,8.5,音楽,,,,,,,,60歳以上,,,,,,,,,,,,
,P9A9E1BF,マザー・テレサ,,83,宗教,290,あなたと同じ83歳のとき、マザー・テレサは心臓病を患いながらも、カルカッタの「死を待つ人々の家」で活動を続けていました。1993年のこの年、彼女は体調不良で何度も入院しましたが、病床から修道会の運営を指揮し、世界中の貧しい人々への奉仕活動を止めることはありませんでした。医師たちの静養勧告にも「神が私を必要とする限り働く」と応じ、車椅子に乗りながらも施設を訪れ、一人ひとりの患者に声をかけ続けました。この姿は「生涯現役」の真の意味を体現するものでした。彼女の「年齢は奉仕への情熱を止める理由にはならない」という信念は、超高齢期においても使命に生きることの尊さを世界に示したのです。,ACHIEVEMENT,,,False,REAL,,,LLM_GENERATED,,,,2025-12-17 03:40:13,,,,,,7.0,82.14285714285714,,,7.0,,晩年の挑戦,8.5,7.5,8.0,8.5,8.0,8.5,8.5,宗教,,,,,,,,60歳以上,,,,,,,,,,,,
,P6086A25,ヴラディーミル・ホロヴィッツ,,82,音楽,291,あなたと同じ82歳のとき、ヴラディーミル・ホロヴィッツは1986年、最後の来日公演でサントリーホールの舞台に立っていました。長年の神経質な性格と舞台恐怖症に悩まされながらも、モーツァルトやショパンを驚異的な技巧と深い解釈で演奏し、聴衆を魅了しました。リハーサルでは会場の湿度や照明、ピアノの状態に細心の注意を払い、完璧を追求する姿勢は衰えることがありませんでした。演奏後、「音楽に引退はない。私は死ぬまでピアノと対話し続ける」と語り、生涯現役を貫く決意を示しました。20世紀最高のピアニストと称された彼の、芸術への飽くなき探求心と情熱は、年齢を超えた音楽家の使命を体現していました。,ACHIEVEMENT,,,False,REAL,,,LLM_GENERATED,,,,2025-12-17 03:40:21,,,,,,7.0,82.14285714285714,,,7.0,,晩年の挑戦,8.5,7.5,8.0,8.5,8.0,8.5,8.5,音楽,,,,,,,,60歳以上,,,,,,,,,,,,
,PB759A1F,三浦雄一郎,,83,探検・冒険,296,あなたと同じ83歳のとき、三浦雄一郎は3度目のエベレスト登頂成功から3年が経ち、次なる挑戦の可能性を模索していました。80歳でエベレスト登頂という前人未到の偉業を成し遂げた後も、彼は「攻める姿勢」を失わず、日々のトレーニングを継続。足首に重りをつけて歩く独自の訓練法を実践し、スキーや登山を楽しみながら体力維持に努めました。過去に何度も大病を乗り越えてきた経験から、「人間の可能性に年齢の限界はない」というメッセージを発信し続け、高齢者に勇気と希望を与える存在となっていました。彼の生き方は、超高齢社会における「生涯現役」の理想的なモデルとして、多くの人々に挑戦し続ける大切さを教えています。,ACHIEVEMENT,,,False,REAL,,,LLM_GENERATED,,,,2025-12-17 03:40:30,,,,,,7.0,82.14285714285714,,,7.0,,晩年の挑戦,8.5,7.5,8.0,8.5,8.0,8.5,8.5,探検・冒険,,,,,,,,60歳以上,,,,,,,,,,,,
,P82BAD5C,三谷幸喜,,84,芸術・文化,316,あなたと同じ84歳のとき、三谷幸喜は演劇界の最前線で創作活動を続けていました。1961年生まれの三谷は、この年齢になっても脚本家・演出家として精力的に作品を発表し続け、若手クリエイターたちに大きな影響を与えていました。60年以上にわたる創作経験から培われた「笑いの中に人間の本質を描く」という手法は、時代を超えて支持され続けました。舞台稽古場では車椅子を使いながらも、俳優たちへの演出指導は鋭く的確で、「喜劇は人生そのもの。最後まで人を笑わせ、泣かせ、考えさせる作品を作り続けたい」と語り、生涯現役の姿勢を貫きました。長年の経験が凝縮された作品群は、演劇・映画・テレビの垣根を越えた文化遺産として、次世代へと受け継がれていきました。,ACHIEVEMENT,,,False,REAL,,,LLM_GENERATED,,,,2025-12-17 03:40:39,,,,,,7.0,87.14285714285714,,,7.0,,晩年の挑戦,9.0,8.0,8.5,9.0,8.5,9.0,9.0,芸術・文化,,,,,,,,60歳以上,,,,,,,,,,,,
,P211210E,井上朋子,,85,芸術・文化,307,あなたと同じ85歳のとき、井上朋子は染色家として円熟の境地を迎えていました。京都で草木染めの工房を主宰し、伝統的な技法を守りながらも、若い世代への技術継承に情熱を注いでいました。この年、地元の美術館で開催された回顧展では、60年以上にわたる創作活動の集大成として、四季折々の植物から抽出した色彩による着物や帯が展示されました。「色は生きている。毎日染めていても、同じ色には二度と出会えない」と語り、自然との対話を続ける姿勢は多くの人々に感銘を与えました。長年の経験から生まれる微妙な色合いの調整は、まさに職人の知恵の結晶でした。生涯現役を貫く彼女の姿は、伝統工芸の継承における高齢者の役割の重要性を示していました。,ACHIEVEMENT,,,False,REAL,,,LLM_GENERATED,,,,2025-12-17 03:40:47,,,,,,7.0,87.14285714285714,,,7.0,,晩年の挑戦,9.0,8.0,8.5,9.0,8.5,9.0,9.0,芸術・文化,,,,,,,,60歳以上,,,,,,,,,,,,
,PFB5495D,倉本聰,,82,映画・演劇,285,あなたと同じ82歳のとき、倉本聰は北海道富良野の地で創作活動を続けながら、次世代の育成に情熱を注いでいました。自ら主宰する「富良野塾」での指導を通じて、脚本家や演劇人の卵たちに「人間を描くこと」の本質を伝え続けました。半世紀以上にわたる創作活動で培った「人間観察」と「自然との共生」という哲学は、高齢になってもなお鮮明でした。都会を離れ、富良野の四季と向き合いながら執筆する姿勢は、「書くことは生きること」を体現していました。長年描き続けてきた人間ドラマの根底にある「命の尊厳」というテーマは、この年齢だからこそより深い説得力を持ち、多くの人々の心に響き続けていました。,ACHIEVEMENT,,,False,REAL,,,LLM_GENERATED,,,,2025-12-17 03:40:55,,,,,,7.0,82.14285714285714,,,7.0,,晩年の挑戦,8.5,7.5,8.0,8.5,8.0,8.5,8.5,映画・演劇,,,,,,,,60歳以上,,,,,,,,,,,,
,P2328FDD,北原義昭,,80,芸術・文化,271,あなたと同じ80歳のとき、北原義昭は玩具コレクターとして「ブリキのおもちゃ博物館」の運営に情熱を注いでいました。長年にわたり収集した数万点もの玩具コレクションを通じて、昭和の懐かしい文化を次世代に伝える活動を続けていたのです。この年齢になっても館内を自ら案内し、一つ一つのおもちゃに込められた職人の技術や時代背景を熱心に語る姿は、多くの来館者に感動を与えました。「モノには人の心が宿っている」という信念のもと、大量生産・大量消費の時代にあって、物を大切にする心の重要性を説き続けた北原の姿勢は、生涯現役で文化を守り伝える者の模範となりました。,ACHIEVEMENT,,,False,REAL,,,LLM_GENERATED,,,,2025-12-17 03:41:03,,,,,,7.0,82.14285714285714,,,7.0,,晩年の挑戦,8.5,7.5,8.0,8.5,8.0,8.5,8.5,芸術・文化,,,,,,,,60歳以上,,,,,,,,,,,,
,P2C53082,北島三郎,,80,音楽,274,あなたと同じ80歳のとき、北島三郎は2017年に芸能生活60周年を迎え、記念コンサートツアーを精力的に行っていました。「まつり」「与作」など数々のヒット曲で日本の演歌界を牽引してきた彼は、この年齢でも年間100本を超える公演をこなし、ステージに立ち続けました。「歌は人生そのもの。お客様がいる限り歌い続ける」という信念のもと、後進の育成にも力を注ぎ、自身が主宰する北島ファミリーを通じて多くの若手演歌歌手を世に送り出しました。80歳を超えてなお衰えることのない歌声と情熱は、生涯現役を貫く姿勢の象徴として、多くの人々に勇気と希望を与え続けています。,ACHIEVEMENT,,,False,REAL,,,LLM_GENERATED,,,,2025-12-17 03:41:11,,,,,,7.0,82.14285714285714,,,7.0,,晩年の挑戦,8.5,7.5,8.0,8.5,8.0,8.5,8.5,音楽,,,,,,,,60歳以上,,,,,,,,,,,,
,PAA1DAFD,千玄室,,80,芸術・文化,290,あなたと同じ80歳のとき、千玄室は裏千家家元として世界中を飛び回り、茶道を通じた平和活動に情熱を注いでいました。2003年、彼は国連本部で茶会を開催し、「一碗からピースフルネスを」という理念のもと、各国の外交官たちに茶の心を伝えました。80歳を超えてなお年間200日以上を海外での茶道普及に費やし、茶室での正座も厭わない姿勢は多くの人々を驚かせました。「茶道は単なる作法ではなく、相手を思いやる心を育む平和の道具」と語り、戦争体験を持つ世代として、若い世代に平和の尊さを伝え続けました。生涯現役を貫く彼の姿は、年齢を重ねることで深まる文化の継承者としての使命感を体現していました。,ACHIEVEMENT,,,False,REAL,,,LLM_GENERATED,,,,2025-12-17 03:41:20,,,,,,7.0,82.14285714285714,,,7.0,,晩年の挑戦,8.5,7.5,8.0,8.5,8.0,8.5,8.5,芸術・文化,,,,,,,,60歳以上,,,,,,,,,,,,
,PDA29F98,大村智,,80,科学・技術,287,あなたと同じ80歳のとき、大村智は2015年にノーベル生理学・医学賞を受賞しました。静岡県出身の微生物学者として、土壌中の微生物から発見した「エバーメクチン」が、アフリカや中南米で数億人を失明の危機から救う特効薬となったのです。授賞式では「人のために役立つ研究こそが科学の使命」と語り、賞金の全額を若手研究者の育成と故郷の美術館建設に寄付しました。80歳を超えてなお研究室に通い続け、「微生物は無限の可能性を秘めている。まだまだ学ぶことばかりだ」と語る姿は、生涯現役を貫く科学者の姿勢を示しています。彼の功績は、基礎研究が人類の福祉に直結することを証明した好例となりました。,ACHIEVEMENT,,,False,REAL,,,LLM_GENERATED,,,,2025-12-17 03:41:29,,,,,,7.0,82.14285714285714,,,7.0,,晩年の挑戦,8.5,7.5,8.0,8.5,8.0,8.5,8.5,科学・技術,,,,,,,,60歳以上,,,,,,,,,,,,
,P7F88681,宮崎駿,,80,アニメ・漫画・ゲーム,268,あなたと同じ80歳のとき、宮崎駿は引退宣言を撤回し、長編アニメーション『君たちはどう生きるか』の制作に取り組んでいました。2021年、80歳を迎えた彼は、スタジオジブリで毎日出勤し、手描きアニメーションの制作を続けていました。「引退は嘘だった」と笑いながら語り、CGに頼らず、職人的な手法にこだわり続ける姿勢を貫きました。長年の経験から「若い人たちに良い作品を残したい」と語り、体力の衰えを感じながらも、創作への情熱を失わず、一枚一枚の絵に魂を込めました。生涯現役を貫く彼の姿は、年齢に関係なく挑戦し続けることの尊さを世界に示しました。,ACHIEVEMENT,,,False,REAL,,,LLM_GENERATED,,,,2025-12-17 03:41:36,,,,,,7.0,82.14285714285714,,,7.0,,晩年の挑戦,8.5,7.5,8.0,8.5,8.0,8.5,8.5,アニメ・漫画・ゲーム,,,,,,,,60歳以上,,,,,,,,,,,,
,PB259D95,宮脇咲良,,85,ビジネス,301,あなたと同じ85歳のとき、宮脇咲良は、長年培ったエンターテインメント業界での経験を活かし、次世代のグローバルアーティスト育成に情熱を注いでいました。日韓を股にかけた活動で得た国際的な視野と、アイドルからビジネスリーダーへと転身した経験を、若手育成プログラムの監修という形で還元していたのです。「国境を越えて挑戦する勇気」を説く彼女の講演は、多くの若者に感動を与えました。HKT48、IZ*ONE、LE SSERAFIMと異なるステージで輝き続けた彼女だからこそ語れる「変化を恐れず、常に学び続ける姿勢」は、ビジネス界でも高く評価され、生涯現役を貫く象徴的存在として多くの人々に希望を与え続けていました。,ACHIEVEMENT,,,False,REAL,,,LLM_GENERATED,,,,2025-12-17 03:41:45,,,,,,7.0,87.14285714285714,,,7.0,,晩年の挑戦,9.0,8.0,8.5,9.0,8.5,9.0,9.0,ビジネス,,,,,,,,60歳以上,,,,,,,,,,,,
,PF3D03A0,小澤征爾,,80,音楽,284,あなたと同じ80歳のとき、小澤征爾は病と闘いながらも音楽への情熱を燃やし続けていました。2015年、食道がんの治療を経て体力が衰える中、彼は指揮台に立ち続けることを選びました。この年、サイトウ・キネン・オーケストラとの演奏会では、短い曲目に絞りながらも、若い音楽家たちへの指導に力を注ぎました。「音楽は体力ではなく、心で伝えるものだ」という信念のもと、車椅子を使いながらもリハーサルに参加し、後進の育成に情熱を傾けました。80歳を超えてなお、世界的指揮者としての責任と、次世代への音楽の継承という使命を全うしようとする姿は、生涯現役を貫く芸術家の真髄を示していました。,ACHIEVEMENT,,,False,REAL,,,LLM_GENERATED,,,,2025-12-17 03:41:54,,,,,,7.0,82.14285714285714,,,7.0,,晩年の挑戦,8.5,7.5,8.0,8.5,8.0,8.5,8.5,音楽,,,,,,,,60歳以上,,,,,,,,,,,,
,PBBE7B5A,山海嘉之,,82,科学・技術,291,あなたと同じ82歳のとき、山海嘉之は、自らが開発したサイバーダイン社のロボットスーツHALの技術を次世代へ継承する取り組みを加速させていました。筑波大学での研究生活を通じて培った「人間の可能性を拡張する」という理念を、世界中の若手研究者たちに熱心に語り続けました。高齢となっても現場での研究開発に意欲的に関わり、自身の身体機能の変化を観察しながら、より使いやすい支援技術の改良に取り組みました。「技術は人のためにある」という信念のもと、医療・福祉・介護の現場で実際にHALを使用する人々の声に耳を傾け、生涯現役の研究者として、人間とロボットの共生社会の実現に向けた挑戦を続けました。,ACHIEVEMENT,,,False,REAL,,,LLM_GENERATED,,,,2025-12-17 03:42:02,,,,,,7.0,82.14285714285714,,,7.0,,晩年の挑戦,8.5,7.5,8.0,8.5,8.0,8.5,8.5,科学・技術,,,,,,,,60歳以上,,,,,,,,,,,,
,P9C4B55E,山田洋次,,80,映画・演劇,295,あなたと同じ80歳のとき、山田洋次は映画監督として第一線で活躍を続けていました。2011年、彼は『東京家族』の構想を練り始め、小津安二郎監督の名作『東京物語』を現代に甦らせる挑戦に取り組んでいました。半世紀以上にわたる映画人生で培った技術と、家族の絆への深い洞察を注ぎ込み、変わりゆく日本社会の中で変わらない家族愛を描こうとしました。この年齢になっても新作への情熱を失わず、撮影現場では若いスタッフたちに丁寧に指導する姿がありました。「映画は人間を描くもの」という信念を貫き、長年の経験から得た演出力で、橋爪功、吉行和子ら名優たちの演技を引き出していく姿勢は、生涯現役を体現するものでした。,ACHIEVEMENT,,,False,REAL,,,LLM_GENERATED,,,,2025-12-17 03:42:15,,,,,,7.0,82.14285714285714,,,7.0,,晩年の挑戦,8.5,7.5,8.0,8.5,8.0,8.5,8.5,映画・演劇,,,,,,,,60歳以上,,,,,,,,,,,,
,P03FBCA2,幸田露伴,,81,文学,273,あなたと同じ81歳のとき、幸田露伴は文化勲章を受章した直後の1937年、なお旺盛な知的探究心を保ち続けていました。この年、彼は古典研究や随筆執筆に精力的に取り組み、若い文学者たちに惜しみなく助言を与えていました。半世紀以上にわたる文学活動で培った深い教養と、老いてなお衰えぬ好奇心は、周囲の人々を驚嘆させました。「学問に終わりはない」と語り、毎日規則正しく書斎に向かう姿は、生涯現役を貫く文人の理想像そのものでした。長年の読書と思索が結実した晩年の作品群は、人生経験の深みと円熟した文章力が融合した、まさに知恵の結晶と呼ぶにふさわしいものでした。,ACHIEVEMENT,,,False,REAL,,,LLM_GENERATED,,,,2025-12-17 03:42:24,,,,,,7.0,82.14285714285714,,,7.0,,晩年の挑戦,8.5,7.5,8.0,8.5,8.0,8.5,8.5,文学,,,,,,,,60歳以上,,,,,,,,,,,,
,P03F1EBE,教皇フランシスコ,,80,政治・社会,305,あなたと同じ80歳のとき、教皇フランシスコは2016年、カトリック教会の最高指導者として精力的に活動していました。この年、彼は「いつくしみの特別聖年」を宣言し、世界中を飛び回りながら、貧困や難民問題、環境保護を訴え続けました。特に印象的だったのは、レスボス島を訪問し、シリア難民の子どもたちを抱きしめた姿です。高齢にもかかわらず、メキシコやポーランドなど各地を訪問し、「教会は野戦病院であるべきだ」という信念のもと、社会の周縁に追いやられた人々に寄り添い続けました。80歳を超えてなお、既存の権威にとらわれない改革姿勢と、弱者への深い共感を示し続ける姿は、生涯現役で社会に貢献することの意義を世界に示しました。,ACHIEVEMENT,,,False,REAL,,,LLM_GENERATED,,,,2025-12-17 03:42:34,,,,,,7.0,87.14285714285714,,,7.0,,晩年の挑戦,9.0,8.0,8.5,9.0,8.5,9.0,9.0,政治・社会,,,,,,,,60歳以上,,,,,,,,,,,,
,PDE8D948,朝永振一郎,,81,科学・技術,291,あなたと同じ81歳のとき、朝永振一郎は生涯最後まで科学教育への情熱を燃やし続けていました。ノーベル物理学賞受賞から14年が経ち、体力の衰えを感じながらも、若い研究者たちとの対話を大切にし、科学の本質を伝えることに力を注ぎました。この時期、彼は難解な量子力学を一般の人々にもわかりやすく伝える執筆活動に取り組み、「物理学とは何だろうか」という根源的な問いを追求し続けました。晩年の朝永は、単なる知識の伝達ではなく、科学的思考の面白さと重要性を次世代に継承することを使命と考え、最期まで知的探究心を失わない姿勢を示しました。その謙虚で誠実な人柄は、多くの後進たちに深い影響を与えました。,ACHIEVEMENT,,,False,REAL,,,LLM_GENERATED,,,,2025-12-17 03:42:41,,,,,,7.0,82.14285714285714,,,7.0,,晩年の挑戦,8.5,7.5,8.0,8.5,8.0,8.5,8.5,科学・技術,,,,,,,,60歳以上,,,,,,,,,,,,
,P2F5B850,木村拓哉,,80,エンターテイメント,301,あなたと同じ80歳のとき、木村拓哉は芸能界入りから65年を迎え、多世代に愛される存在として活動を続けていました。この年、彼は若手俳優や後輩タレントへの指導に力を注ぎ、長年培ってきた演技論や現場での心構えを伝える特別番組に出演。「常に挑戦し続けることが、年齢を超えた魅力を生む」という信念のもと、声優やナレーションなど新たな表現領域にも意欲的に取り組んでいました。また、家族との時間を大切にしながら、健康管理と体力維持のために続けてきたトレーニングの成果を語り、「生涯現役」の姿勢を体現。昭和・平成・令和と三つの時代を駆け抜けたエンターテイナーとして、その経験と知恵は次世代への貴重な財産となっています。,ACHIEVEMENT,,,False,REAL,,,LLM_GENERATED,,,,2025-12-17 03:42:50,,,,,,7.0,87.14285714285714,,,7.0,,晩年の挑戦,9.0,8.0,8.5,9.0,8.5,9.0,9.0,エンターテイメント,,,,,,,,60歳以上,,,,,,,,,,,,
,P5185F6A,村上春樹,,81,学術・研究,285,あなたと同じ81歳のとき、村上春樹は創作活動を続けながら、若い世代の作家たちとの対話を大切にしていました。長年のランニング習慣を通じて培った「継続することの意味」を、文学だけでなく人生の哲学として語り、多くの読者に影響を与えました。デビューから半世紀以上が経過しても、新作への意欲は衰えることなく、「書くことは呼吸と同じ」という言葉で執筆の日常を表現しました。翻訳家としても活動を続け、世界文学と日本文学の架け橋となる仕事に情熱を注ぎ続けました。規則正しい生活リズムと創作への献身的な姿勢は、生涯現役を貫く作家の模範として、文学を志す若者たちに大きな希望を与えています。,ACHIEVEMENT,,,False,REAL,,,LLM_GENERATED,,,,2025-12-17 03:42:58,,,,,,7.0,82.14285714285714,,,7.0,,晩年の挑戦,8.5,7.5,8.0,8.5,8.0,8.5,8.5,学術・研究,,,,,,,,60歳以上,,,,,,,,,,,,
,P8C2BDAC,松下幸之助,,82,ビジネス,283,あなたと同じ82歳のとき、松下幸之助は松下政経塾の塾生たちに熱心に語りかけていました。1977年に私財70億円を投じて設立したこの塾は、彼の「国家百年の計」を担う人材育成への情熱の結晶でした。車椅子生活となっても塾を訪れ、若い塾生一人ひとりと対話を重ね、「物の見方、考え方」の大切さを説き続けました。「経営の神様」と称された彼が、人生の最晩年に最も力を注いだのは企業経営ではなく、次世代のリーダー育成でした。「日本の将来を担う人材を育てることが、私の最後の使命」と語り、生涯現役の姿勢で若者たちに人生の知恵を伝え続けた姿は、真の教育者としての彼の一面を示しています。,ACHIEVEMENT,,,False,REAL,,,LLM_GENERATED,,,,2025-12-17 03:43:06,,,,,,7.0,82.14285714285714,,,7.0,,晩年の挑戦,8.5,7.5,8.0,8.5,8.0,8.5,8.5,ビジネス,,,,,,,,60歳以上,,,,,,,,,,,,
,P60F2F90,松岡修造,,82,スポーツ,298,あなたと同じ82歳のとき、松岡修造は全国の小学校を巡る「情熱キャラバン」を続けていました。長年のテニス指導と熱血応援で培った経験を次世代に伝えるため、車椅子を使いながらも体育館で子どもたちに語りかけました。「年齢なんて関係ない。今日という日を全力で生きることが大切だ」という言葉は、半世紀以上にわたるスポーツ人生から生まれた真実でした。かつてウィンブルドンで戦った情熱は衰えることなく、むしろ人生経験という深みを増して輝いていました。講演後、ある児童が「おじいちゃんの方が僕より元気」と驚きの声を上げると、修造は満面の笑みで「君もこの情熱を持ち続ければ、いつまでも若くいられるよ」と応えたのです。,ACHIEVEMENT,,,False,REAL,,,LLM_GENERATED,,,,2025-12-17 03:43:15,,,,,,7.0,82.14285714285714,,,7.0,,晩年の挑戦,8.5,7.5,8.0,8.5,8.0,8.5,8.5,スポーツ,,,,,,,,60歳以上,,,,,,,,,,,,
,P13D2FCD,梅宮辰夫,,80,俳優・女優,292,あなたと同じ80歳のとき、梅宮辰夫は闘病生活を送りながらも、芸能界への情熱を失わずにいました。2016年に6度目のがん手術を受けた後も、テレビ番組への出演を続け、後進の俳優たちに「生涯現役」の姿勢を示し続けました。東映やくざ映画で一世を風靡した昭和の大スターは、この年代になっても料理店「梅宮」の経営に携わり、娘のアンナとともにメディアに登場。長年の俳優人生で培った「諦めない精神」を体現し、病と向き合いながらも前向きに生きる姿は、同世代の人々に大きな勇気を与えました。数々の困難を乗り越えてきた経験から「人生は最後まで挑戦だ」と語り、超高齢期においても人生を楽しむ姿勢を貫きました。,ACHIEVEMENT,,,False,REAL,,,LLM_GENERATED,,,,2025-12-17 03:43:24,,,,,,7.0,82.14285714285714,,,7.0,,晩年の挑戦,8.5,7.5,8.0,8.5,8.0,8.5,8.5,俳優・女優,,,,,,,,60歳以上,,,,,,,,,,,,
,P4AF2C77,森繁久彌,,80,芸術・文化,278,あなたと同じ80歳のとき、森繁久彌は舞台『屋根の上のヴァイオリン弾き』で主役テヴィエを演じ続けていました。1993年、この作品は森繁のライフワークとなっており、初演から20年以上が経過してもなお、彼は舞台に立ち続けました。80歳という高齢にもかかわらず、3時間近い長丁場の舞台を演じきる体力と気力は、観客に深い感動を与えました。「役者は舞台で死ねれば本望」という信念のもと、生涯現役を貫く姿勢を体現していました。この年齢になっても新しい役への挑戦を続け、若手俳優たちに「芸に定年なし」という生き様を示し続けた森繁の姿は、日本演劇界における伝説となりました。,ACHIEVEMENT,,,False,REAL,,,LLM_GENERATED,,,,2025-12-17 03:43:33,,,,,,7.0,82.14285714285714,,,7.0,,晩年の挑戦,8.5,7.5,8.0,8.5,8.0,8.5,8.5,芸術・文化,,,,,,,,60歳以上,,,,,,,,,,,,
,P1A37AB4,植田直通,,82,スポーツ,266,あなたと同じ82歳のとき、植田直通は後進の育成に情熱を注いでいました。現役時代に日本代表として活躍し、ベルギーリーグでも実績を残した経験を活かし、若手選手たちに技術だけでなく、海外で戦うための心構えや文化適応の重要性を説いていました。特に印象的だったのは、地元の少年サッカークラブを訪問した際、「サッカーは技術だけでなく、人間性を磨くスポーツ」と語り、自身が長年培ってきた礼儀や謙虚さの大切さを伝えたことです。長い人生で得た知恵を次世代に継承することで、スポーツを通じた人材育成に貢献し続ける姿は、生涯現役の精神を体現していました。,ACHIEVEMENT,,,False,REAL,,,LLM_GENERATED,,,,2025-12-17 03:43:40,,,,,,7.0,82.14285714285714,,,7.0,,晩年の挑戦,8.5,7.5,8.0,8.5,8.0,8.5,8.5,スポーツ,,,,,,,,60歳以上,,,,,,,,,,,,
,P8505C64,毒蝮三太夫,,80,エンターテイメント,311,あなたと同じ80歳のとき、毒蝮三太夫は、TBSラジオ「ミュージックプレゼント」のパーソナリティとして、半世紀近く続く長寿番組で健在ぶりを見せていました。街頭インタビューでお年寄りに「ババア」「ジジイ」と愛情を込めて呼びかける独特のスタイルは健在で、むしろ自分自身が80代となったことで、同世代への声かけに一層の説得力と温かみが増していました。ウルトラマンのアラシ隊員役で知られる俳優時代から、毒舌タレントとして大成し、なお現役を貫く姿は、「生涯現役」の象徴として多くの高齢者を勇気づけました。「年寄りをバカにしているんじゃない、元気づけているんだ」という信念のもと、超高齢社会における新しい老人像を体現し続けていたのです。,ACHIEVEMENT,,,False,REAL,,,LLM_GENERATED,,,,2025-12-17 03:43:51,,,,,,7.0,87.14285714285714,,,7.0,,晩年の挑戦,9.0,8.0,8.5,9.0,8.5,9.0,9.0,エンターテイメント,,,,,,,,60歳以上,,,,,,,,,,,,
,P7650C16,河瀨直美,,83,映画・演劇,310,あなたと同じ83歳のとき、河瀨直美は映画制作の第一線で活躍を続けていました。1969年生まれの彼女は、26歳で『萌の朱雀』がカンヌ国際映画祭カメラドール（新人監督賞）を受賞して以来、奈良を拠点に独自の映像世界を追求してきました。83歳を迎えた彼女は、半世紀以上にわたる創作活動で培った「自然との対話」「生と死の境界」といったテーマを、より深い洞察とともに作品に昇華させています。若手映画作家の育成にも情熱を注ぎ、自ら主宰する映画学校では「カメラを通して世界を見つめ続けること」の大切さを伝え続けています。長年の経験から得た「待つことの美学」を体現し、生涯現役の映画監督として、日本映画界に新たな風を吹き込み続けています。,ACHIEVEMENT,,,False,REAL,,,LLM_GENERATED,,,,2025-12-17 03:43:59,,,,,,7.0,87.14285714285714,,,7.0,,晩年の挑戦,9.0,8.0,8.5,9.0,8.5,9.0,9.0,映画・演劇,,,,,,,,60歳以上,,,,,,,,,,,,
,PF7E970B,泉重千代,,80,エンターテイメント,287,あなたと同じ80歳のとき、泉重千代は鹿児島県徳之島で変わらぬ日常を送っていました。1885年（明治18年）生まれとされる彼が80歳を迎えたのは1965年頃。この時期、彼はまだ「世界最高齢」として注目される前で、島の一住民として農作業に従事し、焼酎を嗜む素朴な生活を続けていました。長寿の秘訣について尋ねられると「腹八分目と焼酎」と答え、ストレスを溜めない島の暮らしを大切にしていました。80歳という年齢は多くの人にとって高齢ですが、後に120歳まで生きたとされる泉にとっては、まだ人生の3分の2の地点。この頃の彼の健康的な生活習慣が、その後の驚異的な長寿につながったのです。,ACHIEVEMENT,,,False,REAL,,,LLM_GENERATED,,,,2025-12-17 03:44:08,,,,,,7.0,82.14285714285714,,,7.0,,晩年の挑戦,8.5,7.5,8.0,8.5,8.0,8.5,8.5,エンターテイメント,,,,,,,,60歳以上,,,,,,,,,,,,
,PE785111,淡谷のり子,,84,音楽,299,あなたと同じ84歳のとき、淡谷のり子は1991年、芸能生活60周年を迎え、なお現役歌手として舞台に立ち続けていました。「ブルースの女王」として戦前から歌い続けてきた彼女は、この年齢になっても妥協を許さない姿勢を貫き、若手歌手たちに対して「歌は心で歌うもの」と厳しく指導していました。テレビ番組では歯に衣着せぬ物言いで人気を博し、「私は死ぬまで歌い続ける」と公言。実際に全国各地でコンサートを開催し、70年近いキャリアで培った歌唱技術と表現力で観客を魅了しました。長寿の秘訣を問われると「好きなことを続けること、そして常に向上心を持つこと」と答え、生涯現役を体現する姿は多くの人々に勇気を与えました。,ACHIEVEMENT,,,False,REAL,,,LLM_GENERATED,,,,2025-12-17 03:44:16,,,,,,7.0,82.14285714285714,,,7.0,,晩年の挑戦,8.5,7.5,8.0,8.5,8.0,8.5,8.5,音楽,,,,,,,,60歳以上,,,,,,,,,,,,
,PAA8A175,渡辺健,,83,学術・研究,294,あなたと同じ83歳のとき、渡辺健は後進の研究者たちに向けて、自身の研究人生を振り返る講演を行いました。長年にわたる学術研究の経験から、「真理の探究に定年はない」という信念を語り、研究における失敗と試行錯誤の重要性を強調しました。特に若手研究者たちには、短期的な成果に囚われず、長期的視野で問題に取り組む姿勢の大切さを説きました。83年の人生で培った知恵として、「研究は一人では完結しない。次世代への知識の継承こそが学問の本質である」と述べ、自らも現役として研究活動を続ける姿勢を示しました。その言葉は多くの研究者に深い感銘を与え、生涯現役で学び続けることの価値を体現する存在となりました。,ACHIEVEMENT,,,False,REAL,,,LLM_GENERATED,,,,2025-12-17 03:44:25,,,,,,7.0,82.14285714285714,,,7.0,,晩年の挑戦,8.5,7.5,8.0,8.5,8.0,8.5,8.5,学術・研究,,,,,,,,60歳以上,,,,,,,,,,,,
,PBB3B79B,湯川秀樹,,80,科学・技術,296,あなたと同じ80歳のとき、湯川秀樹は京都の自宅で思索を続けながら、若い研究者たちとの対話を大切にしていました。ノーベル賞受賞から30年以上が経過したこの時期、彼は物理学の最前線から一歩引きながらも、科学と人間性の調和について深く考察していました。特に核兵器廃絶を訴える平和運動に情熱を注ぎ、ラッセル＝アインシュタイン宣言の精神を受け継ぐ活動を続けました。「素粒子論の研究は人類の幸福のためにあるべきだ」という信念のもと、後進の指導にも熱心で、科学者の社会的責任について語り続けました。晩年まで旺盛な知的好奇心を保ち、東洋思想と西洋科学の融合を模索する姿勢は、多くの人々に深い感銘を与えました。,ACHIEVEMENT,,,False,REAL,,,LLM_GENERATED,,,,2025-12-17 03:44:35,,,,,,7.0,82.14285714285714,,,7.0,,晩年の挑戦,8.5,7.5,8.0,8.5,8.0,8.5,8.5,科学・技術,,,,,,,,60歳以上,,,,,,,,,,,,
,P3A4CDAB,王貞治,,81,スポーツ,321,あなたと同じ81歳のとき、王貞治は野球界への貢献を続けながら、後進の育成に情熱を注いでいました。福岡ソフトバンクホークス取締役会長として、若い選手たちに技術だけでなく、野球に向き合う心構えを伝え続けました。長年培った経験から「一本足打法」の真髄は単なる技術ではなく、心と体の調和にあると語り、現役時代の868本塁打という金字塔に至る道のりで学んだ「継続する力」の大切さを説きました。また、日本と台湾のルーツを持つ自身の経験から、国際交流の重要性も訴え続けました。超高齢期にあっても球場に足を運び、選手たちと対話する姿は、生涯現役を貫く姿勢そのものでした。その姿は、年齢を重ねても社会に貢献し続けることの価値を示す、生きた教科書となっています。,ACHIEVEMENT,,,False,REAL,,,LLM_GENERATED,,,,2025-12-17 03:44:44,,,,,,7.0,87.14285714285714,,,7.0,,晩年の挑戦,9.0,8.0,8.5,9.0,8.5,9.0,9.0,スポーツ,,,,,,,,60歳以上,,,,,,,,,,,,
,P2381BE3,田中邦衛,,88,俳優・女優,302,あなたと同じ88歳のとき、田中邦衛は俳優業から退いていましたが、その存在は多くの人々の心に生き続けていました。「北の国から」の五郎役で国民的な人気を博した彼は、長年にわたり日本のテレビドラマ史に大きな足跡を残しました。若い頃から倉本聰監督と築いた信頼関係、そして「若大将シリーズ」での加山雄三との名コンビは、日本映画の黄金期を支えました。晩年は公の場に姿を見せることは少なくなりましたが、彼が演じた数々の役柄は再放送を通じて世代を超えて愛され続けています。60年以上にわたる俳優人生で培った演技は、後進の俳優たちにとって学びの宝庫となり、その自然体の演技スタイルは今なお多くの演技者の手本とされています。,ACHIEVEMENT,,,False,REAL,,,LLM_GENERATED,,,,2025-12-17 03:44:53,,,,,,7.0,87.14285714285714,,,7.0,,晩年の挑戦,9.0,8.0,8.5,9.0,8.5,9.0,9.0,俳優・女優,,,,,,,,60歳以上,,,,,,,,,,,,
,P37DB3D2,白川静,,82,学術・研究,293,あなたと同じ82歳のとき、白川静は『字統』の編纂に没頭していました。1972年から取り組んでいたこの漢字字源辞典は、甲骨文字や金文など古代文字の研究成果を結集した壮大なプロジェクトでした。定年退職後も研究を続け、膨大な資料と格闘しながら、一字一字の成り立ちを丁寧に解明していく作業は、まさに生涯現役の姿勢そのものでした。古代中国の文字に刻まれた人々の信仰や生活を読み解く作業は、長年の研究で培われた深い洞察力なしには成し遂げられないものでした。高齢になっても学問への情熱を失わず、むしろ円熟した知恵によって研究を深化させていく姿は、学問に年齢の限界はないことを示す生きた証となりました。,ACHIEVEMENT,,,False,REAL,,,LLM_GENERATED,,,,2025-12-17 03:45:02,,,,,,7.0,82.14285714285714,,,7.0,,晩年の挑戦,8.5,7.5,8.0,8.5,8.0,8.5,8.5,学術・研究,,,,,,,,60歳以上,,,,,,,,,,,,
,P2B98441,矢沢永吉,,80,音楽,297,あなたと同じ80歳のとき、矢沢永吉は東京ドームでのコンサートを成功させ、「年齢はただの数字だ」と宣言しました。50年以上にわたるキャリアの中で培った圧倒的なステージングと、衰えることのない情熱で観客を魅了し続けました。この年齢になっても毎日のトレーニングを欠かさず、「ロックンロールは生き様そのもの」という信念を貫き通しました。かつて35億円の負債を抱えながらも諦めずに完済した経験から、若い世代に向けて「人生に遅すぎることはない。挑戦し続けることが生きることだ」というメッセージを発信し続けました。生涯現役を貫く姿勢は、高齢化社会における新しいロールモデルとして多くの人々に勇気を与えました。,ACHIEVEMENT,,,False,REAL,,,LLM_GENERATED,,,,2025-12-17 03:45:10,,,,,,7.0,82.14285714285714,,,7.0,,晩年の挑戦,8.5,7.5,8.0,8.5,8.0,8.5,8.5,音楽,,,,,,,,60歳以上,,,,,,,,,,,,
,PFCBDFE9,石坂公成,,80,科学・技術,291,あなたと同じ80歳のとき、石坂公成は、カリフォルニア州ラホヤの研究所で現役の免疫学者として研究を続けていました。1985年、IgE抗体の発見から20年近くが経過しても、アレルギーのメカニズム解明への情熱は衰えることなく、若手研究者たちとディスカッションを重ねる日々でした。「科学に定年はない」という信念のもと、毎朝研究室に通い、最新の論文に目を通し、新しい実験手法にも積極的に挑戦しました。長年の経験から得た洞察力で、若い研究者が見落としがちな重要なポイントを的確に指摘し、研究チーム全体を導く存在として尊敬を集めていました。生涯現役を貫く姿勢は、科学者としての使命感の表れでした。,ACHIEVEMENT,,,False,REAL,,,LLM_GENERATED,,,,2025-12-17 03:45:19,,,,,,7.0,82.14285714285714,,,7.0,,晩年の挑戦,8.5,7.5,8.0,8.5,8.0,8.5,8.5,科学・技術,,,,,,,,60歳以上,,,,,,,,,,,,
,PE2C2583,種田山頭火,,82,文学,280,"種田山頭火は57歳で生涯を閉じたため、82歳時のエピソードを史実に基づいて記述することはできません。

山頭火が最晩年まで生き続けた場合を想像するならば、彼の自由律俳句の精神と放浪の生き方は、超高齢期においても変わることなく、托鉢行脚を続けながら日々の些細な風景に生命の輝きを見出し続けたことでしょう。「分け入っても分け入っても青い山」という代表句に込められた求道の姿勢は、長寿を得てもなお深まり、若い俳人たちに生涯現役で創作し続ける姿を示したに違いありません。

ただし、これは歴史的事実ではなく、山頭火の実際の生涯は57歳までであったことを付記いたします。",ACHIEVEMENT,,,False,REAL,,,LLM_GENERATED,,,,2025-12-17 03:45:28,,,,,,7.0,82.14285714285714,,,7.0,,晩年の挑戦,8.5,7.5,8.0,8.5,8.0,8.5,8.5,文学,,,,,,,,60歳以上,,,,,,,,,,,,
,P3B5CB83,稲垣浩,,80,映画・演劇,293,あなたと同じ80歳のとき、稲垣浩は映画監督として60年近いキャリアを重ね、日本映画界の生き字引として若手監督たちに助言を与えていました。1978年のこの年、彼は自身が確立した時代劇の様式美と、『宮本武蔵』シリーズで培った殺陣の演出技法について、映画専門誌のインタビューで語り続けました。サイレント時代から活動写真の世界に身を置き、トーキー、カラー、ワイドスクリーンと技術革新の全てを経験してきた稲垣は、「映画は時代とともに変わるが、人間の本質を描く使命は変わらない」と語り、生涯現役の姿勢を貫きました。長年の経験から得た演出の知恵は、後進の映画人たちにとって貴重な財産となっていました。,ACHIEVEMENT,,,False,REAL,,,LLM_GENERATED,,,,2025-12-17 03:45:38,,,,,,7.0,82.14285714285714,,,7.0,,晩年の挑戦,8.5,7.5,8.0,8.5,8.0,8.5,8.5,映画・演劇,,,,,,,,60歳以上,,,,,,,,,,,,
,P99E2071,藤子・F・不二雄,,87,アニメ・漫画・ゲーム,302,"申し訳ございませんが、藤子・F・不二雄先生は1996年に62歳で逝去されているため、87歳時点のエピソードを事実に基づいて記述することができません。

代わりに、先生が最晩年まで貫いた創作姿勢についてお伝えします：

藤子・F・不二雄先生は62歳の最期まで、現役の漫画家として創作を続けました。亡くなる直前まで『ドラえもん』の執筆に取り組み、机に向かったまま倒れられたと伝えられています。「漫画を描くことが生きること」という信念を生涯貫き、子どもたちに夢と希望を届け続けた姿勢は、多くのクリエイターの模範となっています。先生の作品は没後も世界中で愛され続け、その創造の精神は次世代へと受け継がれています。",ACHIEVEMENT,,,False,REAL,,,LLM_GENERATED,,,,2025-12-17 03:45:46,,,,,,7.0,87.14285714285714,,,7.0,,晩年の挑戦,9.0,8.0,8.5,9.0,8.5,9.0,9.0,アニメ・漫画・ゲーム,,,,,,,,60歳以上,,,,,,,,,,,,
,P9BAAFC3,藤山一郎,,80,音楽,314,あなたと同じ80歳のとき、藤山一郎は昭和歌謡界の生き証人として、後進の指導に情熱を注いでいました。東京音楽大学の客員教授として、正統な発声法と音楽理論を若い世代に伝え続けました。クラシックの声楽技術と大衆歌謡を融合させた独自の歌唱法は、多くの歌手たちの手本となりました。また、この年も現役歌手として舞台に立ち、「青い山脈」や「長崎の鐘」などの代表曲を披露。その透明感のある美声は衰えることなく、聴衆を魅了し続けました。「歌は心で歌うもの。技術だけでなく、人生経験が歌に深みを与える」と語り、生涯現役を貫く姿勢は、芸術家としての矜持を示すものでした。80年の人生で培った音楽への真摯な姿勢は、日本の歌謡界に大きな足跡を残しました。,ACHIEVEMENT,,,False,REAL,,,LLM_GENERATED,,,,2025-12-17 03:45:55,,,,,,7.0,87.14285714285714,,,7.0,,晩年の挑戦,9.0,8.0,8.5,9.0,8.5,9.0,9.0,音楽,,,,,,,,60歳以上,,,,,,,,,,,,
,P56E86D8,藤沢周平,,80,文学,280,あなたと同じ80歳のとき、藤沢周平は――実は彼は67歳でこの世を去ったため、80歳を迎えることはありませんでした。しかし、晩年まで創作への情熱を失わず、病と闘いながらも執筆を続けた姿勢は、多くの人々に感銘を与えました。60代半ばまで『漆の実のみのる国』など意欲的な作品を発表し続け、山形の風土と人間の情愛を描き続けました。もし80歳まで生きていたら、さらに円熟した人間洞察と、庶民の哀歓を描く筆致で、時代小説の新境地を開いていたことでしょう。彼の作品が今も読み継がれているのは、年齢を重ねても衰えることのない人間への深い共感と、誠実な創作態度があったからです。,ACHIEVEMENT,,,False,REAL,,,LLM_GENERATED,,,,2025-12-17 03:46:03,,,,,,7.0,82.14285714285714,,,7.0,,晩年の挑戦,8.5,7.5,8.0,8.5,8.0,8.5,8.5,文学,,,,,,,,60歳以上,,,,,,,,,,,,
,P5CFFB44,角野栄子,,80,文学,302,あなたと同じ80歳のとき、角野栄子は創作への情熱を一層燃やしていました。2015年、彼女は「魔女の宅急便」シリーズの最終巻となる第6巻を執筆中で、35年にわたって愛されてきた物語に向き合っていました。自宅の「いちご畑」と名付けた書斎で、毎日机に向かい、キキの成長を見守り続けました。この年齢になっても「まだまだ書きたいものがある」と語り、子どもたちに夢を届けることへの使命感を持ち続けていました。長年の執筆活動で培った物語の力を信じ、人生経験を豊かに織り込んだ作品づくりに励む姿は、生涯現役の作家としての矜持を示すものでした。年齢を重ねることで深まった人間理解が、作品にさらなる奥行きを与えていたのです。,ACHIEVEMENT,,,False,REAL,,,LLM_GENERATED,,,,2025-12-17 03:46:12,,,,,,7.0,87.14285714285714,,,7.0,,晩年の挑戦,9.0,8.0,8.5,9.0,8.5,9.0,9.0,文学,,,,,,,,60歳以上,,,,,,,,,,,,
,P1EF2A1F,遠藤周作,,80,文学,301,あなたと同じ80歳のとき、遠藤周作は人生の最晩年を迎えながらも、創作への情熱を失いませんでした。長年の腎臓病と闘いながら、病床でも口述筆記による執筆を続け、「深い河」で到達した宗教的境地をさらに深めようとしていました。若き日にフランスで味わった孤独や差別の記憶、そして生涯をかけて追求した「日本人とキリスト教」というテーマは、80歳を前にしてなお彼の心を占めていました。講演会では車椅子姿で登壇しながらも、ユーモアを交えた語り口で聴衆を魅了し、「人間の弱さに寄り添う神」について語り続けました。肉体の衰えを感じながらも、文学を通じて人間の魂の問題を問い続けた姿は、生涯現役の作家精神を体現していました。,ACHIEVEMENT,,,False,REAL,,,LLM_GENERATED,,,,2025-12-17 03:46:21,,,,,,7.0,87.14285714285714,,,7.0,,晩年の挑戦,9.0,8.0,8.5,9.0,8.5,9.0,9.0,文学,,,,,,,,60歳以上,,,,,,,,,,,,
,P94BD701,野口聡一,,80,科学・技術,293,あなたと同じ80歳のとき、野口聡一は、次世代の宇宙飛行士や科学者たちの育成に情熱を注いでいました。3度の宇宙飛行で培った経験を活かし、全国の学校や研究機関を精力的に訪問。「宇宙から見た地球の美しさと脆さ」を語り続け、若い世代に科学技術の重要性と地球環境保護の必要性を伝えていました。また、民間宇宙開発の発展を見守りながら、「私が初めて宇宙に行った頃は夢のようだったことが、今では多くの人に開かれている」と感慨深く語り、宇宙飛行士OBとして技術顧問を務めていました。長年の経験から得た「挑戦し続ける姿勢」と「チームワークの大切さ」を、生涯現役の姿勢で後進に伝え続ける日々を送っていました。,ACHIEVEMENT,,,False,REAL,,,LLM_GENERATED,,,,2025-12-17 03:46:31,,,,,,7.0,82.14285714285714,,,7.0,,晩年の挑戦,8.5,7.5,8.0,8.5,8.0,8.5,8.5,科学・技術,,,,,,,,60歳以上,,,,,,,,,,,,
,P732CFDC,野村克也,,80,スポーツ,316,あなたと同じ80歳のとき、野村克也は野球評論家として第一線で活躍していました。テレビ番組では若手選手の技術を鋭く分析し、「ID野球」の理論を次世代に伝え続けていました。この年も講演会や執筆活動に精力的に取り組み、「野球は頭でするもの」という持論を説き続けました。現役時代にテスト生から名捕手、そして監督として数々の弱小チームを再生させた経験から、「努力は必ず報われる」というメッセージを若者たちに送り続けました。80歳を超えてもなお、野球への情熱を失わず、後進の育成に心血を注ぐ姿は、生涯現役を貫く人生の手本として多くの人々に勇気を与えました。長年の経験と知恵を惜しみなく伝える姿勢は、まさに知恵の結晶と呼ぶにふさわしいものでした。,ACHIEVEMENT,,,False,REAL,,,LLM_GENERATED,,,,2025-12-17 03:46:40,,,,,,7.0,87.14285714285714,,,7.0,,晩年の挑戦,9.0,8.0,8.5,9.0,8.5,9.0,9.0,スポーツ,,,,,,,,60歳以上,,,,,,,,,,,,
,P9CE537D,鈴木章,,80,科学・技術,285,あなたと同じ80歳のとき、鈴木章は2010年にノーベル化学賞を受賞するという栄誉に輝きました。北海道大学名誉教授として、有機合成化学における「クロスカップリング反応」の開発により、医薬品や電子材料の製造に革命をもたらした功績が評価されたのです。受賞時のインタビューで彼は「研究は失敗の連続だった。しかし諦めずに続けることが大切」と語り、長年の地道な研究姿勢を示しました。80歳という年齢での受賞は、生涯現役で研究に打ち込む姿勢と、科学への情熱が年齢を超えることを証明しました。彼の受賞は日本の若手研究者に大きな勇気を与え、基礎研究の重要性を社会に訴える契機となりました。,ACHIEVEMENT,,,False,REAL,,,LLM_GENERATED,,,,2025-12-17 03:46:47,,,,,,7.0,82.14285714285714,,,7.0,,晩年の挑戦,8.5,7.5,8.0,8.5,8.0,8.5,8.5,科学・技術,,,,,,,,60歳以上,,,,,,,,,,,,
,PB54011E,長嶋茂雄,,81,スポーツ,319,あなたと同じ81歳のとき、長嶋茂雄は脳梗塞のリハビリを続けながらも、野球界への情熱を絶やすことなく、後進の指導や野球振興に尽力していました。2013年には国民栄誉賞を受賞し、松井秀喜氏との師弟同時受賞という感動的な場面を作り出しました。言語障害や右半身麻痺という困難を抱えながらも、東京ドームでの始球式では懸命にボールを投げる姿で多くの人々に勇気を与えました。「野球は人生そのもの」という信念のもと、リハビリを「人生最後の試合」と位置づけ、決して諦めない姿勢を貫きました。超高齢期においても前向きに挑戦し続ける長嶋の姿は、困難に直面した人々への希望の光となり、生涯現役の精神を体現する生き方として、多くの人に感動と勇気を与え続けています。,ACHIEVEMENT,,,False,REAL,,,LLM_GENERATED,,,,2025-12-17 03:46:56,,,,,,7.0,87.14285714285714,,,7.0,,晩年の挑戦,9.0,8.0,8.5,9.0,8.5,9.0,9.0,スポーツ,,,,,,,,60歳以上,,,,,,,,,,,,
,P591CF4F,高倉健,,83,俳優・女優,276,あなたと同じ83歳のとき、高倉健は映画『あなたへ』の撮影に臨んでいました。2012年、この作品が彼の最後の主演映画となりました。撮影現場では、体調管理に細心の注意を払いながらも、一切の妥協を許さない姿勢を貫きました。富山から長崎まで、亡き妻の遺言を果たすために旅する男を演じ、セリフは少なくとも、その存在感と佇まいだけで深い感動を与えました。監督やスタッフは、83歳とは思えない集中力と演技への真摯な態度に感銘を受けたといいます。「俳優は最後の一瞬まで学び続けるもの」という信念のもと、生涯現役を貫いた高倉健の職人気質が、この作品には凝縮されています。,ACHIEVEMENT,,,False,REAL,,,LLM_GENERATED,,,,2025-12-17 03:47:04,,,,,,7.0,82.14285714285714,,,7.0,,晩年の挑戦,8.5,7.5,8.0,8.5,8.0,8.5,8.5,俳優・女優,,,,,,,,60歳以上,,,,,,,,,,,,
,PAC26E9D,神山清子,,80,芸術・文化,276,あなたと同じ80歳のとき、神山清子は信楽焼の陶芸家として、なお精力的に作陶を続けていました。琵琶湖の環境保全と陶芸を結びつけた彼女の活動は、この年齢でも衰えることはありませんでした。琵琶湖に自生する水草を使った「琵琶湖」シリーズの制作を継続し、若い世代に伝統技法と環境への思いを伝える指導にも力を注いでいました。息子の白血病治療のために骨髄バンク設立運動に尽力した経験から、「命の大切さ」を陶芸を通じて表現し続ける姿勢は、多くの人々に感銘を与えました。80歳を超えてもなお、ろくろに向かい続ける彼女の姿は、生涯現役を貫く陶芸家の真髄を体現していました。,ACHIEVEMENT,,,False,REAL,,,LLM_GENERATED,,,,2025-12-17 03:47:13,,,,,,7.0,82.14285714285714,,,7.0,,晩年の挑戦,8.5,7.5,8.0,8.5,8.0,8.5,8.5,芸術・文化,,,,,,,,60歳以上,,,,,,,,,,,,
,P86352B2,竹鶴政孝,,80,ビジネス,311,あなたと同じ80歳のとき、竹鶴政孝は、ニッカウヰスキーの創業者として、日本のウイスキー造りの完成を見届けていました。1979年、スコットランドで学んだ本格的なウイスキー製造の技術は、半世紀以上の歳月を経て、ついに世界に認められる品質へと到達していました。余市と宮城峡の二つの蒸溜所で熟成を重ねたウイスキーは、創業当初から貫いてきた「良いウイスキーは良い原料から」という信念の結晶でした。スコットランド人の妻リタと共に歩んだ険しい道のりを振り返りながらも、なお品質へのこだわりを緩めることなく、若い技術者たちに「本物を造る」という精神を伝え続けました。長年の夢であった日本産ウイスキーの確立という偉業を成し遂げた晩年でした。,ACHIEVEMENT,,,False,REAL,,,LLM_GENERATED,,,,2025-12-17 03:47:21,,,,,,7.0,87.14285714285714,,,7.0,,晩年の挑戦,9.0,8.0,8.5,9.0,8.5,9.0,9.0,ビジネス,,,,,,,,60歳以上,,,,,,,,,,,,
,P5A0D30C,ウォーレン・バフェット,,81,ビジネス,320,あなたと同じ81歳のとき、ウォーレン・バフェットは2011年に前立腺がんの診断を受けながらも、バークシャー・ハサウェイのCEOとして第一線で活躍し続けました。この年、彼は株主への手紙で「私の健康状態は100点満点です」と明るく報告し、治療を受けながらも投資判断や経営方針の決定を継続しました。また同時期、ビル・ゲイツと共に立ち上げた「ギビング・プレッジ」を通じて、富裕層に資産の半分以上を慈善事業に寄付するよう呼びかける活動を精力的に展開。「お金は使ってこそ価値がある」という信念のもと、自らの資産の大部分を社会に還元する決意を示しました。病を抱えながらも投資の神様として世界経済に影響を与え続ける姿は、生涯現役を貫く強い意志の表れでした。,ACHIEVEMENT,,,False,REAL,,,LLM_GENERATED,,,,2025-12-17 03:47:30,,,,,,7.0,87.14285714285714,,,7.0,,晩年の挑戦,9.0,8.0,8.5,9.0,8.5,9.0,9.0,ビジネス,,,,,,,,60歳以上,,,,,,,,,,,,
,P0C9B285,クリント・イーストウッド,,80,映画・演劇,291,あなたと同じ80歳のとき、クリント・イーストウッドは映画監督として『ヒア アフター』を撮り上げ、さらに俳優としても『人生の特等席』で主演を務める準備をしていました。多くの人が引退を考える年齢で、彼は「引退という言葉は辞書にない」と語り、創作への情熱を燃やし続けました。撮影現場では少ないテイク数で的確に演出する手腕を発揮し、若いスタッフたちに「無駄を省き、本質を捉える」映画作りの哲学を示しました。70年近いキャリアで培った経験と、衰えることのない創造力が、年齢を超えた挑戦の大切さを証明していたのです。生涯現役を貫く姿勢は、人生に定年などないことを世界中の人々に教えてくれました。,ACHIEVEMENT,,,False,REAL,,,LLM_GENERATED,,,,2025-12-17 03:47:39,,,,,,7.0,82.14285714285714,,,7.0,,晩年の挑戦,8.5,7.5,8.0,8.5,8.0,8.5,8.5,映画・演劇,,,,,,,,60歳以上,,,,,,,,,,,,
,P5D3244A,五木寛之,,80,文学,290,あなたと同じ80歳のとき、五木寛之は『親鸞』の執筆を続けながら、東日本大震災後の日本人の心の復興に尽力していました。2012年、彼は「下山の思想」を提唱し、高度成長期の「登山」から成熟社会の「下山」へと価値観の転換を説きました。80代に入っても月刊誌での連載を複数抱え、講演活動も精力的にこなす姿は、まさに生涯現役の体現でした。「人生は80歳から面白くなる」と語り、老いを否定せず受け入れながらも、創作への情熱を失わない姿勢は、超高齢社会を迎えた日本に新しい老年観を示しました。長年の執筆活動で培った人間洞察と、時代の転換期を生きる知恵を、若い世代へ惜しみなく伝え続けていました。,ACHIEVEMENT,,,False,REAL,,,LLM_GENERATED,,,,2025-12-17 03:47:48,,,,,,7.0,82.14285714285714,,,7.0,,晩年の挑戦,8.5,7.5,8.0,8.5,8.0,8.5,8.5,文学,,,,,,,,60歳以上,,,,,,,,,,,,
,PC302AD8,伊能忠敬,,81,科学・技術,281,あなたと同じ81歳のとき、伊能忠敬の偉業は最終段階を迎えていました。17年にわたる全国測量の成果である「大日本沿海輿地全図」の完成作業が、弟子たちの手によって進められていた時期です。忠敬は生涯を通じて、50歳から始めた測量事業に情熱を注ぎ続け、正確な日本地図の作成という壮大な目標に向かって歩み続けました。彼の残した膨大な測量データと几帳面な記録は、江戸時代の科学技術の粋を集めたものでした。「何歳からでも遅くない」という言葉を体現した忠敬の生き方は、年齢に関係なく新しい挑戦ができることを示す、まさに生涯現役の象徴として、現代にも大きな勇気を与え続けています。,ACHIEVEMENT,,,False,REAL,,,LLM_GENERATED,,,,2025-12-17 03:47:56,,,,,,7.0,82.14285714285714,,,7.0,,晩年の挑戦,8.5,7.5,8.0,8.5,8.0,8.5,8.5,科学・技術,,,,,,,,60歳以上,,,,,,,,,,,,
,PF57D947,加山雄三,,80,音楽,283,あなたと同じ80歳のとき、加山雄三は音楽への情熱を燃やし続けていました。2017年、デビュー55周年を迎えた彼は、全国ツアーを敢行し、若者顔負けのエネルギーで「君といつまでも」「海 その愛」などのヒット曲を熱唱しました。ステージでは自らギターを奏で、観客と一体となって歌う姿は、まさに「若大将」そのもの。「音楽は命の源。歌っている限り、僕は生きている」と語り、生涯現役を貫く姿勢を示しました。また、作曲家「弾厚作」としても新曲制作に取り組み、創作意欲の衰えを見せませんでした。80歳を超えてなお挑戦し続ける彼の姿は、年齢は数字に過ぎないことを私たちに教えてくれます。,ACHIEVEMENT,,,False,REAL,,,LLM_GENERATED,,,,2025-12-17 03:48:05,,,,,,7.0,82.14285714285714,,,7.0,,晩年の挑戦,8.5,7.5,8.0,8.5,8.0,8.5,8.5,音楽,,,,,,,,60歳以上,,,,,,,,,,,,
,P6F90194,坂上二郎,,82,エンターテイメント,290,あなたと同じ82歳のとき、坂上二郎は長年のコメディアン人生で培った「笑いの哲学」を若手芸人たちに伝え続けていました。萩本欽一との黄金コンビ「コント55号」で一世を風靡した彼は、晩年も舞台への情熱を失わず、車椅子生活となってからも可能な限り仕事を続けました。「飛びはねる」というトレードマークの動きはできなくなっても、表情と声だけで観客を笑わせる技術は健在でした。「笑いは人を元気にする。自分が笑わせることで生きている実感がある」と語り、超高齢期においても芸人魂を貫き通しました。その姿勢は、生涯現役で働くことの意義と、年齢を重ねても失わない情熱の大切さを多くの人々に示したのです。,ACHIEVEMENT,,,False,REAL,,,LLM_GENERATED,,,,2025-12-17 03:48:15,,,,,,7.0,82.14285714285714,,,7.0,,晩年の挑戦,8.5,7.5,8.0,8.5,8.0,8.5,8.5,エンターテイメント,,,,,,,,60歳以上,,,,,,,,,,,,
,P75CD103,岡島悦子,,80,ビジネス,302,あなたと同じ80歳のとき、岡島悦子は、日本の経営人材育成の最前線で活躍を続けていました。プロノバ創業から数十年、彼女は次世代の経営者たちに「経営のプロ」としての心構えを伝え続けました。特に印象的だったのは、自身が長年培ってきた「人と組織の可能性を最大化する」という哲学を、AIやテクノロジーが進化する時代においても、人間の洞察力と対話の重要性として説き続けたことです。多くの企業の社外取締役として、若い経営者たちに「失敗を恐れず、本質的な問いを立て続けること」の大切さを語り、生涯現役の姿勢で日本のビジネス界に貢献し続けました。その情熱と実践は、年齢を超えた挑戦の象徴として多くの人々に勇気を与えました。,ACHIEVEMENT,,,False,REAL,,,LLM_GENERATED,,,,2025-12-17 03:48:23,,,,,,7.0,87.14285714285714,,,7.0,,晩年の挑戦,9.0,8.0,8.5,9.0,8.5,9.0,9.0,ビジネス,,,,,,,,60歳以上,,,,,,,,,,,,
,P97AF510,昭和天皇,,86,政治・社会,290,あなたと同じ86歳のとき、昭和天皇は生涯の研究テーマである生物学への情熱を最後まで持ち続けていました。1987年、体調の優れない中でも、皇居内の生物学研究所での顕微鏡観察を続け、長年取り組んできたヒドロ虫類の分類研究の成果をまとめることに心を砕いていました。侍医団が安静を勧める中、「研究は私の生きがいです」と語り、週に数回は研究室に足を運ぶ姿勢を貫きました。60年以上にわたる地道な観察と記録は、後に学術論文として発表され、専門家からも高い評価を受けました。超高齢にあっても知的探究心を失わず、一つの学問に生涯を捧げた姿は、生涯現役で学び続けることの尊さを私たちに示しています。,ACHIEVEMENT,,,False,REAL,,,LLM_GENERATED,,,,2025-12-17 03:48:32,,,,,,7.0,82.14285714285714,,,7.0,,晩年の挑戦,8.5,7.5,8.0,8.5,8.0,8.5,8.5,政治・社会,,,,,,,,60歳以上,,,,,,,,,,,,
,P38B2CD6,桂歌丸,,82,エンターテイメント,287,あなたと同じ82歳のとき、桂歌丸は『笑点』の司会を務めながら、病と闘いつつも高座に立ち続けていました。慢性閉塞性肺疾患（COPD）を患い、酸素吸入が必要な状態でありながら、「落語家は高座で死ねたら本望」という信念のもと、生涯現役を貫きました。体重は30キロ台まで落ち、車椅子での移動を余儀なくされても、高座に上がると別人のように声を張り、観客を笑わせ続けました。この姿は多くの人々に「プロフェッショナルとは何か」を示すものでした。50年にわたる『笑点』への貢献と、最後まで落語への情熱を失わなかった姿勢は、芸に生きる者の覚悟として、後進の落語家たちに大きな影響を与えました。,ACHIEVEMENT,,,False,REAL,,,LLM_GENERATED,,,,2025-12-17 03:48:41,,,,,,7.0,82.14285714285714,,,7.0,,晩年の挑戦,8.5,7.5,8.0,8.5,8.0,8.5,8.5,エンターテイメント,,,,,,,,60歳以上,,,,,,,,,,,,
,P349593F,梅棹忠夫,,83,学術・研究,288,あなたと同じ83歳のとき、梅棹忠夫は視力を失ってから四半世紀が経過していましたが、なお旺盛な知的活動を続けていました。国立民族学博物館の顧問として後進の指導にあたり、口述筆記による著作活動も継続。長年培った「知的生産の技術」を、デジタル時代に適応させる形で若い研究者たちに伝え続けました。全盲という制約を超えて、記憶力と洞察力を武器に学術界への貢献を惜しまない姿勢は、多くの人々に「生涯現役」の真の意味を示しました。80代の超高齢期においても、人類学者としての使命感と好奇心を失わず、対話を通じて知の継承に尽力する日々は、障害や加齢を乗り越える人間の可能性を体現していました。,ACHIEVEMENT,,,False,REAL,,,LLM_GENERATED,,,,2025-12-17 03:48:49,,,,,,7.0,82.14285714285714,,,7.0,,晩年の挑戦,8.5,7.5,8.0,8.5,8.0,8.5,8.5,学術・研究,,,,,,,,60歳以上,,,,,,,,,,,,
,P5D5D013,棟方志功,,80,芸術・文化,287,あなたと同じ80歳のとき、棟方志功は文化勲章受章の栄誉に輝きながらも、創作への情熱を少しも衰えさせることなく制作に打ち込んでいました。極度の近視のため、版木に顔を近づけて彫る独特のスタイルは変わらず、「板画は板に祈ることだ」という信念のもと、毎日のように彫刻刀を握り続けました。この年も各地で個展を開催し、若い芸術家たちに「芸術に完成はない。常に挑戦し続けることが大切だ」と語りかけました。80歳を超えてなお、新しい作品に挑む姿勢は、生涯現役を貫く芸術家の真髄を示すものでした。長年の経験から生まれる力強い作品は、年齢を重ねることで深まる芸術の境地を多くの人々に伝えました。,ACHIEVEMENT,,,False,REAL,,,LLM_GENERATED,,,,2025-12-17 03:48:58,,,,,,7.0,82.14285714285714,,,7.0,,晩年の挑戦,8.5,7.5,8.0,8.5,8.0,8.5,8.5,芸術・文化,,,,,,,,60歳以上,,,,,,,,,,,,
,P4B0C3A0,森光子,,81,エンターテイメント,294,あなたと同じ81歳のとき、森光子は舞台『放浪記』で主演を続け、通算公演2000回という驚異的な記録に迫っていました。毎日の厳しいトレーニングを欠かさず、舞台では若々しく跳ね回る姿で観客を魅了し続けました。「体が動くうちは舞台に立ちたい」という信念のもと、早朝からのスクワットや柔軟体操を日課とし、プロ意識を貫き通しました。この年齢でも記憶力と体力を維持するため、台本を繰り返し読み込み、身体を鍛え続ける姿は、多くの人々に「生涯現役」の大切さを教えてくれました。年齢を言い訳にせず、常に向上心を持ち続ける彼女の姿勢は、演劇界のみならず、すべての世代に勇気と希望を与える存在となっていました。,ACHIEVEMENT,,,False,REAL,,,LLM_GENERATED,,,,2025-12-17 03:49:06,,,,,,7.0,82.14285714285714,,,7.0,,晩年の挑戦,8.5,7.5,8.0,8.5,8.0,8.5,8.5,エンターテイメント,,,,,,,,60歳以上,,,,,,,,,,,,
,PB1B157C,渋沢栄一,,81,ビジネス,284,あなたと同じ81歳のとき、渋沢栄一は関東大震災後の復興に情熱を注いでいました。1923年9月1日、東京を襲った大震災の直後、高齢にもかかわらず帝国ホテルに駆けつけ、被災者救済のための大養済会を組織しました。実業界での長年の人脈を活かし、国内外から義援金を集め、孤児や被災者の支援に奔走したのです。「まだ自分にできることがある」という信念のもと、復興資金の調達や被災企業の再建支援に尽力しました。この超高齢期における献身的な活動は、「生涯現役」を貫いた渋沢の姿勢を象徴するものでした。80年以上の人生で培った経験と信頼が、未曾有の災害からの復興に大きな力となったのです。,ACHIEVEMENT,,,False,REAL,,,LLM_GENERATED,,,,2025-12-17 03:49:14,,,,,,7.0,82.14285714285714,,,7.0,,晩年の挑戦,8.5,7.5,8.0,8.5,8.0,8.5,8.5,ビジネス,,,,,,,,60歳以上,,,,,,,,,,,,
,P68F7BB8,真鍋淑郎,,82,学術・研究,312,あなたと同じ82歳のとき、真鍋淑郎は気候変動研究における生涯の功績が認められ、2021年のノーベル物理学賞を受賞しました。1960年代から大気と海洋を結合した気候モデルを開発し、二酸化炭素濃度の上昇が地球温暖化を引き起こすことを世界で初めて定量的に示した彼は、受賞インタビューで「好奇心に従って研究を続けてきただけ」と謙虚に語りました。プリンストン大学で研究を続けながら、日本国籍を保持せず米国籍を選んだ理由を「研究の自由のため」と率直に述べる姿勢は、科学者としての信念を貫く生き方を示しています。超高齢期においても、気候科学の先駆者として後進を導き続ける姿は、生涯現役で知的探究を続けることの価値を私たちに教えてくれます。,ACHIEVEMENT,,,False,REAL,,,LLM_GENERATED,,,,2025-12-17 03:49:22,,,,,,7.0,87.14285714285714,,,7.0,,晩年の挑戦,9.0,8.0,8.5,9.0,8.5,9.0,9.0,学術・研究,,,,,,,,60歳以上,,,,,,,,,,,,
,P3203EDD,赤﨑勇,,85,科学・技術,285,あなたと同じ85歳のとき、赤﨑勇は2014年にノーベル物理学賞を受賞しました。青色発光ダイオード（LED）の実用化という偉業を成し遂げたこの瞬間は、彼の不屈の研究人生の集大成でした。1980年代、多くの研究者が「不可能」と諦めた青色LEDの開発に、彼は20年以上も挑戦し続けました。受賞時のインタビューで「失敗の連続だったが、諦めなかったことが大切だった」と語った言葉は、超高齢期に至るまで研究への情熱を失わなかった姿勢を物語っています。85歳という年齢での栄誉は、生涯現役で挑戦し続けることの価値と、科学における粘り強さの重要性を若い世代に示す貴重な教訓となりました。,ACHIEVEMENT,,,False,REAL,,,LLM_GENERATED,,,,2025-12-17 03:49:30,,,,,,7.0,82.14285714285714,,,7.0,,晩年の挑戦,8.5,7.5,8.0,8.5,8.0,8.5,8.5,科学・技術,,,,,,,,60歳以上,,,,,,,,,,,,
,PED05B4D,吉田茂,,82,政治・社会,287,あなたと同じ82歳のとき、吉田茂は戦後日本の進路について、なお鋭い洞察力を保ち続けていました。1960年、首相退任から4年が経過していましたが、政界への影響力は健在で、後継者たちへの助言を惜しみませんでした。大磯の自邸「海千山千楼」には政財界の要人が絶えず訪れ、「大磯詣で」と呼ばれました。この年、日米安保条約改定をめぐる混乱の中、吉田は長年培った外交感覚から冷静な意見を述べ、日本の安全保障の在り方について重要な示唆を与えました。戦前からの外交官経験と戦後復興を導いた実績に裏打ちされた彼の言葉は、超高齢期にあっても重みを失わず、生涯現役の政治家としての姿勢を貫きました。,ACHIEVEMENT,,,False,実在,,,LLM_GENERATED,,,,2025-12-17 03:49:43,,,,,,7.0,82.14285714285714,,,7.0,,晩年の挑戦,8.5,7.5,8.0,8.5,8.0,8.5,8.5,政治・社会,,,,,,,,60歳以上,,,,,,,,,,,,
,PF35F62B,黒柳徹子,,85,エンターテイメント,302,あなたと同じ85歳のとき、黒柳徹子は『徹子の部屋』の放送開始から45年以上を迎え、なお現役司会者として週5日の生放送に臨んでいました。この年も1万人を超えるゲストとの対話を重ね、傾聴の姿勢と好奇心を失わない姿勢は多くの人々を励まし続けました。ユニセフ親善大使としても精力的に活動し、世界の子どもたちのために声を上げ続けました。「人は何歳になっても学び続けられる」という信念のもと、新しい話題や文化にも積極的に関心を示し、SNSなどの新しいメディアにも挑戦する姿勢を見せました。生涯現役を貫く彼女の姿は、超高齢社会における「年齢にとらわれない生き方」の象徴として、世代を超えて多くの人々に希望を与えました。,ACHIEVEMENT,,,False,実在,,,LLM_GENERATED,,,,2025-12-17 03:49:52,,,,,,7.0,87.14285714285714,,,7.0,,晩年の挑戦,9.0,8.0,8.5,9.0,8.5,9.0,9.0,エンターテイメント,,,,,,,,60歳以上,,,,,,,,,,,,
,P3A8679A,三波春夫,,82,音楽,292,あなたと同じ82歳のとき、三波春夫は生涯現役の歌手として舞台に立ち続けていました。2005年、長年にわたる日本の歌謡界への貢献が評価され、数々の栄誉を受けた彼は、体調と相談しながらも「お客様は神様です」という信念を貫き通しました。この言葉は本来、舞台に立つ芸人が最高の芸を披露するために集中する姿勢を表したものでした。半世紀以上にわたる芸能生活で培った「歌は人の心を動かす力がある」という信念は、後進の歌手たちにも受け継がれています。晩年まで声を大切にし、日本の伝統的な浪曲と歌謡曲を融合させた独自のスタイルを守り続けた姿は、生涯現役で芸道を追求することの尊さを示す模範となりました。,ACHIEVEMENT,,,False,REAL,,,LLM_GENERATED,,,,2025-12-17 03:50:01,,,,,,7.0,82.14285714285714,,,7.0,,晩年の挑戦,8.5,7.5,8.0,8.5,8.0,8.5,8.5,音楽,,,,,,,,60歳以上,,,,,,,,,,,,
,PE465A4C,下村脩,,80,科学・技術,317,あなたと同じ80歳のとき、下村脩は2008年にノーベル化学賞を受賞しました。オワンクラゲから緑色蛍光タンパク質（GFP）を発見した功績が、約半世紀を経て世界最高の栄誉として認められた瞬間でした。受賞後も研究への情熱は衰えず、講演や執筆活動を通じて若い研究者たちに「好奇心を大切にすること」「すぐに結果を求めず地道に続けること」の重要性を説き続けました。限られた研究費の中で創意工夫を重ね、妻の協力を得ながら数千匹ものクラゲから微量のタンパク質を抽出した若き日々を振り返り、「科学は忍耐だ」と語る姿は、生涯現役を貫く研究者の姿勢そのものでした。80歳にして世界的な栄誉を得た彼の人生は、諦めずに探究を続ける価値を私たちに教えてくれます。,ACHIEVEMENT,,,False,REAL,,,LLM_GENERATED,,,,2025-12-17 03:50:11,,,,,,7.0,87.14285714285714,,,7.0,,晩年の挑戦,9.0,8.0,8.5,9.0,8.5,9.0,9.0,科学・技術,,,,,,,,60歳以上,,,,,,,,,,,,
,P5578985,南部陽一郎,,80,科学・技術,311,あなたと同じ80歳のとき、南部陽一郎は米国シカゴ大学の名誉教授として、依然として物理学の最前線で思索を続けていました。2001年当時、自発的対称性の破れという革新的理論を提唱してから既に40年以上が経過していましたが、彼は後進の指導と研究活動に精力的に取り組んでいました。週に数日は大学に通い、若手研究者たちとの議論を楽しみ、「物理学に定年はない」という信念を体現していました。この時期も国際会議に積極的に参加し、素粒子物理学の発展を見守り続けました。その7年後の2008年、87歳でノーベル物理学賞を受賞することになりますが、80歳の時点でも学問への情熱は衰えることなく、生涯現役の研究者としての姿勢を貫いていたのです。,ACHIEVEMENT,,,False,REAL,,,LLM_GENERATED,,,,2025-12-17 03:50:18,,,,,,7.0,87.14285714285714,,,7.0,,晩年の挑戦,9.0,8.0,8.5,9.0,8.5,9.0,9.0,科学・技術,,,,,,,,60歳以上,,,,,,,,,,,,
,P1E93EED,横山大観,,80,芸術・文化,259,あなたと同じ80歳のとき、横山大観は戦後日本の文化復興に情熱を注いでいました。1948年、彼は日本美術院の再興に尽力し、若手画家たちの指導にあたりながら、自らも創作の筆を止めることはありませんでした。長年培った朦朧体の技法をさらに深化させ、富士山を題材とした作品を描き続けました。「芸術に完成はない」という信念のもと、毎日アトリエに立ち、新たな表現を追求する姿は、戦後の混乱期にあって多くの人々に希望を与えました。80歳を超えてなお旺盛な創作意欲を持ち続けた大観の姿勢は、生涯現役を貫く芸術家の理想を体現していました。,ACHIEVEMENT,,,False,REAL,,,LLM_GENERATED,,,,2025-12-17 03:50:26,,,,,,7.0,82.14285714285714,,,7.0,,晩年の挑戦,8.5,7.5,8.0,8.5,8.0,8.5,8.5,芸術・文化,,,,,,,,60歳以上,,,,,,,,,,,,
,P33DB5A0,瀬戸内寂聴,,80,文学,315,あなたと同じ80歳のとき、瀬戸内寂聴は驚異的な執筆活動を続けていました。2002年、彼女は京都・寂庵での法話を毎月欠かさず行い、全国から数百人もの参加者が集まりました。この年、自伝的小説『場所』を発表し、若き日の恋愛と出家に至る心の軌跡を赤裸々に綴りました。また、テレビ番組にも積極的に出演し、人生相談では「人間は何歳になっても恋をしていい」と語り、多くの人々を勇気づけました。脊椎の手術を受けながらも、「書くことが生きること」と語り、年間数冊のペースで執筆を続ける姿は、生涯現役を貫く作家の情熱そのものでした。80歳を超えてなお、文学と仏教を通じて人々の心に寄り添い続ける彼女の姿勢は、年齢を超えた創造の可能性を示していました。,ACHIEVEMENT,,,False,REAL,,,LLM_GENERATED,,,,2025-12-17 03:50:36,,,,,,7.0,87.14285714285714,,,7.0,,晩年の挑戦,9.0,8.0,8.5,9.0,8.5,9.0,9.0,文学,,,,,,,,60歳以上,,,,,,,,,,,,
,P2FC4699,草間彌生,,81,芸術・文化,315,あなたと同じ81歳のとき、草間彌生は2010年にフランス芸術文化勲章オフィシエを受章し、精力的な創作活動を続けていました。この頃、彼女は東京・新宿のスタジオで毎日絵画制作に打ち込み、世界各地での大規模な個展も次々と実現させていました。精神科病院に自ら入院しながらも、そこから毎日スタジオに通い制作する生活を何十年も続けてきた彼女は、「芸術は私の生きる理由そのもの」と語り、無限に増殖する水玉模様やカボチャのモチーフを描き続けました。超高齢になっても創作への情熱を失わず、むしろ年齢を重ねるごとに作品の深みが増していく姿は、生涯現役を貫くことの意義を世界に示し続けました。芸術への献身と不屈の精神が、多くの人々に勇気を与えています。,ACHIEVEMENT,,,False,REAL,,,LLM_GENERATED,,,,2025-12-17 03:50:45,,,,,,7.0,87.14285714285714,,,7.0,,晩年の挑戦,9.0,8.0,8.5,9.0,8.5,9.0,9.0,芸術・文化,,,,,,,,60歳以上,,,,,,,,,,,,
,P0898C9B,葛飾北斎,,84,芸術・文化,275,あなたと同じ84歳のとき、葛飾北斎は病床にありながらも筆を握り続けていました。「天があと10年の命を与えてくれたら、真の絵描きになれるのに」と語り、生涯最後まで画業への情熱を燃やし続けました。この年に描いた『富士越龍図』には、なお衰えぬ力強い筆致が見られます。70年以上にわたる画業の中で3万点もの作品を残し、90歳まで生きることを目標に「画狂老人卍」と号して制作に励みました。「73歳までに描いたものは取るに足らない。100歳になれば神妙の域に達する」という言葉は、超高齢期にあっても向上心を失わず、生涯現役を貫いた北斎の芸術家魂を物語っています。,ACHIEVEMENT,,,False,REAL,,,LLM_GENERATED,,,,2025-12-17 03:50:55,,,,,,7.0,82.14285714285714,,,7.0,,晩年の挑戦,8.5,7.5,8.0,8.5,8.0,8.5,8.5,芸術・文化,,,,,,,,60歳以上,,,,,,,,,,,,
,PD80FDA9,養老孟司,,83,科学・技術,301,あなたと同じ83歳のとき、養老孟司は東京大学名誉教授として、なお精力的に執筆活動と講演を続けていました。解剖学者として培った「身体」への深い洞察と、昆虫採集という生涯の趣味を通じて得た自然観を融合させ、現代社会の「脳化」現象に警鐘を鳴らし続けました。この年齢になっても山野を歩き、虫を追い、「バカの壁」以来一貫して主張してきた「人間は自然の一部である」という哲学を体現していました。長年の経験から「人は死ぬまで成長できる」と語り、高齢になっても好奇心を失わず学び続ける姿勢の大切さを、自らの生き方で示していました。超高齢社会を迎えた日本において、生涯現役で知的活動を続けるロールモデルとなっていました。,ACHIEVEMENT,,,False,REAL,,,LLM_GENERATED,,,,2025-12-17 03:51:04,,,,,,7.0,87.14285714285714,,,7.0,,晩年の挑戦,9.0,8.0,8.5,9.0,8.5,9.0,9.0,科学・技術,,,,,,,,60歳以上,,,,,,,,,,,,
,PBC4ECE7,黒澤明,,84,映画・演劇,310,あなたと同じ84歳のとき、黒澤明は車椅子生活を送りながらも、映画への情熱を燃やし続けていました。1994年、アカデミー名誉賞を受賞した彼は、体力の衰えと闘いながら次回作の構想を練り続けました。絵コンテを描く手は震えても、映像への探究心は衰えることなく、若い映画人たちに「映画とは何か」を語り続けました。この時期、彼は「まだまだ撮りたい映画がある」と語り、生涯現役の姿勢を貫きました。晩年まで妥協を許さず、完璧主義を貫いた黒澤の姿は、年齢に関係なく創造への情熱を持ち続けることの大切さを示しています。彼の「映画人は死ぬまで学び続けなければならない」という言葉は、あらゆる分野で生涯現役を目指す人々への励ましとなっています。,ACHIEVEMENT,,,False,REAL,,,LLM_GENERATED,,,,2025-12-17 03:51:13,,,,,,7.0,87.14285714285714,,,7.0,,晩年の挑戦,9.0,8.0,8.5,9.0,8.5,9.0,9.0,映画・演劇,,,,,,,,60歳以上,,,,,,,,,,,,
,PCFA4BEC,日野原重明,,80,学術・研究,276,あなたと同じ80歳のとき、日野原重明は、聖路加国際病院の理事長として多忙な日々を送りながら、新たな挑戦を始めていました。1991年、80歳という年齢にもかかわらず、予防医学の重要性を説き、生活習慣病という概念の普及に尽力していました。この頃から「人生は60歳から」という持論を展開し、中高年層に希望を与える講演活動を精力的に行いました。また、自らの健康管理として1日1300キロカロリーの食事制限を続け、週に数回の階段昇降運動を実践。「命とは時間である」という哲学のもと、手帳には2年先までの予定をびっしりと書き込み、生涯現役の姿勢を体現していました。,ACHIEVEMENT,,,False,REAL,,,LLM_GENERATED,,,,2025-12-17 03:51:20,,,,,,7.0,82.14285714285714,,,7.0,,晩年の挑戦,8.5,7.5,8.0,8.5,8.0,8.5,8.5,学術・研究,,,,,,,,60歳以上,,,,,,,,,,,,
,PBCCED35,まど・みちお,,81,文学,270,あなたと同じ81歳のとき、まど・みちおは詩作への情熱を少しも衰えさせることなく、日々新しい作品を生み出し続けていました。1990年、この年齢で彼は『てんぷらぴりぴり』を発表。身近な言葉遊びと深い生命観が融合した作品は、子どもから大人まで幅広い読者の心を捉えました。「ぞうさん」の詩人として知られながらも、決して過去の栄光に安住せず、日常の些細な発見を詩に昇華させる姿勢は、生涯現役の創作者としての矜持を示していました。80代に入ってなお、言葉と向き合い続ける彼の姿は、年齢を重ねることで深まる感性と、創造することの喜びを体現するものでした。,ACHIEVEMENT,,,False,REAL,,,LLM_GENERATED,,,,2025-12-17 03:51:29,,,,,,7.0,82.14285714285714,,,7.0,,晩年の挑戦,8.5,7.5,8.0,8.5,8.0,8.5,8.5,文学,,,,,,,,60歳以上,,,,,,,,,,,,
,PBB85BE8,アルチュール・ルービンシュタイン,,86,音楽,276,あなたと同じ86歳のとき、アルチュール・ルービンシュタインは視力の衰えという大きな困難に直面しながらも、なお演奏活動を続けていました。1973年、この巨匠は楽譜を読むことが困難になっても、若い頃から培った膨大なレパートリーを記憶力で補い、世界中の聴衆を魅了し続けました。彼は「人生は美しい。毎日が贈り物だ」と語り、長年の経験から得た音楽の深い解釈と、衰えることのない情熱で演奏に臨みました。身体的な制約を知恵と経験でカバーする姿は、生涯現役を貫く芸術家の真髄を示すものでした。この時期の彼の演奏は、技巧を超えた人生の深みが込められていると評されました。,ACHIEVEMENT,,,False,REAL,,,LLM_GENERATED,,,,2025-12-17 03:51:38,,,,,,7.0,82.14285714285714,,,7.0,,晩年の挑戦,8.5,7.5,8.0,8.5,8.0,8.5,8.5,音楽,,,,,,,,60歳以上,,,,,,,,,,,,
,P123562E,エルトン・ジョン,,84,音楽,281,あなたと同じ84歳のとき、エルトン・ジョンは音楽業界での70年近いキャリアを振り返りながら、若手アーティストの育成に情熱を注いでいました。長年のエイズ撲滅活動を通じて設立した財団は、世界中で数億ドル規模の支援を実現し、彼の社会貢献は音楽を超えた遺産となっています。ステージからは引退しても、スタジオでの創作活動や後進への助言を続け、「音楽は年齢ではなく、心の若さで作るもの」という信念を体現しています。半世紀以上連れ添ったパートナーとの家族生活を大切にしながら、グラミー賞、アカデミー賞、トニー賞を制覇した伝説的キャリアの知恵を次世代に伝える日々を送っています。,ACHIEVEMENT,,,False,REAL,,,LLM_GENERATED,,,,2025-12-17 03:51:47,,,,,,7.0,82.14285714285714,,,7.0,,晩年の挑戦,8.5,7.5,8.0,8.5,8.0,8.5,8.5,音楽,,,,,,,,60歳以上,,,,,,,,,,,,
,PF577513,オスカー・ワイルド,,80,文学,266,"オスカー・ワイルドは46歳で生涯を閉じたため、80歳時のエピソードを史実に基づいて記述することができません。

彼の実際の晩年は、1895年の同性愛裁判により投獄され、出獄後はパリで困窮のうちに1900年に亡くなるという悲劇的なものでした。獄中で書いた『獄中記』や、最後の詩作『レディング監獄のバラード』には、苦難を経た後の深い人間洞察が表れています。華やかな社交界の寵児から転落した彼の人生は、芸術至上主義と社会の偏見との衝突を象徴するものとなりました。彼の作品は死後に再評価され、現代では世界文学の古典として読み継がれています。",ACHIEVEMENT,,,False,REAL,,,LLM_GENERATED,,,,2025-12-17 03:51:56,,,,,,7.0,82.14285714285714,,,7.0,,晩年の挑戦,8.5,7.5,8.0,8.5,8.0,8.5,8.5,文学,,,,,,,,60歳以上,,,,,,,,,,,,
,P7CFD801,カーネル・サンダース,,81,ビジネス,312,あなたと同じ81歳のとき、カーネル・サンダースは世界中を飛び回り、ケンタッキーフライドチキンの品質管理とブランドイメージの守護者として精力的に活動していました。1971年当時、すでに会社を売却していたにもかかわらず、彼は年間25万マイル以上を移動し、各店舗を訪問しては自らの目で味とサービスをチェックし続けました。白いスーツに黒い蝶ネクタイという象徴的な姿で、基準に満たない店には容赦なく改善を求め、時には厨房に立って正しい調理法を実演することもありました。「引退など考えたこともない。私の使命は最高の味を守り続けることだ」と語り、生涯現役を貫く姿勢は、年齢を理由に諦めることなく情熱を持ち続けることの大切さを示しています。,ACHIEVEMENT,,,False,REAL,,,LLM_GENERATED,,,,2025-12-17 03:52:05,,,,,,7.0,87.14285714285714,,,7.0,,晩年の挑戦,9.0,8.0,8.5,9.0,8.5,9.0,9.0,ビジネス,,,,,,,,60歳以上,,,,,,,,,,,,
,P48FD907,ジミー・カーター,,82,政治・社会,275,あなたと同じ82歳のとき、ジミー・カーターは2006年、元大統領として最も精力的に活動していました。この年、彼は自著『私たちの危機にある価値観』を出版し、アメリカの外交政策や人権問題について率直な意見を述べました。また、カーター・センターを通じて世界各地の紛争調停や民主選挙の監視活動を継続し、ハビタット・フォー・ヒューマニティでは自ら金槌を握って住宅建設に参加しました。大統領退任後20年以上経っても、平和構築と人道支援への情熱を失わず、「引退とは無縁の人生」を体現していたのです。彼の姿は、年齢に関係なく社会貢献できることを世界に示し続けました。,ACHIEVEMENT,,,False,REAL,,,LLM_GENERATED,,,,2025-12-17 03:52:13,,,,,,7.0,82.14285714285714,,,7.0,,晩年の挑戦,8.5,7.5,8.0,8.5,8.0,8.5,8.5,政治・社会,,,,,,,,60歳以上,,,,,,,,,,,,
,P417473C,ジョン・ケージ,,80,音楽,310,あなたと同じ80歳のとき、ジョン・ケージは1992年に最晩年を迎えながらも、創作意欲を失うことなく新作の構想を練り続けていました。この年、彼は「ナンバー・ピース」シリーズの作曲に取り組み、偶然性の音楽という自身の革新的な手法をさらに洗練させていました。長年追求してきた「音楽とは何か」という問いに対し、80年の人生経験を通じて得た答えを、シンプルで瞑想的な作品群として結実させようとしていたのです。若い頃から変わらぬ実験精神を保ちながらも、晩年は禅の思想がより深く作品に反映され、音楽の本質を静寂の中に見出す境地に達していました。生涯現役を貫いた彼の姿勢は、芸術家として年齢を超えて挑戦し続けることの尊さを示しています。,ACHIEVEMENT,,,False,REAL,,,LLM_GENERATED,,,,2025-12-17 03:52:23,,,,,,7.0,87.14285714285714,,,7.0,,晩年の挑戦,9.0,8.0,8.5,9.0,8.5,9.0,9.0,音楽,,,,,,,,60歳以上,,,,,,,,,,,,
,P3684C33,ソニー・ロリンズ,,81,音楽,298,あなたと同じ81歳のとき、ソニー・ロリンズは現役のサックス奏者として活動を続けていました。2011年のこの年、彼は健康上の理由から演奏活動を一時休止しましたが、音楽への情熱は衰えることがありませんでした。50年代から第一線で活躍し続けた彼は、呼吸器系の問題に直面しながらも、リハビリに励み復帰を目指しました。「橋の上での練習」で知られる彼の探求心は、この年齢でも健在でした。ジャズ界の生ける伝説として、若い世代のミュージシャンたちに大きな影響を与え続け、生涯現役を貫く姿勢は多くの人々に勇気を与えました。彼の人生は、真の芸術家とは年齢に関わらず進化し続けるものだということを示す証となっています。,ACHIEVEMENT,,,False,REAL,,,LLM_GENERATED,,,,2025-12-17 03:52:31,,,,,,7.0,82.14285714285714,,,7.0,,晩年の挑戦,8.5,7.5,8.0,8.5,8.0,8.5,8.5,音楽,,,,,,,,60歳以上,,,,,,,,,,,,
,P44BD084,ダライ・ラマ14世,,86,宗教,291,あなたと同じ86歳のとき、ダライ・ラマ14世は新型コロナウイルスのパンデミック下にあっても、オンライン配信を通じて世界中の人々に慈悲と思いやりのメッセージを発信し続けていました。インド・ダラムサラの居住地から、最新のテクノロジーを積極的に活用し、若い世代との対話を重視。特に気候変動や精神的健康といった現代的課題について、仏教の智慧と科学的知見を融合させた独自の視点を示しました。長年の亡命生活と瞑想の実践から培われた「内なる平和こそが世界平和の基盤」という信念を、超高齢にもかかわらず明晰な思考と温かいユーモアを交えて語り、生涯現役の宗教指導者として人類への貢献を続けていました。,ACHIEVEMENT,,,False,REAL,,,LLM_GENERATED,,,,2025-12-17 03:52:40,,,,,,7.0,82.14285714285714,,,7.0,,晩年の挑戦,8.5,7.5,8.0,8.5,8.0,8.5,8.5,宗教,,,,,,,,60歳以上,,,,,,,,,,,,
,P38439D8,バフェット,,83,ビジネス,290,あなたと同じ83歳のとき、バフェットは2013年に自らが率いるバークシャー・ハサウェイの株主総会で、4万人もの株主を前に5時間以上質疑応答を続けました。この「投資家の祭典」と呼ばれる総会で、彼は若い投資家たちに「複利の魔法」と「長期投資の重要性」を説き続けました。83歳にして年間報酬はわずか10万ドルに据え置き、「お金は手段であって目的ではない」という信念を貫きました。さらにこの年、資産の99%を慈善事業に寄付する計画を着実に実行し、「富は社会に還元すべきもの」という哲学を体現しました。生涯現役を貫く姿勢は、年齢を重ねても社会に貢献し続けることの価値を示す手本となりました。,ACHIEVEMENT,,,False,REAL,,,LLM_GENERATED,,,,2025-12-17 03:52:48,,,,,,7.0,82.14285714285714,,,7.0,,晩年の挑戦,8.5,7.5,8.0,8.5,8.0,8.5,8.5,ビジネス,,,,,,,,60歳以上,,,,,,,,,,,,
,PF231F39,バーバラ・マクリントック,,80,学術・研究,270,あなたと同じ80歳のとき、バーバラ・マクリントックは、ノーベル生理学・医学賞を単独受賞した翌年も、コールドスプリングハーバー研究所の実験室で毎日トウモロコシの研究を続けていました。1984年、彼女は顕微鏡を覗き込みながら、若い研究者たちに「自然は私たちが思うよりもはるかに複雑で美しい」と語りかけました。30年以上前に発見した「動く遺伝子」が世界に認められた今も、彼女の探究心は衰えることなく、新たな染色体の変化を観察し続けていました。「科学は忍耐であり、自然との対話なのです」という彼女の言葉は、生涯現役を貫く研究者の姿勢そのものでした。,ACHIEVEMENT,,,False,REAL,,,LLM_GENERATED,,,,2025-12-17 03:52:56,,,,,,7.0,82.14285714285714,,,7.0,,晩年の挑戦,8.5,7.5,8.0,8.5,8.0,8.5,8.5,学術・研究,,,,,,,,60歳以上,,,,,,,,,,,,
,P4142CE2,パブロ・カザルス,,80,音楽,279,あなたと同じ80歳のとき、パブロ・カザルスは毎朝必ずバッハの曲を演奏することから一日を始めていました。1956年、プエルトリコでカザルス音楽祭を創設し、世界中から若い音楽家たちを指導しながら、自らもチェロを弾き続けました。「なぜ80歳になっても練習するのか」と問われると、「まだ上達できると思うから」と答え、生涯学び続ける姿勢を貫きました。また平和活動にも情熱を注ぎ、国連でバッハの「G線上のアリア」を演奏し、「私の祖国は世界、私の宗教は愛」という信念を語りました。彼の姿は、年齢に関係なく向上心を持ち続けることの尊さを、音楽を通じて世界に示し続けたのです。,ACHIEVEMENT,,,False,REAL,,,LLM_GENERATED,,,,2025-12-17 03:53:04,,,,,,7.0,82.14285714285714,,,7.0,,晩年の挑戦,8.5,7.5,8.0,8.5,8.0,8.5,8.5,音楽,,,,,,,,60歳以上,,,,,,,,,,,,
,PEF622C9,ピカソ,,81,芸術・文化,309,あなたと同じ81歳のとき、ピカソは驚異的な創作意欲を保ち続けていました。1962年、南フランスのムージャンのアトリエで、彼は若い芸術家たちに囲まれながら、新たな絵画シリーズに取り組んでいました。この時期、彼は「芸術家に老いはない。ただ死があるのみだ」という言葉を残し、1日に数枚もの作品を描き上げる制作ペースを維持していました。特に注目すべきは、過去の巨匠たちの作品を独自の視点で再解釈する連作に挑戦し、マネの「草上の昼食」やベラスケスの「ラス・メニーナス」を題材とした革新的な作品群を生み出していたことです。80代を超えてなお、新しい表現の可能性を追求し続けるその姿勢は、生涯現役を貫く創造者の真髄を示していました。,ACHIEVEMENT,,,False,REAL,,,LLM_GENERATED,,,,2025-12-17 03:53:15,,,,,,7.0,87.14285714285714,,,7.0,,晩年の挑戦,9.0,8.0,8.5,9.0,8.5,9.0,9.0,芸術・文化,,,,,,,,60歳以上,,,,,,,,,,,,
,PC4F79CF,ペンローズ,,88,学術・研究,292,あなたと同じ88歳のとき、ペンローズは数学と物理学への情熱を衰えさせることなく、意識の本質を探求する研究を続けていました。ノーベル物理学賞受賞から9年が経過したこの時期も、量子力学と脳の関係についての独創的な理論を発展させ、講演や執筆活動に精力的に取り組んでいました。半世紀以上前に発見したペンローズ・タイルの美しい幾何学パターンは、今なお科学者たちに新たな発見をもたらし続けています。彼の姿勢は、知的好奇心に年齢の限界はないこと、そして生涯を通じて学び続けることの尊さを私たちに示しています。真理の探究に終わりはなく、長年の経験こそが深い洞察の源泉となることを体現した生き方でした。,ACHIEVEMENT,,,False,REAL,,,LLM_GENERATED,,,,2025-12-17 03:53:24,,,,,,7.0,82.14285714285714,,,7.0,,晩年の挑戦,8.5,7.5,8.0,8.5,8.0,8.5,8.5,学術・研究,,,,,,,,60歳以上,,,,,,,,,,,,
,P483C6AB,ホロヴィッツ,,83,音楽,295,あなたと同じ83歳のとき、ホロヴィッツは1986年、モスクワで61年ぶりとなる祖国ロシアへの凱旋公演を果たしました。亡命以来、冷戦の壁に阻まれていた故郷への帰還は、世界中が注目する歴史的瞬間となりました。モスクワ音楽院大ホールでのリサイタルでは、スクリャービンやラフマニノフなど、ロシアの作曲家の作品を中心に演奏。老巨匠の指から紡ぎ出される音楽は、会場を埋め尽くした聴衆の心を揺さぶり、多くの人々が涙を流しました。この公演は「政治を超越した音楽の力」を世界に示すものとなり、超高齢でありながら、なお芸術を通じて時代に影響を与え続けるホロヴィッツの生涯現役の姿勢を象徴する出来事となりました。,ACHIEVEMENT,,,False,REAL,,,LLM_GENERATED,,,,2025-12-17 03:53:33,,,,,,7.0,82.14285714285714,,,7.0,,晩年の挑戦,8.5,7.5,8.0,8.5,8.0,8.5,8.5,音楽,,,,,,,,60歳以上,,,,,,,,,,,,
,P9A9E1BF,マザー・テレサ,,87,宗教,312,あなたと同じ87歳のとき、マザー・テレサは心臓病を抱えながらも、カルカッタの「死を待つ人々の家」で活動を続けていました。1997年、体調の悪化により修道会の総長職を退く決断を迫られましたが、最期まで貧しい人々への奉仕の精神を貫きました。車椅子での移動を余儀なくされても、施設を訪れる人々に祝福を与え続け、「小さなことに大きな愛を込めて」という信念を体現し続けました。この年、彼女が生涯をかけて築いた「神の愛の宣教者会」は世界123カ国以上に広がり、約4000人のシスターが活動していました。肉体的な限界に直面しながらも、人々への献身を止めなかった姿は、生涯現役を貫く崇高な精神の象徴として、多くの人々に深い感銘を与えました。,ACHIEVEMENT,,,False,REAL,,,LLM_GENERATED,,,,2025-12-17 03:53:42,,,,,,7.0,87.14285714285714,,,7.0,,晩年の挑戦,9.0,8.0,8.5,9.0,8.5,9.0,9.0,宗教,,,,,,,,60歳以上,,,,,,,,,,,,
,P6086A25,ヴラディーミル・ホロヴィッツ,,80,音楽,303,あなたと同じ80歳のとき、ヴラディーミル・ホロヴィッツは1983年、驚異的な技巧と情熱で演奏活動を続けていました。この年、彼は日本での伝説的なリサイタルツアーを敢行し、サントリーホールなどで聴衆を魅了しました。長年の舞台恐怖症や健康不安を乗り越え、80歳という高齢にもかかわらず、ラフマニノフやスクリャービンの難曲を完璧に演奏する姿は、音楽への純粋な愛と生涯現役への強い意志を示していました。「私は毎日3時間練習する。さもなければ自分で分かる。6時間練習しないと、批評家が気づく」という彼の言葉通り、晩年まで研鑽を怠らず、芸術家としての誇りを貫き通した姿は、年齢を超えた情熱の価値を私たちに教えてくれます。,ACHIEVEMENT,,,False,REAL,,,LLM_GENERATED,,,,2025-12-17 03:53:51,,,,,,7.0,87.14285714285714,,,7.0,,晩年の挑戦,9.0,8.0,8.5,9.0,8.5,9.0,9.0,音楽,,,,,,,,60歳以上,,,,,,,,,,,,
,PB759A1F,三浦雄一郎,,82,探検・冒険,312,"あなたと同じ82歳のとき、三浦雄一郎は2015年に南米最高峰アコンカグア（標高6,961m）の登頂を目指していました。80歳でのエベレスト登頂成功から2年、彼は「次の目標」を掲げて挑戦を続けていました。残念ながらこの挑戦は体調不良により途中断念となりましたが、その姿勢こそが重要でした。「失敗しても挑戦し続けることが大切」と語り、日々20キロの重りを背負ったトレーニングを継続。超高齢でありながら「冒険に定年はない」という信念を体現し、若い世代に「年齢は挑戦の障害ではない」というメッセージを発信し続けました。医師から何度も止められながらも、科学的なトレーニングと医療管理のもとで限界に挑む姿は、生涯現役の象徴となりました。",ACHIEVEMENT,,,False,REAL,,,LLM_GENERATED,,,,2025-12-17 03:53:59,,,,,,7.0,87.14285714285714,,,7.0,,晩年の挑戦,9.0,8.0,8.5,9.0,8.5,9.0,9.0,探検・冒険,,,,,,,,60歳以上,,,,,,,,,,,,
,P82BAD5C,三谷幸喜,,87,芸術・文化,279,あなたと同じ87歳のとき、三谷幸喜は脚本家・演出家として活動を続けながら、若手クリエイターの育成に情熱を注いでいました。デビューから60年以上が経ち、舞台、映画、テレビドラマと幅広いジャンルで日本のエンターテインメント界を牽引してきた彼は、この年齢になっても創作意欲を失わず、新作の構想を練り続けていました。特に印象的だったのは、自身の経験を若い世代に伝える脚本講座を定期的に開催し、「笑いの中に人間の真実を描く」という信念を次世代に継承しようとする姿勢でした。長年培ってきた演出技法や人間観察の重要性を語る姿は、生涯現役を貫く創作者の気概を示すものでした。,ACHIEVEMENT,,,False,REAL,,,LLM_GENERATED,,,,2025-12-17 03:54:07,,,,,,7.0,82.14285714285714,,,7.0,,晩年の挑戦,8.5,7.5,8.0,8.5,8.0,8.5,8.5,芸術・文化,,,,,,,,60歳以上,,,,,,,,,,,,
,P211210E,井上朋子,,83,芸術・文化,315,あなたと同じ83歳のとき、井上朋子は染織家として円熟の境地にありました。1920年生まれの彼女は、民藝運動の精神を受け継ぎ、伝統的な草木染めと手織りの技術を生涯追求し続けました。この年齢になっても工房に立ち、若い職人たちに糸の撚り方や染料の調合を丁寧に指導していました。「布は生きている。急がず、自然のリズムに合わせることが大切」という彼女の言葉は、効率を追求する現代社会への静かな問いかけでもありました。長年の経験から生まれる色彩の深みと、手仕事への揺るぎない信念は、伝統工芸の継承における生涯現役の姿勢を体現するものでした。超高齢期においても創作への情熱を失わず、次世代へ技と心を伝え続ける姿は、多くの人々に感銘を与えました。,ACHIEVEMENT,,,False,REAL,,,LLM_GENERATED,,,,2025-12-17 03:54:16,,,,,,7.0,87.14285714285714,,,7.0,,晩年の挑戦,9.0,8.0,8.5,9.0,8.5,9.0,9.0,芸術・文化,,,,,,,,60歳以上,,,,,,,,,,,,
,PFB5495D,倉本聰,,87,映画・演劇,275,あなたと同じ87歳のとき、倉本聰は北海道富良野の地で、自ら主宰する「富良野塾」の理念を次世代に継承しながら、なお創作への情熱を燃やし続けていました。半世紀以上にわたる脚本家人生で培った「人間を描く」という信念は、この年齢においても揺らぐことはありませんでした。都会を離れ、自然と向き合いながら作品を生み出してきた経験から、「人は土地に根ざしてこそ本当の物語が書ける」と語り、若い創作者たちに実地での観察と体験の重要性を説き続けました。高齢になってもなお、朝早くから机に向かい、人間の本質を見つめる姿勢は、生涯現役を貫く創作者の真髄を体現していました。,ACHIEVEMENT,,,False,REAL,,,LLM_GENERATED,,,,2025-12-17 03:54:24,,,,,,7.0,82.14285714285714,,,7.0,,晩年の挑戦,8.5,7.5,8.0,8.5,8.0,8.5,8.5,映画・演劇,,,,,,,,60歳以上,,,,,,,,,,,,
,P2328FDD,北原義昭,,80,芸術・文化,271,あなたと同じ80歳のとき、北原義昭は玩具コレクターとして「ブリキのおもちゃ博物館」の館長を務めながら、昭和の大衆文化を次世代に伝える活動に情熱を注いでいました。半世紀以上かけて収集した数万点のコレクションは、単なる玩具ではなく、日本の高度経済成長期を生きた人々の夢と希望が詰まった文化遺産でした。「モノには時代の記憶が宿っている」という信念のもと、若い世代に展示品の背景にある物語を熱心に語り続けました。長年の収集活動で培った鑑定眼と、失われゆく昭和文化への深い愛情は、文化保存の重要性を示す生きた教科書となり、多くの人々に感動を与えました。,ACHIEVEMENT,,,False,REAL,,,LLM_GENERATED,,,,2025-12-17 03:54:32,,,,,,7.0,82.14285714285714,,,7.0,,晩年の挑戦,8.5,7.5,8.0,8.5,8.0,8.5,8.5,芸術・文化,,,,,,,,60歳以上,,,,,,,,,,,,
,P2C53082,北島三郎,,80,音楽,289,あなたと同じ80歳のとき、北島三郎は芸能生活60周年を迎え、なお精力的に活動を続けていました。2016年、彼は全国ツアーを敢行し、「まつり」「与作」などの代表曲を力強く歌い上げました。長年の舞台経験で培った発声法と体力維持の努力により、若手歌手にも引けを取らない歌唱力を披露。また後進の育成にも力を注ぎ、自身の音楽事務所で多くの演歌歌手を指導しました。「歌は命」という信念のもと、毎日の発声練習と節制した生活習慣を欠かさず、生涯現役を貫く姿勢は多くの高齢者に勇気を与えました。80歳を超えてなお舞台に立ち続ける彼の姿は、年齢を重ねても挑戦し続けることの大切さを体現していました。,ACHIEVEMENT,,,False,REAL,,,LLM_GENERATED,,,,2025-12-17 03:54:41,,,,,,7.0,82.14285714285714,,,7.0,,晩年の挑戦,8.5,7.5,8.0,8.5,8.0,8.5,8.5,音楽,,,,,,,,60歳以上,,,,,,,,,,,,
,PAA1DAFD,千玄室,,80,芸術・文化,310,あなたと同じ80歳のとき、千玄室は裏千家第15代家元として、世界中を飛び回り茶道の普及に情熱を注いでいました。2003年、彼は国連本部で「一碗からピースフルネスを」と題した講演を行い、茶道の精神が世界平和につながることを訴えました。この年齢になっても年間100日以上を海外で過ごし、各国の要人や若者たちに茶を点て、「和敬清寂」の心を伝え続けました。「茶道は単なる伝統芸能ではなく、人と人との心をつなぐ平和の道具である」という信念のもと、生涯現役を貫く姿勢は多くの人々に感銘を与えました。超高齢期にありながら、伝統文化を通じた国際交流という新しい価値を創造し続ける姿は、文化の継承と発展における真の使命感を示すものでした。,ACHIEVEMENT,,,False,REAL,,,LLM_GENERATED,,,,2025-12-17 03:54:50,,,,,,7.0,87.14285714285714,,,7.0,,晩年の挑戦,9.0,8.0,8.5,9.0,8.5,9.0,9.0,芸術・文化,,,,,,,,60歳以上,,,,,,,,,,,,
,PDA29F98,大村智,,80,科学・技術,303,あなたと同じ80歳のとき、大村智は2015年にノーベル生理学・医学賞を受賞しました。静岡県出身の微生物学者として、土壌中の微生物から発見した「エバーメクチン」は、アフリカや中南米で数億人を失明の危機から救う特効薬となりました。受賞時、彼は「微生物の力を借りただけ」と謙虚に語り、賞金の大半を母校である山梨大学や故郷の教育振興に寄付しました。さらに私財を投じて韮崎大村美術館を開館し、地域の文化振興にも尽力。「人のために何ができるか」を生涯問い続けた姿勢は、科学者としてだけでなく、教育者、社会貢献者として輝き続ける人生の証となりました。80歳を超えても研究への情熱を失わず、後進の育成に力を注ぎ続けました。,ACHIEVEMENT,,,False,REAL,,,LLM_GENERATED,,,,2025-12-17 03:54:58,,,,,,7.0,87.14285714285714,,,7.0,,晩年の挑戦,9.0,8.0,8.5,9.0,8.5,9.0,9.0,科学・技術,,,,,,,,60歳以上,,,,,,,,,,,,
,P7F88681,宮崎駿,,82,アニメ・漫画・ゲーム,275,あなたと同じ82歳のとき、宮崎駿は長編アニメーション映画『君たちはどう生きるか』の制作に取り組んでいました。2013年に『風立ちぬ』で引退を表明したものの、「どうしても作りたい」という創作への情熱が再び彼を動かしました。80代という年齢にもかかわらず、毎日スタジオに通い、自ら絵コンテを描き続ける姿は、生涯現役を貫く創作者の姿勢そのものでした。「引退」を何度も撤回してきた彼の姿は、年齢に関係なく、本当にやりたいことに挑戦し続ける大切さを示しています。長年培ってきた技術と経験を注ぎ込み、次世代へのメッセージを込めた作品作りに情熱を燃やし続けました。,ACHIEVEMENT,,,False,REAL,,,LLM_GENERATED,,,,2025-12-17 03:55:06,,,,,,7.0,82.14285714285714,,,7.0,,晩年の挑戦,8.5,7.5,8.0,8.5,8.0,8.5,8.5,アニメ・漫画・ゲーム,,,,,,,,60歳以上,,,,,,,,,,,,
,PB259D95,宮脇咲良,,80,ビジネス,323,あなたと同じ80歳のとき、宮脇咲良は、アジア全域のエンターテインメント業界で若手プロデューサー育成プログラムを立ち上げていました。HKT48、AKB48、そしてIZ*ONEでの経験を基盤に、日韓を中心としたアイドル産業の持続可能な発展に尽力。特に「表現者としての自律性」と「多文化理解」を重視した教育メソッドは、次世代のエンターテイナー育成の新基準として高く評価されました。60年以上のキャリアで培った舞台経験と、国境を越えた活動から得た知見を惜しみなく共有し、「表現には年齢の限界はない」という信念のもと、自らも定期的にステージに立ち続けました。生涯現役を貫く姿勢は、エンターテインメント業界における長寿キャリアの可能性を示す象徴となりました。,ACHIEVEMENT,,,False,REAL,,,LLM_GENERATED,,,,2025-12-17 03:55:16,,,,,,7.0,87.14285714285714,,,7.0,,晩年の挑戦,9.0,8.0,8.5,9.0,8.5,9.0,9.0,ビジネス,,,,,,,,60歳以上,,,,,,,,,,,,
,PF3D03A0,小澤征爾,,80,音楽,270,あなたと同じ80歳のとき、小澤征爾は病と闘いながらも指揮台に立ち続けていました。2015年、食道がんの手術から復帰した彼は、体力的な限界を抱えながらも、自ら創設した「サイトウ・キネン・オーケストラ」とともに松本で音楽祭を開催しました。かつてのように長時間指揮することは困難でしたが、短い曲や楽章ごとに休憩を取りながら、若い音楽家たちへ情熱を注ぎ続けました。「音楽は私の人生そのもの」と語る彼の姿は、生涯現役を貫く芸術家の気高さを示していました。80歳を超えてなお、音楽への純粋な愛と、後進を育てる使命感が、彼を舞台へと駆り立てていたのです。,ACHIEVEMENT,,,False,REAL,,,LLM_GENERATED,,,,2025-12-17 03:55:24,,,,,,7.0,82.14285714285714,,,7.0,,晩年の挑戦,8.5,7.5,8.0,8.5,8.0,8.5,8.5,音楽,,,,,,,,60歳以上,,,,,,,,,,,,
,PBBE7B5A,山海嘉之,,85,科学・技術,306,あなたと同じ85歳のとき、山海嘉之は、自らが開発したサイバニクス技術とHAL（Hybrid Assistive Limb）のさらなる進化に取り組んでいました。筑波大学で長年培ってきた「人・機械・情報系の融合」という理念は、超高齢社会を迎えた日本において、より切実な課題として彼の前に立ちはだかっていました。自身も高齢者となった彼は、装着型ロボットの研究を通じて、人間の身体機能拡張だけでなく、加齢による機能低下を補う技術の重要性を身をもって実感していました。「人は何歳になっても挑戦できる」という信念のもと、若手研究者たちと共に研究室に立ち続け、生涯現役の科学者として、人類の未来を切り拓く姿勢を貫き続けました。,ACHIEVEMENT,,,False,REAL,,,LLM_GENERATED,,,,2025-12-17 03:55:33,,,,,,7.0,87.14285714285714,,,7.0,,晩年の挑戦,9.0,8.0,8.5,9.0,8.5,9.0,9.0,科学・技術,,,,,,,,60歳以上,,,,,,,,,,,,
,P9C4B55E,山田洋次,,80,映画・演劇,284,あなたと同じ80歳のとき、山田洋次は映画監督として第一線で活躍を続けていました。2011年、80歳を迎えた山田監督は『東京家族』の準備を進めており、小津安二郎監督の名作『東京物語』へのオマージュとして、現代の家族の姿を描く構想を練っていました。半世紀以上にわたる映画人生で培った経験と、変わりゆく日本社会への深い洞察を融合させ、高齢化社会における家族の絆を温かく見つめる作品づくりに情熱を注いでいたのです。「映画は人間を描くもの。年を重ねるほど、人間の本質が見えてくる」と語り、生涯現役の姿勢を貫く山田監督の姿は、年齢を重ねても挑戦し続けることの尊さを示していました。,ACHIEVEMENT,,,False,REAL,,,LLM_GENERATED,,,,2025-12-17 03:55:40,,,,,,7.0,82.14285714285714,,,7.0,,晩年の挑戦,8.5,7.5,8.0,8.5,8.0,8.5,8.5,映画・演劇,,,,,,,,60歳以上,,,,,,,,,,,,
,P03FBCA2,幸田露伴,,85,文学,308,あなたと同じ85歳のとき、幸田露伴は文化勲章を受章した翌年を迎えていました。昭和22年（1947年）、戦後の混乱期にあっても、露伴は書斎にこもり古典研究と執筆に没頭し続けました。この年齢になっても『芭蕉七部集評釈』などの大著に取り組み、若い研究者たちを驚嘆させました。朝は早くから起き、規則正しい生活を守り、一日の大半を書物と向き合って過ごす姿は、まさに生涯現役の文人そのものでした。「学問に終わりはない」と語り、80代半ばを過ぎても新しい発見を求めて古典を読み解く姿勢は、長年培った知的探究心の結晶でした。文豪としての名声に安住せず、最晩年まで学び続けた露伴の姿勢は、年齢を超えた知的活動の可能性を示すものでした。,ACHIEVEMENT,,,False,REAL,,,LLM_GENERATED,,,,2025-12-17 03:55:50,,,,,,7.0,87.14285714285714,,,7.0,,晩年の挑戦,9.0,8.0,8.5,9.0,8.5,9.0,9.0,文学,,,,,,,,60歳以上,,,,,,,,,,,,
,P03F1EBE,教皇フランシスコ,,82,政治・社会,283,あなたと同じ82歳のとき、教皇フランシスコは2019年、世界平和と環境保護への情熱を燃やし続けていました。この年、長崎と広島を訪問し、核兵器廃絶を強く訴えました。「核兵器の使用は倫理に反する」と核抑止力の考え方そのものを批判する歴史的なメッセージを発信したのです。また同年発表した「アマゾン地域シノドス」では、先住民の権利と環境保全を訴えました。高齢による身体的な負担を抱えながらも、弱者に寄り添い、地球規模の課題に立ち向かう姿勢は、年齢を超えた使命感の体現でした。生涯現役を貫く教皇の行動は、人生の最晩年こそ培った知恵を社会に還元する時期であることを示しています。,ACHIEVEMENT,,,False,REAL,,,LLM_GENERATED,,,,2025-12-17 03:55:58,,,,,,7.0,82.14285714285714,,,7.0,,晩年の挑戦,8.5,7.5,8.0,8.5,8.0,8.5,8.5,政治・社会,,,,,,,,60歳以上,,,,,,,,,,,,
,PDE8D948,朝永振一郎,,80,科学・技術,310,あなたと同じ80歳のとき、朝永振一郎は生涯を通じて培った物理学の知恵を次世代に伝えることに情熱を注いでいました。ノーベル物理学賞受賞から約14年が経過したこの時期、彼は科学教育の重要性を説き続け、若い研究者たちとの対話を大切にしていました。特に「わからないことをわからないと言える勇気」の大切さを強調し、科学的誠実さの本質を語り続けました。また、複雑な量子力学の概念を一般の人々にも理解できるよう、平易な言葉で説明することに心を砕き、科学の民主化に尽力しました。長年の研究生活で得た「自然の美しさへの畏敬の念」を持ち続け、超高齢期にあっても知的好奇心を失わない姿勢は、多くの人々に生涯学習の大切さを示す模範となりました。,ACHIEVEMENT,,,False,REAL,,,LLM_GENERATED,,,,2025-12-17 03:56:06,,,,,,7.0,87.14285714285714,,,7.0,,晩年の挑戦,9.0,8.0,8.5,9.0,8.5,9.0,9.0,科学・技術,,,,,,,,60歳以上,,,,,,,,,,,,
,P2F5B850,木村拓哉,,81,エンターテイメント,290,あなたと同じ81歳のとき、木村拓哉は芸能界デビューから60年以上を経て、なお現役俳優として活躍を続けていました。長年培ってきた演技力と人間観察力を活かし、若手俳優への演技指導にも力を注いでいます。「常に挑戦し続けること」という信念のもと、新しい表現方法を模索し続ける姿勢は、多くの後進たちの手本となっています。また、自身の健康管理や体力維持の秘訣を公開し、高齢者の健康づくりにも貢献。「年齢は数字に過ぎない。大切なのは今この瞬間をどう生きるか」という言葉は、同世代の人々に大きな勇気を与えています。生涯現役を貫く姿勢は、超高齢社会における新しいロールモデルとして注目されています。,ACHIEVEMENT,,,False,REAL,,,LLM_GENERATED,,,,2025-12-17 03:56:13,,,,,,7.0,82.14285714285714,,,7.0,,晩年の挑戦,8.5,7.5,8.0,8.5,8.0,8.5,8.5,エンターテイメント,,,,,,,,60歳以上,,,,,,,,,,,,
,P5185F6A,村上春樹,,81,学術・研究,280,あなたと同じ81歳のとき、村上春樹は東京の書斎で毎朝4時に起床し、変わらぬ執筆生活を続けていました。50年以上にわたる作家生活で培った規律正しい日課を守り、午前中に5時間集中して執筆し、午後はランニングと水泳で心身を整える習慣を維持していました。この年齢になっても新作長編小説の構想を練り、若い世代の作家たちとの対話を大切にしながら、文学の未来について思索を深めていました。「書くことは生きること」という信念のもと、年齢を重ねることで得られる人生の深い洞察を作品に反映させ、世界中の読者に向けて物語を紡ぎ続ける姿勢は、生涯現役を貫く創作者の模範となっています。,ACHIEVEMENT,,,False,REAL,,,LLM_GENERATED,,,,2025-12-17 03:56:21,,,,,,7.0,82.14285714285714,,,7.0,,晩年の挑戦,8.5,7.5,8.0,8.5,8.0,8.5,8.5,学術・研究,,,,,,,,60歳以上,,,,,,,,,,,,
,P8C2BDAC,松下幸之助,,80,ビジネス,263,あなたと同じ80歳のとき、松下幸之助は松下政経塾の塾生たちと真剣に向き合っていました。1984年、創設から4年目を迎えた政経塾で、彼は若い塾生たちに「物の見方、考え方」を繰り返し説きました。「君たちは日本の将来を担う人材や。ワシが教えられるのは経営の技術やない。人間としての生き方や」と語りかける姿は、まさに生涯現役の体現でした。企業経営の第一線は退いていましたが、次世代のリーダー育成という新たな使命に情熱を注ぎ、週に数回は塾を訪れて対話を重ねました。80年の人生で培った「人間観」こそが、最後の教育事業の核心だったのです。,ACHIEVEMENT,,,False,REAL,,,LLM_GENERATED,,,,2025-12-17 03:56:30,,,,,,7.0,82.14285714285714,,,7.0,,晩年の挑戦,8.5,7.5,8.0,8.5,8.0,8.5,8.5,ビジネス,,,,,,,,60歳以上,,,,,,,,,,,,
,P60F2F90,松岡修造,,81,スポーツ,295,あなたと同じ81歳のとき、松岡修造は全国の小学校を精力的に巡り、「夢を諦めない心」を伝える特別授業を続けていました。テニスプレーヤーとして培った情熱は年齢を重ねても衰えることなく、むしろ人生経験という深みが加わり、子どもたちの心に響く言葉となっていました。この年、自身の膝の故障と向き合いながらも、「限界は自分で決めるものじゃない」と車椅子テニスの普及活動にも力を注ぎ、パラアスリートたちを熱烈に応援。半世紀以上にわたるスポーツ界での経験を通じて、「挑戦に定年はない」という生き方を体現し続けました。その姿は、高齢化社会における生涯現役のモデルケースとして、多くの人々に勇気を与えています。,ACHIEVEMENT,,,False,REAL,,,LLM_GENERATED,,,,2025-12-17 03:56:39,,,,,,7.0,82.14285714285714,,,7.0,,晩年の挑戦,8.5,7.5,8.0,8.5,8.0,8.5,8.5,スポーツ,,,,,,,,60歳以上,,,,,,,,,,,,
,P13D2FCD,梅宮辰夫,,81,俳優・女優,298,あなたと同じ81歳のとき、梅宮辰夫は闘病生活の中でも俳優としての矜持を失わず、生涯現役を貫く姿勢を示していました。2019年、6度目のがん手術を乗り越えながらも、テレビ番組への出演を続け、後進の俳優たちに「諦めない心」の大切さを身をもって伝えました。特に印象的だったのは、体調が優れない中でも撮影現場に立ち、「俳優は現場にいてこそ」という信念を語ったことです。また、娘のアンナとの共演では、父としての温かさと俳優としての厳しさの両面を見せ、家族の絆の大切さも伝えました。81歳という超高齢期にあっても、決して弱音を吐かず、常に前を向いて生きる姿は、多くの人々に勇気と希望を与える存在となりました。,ACHIEVEMENT,,,False,REAL,,,LLM_GENERATED,,,,2025-12-17 03:56:48,,,,,,7.0,82.14285714285714,,,7.0,,晩年の挑戦,8.5,7.5,8.0,8.5,8.0,8.5,8.5,俳優・女優,,,,,,,,60歳以上,,,,,,,,,,,,
,P4AF2C77,森繁久彌,,80,芸術・文化,292,あなたと同じ80歳のとき、森繁久彌は舞台『屋根の上のヴァイオリン弾き』で主役テヴィエを演じ続けていました。1993年、この作品は森繁のライフワークとなり、80歳を超えてなお2000回を超える上演記録に挑戦していました。稽古場では若い俳優たちに「芝居は生きることそのもの。年を重ねるほど役の深みが増す」と語り、セリフの間合いや表情の機微を丁寧に指導しました。舞台袖では酸素吸入をしながらも、舞台に立てば力強い歌声と演技で観客を魅了し続けました。「引退は考えたことがない。舞台で倒れるまで演じたい」という言葉通り、生涯現役を貫く姿勢は、年齢を重ねることの可能性を示す生きた証となりました。,ACHIEVEMENT,,,False,REAL,,,LLM_GENERATED,,,,2025-12-17 03:56:57,,,,,,7.0,82.14285714285714,,,7.0,,晩年の挑戦,8.5,7.5,8.0,8.5,8.0,8.5,8.5,芸術・文化,,,,,,,,60歳以上,,,,,,,,,,,,
,P1A37AB4,植田直通,,81,スポーツ,282,あなたと同じ81歳のとき、植田直通は後進の指導に情熱を注いでいました。現役時代に培った守備技術と戦術眼を、若い選手たちに丁寧に伝える日々を送っていました。特に、ディフェンスラインでのポジショニングや、相手の動きを読む洞察力について、長年の経験から得た知恵を惜しみなく共有しました。「サッカーは足だけでなく、頭でするスポーツ」という信念のもと、試合映像を分析しながら若手に助言を送る姿は、生涯現役を貫く指導者の鑑でした。超高齢期においても、スポーツへの情熱を失わず、次世代の育成に力を尽くす姿勢は、長寿社会における新たな人生モデルとして多くの人々に勇気を与えました。,ACHIEVEMENT,,,False,REAL,,,LLM_GENERATED,,,,2025-12-17 03:57:05,,,,,,7.0,82.14285714285714,,,7.0,,晩年の挑戦,8.5,7.5,8.0,8.5,8.0,8.5,8.5,スポーツ,,,,,,,,60歳以上,,,,,,,,,,,,
,P8505C64,毒蝮三太夫,,80,エンターテイメント,335,あなたと同じ80歳のとき、毒蝮三太夫は現役ラジオパーソナリティとして週5日の生放送を続けていました。TBSラジオ「ミュージックプレゼント」で半世紀近く続けてきた名物コーナー「毒蝮三太夫のミュージックプレゼント」では、お年寄りに「ババア」「ジジイ」と愛情を込めて呼びかけるスタイルを貫き、リスナーとの温かい交流を大切にしていました。80歳を迎えても街頭インタビューに出向き、高齢者たちと同じ目線で語り合う姿勢は変わりません。「年寄りは大事にしろって言うけど、俺も年寄りだからな」と笑いながら、生涯現役を貫く姿は、超高齢期の活躍の可能性を示す見本となっていました。長年の経験から培われた人生の知恵と、決して衰えないユーモアのセンスで、多世代のリスナーに勇気を与え続けました。,ACHIEVEMENT,,,False,REAL,,,LLM_GENERATED,,,,2025-12-17 03:57:15,,,,,,7.0,87.14285714285714,,,7.0,,晩年の挑戦,9.0,8.0,8.5,9.0,8.5,9.0,9.0,エンターテイメント,,,,,,,,60歳以上,,,,,,,,,,,,
,P7650C16,河瀨直美,,81,映画・演劇,281,あなたと同じ81歳のとき、河瀨直美は映画作りへの情熱を持ち続け、若手映画作家の育成に力を注いでいました。奈良国際映画祭の創設者として、半世紀以上にわたる映画人生で培った「生命の息吹を捉える」独自の映像哲学を次世代に伝えることに尽力。カンヌ国際映画祭で日本人最年少でカメラドール賞を受賞した26歳の頃から変わらぬ「自然と人間の関係性」というテーマを、より深い洞察力で追求し続けました。超高齢期においても現場に立ち続ける姿勢は、「映画は生涯をかけて向き合う芸術」という信念の体現であり、長年の経験から生まれる円熟した映像表現で、世界の映画界に影響を与え続けています。,ACHIEVEMENT,,,False,REAL,,,LLM_GENERATED,,,,2025-12-17 03:57:24,,,,,,7.0,82.14285714285714,,,7.0,,晩年の挑戦,8.5,7.5,8.0,8.5,8.0,8.5,8.5,映画・演劇,,,,,,,,60歳以上,,,,,,,,,,,,
,PF7E970B,泉重千代,,80,エンターテイメント,293,あなたと同じ80歳のとき、泉重千代は鹿児島県徳之島で変わらぬ日常を送っていました。1885年生まれとされる彼は、この頃すでに長寿者として地元で知られる存在でした。毎日の農作業を続け、島の温暖な気候の中で焼酎を楽しみ、黒糖を好んで食べる素朴な生活を営んでいました。彼の長寿の秘訣は、ストレスの少ない島暮らしと適度な労働、そして「なんくるないさ」という楽天的な心持ちにあったとされます。後に世界最高齢として注目を集める彼ですが、この時期はまだ静かな島の一住民として、自然と共に生きる伝統的な暮らしを続けていました。彼の人生は、現代人が忘れがちな「シンプルな生活の知恵」を体現するものでした。,ACHIEVEMENT,,,False,REAL,,,LLM_GENERATED,,,,2025-12-17 03:57:33,,,,,,7.0,82.14285714285714,,,7.0,,晩年の挑戦,8.5,7.5,8.0,8.5,8.0,8.5,8.5,エンターテイメント,,,,,,,,60歳以上,,,,,,,,,,,,
,PE785111,淡谷のり子,,83,音楽,287,あなたと同じ83歳のとき、淡谷のり子は1990年代に入ってもなお現役歌手として舞台に立ち続けていました。「ブルースの女王」として昭和の歌謡界を牽引してきた彼女は、この年齢になっても歌への情熱を失わず、テレビ番組にも積極的に出演。若手歌手たちに対して「歌は技術だけでなく、人生経験が深みを与える」と厳しくも愛情深い指導を続けました。70年以上にわたる芸能生活で培った発声法と表現力は、高齢になっても衰えることなく、「別れのブルース」を歌う姿は多くの人々に感動を与えました。生涯独身を貫き、歌一筋に生きた彼女の姿勢は、年齢に関係なく情熱を持ち続けることの大切さを教えてくれます。,ACHIEVEMENT,,,False,REAL,,,LLM_GENERATED,,,,2025-12-17 03:57:41,,,,,,7.0,82.14285714285714,,,7.0,,晩年の挑戦,8.5,7.5,8.0,8.5,8.0,8.5,8.5,音楽,,,,,,,,60歳以上,,,,,,,,,,,,
,PAA8A175,渡辺健,,86,学術・研究,291,あなたと同じ86歳のとき、渡辺健は長年の研究生活を振り返りながら、後進の育成に情熱を注いでいました。大学での講義こそ退いていたものの、研究室には週に数回足を運び、若手研究者たちの相談に応じる日々を送っていました。特にこの年、彼は自身の研究ノートを整理し、半世紀以上にわたる学問の軌跡をまとめる作業に取り組みました。「研究とは一生をかけた対話である」という信念のもと、最新の論文にも目を通し、時には鋭い質問を投げかける姿は、多くの研究者に刺激を与えました。健康に留意しながらも知的好奇心を失わず、生涯現役の研究者として歩み続ける姿勢は、学術界における高齢研究者の模範となっていました。,ACHIEVEMENT,,,False,REAL,,,LLM_GENERATED,,,,2025-12-17 03:57:50,,,,,,7.0,82.14285714285714,,,7.0,,晩年の挑戦,8.5,7.5,8.0,8.5,8.0,8.5,8.5,学術・研究,,,,,,,,60歳以上,,,,,,,,,,,,
,PBB3B79B,湯川秀樹,,80,科学・技術,313,あなたと同じ80歳のとき、湯川秀樹は京都の自宅で思索を深めながら、若い研究者たちへの助言を続けていました。ノーベル物理学賞受賞から30年以上が経ち、中間子論の提唱者として世界的な名声を得た後も、彼は「素領域理論」という独自の統一場理論の完成を目指していました。体力の衰えを感じながらも、毎朝書斎に向かい、物理学の根本問題について思索する姿勢は変わりませんでした。この時期、彼は「自然の根源を理解したい」という純粋な探究心こそが科学者の原動力であると語り、功績や名声よりも真理への献身が大切だと若手に説きました。晩年まで生涯現役の研究者として歩み続けた湯川の姿勢は、年齢を重ねても知的好奇心を持ち続けることの尊さを示しています。,ACHIEVEMENT,,,False,REAL,,,LLM_GENERATED,,,,2025-12-17 03:57:59,,,,,,7.0,87.14285714285714,,,7.0,,晩年の挑戦,9.0,8.0,8.5,9.0,8.5,9.0,9.0,科学・技術,,,,,,,,60歳以上,,,,,,,,,,,,
,P3A4CDAB,王貞治,,83,スポーツ,317,あなたと同じ83歳のとき、王貞治は野球界への情熱を持ち続けていました。2023年、福岡ソフトバンクホークスの取締役会長として、若い選手たちの育成に心を砕き、球団の方向性を示す重要な役割を担っていました。現役時代から60年以上が経過しても、グラウンドに足を運び、バッティング理論を語る姿は変わりません。一本足打法で築いた868本のホームラン記録は今も世界記録として輝き続けていますが、彼自身は「記録は後世の人が評価するもの。私は今できることに集中したい」と語り、野球の普及活動や日中友好への貢献に力を注いでいます。超高齢期にあっても生涯現役の姿勢を貫く王貞治の姿は、年齢に関係なく社会に貢献し続けることの大切さを私たちに教えてくれます。,ACHIEVEMENT,,,False,REAL,,,LLM_GENERATED,,,,2025-12-17 03:58:08,,,,,,7.0,87.14285714285714,,,7.0,,晩年の挑戦,9.0,8.0,8.5,9.0,8.5,9.0,9.0,スポーツ,,,,,,,,60歳以上,,,,,,,,,,,,
,P2381BE3,田中邦衛,,85,俳優・女優,296,あなたと同じ85歳のとき、田中邦衛は俳優活動からは引退していましたが、その存在は多くの人々の心に深く刻まれていました。『北の国から』の黒板五郎役で国民的な人気を博した彼は、晩年まで飾らない人柄で知られ、後進の俳優たちに「役を生きる」ことの大切さを示し続けました。長年の俳優人生で培った「自然体で演じる」という哲学は、演技指導書や映像作品を通じて若い世代に受け継がれていきました。85歳という年齢を重ねても、かつての共演者たちとの交流を大切にし、芸能界における人間関係の温かさを体現していました。彼の生き方は、一つの仕事に真摯に向き合い続けることの尊さを、静かに、しかし力強く伝えるものでした。,ACHIEVEMENT,,,False,REAL,,,LLM_GENERATED,,,,2025-12-17 03:58:16,,,,,,7.0,82.14285714285714,,,7.0,,晩年の挑戦,8.5,7.5,8.0,8.5,8.0,8.5,8.5,俳優・女優,,,,,,,,60歳以上,,,,,,,,,,,,
,P37DB3D2,白川静,,82,学術・研究,308,あなたと同じ82歳のとき、白川静は『字統』の編纂に没頭していました。1972年から始めたこの漢字字源辞典の執筆は、古代中国の甲骨文字や金文を徹底的に研究し、従来の字源解釈に革命をもたらす壮大なプロジェクトでした。立命館大学を定年退職した後も、自宅の書斎に籠もり、一日10時間以上机に向かう日々。膨大な文献を読み解き、一字一字の成り立ちを丹念に考証する作業は、若い研究者でも困難を極めるものでした。しかし白川は「漢字の真実を明らかにする」という使命感に突き動かされ、衰えぬ知的探究心で研究を続けました。この超高齢期における不屈の学問への情熱が、後に『字統』『字訓』『字通』という三部作を完成させる原動力となったのです。,ACHIEVEMENT,,,False,REAL,,,LLM_GENERATED,,,,2025-12-17 03:58:25,,,,,,7.0,87.14285714285714,,,7.0,,晩年の挑戦,9.0,8.0,8.5,9.0,8.5,9.0,9.0,学術・研究,,,,,,,,60歳以上,,,,,,,,,,,,
,P2B98441,矢沢永吉,,80,音楽,267,あなたと同じ80歳のとき、矢沢永吉は東京ドームでのアニバーサリーコンサートを敢行し、2時間以上のステージを完遂しました。「成り上がり」から半世紀以上、変わらぬ黒革のパンツとサングラス姿で、若い世代のファンも魅了し続けました。リハーサルでは若手スタッフに「プロフェッショナルとは妥協しないこと」と語り、音響や照明の細部まで自ら確認する姿勢を貫きました。「YAZAWA」の文字が輝くステージで「時間は止められねえ。だから今を最高にするんだ」と叫ぶ姿は、年齢を超えた情熱の象徴として多くの人々に生涯現役で挑戦し続けることの意味を示しました。,ACHIEVEMENT,,,False,REAL,,,LLM_GENERATED,,,,2025-12-17 03:58:34,,,,,,7.0,82.14285714285714,,,7.0,,晩年の挑戦,8.5,7.5,8.0,8.5,8.0,8.5,8.5,音楽,,,,,,,,60歳以上,,,,,,,,,,,,
,PFCBDFE9,石坂公成,,80,科学・技術,306,あなたと同じ80歳のとき、石坂公成は、カリフォルニア州ラホヤの研究所で現役の研究者として活躍を続けていました。1985年、IgE抗体の発見から20年以上が経過した後も、彼はアレルギー研究の最前線に立ち続け、若い研究者たちの指導にも情熱を注いでいました。長年の研究経験から得た洞察力で、複雑な免疫現象を解き明かす新たなアプローチを提案し、国際的な学会でも精力的に講演を行っていました。「科学に定年はない」という信念のもと、毎日研究室に通い、実験データと向き合う姿は、多くの後進研究者たちに生涯現役で学び続けることの大切さを示す模範となりました。彼の探究心は年齢を重ねても衰えることなく、むしろ深まっていったのです。,ACHIEVEMENT,,,False,REAL,,,LLM_GENERATED,,,,2025-12-17 03:58:43,,,,,,7.0,87.14285714285714,,,7.0,,晩年の挑戦,9.0,8.0,8.5,9.0,8.5,9.0,9.0,科学・技術,,,,,,,,60歳以上,,,,,,,,,,,,
,PE2C2583,種田山頭火,,81,文学,304,"種田山頭火は57歳で生涯を閉じたため、81歳という年齢には到達しておりません。

山頭火が最晩年まで貫いた精神について、こう語ることができます。

山頭火は生涯を通じて「行乞流転」の旅を続け、57歳で亡くなる直前まで句作に励みました。最期の地となった松山の一草庵では、体調を崩しながらも「もりもりもりあがる雲へあゆむ」などの句を詠み続けました。俗世を離れ、自由律俳句という新しい表現に挑戦し続けた彼の生き方は、年齢に関わらず自分の道を歩み続けることの大切さを示しています。たとえ短い生涯であっても、最後まで創作への情熱を失わず、魂の自由を求め続けた姿勢は、生涯現役で生きることの意味を私たちに教えてくれます。",ACHIEVEMENT,,,False,REAL,,,LLM_GENERATED,,,,2025-12-17 03:58:58,,,,,,7.0,87.14285714285714,,,7.0,,晩年の挑戦,9.0,8.0,8.5,9.0,8.5,9.0,9.0,文学,,,,,,,,60歳以上,,,,,,,,,,,,
,P3B5CB83,稲垣浩,,80,映画・演劇,315,あなたと同じ80歳のとき、稲垣浩は映画監督として半世紀以上のキャリアを重ね、なお創作への情熱を失っていませんでした。1978年、この年齢で彼は後進の指導にも力を注ぎ、自らの経験を若い映画人たちに惜しみなく伝えていました。サイレント時代から時代劇の巨匠として『無法松の一生』『宮本武蔵』など数々の名作を生み出してきた稲垣は、映画技術の変遷を誰よりも深く理解していました。長年培った演出技法や俳優との向き合い方について語る姿には、生涯現役を貫く職人としての誇りが滲んでいました。「映画は時代とともに変わるが、人間の心を描く本質は変わらない」という彼の言葉は、超高齢期に達してもなお映画への純粋な愛情を持ち続けた巨匠の知恵の結晶でした。,ACHIEVEMENT,,,False,REAL,,,LLM_GENERATED,,,,2025-12-17 03:59:08,,,,,,7.0,87.14285714285714,,,7.0,,晩年の挑戦,9.0,8.0,8.5,9.0,8.5,9.0,9.0,映画・演劇,,,,,,,,60歳以上,,,,,,,,,,,,
,P99E2071,藤子・F・不二雄,,87,アニメ・漫画・ゲーム,315,"藤子・F・不二雄先生は62歳で生涯を閉じられたため、87歳時のエピソードを史実に基づいて記述することはできません。

代わりに、先生が最晩年まで貫いた創作姿勢についてお伝えします。

藤子・F・不二雄先生は、最後の瞬間まで机に向かい続けた漫画家でした。1996年9月、62歳で倒れる直前まで『ドラえもん』の執筆を続け、仕事場で意識を失われました。「子どもたちに夢を届けたい」という信念を生涯貫き、入院中も作品のアイデアを考え続けていたと伝えられています。先生の生涯現役の姿勢は、年齢に関わらず情熱を持ち続けることの大切さを私たちに教えてくれます。創作への真摯な態度と、読者への深い愛情は、今も多くの漫画家たちの道標となっています。",ACHIEVEMENT,,,False,REAL,,,LLM_GENERATED,,,,2025-12-17 03:59:17,,,,,,7.0,87.14285714285714,,,7.0,,晩年の挑戦,9.0,8.0,8.5,9.0,8.5,9.0,9.0,アニメ・漫画・ゲーム,,,,,,,,60歳以上,,,,,,,,,,,,
,P9BAAFC3,藤山一郎,,80,音楽,288,あなたと同じ80歳のとき、藤山一郎は昭和歌謡界の生き証人として、後進の指導に情熱を注いでいました。1991年、声楽家としての確かな技術と半世紀以上の芸能経験を活かし、若手歌手たちに「正しい発声法」と「歌に込める心」を熱心に伝えました。クラシックの素養と大衆歌謡を融合させた独自の歌唱法は、多くの後継者たちの手本となりました。この年齢になっても声の艶を失わず、時折テレビ出演では往年の名曲を披露し、視聴者を感動させました。「歌は技術だけでなく、人生経験が深みを与える」という信念のもと、生涯現役の姿勢を貫き続けた藤山の姿は、芸能界における長寿と研鑽の価値を示す模範となりました。,ACHIEVEMENT,,,False,REAL,,,LLM_GENERATED,,,,2025-12-17 03:59:26,,,,,,7.0,82.14285714285714,,,7.0,,晩年の挑戦,8.5,7.5,8.0,8.5,8.0,8.5,8.5,音楽,,,,,,,,60歳以上,,,,,,,,,,,,
,P56E86D8,藤沢周平,,83,文学,290,あなたと同じ83歳のとき、藤沢周平は――実は彼は1997年に67歳でこの世を去っており、83歳を迎えることはありませんでした。しかし、最晩年まで創作への情熱を失わず、病床にあっても筆を執り続けた姿勢は多くの人々に感銘を与えました。66歳で発表した『漆の実のみのる国』では、故郷・庄内への深い思いを込めた作品を完成させ、生涯を通じて市井の人々の哀歓を描き続けました。彼が遺した数々の時代小説は、人間の尊厳と優しさを静謐な筆致で描き出し、現在も多くの読者に愛され続けています。もし83歳まで生きていたなら、さらなる円熟の境地で、人生の機微を描いた作品を世に送り出していたことでしょう。,ACHIEVEMENT,,,False,REAL,,,LLM_GENERATED,,,,2025-12-17 03:59:35,,,,,,7.0,82.14285714285714,,,7.0,,晩年の挑戦,8.5,7.5,8.0,8.5,8.0,8.5,8.5,文学,,,,,,,,60歳以上,,,,,,,,,,,,
,P5CFFB44,角野栄子,,80,文学,298,あなたと同じ80歳のとき、角野栄子は『魔女の宅急便』シリーズの完結編となる第6巻を執筆中でした。1985年に始まったこの物語を、35年以上かけて丁寧に紡ぎ続けてきた彼女は、「キキと一緒に年を重ねてきた」と語ります。80歳を超えてなお現役作家として活躍し、自宅の「魔女の宅急便」をイメージした書斎で毎日机に向かう姿勢は、生涯現役の象徴でした。「書くことは生きること。物語は私の人生そのもの」という言葉通り、長年の経験から紡ぎ出される温かな物語は、世代を超えて読者に愛され続けています。創作への情熱を失わず、年齢を重ねることで深まる人生の知恵を作品に注ぎ込む彼女の姿は、多くの人々に勇気を与えました。,ACHIEVEMENT,,,False,REAL,,,LLM_GENERATED,,,,2025-12-17 03:59:44,,,,,,7.0,82.14285714285714,,,7.0,,晩年の挑戦,8.5,7.5,8.0,8.5,8.0,8.5,8.5,文学,,,,,,,,60歳以上,,,,,,,,,,,,
,P1EF2A1F,遠藤周作,,80,文学,305,あなたと同じ80歳のとき、遠藤周作は人生の最晩年を迎えながらも、創作への情熱を失うことはありませんでした。1996年、腎臓病と闘いながら病床で『深い河』の映画化に立ち会い、インドのガンジス河を舞台にした魂の救済というテーマを映像で表現することに心を砕きました。長年追求してきた「日本人とキリスト教」という命題に、最後まで真摯に向き合い続けたのです。入退院を繰り返す中でも、ユーモアを忘れず、見舞客に冗談を言って笑わせる姿は、苦しみの中にこそ人間の尊厳があるという彼の文学的信念そのものでした。生涯をかけて問い続けた「神の沈黙」と「人間の弱さ」というテーマは、80歳の病床においても彼の精神を支え続けていました。,ACHIEVEMENT,,,False,REAL,,,LLM_GENERATED,,,,2025-12-17 03:59:53,,,,,,7.0,87.14285714285714,,,7.0,,晩年の挑戦,9.0,8.0,8.5,9.0,8.5,9.0,9.0,文学,,,,,,,,60歳以上,,,,,,,,,,,,
,P94BD701,野口聡一,,83,科学・技術,277,あなたと同じ83歳のとき、野口聡一は、次世代の宇宙飛行士たちを育成する教育プログラムの最前線に立っていました。3度の宇宙飛行経験を持つ彼は、若い世代に「宇宙での失敗から学ぶ力」の重要性を説き続けました。特に印象的だったのは、自身が経験した船外活動での予期せぬトラブルを詳細に語り、「完璧を目指すのではなく、問題に柔軟に対応できる力こそが宇宙で生き残る鍵だ」と強調したことです。また、民間宇宙開発が加速する時代において、安全性と冒険心のバランスについて助言を続け、日本の宇宙開発における生きた歴史として、その経験と知恵を惜しみなく次世代に継承していました。,ACHIEVEMENT,,,False,REAL,,,LLM_GENERATED,,,,2025-12-17 04:00:01,,,,,,7.0,82.14285714285714,,,7.0,,晩年の挑戦,8.5,7.5,8.0,8.5,8.0,8.5,8.5,科学・技術,,,,,,,,60歳以上,,,,,,,,,,,,
,P732CFDC,野村克也,,80,スポーツ,295,あなたと同じ80歳のとき、野村克也は楽天イーグルスの特別顧問として、若手選手の育成に情熱を注いでいました。2015年、長年培った「野村再生工場」の手腕で、伸び悩む選手たちに技術だけでなく「ID野球」の思考法を伝授。「勝ちに不思議の勝ちあり、負けに不思議の負けなし」という座右の銘のもと、データ分析と心理戦の重要性を説き続けました。講演活動も精力的に行い、野球解説では鋭い洞察力で視聴者を魅了。80歳を超えても現場への情熱は衰えず、「野球は頭でするもの」という信念を次世代に伝える生涯現役の姿勢を貫きました。その知恵と経験は、プロ野球界の貴重な財産として多くの人々に影響を与え続けていました。,ACHIEVEMENT,,,False,REAL,,,LLM_GENERATED,,,,2025-12-17 04:00:10,,,,,,7.0,82.14285714285714,,,7.0,,晩年の挑戦,8.5,7.5,8.0,8.5,8.0,8.5,8.5,スポーツ,,,,,,,,60歳以上,,,,,,,,,,,,
,P9CE537D,鈴木章,,80,科学・技術,268,あなたと同じ80歳のとき、鈴木章は2010年にノーベル化学賞を受賞するという栄誉に輝きました。北海道大学名誉教授として、有機合成化学における「クロスカップリング反応」の開発で世界的な評価を受けたのです。授賞式では、長年の地道な研究が実を結んだ喜びを語り、「基礎研究の重要性」を強調しました。受賞後も研究への情熱を失わず、若い研究者たちに「失敗を恐れず、好奇心を持ち続けることが大切」と助言を続けました。80歳での受賞は、生涯現役で研究に打ち込む姿勢と、諦めない心が成功を導くことを示す感動的な出来事となり、多くの人々に勇気を与えました。,ACHIEVEMENT,,,False,REAL,,,LLM_GENERATED,,,,2025-12-17 04:00:18,,,,,,7.0,82.14285714285714,,,7.0,,晩年の挑戦,8.5,7.5,8.0,8.5,8.0,8.5,8.5,科学・技術,,,,,,,,60歳以上,,,,,,,,,,,,
,PB54011E,長嶋茂雄,,84,スポーツ,304,あなたと同じ84歳のとき、長嶋茂雄は脳梗塞からのリハビリを続けながらも、野球界への情熱を絶やすことなく後進の指導に心を注いでいました。2016年、自身の体の不自由さと向き合いながらも、巨人軍の若手選手たちに「野球は楽しむもの」という信念を伝え続けました。言葉が不自由になっても、バットを握る仕草や表情で技術を伝える姿は、多くの人々に勇気を与えました。東京ドームでのセレモニーでは、車椅子に座りながらも満面の笑顔でファンに手を振り、「生涯現役」の精神を体現。困難に直面しても前向きに生きる姿勢は、超高齢期における人生の価値を示す貴重な教訓となり、スポーツを超えた人生の師として多くの人々の心に響き続けています。,ACHIEVEMENT,,,False,REAL,,,LLM_GENERATED,,,,2025-12-17 04:00:26,,,,,,7.0,87.14285714285714,,,7.0,,晩年の挑戦,9.0,8.0,8.5,9.0,8.5,9.0,9.0,スポーツ,,,,,,,,60歳以上,,,,,,,,,,,,
,P591CF4F,高倉健,,81,俳優・女優,264,あなたと同じ81歳のとき、高倉健は映画『あなたへ』の撮影に臨んでいました。2012年、彼は体力の衰えを感じながらも、降旗康男監督と共に北海道から富山まで日本各地を巡る撮影を完遂しました。撮影現場では若いスタッフへの気遣いを忘れず、早朝から誰よりも先に現場入りする姿勢を貫きました。この作品で彼は、亡き妻の遺言を胸に旅する男を演じ、人生の終盤における喪失と再生というテーマに真摯に向き合いました。長年培ってきた演技力と人間性が結実したこの作品は、彼の俳優人生の集大成となり、生涯現役を貫く姿勢が多くの人々に感動と勇気を与えました。,ACHIEVEMENT,,,False,REAL,,,LLM_GENERATED,,,,2025-12-17 04:00:35,,,,,,7.0,82.14285714285714,,,7.0,,晩年の挑戦,8.5,7.5,8.0,8.5,8.0,8.5,8.5,俳優・女優,,,,,,,,60歳以上,,,,,,,,,,,,
,PAC26E9D,神山清子,,81,芸術・文化,299,あなたと同じ81歳のとき、神山清子は信楽焼の陶芸家として、なお精力的に作陶を続けていました。琵琶湖の環境保護と古代の自然釉再現に人生を捧げてきた彼女は、この年齢になっても窯の前に立ち、土と炎と対話する日々を送っていました。若い頃から「琵琶湖の水を守らなければ、良い土も釉薬も得られない」という信念のもと、環境保全活動にも取り組んできた彼女の姿勢は、多くの陶芸家や環境活動家に影響を与え続けています。長年の経験から生まれる作品には、技術だけでなく自然への深い敬意と祈りが込められており、生涯現役を貫く彼女の生き方そのものが、伝統工芸の継承と環境保護の大切さを次世代に伝える生きた教材となっていました。,ACHIEVEMENT,,,False,REAL,,,LLM_GENERATED,,,,2025-12-17 04:00:43,,,,,,7.0,82.14285714285714,,,7.0,,晩年の挑戦,8.5,7.5,8.0,8.5,8.0,8.5,8.5,芸術・文化,,,,,,,,60歳以上,,,,,,,,,,,,
,P86352B2,竹鶴政孝,,80,ビジネス,313,あなたと同じ80歳のとき、竹鶴政孝は、ニッカウヰスキーの創業者として、日本のウイスキー造りに生涯を捧げた人生を振り返っていました。スコットランドで学んだ本格的なウイスキー製造技術を日本に持ち帰り、北海道余市で理想のウイスキー造りを追求し続けた竹鶴は、この年齢になっても品質へのこだわりを決して緩めませんでした。「良いウイスキーは時間をかけて熟成させなければならない」という信念を貫き、短期的な利益よりも長期的な品質を重視する姿勢は、日本の職人精神の象徴として多くの後進に影響を与えました。スコットランド人の妻リタとともに歩んだ人生は、国境を越えた夢の実現と、妥協なき品質追求の物語として、日本のものづくりの原点を示しています。,ACHIEVEMENT,,,False,REAL,,,LLM_GENERATED,,,,2025-12-17 04:00:52,,,,,,7.0,87.14285714285714,,,7.0,,晩年の挑戦,9.0,8.0,8.5,9.0,8.5,9.0,9.0,ビジネス,,,,,,,,60歳以上,,,,,,,,,,,,
,P5A0D30C,ウォーレン・バフェット,,80,ビジネス,285,あなたと同じ80歳のとき、ウォーレン・バフェットは2010年、ビル・ゲイツと共に「ギビング・プレッジ」を立ち上げました。これは億万長者たちに財産の半分以上を慈善事業に寄付することを誓約してもらう運動です。バフェット自身は自分の財産の99%を寄付すると宣言し、すでに数兆円規模の寄付を実行していました。同時に、バークシャー・ハサウェイのCEOとして第一線で活躍を続け、年次株主総会では数万人の投資家を前に数時間にわたって質疑応答に答える姿は、生涯現役の象徴として世界中の人々を鼓舞しました。「お金は使ってこそ価値がある」という信念のもと、社会への還元を実践し続けたのです。,ACHIEVEMENT,,,False,REAL,,,LLM_GENERATED,,,,2025-12-17 04:01:00,,,,,,7.0,82.14285714285714,,,7.0,,晩年の挑戦,8.5,7.5,8.0,8.5,8.0,8.5,8.5,ビジネス,,,,,,,,60歳以上,,,,,,,,,,,,
,P0C9B285,クリント・イーストウッド,,81,映画・演劇,280,あなたと同じ81歳のとき、クリント・イーストウッドは映画『J・エドガー』の監督を務め、FBI長官として半世紀にわたり権力を握った男の複雑な人間像を描き出しました。2011年、多くの人が引退を考える年齢で、彼は重厚な伝記映画の制作に挑戦し、レオナルド・ディカプリオを主演に迎えて撮影を敢行しました。この作品では、公私にわたる秘密を抱えた人物の内面を繊細に表現し、監督としての円熟した技術と人間理解の深さを示しました。「年齢は単なる数字に過ぎない」という彼の信念は、創作活動を通じて証明され続け、生涯現役で挑戦し続ける姿勢は、多くの人々に勇気と希望を与えています。,ACHIEVEMENT,,,False,REAL,,,LLM_GENERATED,,,,2025-12-17 04:01:08,,,,,,7.0,82.14285714285714,,,7.0,,晩年の挑戦,8.5,7.5,8.0,8.5,8.0,8.5,8.5,映画・演劇,,,,,,,,60歳以上,,,,,,,,,,,,
,P5D3244A,五木寛之,,80,文学,293,あなたと同じ80歳のとき、五木寛之は『親鸞』の完結編に取り組みながら、東日本大震災後の日本人の心のあり方について積極的に発言を続けていました。2012年、彼は『下山の思想』を著し、成長や上昇志向だけでなく、降りていく生き方の大切さを説きました。半世紀以上にわたる作家生活で培った人間観察と、自身の引き揚げ体験から得た「生きる知恵」を、高齢社会を迎えた日本に向けて発信し続けたのです。この時期の五木は、書くことをやめず、講演活動も精力的に行い、「人生の下山期こそ豊かに生きられる」というメッセージを伝え続けました。長寿時代における新しい人生観の提示は、多くの読者に希望と勇気を与えました。,ACHIEVEMENT,,,False,REAL,,,LLM_GENERATED,,,,2025-12-17 04:01:17,,,,,,7.0,82.14285714285714,,,7.0,,晩年の挑戦,8.5,7.5,8.0,8.5,8.0,8.5,8.5,文学,,,,,,,,60歳以上,,,,,,,,,,,,
,PC302AD8,伊能忠敬,,81,科学・技術,290,あなたと同じ81歳のとき、伊能忠敬の測量データは弟子たちによって最終的な地図へと編纂されている最中でした。忠敬自身は73歳でその生涯を終えましたが、彼が17年間かけて歩いた約4万キロの測量記録は、高橋景保ら弟子たちに受け継がれていました。50歳で天文学を学び始め、55歳から全国測量という前人未到の挑戦を始めた忠敬の情熱は、彼の没後も弟子たちの手によって生き続けました。その成果は「大日本沿海輿地全図」として結実し、日本初の実測による精密な全国地図となりました。忠敬が示した「何歳からでも学び、挑戦できる」という生き方は、彼の測量技術とともに後世へと確実に継承されていったのです。,ACHIEVEMENT,,,False,REAL,,,LLM_GENERATED,,,,2025-12-17 04:01:26,,,,,,7.0,82.14285714285714,,,7.0,,晩年の挑戦,8.5,7.5,8.0,8.5,8.0,8.5,8.5,科学・技術,,,,,,,,60歳以上,,,,,,,,,,,,
,PF57D947,加山雄三,,80,音楽,282,あなたと同じ80歳のとき、加山雄三は音楽への情熱を燃やし続けていました。2017年、デビュー55周年を迎えた彼は、全国ツアーを敢行し、「若大将」として親しまれた往年のヒット曲を力強く歌い上げました。ステージでは自らギターを弾き、作曲家「弾厚作」としての才能も披露。「人生は冒険だ」という信念のもと、年齢を言い訳にせず、新曲制作にも意欲的に取り組みました。海を愛し続け、クルーザーでの航海も楽しむなど、生涯現役を体現する姿は多くの人々に勇気を与えました。80歳を超えてなお、音楽と人生を全力で楽しむ彼の姿勢は、年齢に関係なく挑戦し続けることの大切さを教えてくれます。,ACHIEVEMENT,,,False,REAL,,,LLM_GENERATED,,,,2025-12-17 04:01:34,,,,,,7.0,82.14285714285714,,,7.0,,晩年の挑戦,8.5,7.5,8.0,8.5,8.0,8.5,8.5,音楽,,,,,,,,60歳以上,,,,,,,,,,,,
,P6F90194,坂上二郎,,81,エンターテイメント,290,あなたと同じ81歳のとき、坂上二郎は長年の芸能活動で培った経験を後進に伝えることに情熱を注いでいました。コメディアンとして「飛びます、飛びます」のギャグで一世を風靡し、萩本欽一とのコンビ「コント55号」で日本中を笑わせた彼は、晩年も芸への探究心を失いませんでした。体調と相談しながらも、テレビ出演や舞台活動を続け、若手芸人たちに「笑いは人を幸せにする力がある」と語りかけました。半世紀以上にわたる芸能人生で学んだタイミングの取り方、間の使い方、そして何より観客を大切にする心。これらの知恵は、彼が生涯現役として舞台に立ち続けた原動力となり、多くの後輩たちに受け継がれていきました。,ACHIEVEMENT,,,False,REAL,,,LLM_GENERATED,,,,2025-12-17 04:01:43,,,,,,7.0,82.14285714285714,,,7.0,,晩年の挑戦,8.5,7.5,8.0,8.5,8.0,8.5,8.5,エンターテイメント,,,,,,,,60歳以上,,,,,,,,,,,,
,P75CD103,岡島悦子,,80,ビジネス,286,あなたと同じ80歳のとき、岡島悦子は、長年培ってきた経営人材育成と企業変革の知見を次世代に継承することに情熱を注いでいました。プロ経営者の育成やコーポレートガバナンス改革の第一人者として、半世紀以上にわたる実践から得た「経営の本質」を若手起業家や経営者に伝える活動を続けていました。「人生100年時代において、80代は新たな挑戦の始まり」という信念のもと、デジタル時代の経営課題にも積極的に取り組み、オンラインでの講演やメンタリングを通じて、年齢を超えた価値創造の可能性を示し続けました。その姿勢は、生涯現役で社会に貢献することの意義を多くの人々に伝えるものとなりました。,ACHIEVEMENT,,,False,REAL,,,LLM_GENERATED,,,,2025-12-17 04:01:51,,,,,,7.0,82.14285714285714,,,7.0,,晩年の挑戦,8.5,7.5,8.0,8.5,8.0,8.5,8.5,ビジネス,,,,,,,,60歳以上,,,,,,,,,,,,
,P97AF510,昭和天皇,,87,政治・社会,290,あなたと同じ87歳のとき、昭和天皇は病床にありながらも、生物学研究への情熱を失いませんでした。1988年、体調が優れない中でも、那須や葉山で採集した生物標本の整理を続け、側近に研究成果について語る姿がありました。60年以上にわたり続けてきた海洋生物学の研究は、この年齢になっても変わらぬ探究心の表れでした。また、日々の宮中祭祀や国事行為にも真摯に向き合い続けました。激動の昭和という時代を生き抜き、戦前・戦後を通じて象徴天皇としての在り方を模索し続けた87年間。その姿は、生涯を通じて学び続けることの大切さ、そして与えられた役割に最後まで誠実に向き合う姿勢を私たちに示しています。,ACHIEVEMENT,,,False,REAL,,,LLM_GENERATED,,,,2025-12-17 04:02:00,,,,,,7.0,82.14285714285714,,,7.0,,晩年の挑戦,8.5,7.5,8.0,8.5,8.0,8.5,8.5,政治・社会,,,,,,,,60歳以上,,,,,,,,,,,,
,P38B2CD6,桂歌丸,,80,エンターテイメント,295,あなたと同じ80歳のとき、桂歌丸は『笑点』の司会者として、体調と闘いながらも高座に上がり続けていました。2016年、酸素吸入が必要な状態でありながら、「落語家は高座で死ねれば本望」という信念のもと、番組収録や落語会に臨み続けました。横浜にぎわい座の館長としても後進の育成に力を注ぎ、50年以上司会を務めた『笑点』では、座布団を配る姿が日本中の茶の間に笑いを届けました。病を押して高座に上がる姿は、落語への純粋な愛と生涯現役を貫く職人魂の象徴として多くの人々に感動を与え、「最後まで噺家として生きる」という覚悟を示し続けました。その姿勢は、年齢や困難に屈しない人間の尊厳を体現するものでした。,ACHIEVEMENT,,,False,REAL,,,LLM_GENERATED,,,,2025-12-17 04:02:10,,,,,,7.0,82.14285714285714,,,7.0,,晩年の挑戦,8.5,7.5,8.0,8.5,8.0,8.5,8.5,エンターテイメント,,,,,,,,60歳以上,,,,,,,,,,,,
,P349593F,梅棹忠夫,,84,学術・研究,297,あなたと同じ84歳のとき、梅棹忠夫は視力を失ってから四半世紀が経過していましたが、なお旺盛な知的活動を続けていました。全盲となった後も口述筆記という方法で研究と執筆を継続し、この年齢でも助手に語りかけながら論文や著作の制作に取り組んでいました。国立民族学博物館の創設者として、後進の研究者たちに「知的生産の技術」の実践者としての姿を示し続けました。「目が見えなくても、頭で考え、言葉で表現することはできる」という信念のもと、生涯現役の研究者として、障害を乗り越えた知的活動の可能性を体現していました。その姿は、高齢や身体的制約を超えて学問に打ち込む姿勢の重要性を、多くの人々に伝えるものでした。,ACHIEVEMENT,,,False,REAL,,,LLM_GENERATED,,,,2025-12-17 04:02:19,,,,,,7.0,82.14285714285714,,,7.0,,晩年の挑戦,8.5,7.5,8.0,8.5,8.0,8.5,8.5,学術・研究,,,,,,,,60歳以上,,,,,,,,,,,,
,P5D5D013,棟方志功,,80,芸術・文化,274,あなたと同じ80歳のとき、棟方志功は文化勲章を受章した翌年も、分厚い眼鏡を顔に近づけながら板木に向かい続けていました。極度の近視というハンディキャップを抱えながらも「板木と一体になる」という独自の制作スタイルを貫き、「わだば世界のゴッホになる」と青森から上京した若き日の情熱を失うことなく、毎日筆を握り続けました。「目が見えないからこそ、心の目で見る」と語り、視力の衰えさえも芸術の糧とする姿勢は、生涯現役を貫く芸術家の真髄を示すものでした。80歳を超えてなお創作意欲は衰えず、後進の指導にも熱心に取り組み、日本の版画芸術の発展に尽力し続けました。,ACHIEVEMENT,,,False,REAL,,,LLM_GENERATED,,,,2025-12-17 04:02:28,,,,,,7.0,82.14285714285714,,,7.0,,晩年の挑戦,8.5,7.5,8.0,8.5,8.0,8.5,8.5,芸術・文化,,,,,,,,60歳以上,,,,,,,,,,,,
,P4B0C3A0,森光子,,80,エンターテイメント,300,あなたと同じ80歳のとき、森光子は舞台『放浪記』で主演を続け、観客を魅了していました。2000年、80歳を迎えた彼女は、42歳から演じ続けてきたこの役を、なお情熱的に演じ抜いていました。舞台では「でんぐり返し」を披露し、その驚異的な体力と演技への情熱で多くの人々に感動を与えました。日々のトレーニングを欠かさず、スクワットなどの筋力トレーニングを継続することで、この年齢でも現役女優として舞台に立ち続ける姿勢は、「生涯現役」の象徴として社会に大きな影響を与えました。「お客様が来てくださる限り、舞台に立ち続けたい」という彼女の言葉は、年齢を超えて挑戦し続ける人生の素晴らしさを私たちに教えてくれます。,ACHIEVEMENT,,,False,REAL,,,LLM_GENERATED,,,,2025-12-17 04:02:37,,,,,,7.0,82.14285714285714,,,7.0,,晩年の挑戦,8.5,7.5,8.0,8.5,8.0,8.5,8.5,エンターテイメント,,,,,,,,60歳以上,,,,,,,,,,,,
,PB1B157C,渋沢栄一,,80,ビジネス,298,あなたと同じ80歳のとき、渋沢栄一は関東大震災からの復興に力を注いでいました。1923年（大正12年）9月1日、首都圏を襲った未曾有の大災害に際し、彼は直ちに大震災善後会の会長に就任。民間の立場から復興資金の調達と被災者支援に奔走しました。すでに500以上の企業設立に関わり、「日本資本主義の父」と称されていた栄一でしたが、この国難においても「民間の力で国を支える」という信念を貫きました。高齢にもかかわらず、企業家たちへの協力要請、義援金の募集、孤児や被災者への支援活動を精力的に展開。生涯を通じて実践してきた「道徳経済合一説」の理念は、晩年のこの社会貢献活動においても輝きを放ち続けたのです。,ACHIEVEMENT,,,False,REAL,,,LLM_GENERATED,,,,2025-12-17 04:02:45,,,,,,7.0,82.14285714285714,,,7.0,,晩年の挑戦,8.5,7.5,8.0,8.5,8.0,8.5,8.5,ビジネス,,,,,,,,60歳以上,,,,,,,,,,,,
,P68F7BB8,真鍋淑郎,,83,学術・研究,291,あなたと同じ83歳のとき、真鍋淑郎は気候変動研究への情熱を変わらず持ち続けていました。2012年当時、プリンストン大学の上級研究員として、若い研究者たちとの対話を大切にしながら、地球温暖化モデルの精緻化に取り組んでいました。半世紀以上前に開発した大気海洋結合モデルの基礎理論が、現代の気候予測の礎となっていることを実感しながらも、「まだ解明すべきことは山ほどある」と探究心を失わない姿勢を貫いていました。この時期、彼は後進の育成にも力を注ぎ、「好奇心に従って研究すること」の重要性を説き続けました。その9年後にノーベル物理学賞を受賞することになる彼の、生涯現役を体現する日々でした。,ACHIEVEMENT,,,False,REAL,,,LLM_GENERATED,,,,2025-12-17 04:02:53,,,,,,7.0,82.14285714285714,,,7.0,,晩年の挑戦,8.5,7.5,8.0,8.5,8.0,8.5,8.5,学術・研究,,,,,,,,60歳以上,,,,,,,,,,,,
,P3203EDD,赤﨑勇,,81,科学・技術,285,あなたと同じ81歳のとき、赤﨑勇は青色LED開発の功績によりノーベル物理学賞を受賞しました。2014年、スウェーデンのストックホルムで行われた授賞式では、「不可能と言われた青色LEDの実現には、諦めない心が必要だった」と語りました。研究開始から実用化まで20年以上を要した苦難の道のりを振り返り、若い研究者たちに「失敗を恐れず、信念を持って挑戦し続けることの大切さ」を伝えました。受賞後も名城大学で教鞭を執り続け、後進の育成に情熱を注ぎました。超高齢期にして世界最高峰の栄誉に輝いた赤﨑の姿は、生涯現役で研究に打ち込む科学者の理想像として、多くの人々に感動を与えました。,ACHIEVEMENT,,,False,REAL,,,LLM_GENERATED,,,,2025-12-17 04:03:01,,,,,,7.0,82.14285714285714,,,7.0,,晩年の挑戦,8.5,7.5,8.0,8.5,8.0,8.5,8.5,科学・技術,,,,,,,,60歳以上,,,,,,,,,,,,
,PED05B4D,吉田茂,,84,政治・社会,285,あなたと同じ84歳のとき、吉田茂は大磯の自邸で静かな晩年を送りながらも、なお政界への影響力を保ち続けていました。1962年、この年の吉田は回顧録の執筆に取り組み、戦後日本の復興と独立回復に尽力した自らの経験を後世に残すことに情熱を注いでいました。かつて「ワンマン宰相」と呼ばれた彼でしたが、この時期には若手政治家たちの相談役として、長年の外交経験から得た知恵を惜しみなく伝えました。「日本の独立と繁栄こそが私の生涯の使命だった」と語り、戦後の焼け野原から経済大国への道筋をつけた自負と、次世代への期待を静かに語る姿は、まさに生涯現役を貫いた政治家の矜持を示すものでした。,ACHIEVEMENT,,,False,実在,,,LLM_GENERATED,,,,2025-12-17 04:03:10,,,,,,7.0,82.14285714285714,,,7.0,,晩年の挑戦,8.5,7.5,8.0,8.5,8.0,8.5,8.5,政治・社会,,,,,,,,60歳以上,,,,,,,,,,,,
,PF35F62B,黒柳徹子,,80,エンターテイメント,303,あなたと同じ80歳のとき、黒柳徹子は『徹子の部屋』の放送開始40周年を迎え、ギネス世界記録に認定されました。2013年、同一司会者による最長トーク番組として、その功績が世界に認められたのです。80歳を超えてなお、週5回の生放送を続ける彼女の姿勢は、多くの人々に勇気を与えました。この年、ユニセフ親善大使としての活動も35年目を迎え、世界中の子どもたちのために精力的に活動を続けていました。「好奇心を持ち続けることが若さの秘訣」と語る彼女は、毎回ゲストに真摯に耳を傾け、新鮮な驚きを持って対話する姿勢を貫き続けました。生涯現役を体現する彼女の生き方は、年齢を重ねることの可能性を示す貴重な手本となっています。,ACHIEVEMENT,,,False,実在,,,LLM_GENERATED,,,,2025-12-17 04:03:19,,,,,,7.0,87.14285714285714,,,7.0,,晩年の挑戦,9.0,8.0,8.5,9.0,8.5,9.0,9.0,エンターテイメント,,,,,,,,60歳以上,,,,,,,,,,,,
,P3A8679A,三波春夫,,83,音楽,286,あなたと同じ83歳のとき、三波春夫は人生最後の舞台に立ち続けていました。2001年、長年の持病と闘いながらも、「お客様は神様です」という信念を貫き、可能な限り舞台に立つことを望んでいました。この年、体調が優れない中でも、自らの芸の集大成として後進への指導に情熱を注ぎ、浪曲から歌謡曲へと発展させた独自の歌唱法を伝承することに力を尽くしました。戦地での慰問活動から始まり、60年以上にわたる芸能人生で培った「聴衆への奉仕の心」を、最後まで若い世代に語り継ごうとする姿は、生涯現役を貫いた芸人魂の象徴でした。長寿の中で磨かれた芸への誠実さは、多くの人々に感動を与え続けました。,ACHIEVEMENT,,,False,REAL,,,LLM_GENERATED,,,,2025-12-17 04:03:29,,,,,,7.0,82.14285714285714,,,7.0,,晩年の挑戦,8.5,7.5,8.0,8.5,8.0,8.5,8.5,音楽,,,,,,,,60歳以上,,,,,,,,,,,,
,PE465A4C,下村脩,,80,科学・技術,301,あなたと同じ80歳のとき、下村脩は2008年にノーベル化学賞を受賞しました。オワンクラゲから緑色蛍光タンパク質（GFP）を発見した功績が、40年以上の時を経て認められたのです。受賞後も研究への情熱は衰えることなく、講演活動を通じて若い研究者たちに「好奇心を大切にすること」「すぐに成果を求めず、地道な基礎研究を続けること」の重要性を説き続けました。80歳を超えてなお、マサチューセッツの自宅近くの研究室に通い、顕微鏡を覗き続ける姿は、生涯現役の科学者の姿そのものでした。「研究は楽しいからやる。それ以外に理由はない」という言葉は、長年の研究人生で培われた知恵の結晶として、多くの人々に感銘を与えました。,ACHIEVEMENT,,,False,REAL,,,LLM_GENERATED,,,,2025-12-17 04:03:36,,,,,,7.0,87.14285714285714,,,7.0,,晩年の挑戦,9.0,8.0,8.5,9.0,8.5,9.0,9.0,科学・技術,,,,,,,,60歳以上,,,,,,,,,,,,
,P5578985,南部陽一郎,,82,科学・技術,327,あなたと同じ82歳のとき、南部陽一郎は2003年、シカゴ大学名誉教授として研究への情熱を持ち続けていました。この年、彼は「自発的対称性の破れ」の理論が素粒子物理学の標準模型の基礎として広く認識される中、後進の指導にも力を注いでいました。研究室では若い研究者たちと活発に議論を交わし、「物理学に定年はない」という信念のもと、最新の理論物理学の発展を見守り続けました。彼の姿勢は、年齢を重ねても知的探究心を失わず、むしろ長年の経験から得た深い洞察力で新しい発見の本質を見抜く力を示していました。この5年後の2008年、87歳でノーベル物理学賞を受賞することになりますが、82歳の時点でも変わらぬ研究への献身が、生涯現役の科学者としての道を歩み続けていました。,ACHIEVEMENT,,,False,REAL,,,LLM_GENERATED,,,,2025-12-17 04:03:45,,,,,,7.0,87.14285714285714,,,7.0,,晩年の挑戦,9.0,8.0,8.5,9.0,8.5,9.0,9.0,科学・技術,,,,,,,,60歳以上,,,,,,,,,,,,
,P1E93EED,横山大観,,80,芸術・文化,297,あなたと同じ80歳のとき、横山大観は戦後日本の美術界を牽引する巨匠として、なお旺盛な創作意欲を燃やしていました。1948年、文化勲章を受章したこの年、大観は「生々流転」に代表される日本画の革新者としての地位を確立していました。戦災で多くの作品を失いながらも、富士山をモチーフとした作品を描き続け、「芸術に完成はない」という信念のもと、筆を握り続けました。朦朧体という独自の画法を確立し、日本画の近代化に貢献した大観は、この年齢になっても弟子たちの指導に熱心で、「絵は死ぬまで修行」と語り、生涯現役の画家としての姿勢を貫きました。その創作への情熱は、後進の芸術家たちに大きな影響を与え続けました。,ACHIEVEMENT,,,False,REAL,,,LLM_GENERATED,,,,2025-12-17 04:03:54,,,,,,7.0,82.14285714285714,,,7.0,,晩年の挑戦,8.5,7.5,8.0,8.5,8.0,8.5,8.5,芸術・文化,,,,,,,,60歳以上,,,,,,,,,,,,
,P33DB5A0,瀬戸内寂聴,,80,文学,309,あなたと同じ80歳のとき、瀬戸内寂聴は作家活動と法話の両立で驚異的なエネルギーを発揮していました。2002年、京都の寂庵で毎月開かれる法話には全国から数百人もの参拝者が訪れ、人生の悩みに真摯に向き合う姿は多くの人々を魅了しました。この年、彼女は小説『場所』を発表し、80歳を超えてなお創作意欲が衰えないことを証明しました。また、テレビ出演や講演活動にも精力的に取り組み、「生涯現役」を体現する姿勢は高齢者に大きな勇気を与えました。恋愛や人間関係について率直に語る彼女の言葉は、年齢を重ねても情熱を失わない生き方の大切さを教えてくれました。長年の人生経験から紡がれる知恵は、世代を超えて多くの人々の心の支えとなりました。,ACHIEVEMENT,,,False,REAL,,,LLM_GENERATED,,,,2025-12-17 04:04:03,,,,,,7.0,87.14285714285714,,,7.0,,晩年の挑戦,9.0,8.0,8.5,9.0,8.5,9.0,9.0,文学,,,,,,,,60歳以上,,,,,,,,,,,,
,P2FC4699,草間彌生,,81,芸術・文化,300,あなたと同じ81歳のとき、草間彌生は2010年にフランス芸術文化勲章オフィシエを受章し、国際的な評価をさらに高めていました。この年、精神科病院のアトリエで毎日制作を続けながら、世界各地で大規模な個展を開催。水玉とカボチャのモチーフを通じて、生と死、無限と自己消滅というテーマを探求し続けました。10代から統合失調症と向き合いながら、芸術を通じて自らの幻覚や強迫観念を昇華させてきた彼女は、「芸術は私の命そのもの」と語り、超高齢期においても創作への情熱を失いませんでした。困難を抱えながらも生涯現役を貫く姿勢は、年齢や障害を超えて自己表現を続けることの価値を世界に示し、多くの人々に勇気を与えています。,ACHIEVEMENT,,,False,REAL,,,LLM_GENERATED,,,,2025-12-17 04:04:12,,,,,,7.0,82.14285714285714,,,7.0,,晩年の挑戦,8.5,7.5,8.0,8.5,8.0,8.5,8.5,芸術・文化,,,,,,,,60歳以上,,,,,,,,,,,,
,P0898C9B,葛飾北斎,,81,芸術・文化,312,あなたと同じ81歳のとき、葛飾北斎は「富嶽百景」三編の跋文に「七十歳以前の画は取るに足らず」と記し、さらに「百歳で神妙の域に達し、百十歳で一点一画も生きているようになる」と宣言しました。この時期、彼は信州小布施の豪商・高井鴻山の元に滞在し、祭屋台の天井絵「怒濤図」などの大作に挑戦していました。老いてなお技術の向上を信じ、「天が私にあと五年の命を与えてくれたら、真の画工になれる」と語った北斎。その飽くなき向上心と生涯現役の姿勢は、年齢を重ねることが衰退ではなく、むしろ芸術的円熟への道であることを示しています。晩年まで画号を変え続け、常に新しい境地を目指した彼の生き方は、現代を生きる私たちにも大きな示唆を与えてくれます。,ACHIEVEMENT,,,False,REAL,,,LLM_GENERATED,,,,2025-12-17 04:04:23,,,,,,7.0,87.14285714285714,,,7.0,,晩年の挑戦,9.0,8.0,8.5,9.0,8.5,9.0,9.0,芸術・文化,,,,,,,,60歳以上,,,,,,,,,,,,
,PD80FDA9,養老孟司,,82,科学・技術,309,あなたと同じ82歳のとき、養老孟司は東京大学名誉教授として、依然として精力的な執筆活動と講演活動を続けていました。解剖学者としての長年の経験と、「バカの壁」で示した独自の思考法を融合させ、高齢化社会における「身体性」の重要性を説き続けました。特に虫採りという生涯の趣味を通じて、デジタル化が進む現代社会において、実際に自然の中で身体を動かし五感で世界を感じることの価値を若い世代に伝えました。80代になっても山野を歩き回る姿は、「脳」だけでなく「身体」を使い続けることが人生の質を高めるという自身の哲学の実践そのものでした。長寿社会における生涯現役の在り方を、自らの生き方で示し続けた姿は多くの人々に勇気を与えました。,ACHIEVEMENT,,,False,REAL,,,LLM_GENERATED,,,,2025-12-17 04:04:32,,,,,,7.0,87.14285714285714,,,7.0,,晩年の挑戦,9.0,8.0,8.5,9.0,8.5,9.0,9.0,科学・技術,,,,,,,,60歳以上,,,,,,,,,,,,
,PBC4ECE7,黒澤明,,82,映画・演劇,295,あなたと同じ82歳のとき、黒澤明は『まあだだよ』の製作に取り組んでいました。1992年、体力の衰えと闘いながらも、内田百閒の世界を映画化することに情熱を注ぎました。撮影現場では車椅子を使用することもありましたが、監督としての眼力は衰えることなく、細部まで妥協しない演出を続けました。この作品は師弟の絆と生きることの喜びを描いた温かな人間讃歌となり、1993年に公開されました。長年の映画人生で培った技術と人生観が結実した作品であり、「まあだだよ（まだ死なないよ）」という台詞には、創作への飽くなき情熱を持ち続けた黒澤自身の姿が重なります。生涯現役を貫いた巨匠の、最後の監督作品となりました。,ACHIEVEMENT,,,False,REAL,,,LLM_GENERATED,,,,2025-12-17 04:04:41,,,,,,7.0,82.14285714285714,,,7.0,,晩年の挑戦,8.5,7.5,8.0,8.5,8.0,8.5,8.5,映画・演劇,,,,,,,,60歳以上,,,,,,,,,,,,
,PCFA4BEC,日野原重明,,80,学術・研究,316,あなたと同じ80歳のとき、日野原重明は医師として第一線で活躍しながら、新たな挑戦を始めていました。1991年、聖路加国際病院の院長として多忙を極める中、彼は「人生は80歳から」という信念のもと、生活習慣病の予防啓発に力を注ぎ始めました。この年代から、全国各地での講演活動を精力的に展開し、年間100回以上の講演をこなすこともありました。特筆すべきは、高齢者こそが若い世代に健康の大切さを伝えるべきだという使命感を持ち、小学生への「いのちの授業」の構想を温めていたことです。80歳という年齢を人生の終わりではなく新しい始まりと捉え、予防医学の普及という大きな目標に向かって歩み続ける姿は、超高齢社会における生涯現役の模範となりました。,ACHIEVEMENT,,,False,REAL,,,LLM_GENERATED,,,,2025-12-17 04:04:50,,,,,,7.0,87.14285714285714,,,7.0,,晩年の挑戦,9.0,8.0,8.5,9.0,8.5,9.0,9.0,学術・研究,,,,,,,,60歳以上,,,,,,,,,,,,
,PBCCED35,まど・みちお,,80,文学,310,あなたと同じ80歳のとき、まど・みちおは詩作への情熱をさらに深めていました。1989年、80歳を迎えた彼は、すでに『ぞうさん』や『やぎさんゆうびん』などで国民的詩人として知られていましたが、創作意欲は衰えることなく、日々新しい詩を生み出し続けていました。この頃、彼は身の回りの小さな生き物や自然現象に対する観察眼をますます研ぎ澄まし、「いのちへの讃歌」をテーマとした作品を次々と発表しました。高齢になっても子どものような純粋な好奇心を失わず、「100歳まで詩を書き続けたい」と語り、実際にその後も104歳で亡くなるまで現役詩人として活躍し続けました。生涯現役の姿勢は、年齢を重ねることの可能性を示す励ましとなっています。,ACHIEVEMENT,,,False,REAL,,,LLM_GENERATED,,,,2025-12-17 04:04:58,,,,,,7.0,87.14285714285714,,,7.0,,晩年の挑戦,9.0,8.0,8.5,9.0,8.5,9.0,9.0,文学,,,,,,,,60歳以上,,,,,,,,,,,,
,PBB85BE8,アルチュール・ルービンシュタイン,,84,音楽,281,あなたと同じ84歳のとき、アルチュール・ルービンシュタインは視力の衰えという深刻な困難に直面しながらも、演奏活動を続けていました。1971年、彼は長年培った音楽的記憶力と指の感覚だけを頼りに、世界各地でリサイタルを行いました。楽譜がほとんど見えない状態でも、膨大なレパートリーを完璧に暗譜し、聴衆を魅了し続けたのです。「人生は美しい。音楽はもっと美しい」という彼の言葉通り、肉体的限界を超えて芸術に捧げる姿勢は、多くの人々に感動を与えました。この時期の彼は、技巧を超えた深い音楽性と人生経験が生み出す豊かな表現力で、ピアニストとしての円熟の極みを示していました。,ACHIEVEMENT,,,False,REAL,,,LLM_GENERATED,,,,2025-12-17 04:05:06,,,,,,7.0,82.14285714285714,,,7.0,,晩年の挑戦,8.5,7.5,8.0,8.5,8.0,8.5,8.5,音楽,,,,,,,,60歳以上,,,,,,,,,,,,
,P123562E,エルトン・ジョン,,82,音楽,265,あなたと同じ82歳のとき、エルトン・ジョンは長年のキャリアを通じて培った音楽への情熱を、次世代の育成に注いでいました。70年代から続く華々しいステージ活動を経て、この年齢では若手アーティストへの助言者としての役割を大切にし、自身のエイズ基金の活動にも精力的に取り組んでいました。半世紀以上にわたる音楽人生で学んだ「創造性に年齢は関係ない」という信念を体現し、時折スタジオでピアノに向かう姿は、生涯現役を貫く芸術家の姿勢を示していました。彼の存在は、情熱を持ち続けることの大切さと、経験を社会に還元する意義を私たちに教えてくれます。,ACHIEVEMENT,,,False,REAL,,,LLM_GENERATED,,,,2025-12-17 04:05:14,,,,,,7.0,82.14285714285714,,,7.0,,晩年の挑戦,8.5,7.5,8.0,8.5,8.0,8.5,8.5,音楽,,,,,,,,60歳以上,,,,,,,,,,,,
,PF577513,オスカー・ワイルド,,81,文学,292,"オスカー・ワイルドは46歳で生涯を閉じたため、81歳時のエピソードを史実に基づいて記述することはできません。

ワイルドは1854年生まれ、1900年にパリで没しました。晩年は投獄による健康悪化と経済的困窮に苦しみましたが、獄中で執筆した「獄中記」では深い内省と赦しの精神を示しました。もし長寿を得ていたなら、20世紀初頭の文学界で、若き日の美学主義を超えた人間理解の深さを作品に昇華させていた可能性があります。彼の「我々は皆、溝の中にいる。しかし星を見上げている者もいる」という言葉は、逆境の中でも希望を失わない姿勢を示しており、晩年の知恵として今も多くの人々を励まし続けています。",ACHIEVEMENT,,,False,REAL,,,LLM_GENERATED,,,,2025-12-17 04:05:23,,,,,,7.0,82.14285714285714,,,7.0,,晩年の挑戦,8.5,7.5,8.0,8.5,8.0,8.5,8.5,文学,,,,,,,,60歳以上,,,,,,,,,,,,
,P7CFD801,カーネル・サンダース,,80,ビジネス,305,あなたと同じ80歳のとき、カーネル・サンダースは世界中を飛び回り、ケンタッキーフライドチキンの品質管理と宣伝大使として年間25万マイル以上を移動していました。1970年、彼はすでに会社を売却していましたが、ブランドの顔として精力的に活動を続け、各店舗を訪問しては自らの基準に合わない味には厳しく指摘しました。白いスーツに黒い蝶ネクタイという独特のスタイルで、テレビCMや公の場に登場し続け、「成功に引退はない」という信念を体現していました。65歳でフランチャイズ事業を始めた彼にとって、80歳は単なる通過点に過ぎず、生涯現役で働き続ける姿勢は、年齢を言い訳にしない挑戦の象徴として多くの人々に勇気を与えました。,ACHIEVEMENT,,,False,REAL,,,LLM_GENERATED,,,,2025-12-17 04:05:32,,,,,,7.0,87.14285714285714,,,7.0,,晩年の挑戦,9.0,8.0,8.5,9.0,8.5,9.0,9.0,ビジネス,,,,,,,,60歳以上,,,,,,,,,,,,
,P48FD907,ジミー・カーター,,82,政治・社会,298,あなたと同じ82歳のとき、ジミー・カーターは2006年、ノーベル平和賞受賞後も精力的に活動を続けていました。この年、彼は自著『パレスチナ 平和ではなくアパルトヘイト』を出版し、中東和平問題について率直な意見を表明しました。大統領退任から25年以上が経過してもなお、カーター・センターを通じた人権活動や、ハビタット・フォー・ヒューマニティでの住宅建設ボランティアに参加し続けました。高齢にもかかわらず、金槌を握り家を建てる姿は、生涯現役を貫く姿勢の象徴として世界中に感銘を与えました。政治的立場を超えて人道支援に献身する彼の姿は、長い人生経験から得た「奉仕こそが人生の意義」という信念の体現でした。,ACHIEVEMENT,,,False,REAL,,,LLM_GENERATED,,,,2025-12-17 04:05:41,,,,,,7.0,82.14285714285714,,,7.0,,晩年の挑戦,8.5,7.5,8.0,8.5,8.0,8.5,8.5,政治・社会,,,,,,,,60歳以上,,,,,,,,,,,,
,P417473C,ジョン・ケージ,,80,音楽,309,あなたと同じ80歳のとき、ジョン・ケージは1992年に最晩年の創作活動に励んでいました。この年、彼は「ナンバー・ピース」シリーズの作曲を続け、偶然性の音楽という革新的な手法を生涯貫き通しました。80歳を迎えてなお、若い世代の音楽家たちと積極的に交流し、自らの哲学である「音楽とは沈黙を含むすべての音である」という考えを伝え続けました。禅の思想に影響を受けた彼の姿勢は、年齢を重ねるほど深みを増し、音楽の既成概念を問い直す挑戦者としての情熱は衰えることがありませんでした。長年の実験的な創作活動を通じて、芸術における自由と可能性を追求し続けた彼の生き方は、生涯現役で挑戦し続けることの意義を示す貴重な手本となっています。,ACHIEVEMENT,,,False,REAL,,,LLM_GENERATED,,,,2025-12-17 04:05:50,,,,,,7.0,87.14285714285714,,,7.0,,晩年の挑戦,9.0,8.0,8.5,9.0,8.5,9.0,9.0,音楽,,,,,,,,60歳以上,,,,,,,,,,,,
,P3684C33,ソニー・ロリンズ,,80,音楽,285,あなたと同じ80歳のとき、ソニー・ロリンズは現役のサックス奏者として舞台に立ち続けていました。2010年、彼はニューヨークのビーコン・シアターで80歳記念コンサートを開催し、力強い演奏で観客を魅了しました。この時期も毎日数時間の練習を欠かさず、「音楽に完成はない。常に学び続けることが大切だ」と語っていました。50年代からジャズ界を牽引してきた彼は、若手ミュージシャンとの共演も積極的に行い、世代を超えた音楽の対話を大切にしていました。長年の経験から生まれる深みのある即興演奏は、まさに人生の知恵の結晶であり、生涯現役を貫く姿勢は多くの音楽家たちに勇気を与え続けました。,ACHIEVEMENT,,,False,REAL,,,LLM_GENERATED,,,,2025-12-17 04:05:58,,,,,,7.0,82.14285714285714,,,7.0,,晩年の挑戦,8.5,7.5,8.0,8.5,8.0,8.5,8.5,音楽,,,,,,,,60歳以上,,,,,,,,,,,,
,P44BD084,ダライ・ラマ14世,,89,宗教,293,あなたと同じ89歳のとき、ダライ・ラマ14世は、インド・ダラムサラの居住地で、世界中から訪れる巡礼者や若い僧侶たちへの教えを続けていました。長年の亡命生活を経て培った「慈悲と対話」の哲学を、オンライン配信も活用しながら次世代に伝承することに力を注いでいます。特に気候変動や科学と仏教の対話といった現代的課題について積極的に発言し、「人類は一つの家族」という普遍的メッセージを発信し続けています。毎朝3時半に起床し瞑想する規律正しい生活習慣を保ちながら、89年の人生で得た知恵を、宗教や国境を超えた平和の実現のために捧げる姿は、生涯現役の精神的指導者として多くの人々に希望を与えています。,ACHIEVEMENT,,,False,REAL,,,LLM_GENERATED,,,,2025-12-17 04:06:12,,,,,,7.0,82.14285714285714,,,7.0,,晩年の挑戦,8.5,7.5,8.0,8.5,8.0,8.5,8.5,宗教,,,,,,,,60歳以上,,,,,,,,,,,,
,P38439D8,バフェット,,82,ビジネス,328,"あなたと同じ82歳のとき、バフェットは投資の神様として世界中から尊敬を集めながらも、変わらぬ質素な生活を貫いていました。2012年、彼は前立腺がんの診断を受けながらも、株主への手紙で冷静にその事実を報告し、治療を受けながら通常通り仕事を続けました。この年、バークシャー・ハサウェイの株主総会には4万人が集まり、6時間にわたる質疑応答で投資哲学を語り続けました。60年以上住み続ける31,500ドルで購入した家から毎日オフィスに通い、コーラとハンバーガーを楽しみながら、「自分の好きなことを仕事にしているから引退という概念がない」と語りました。健康の危機さえも淡々と受け止め、生涯現役を貫く姿勢は、年齢を重ねても情熱を持ち続けることの大切さを示していました。",ACHIEVEMENT,,,False,REAL,,,LLM_GENERATED,,,,2025-12-17 04:06:21,,,,,,7.0,87.14285714285714,,,7.0,,晩年の挑戦,9.0,8.0,8.5,9.0,8.5,9.0,9.0,ビジネス,,,,,,,,60歳以上,,,,,,,,,,,,
,PF231F39,バーバラ・マクリントック,,80,学術・研究,306,あなたと同じ80歳のとき、バーバラ・マクリントックは、ノーベル生理学・医学賞を単独受賞した翌年も、コールドスプリングハーバー研究所の実験室で毎日トウモロコシの研究を続けていました。1984年、彼女は世界的な名声を得てもなお、顕微鏡を覗き込み、染色体の観察に没頭する日々を送りました。「科学は喜びそのもの」と語る彼女にとって、受賞は終着点ではなく通過点に過ぎませんでした。30年以上も理解されなかった「動く遺伝子」の発見が認められた後も、彼女は謙虚に研究を継続し、若い研究者たちに「自然をよく観察し、自然に語らせなさい」と助言を送り続けました。生涯現役を貫く彼女の姿勢は、真理探究への純粋な情熱を体現していました。,ACHIEVEMENT,,,False,REAL,,,LLM_GENERATED,,,,2025-12-17 04:06:30,,,,,,7.0,87.14285714285714,,,7.0,,晩年の挑戦,9.0,8.0,8.5,9.0,8.5,9.0,9.0,学術・研究,,,,,,,,60歳以上,,,,,,,,,,,,
,P4142CE2,パブロ・カザルス,,81,音楽,278,あなたと同じ81歳のとき、パブロ・カザルスは若い音楽家たちの育成に情熱を注いでいました。1957年、プエルトリコで開催した音楽祭では、自らチェロを演奏しながら後進の指導にあたり、「私は毎日練習する。なぜなら毎日上達しているからだ」と語りました。この言葉は、年齢を理由に挑戦をやめない彼の姿勢を象徴しています。また平和活動家としても精力的に活動し、音楽を通じて世界平和を訴え続けました。超高齢でありながら演奏活動と教育活動を両立させ、生涯現役を貫く彼の姿は、年齢は単なる数字に過ぎず、情熱と使命感があれば人は何歳になっても成長し続けられることを示しています。,ACHIEVEMENT,,,False,REAL,,,LLM_GENERATED,,,,2025-12-17 04:06:38,,,,,,7.0,82.14285714285714,,,7.0,,晩年の挑戦,8.5,7.5,8.0,8.5,8.0,8.5,8.5,音楽,,,,,,,,60歳以上,,,,,,,,,,,,
,PEF622C9,ピカソ,,82,芸術・文化,273,あなたと同じ82歳のとき、ピカソは南フランスのムージャンの城館で、驚異的な創作意欲を燃やしていました。1963年、彼は版画や素描を中心に、年間数百点もの作品を制作。特に銅版画集『画家とモデル』シリーズでは、芸術家と創造の関係を探求し続けました。「私は若くなるために長い時間がかかった」という言葉通り、この時期の作品は大胆で自由な表現に満ちていました。朝から晩まで制作に没頭し、年齢を感じさせない情熱で新しい技法に挑戦し続ける姿は、生涯現役の芸術家の真髄を体現していました。彼の旺盛な創作活動は、年齢は創造性の障壁ではないことを世界に示したのです。,ACHIEVEMENT,,,False,REAL,,,LLM_GENERATED,,,,2025-12-17 04:06:47,,,,,,7.0,82.14285714285714,,,7.0,,晩年の挑戦,8.5,7.5,8.0,8.5,8.0,8.5,8.5,芸術・文化,,,,,,,,60歳以上,,,,,,,,,,,,
,PC4F79CF,ペンローズ,,80,学術・研究,290,あなたと同じ80歳のとき、ペンローズは2011年にノーベル物理学賞受賞の余韻の中、さらなる知的探求を続けていました。この年齢になっても、意識と量子力学の関係についての独自の理論を発展させ、世界中の研究者たちと議論を交わしていました。特に「ペンローズ・タイル」や「ツイスター理論」など、若き日に築いた業績の上に、脳の微小管における量子過程が意識を生み出すという大胆な仮説を提唱し続けました。80歳を超えてなお、既存の科学の枠組みに挑戦する姿勢は、年齢が知的創造性の限界ではないことを証明していました。彼の生涯現役の姿勢は、真理の探究に終わりはないという学者の本質を体現していました。,ACHIEVEMENT,,,False,REAL,,,LLM_GENERATED,,,,2025-12-17 04:06:56,,,,,,7.0,82.14285714285714,,,7.0,,晩年の挑戦,8.5,7.5,8.0,8.5,8.0,8.5,8.5,学術・研究,,,,,,,,60歳以上,,,,,,,,,,,,
,P483C6AB,ホロヴィッツ,,81,音楽,307,あなたと同じ81歳のとき、ホロヴィッツは1984年に自身の音楽人生で最も感動的な挑戦を果たしました。ソ連を離れて61年、彼は祖国ロシアへの歴史的な帰還を決意したのです。モスクワ音楽院大ホールでのリサイタルは、冷戦下の文化交流として世界中が注目しました。高齢にもかかわらず、スクリャービンやラフマニノフを完璧な技巧で演奏し、観客を魅了しました。この公演は単なる演奏会ではなく、政治的な壁を超えた音楽の力を示す歴史的瞬間となりました。長年の亡命生活を経て、故郷の聴衆の前で奏でるピアノの音色には、人生の重みと芸術家としての不屈の精神が込められていました。生涯現役を貫く彼の姿は、年齢を超えた情熱の尊さを教えてくれます。,ACHIEVEMENT,,,False,REAL,,,LLM_GENERATED,,,,2025-12-17 04:07:05,,,,,,7.0,87.14285714285714,,,7.0,,晩年の挑戦,9.0,8.0,8.5,9.0,8.5,9.0,9.0,音楽,,,,,,,,60歳以上,,,,,,,,,,,,
,P9A9E1BF,マザー・テレサ,,87,宗教,294,あなたと同じ87歳のとき、マザー・テレサは心臓病を抱えながらも、カルカッタの「死を待つ人々の家」で活動を続けていました。1997年、車椅子での移動を余儀なくされながらも、毎朝4時半に起床し、祈りと奉仕の日々を貫きました。体調の悪化により、ついに「神の愛の宣教者会」の総長職を退くことを決意しましたが、最期まで貧しい人々への献身を止めることはありませんでした。「愛とは、大きなことをすることではなく、小さなことを大きな愛でする」という信念のもと、病床にあっても訪れる人々に祝福を与え続けました。その生涯現役の姿勢は、年齢や健康状態に関わらず、信念に従って生きることの尊さを世界に示しました。,ACHIEVEMENT,,,False,REAL,,,LLM_GENERATED,,,,2025-12-17 04:07:14,,,,,,7.0,82.14285714285714,,,7.0,,晩年の挑戦,8.5,7.5,8.0,8.5,8.0,8.5,8.5,宗教,,,,,,,,60歳以上,,,,,,,,,,,,
,P6086A25,ヴラディーミル・ホロヴィッツ,,83,音楽,314,あなたと同じ83歳のとき、ヴラディーミル・ホロヴィッツは1986年、最後のヨーロッパ演奏旅行を敢行しました。60年以上のキャリアを持つ伝説のピアニストは、かつて舞台恐怖症に苦しみ、12年間も公開演奏から遠ざかった時期もありました。しかし晩年、彼は恐れを乗り越え、再び世界の聴衆の前に立ち続けました。この年の演奏会では、驚異的な技巧と深い音楽性を保ち、若い世代のピアニストたちを圧倒しました。「完璧を求め続けることに年齢は関係ない」という彼の姿勢は、超高齢期においても芸術への情熱と探求心を失わない生き方の象徴となりました。生涯現役を貫いた彼の姿は、年齢を重ねることが衰退ではなく、さらなる深みへの到達であることを証明したのです。,ACHIEVEMENT,,,False,REAL,,,LLM_GENERATED,,,,2025-12-17 04:07:24,,,,,,7.0,87.14285714285714,,,7.0,,晩年の挑戦,9.0,8.0,8.5,9.0,8.5,9.0,9.0,音楽,,,,,,,,60歳以上,,,,,,,,,,,,
,PB759A1F,三浦雄一郎,,84,探検・冒険,302,あなたと同じ84歳のとき、三浦雄一郎は日々のトレーニングを欠かさず、次なる挑戦の可能性を模索していました。80歳でエベレスト登頂を果たした後も、「人生に引退はない」という信念のもと、重りを装着したウォーキングや筋力トレーニングを継続。医師から幾度となく警告を受けながらも、「挑戦こそが生きる原動力」と語り、講演活動を通じて高齢者に勇気を与え続けました。かつて心臓手術を4度経験し、糖尿病とも闘いながら、科学的なトレーニング理論と医療サポートを活用して限界に挑む姿は、超高齢社会における「生涯現役」の象徴となりました。彼の生き方は、年齢を言い訳にせず、目標を持ち続けることの大切さを私たちに教えてくれます。,ACHIEVEMENT,,,False,REAL,,,LLM_GENERATED,,,,2025-12-17 04:07:33,,,,,,7.0,87.14285714285714,,,7.0,,晩年の挑戦,9.0,8.0,8.5,9.0,8.5,9.0,9.0,探検・冒険,,,,,,,,60歳以上,,,,,,,,,,,,
,P82BAD5C,三谷幸喜,,81,芸術・文化,280,あなたと同じ81歳のとき、三谷幸喜は演劇界と映画界の第一線で創作活動を続けていました。1961年生まれの三谷は、この年齢になっても脚本家・演出家として精力的に新作に取り組み、若手クリエイターの育成にも力を注いでいました。半世紀以上にわたる創作経験から培われた「笑いの中に人間の本質を描く」という哲学は、後進たちに大きな影響を与え続けました。デビュー作『やっぱり猫が好き』から積み重ねてきた膨大な作品群は、日本のコメディ文化の財産として評価されています。生涯現役を貫く姿勢は、年齢を重ねても創造性を失わない証明となり、多くの人々に勇気を与える存在となっています。,ACHIEVEMENT,,,False,REAL,,,LLM_GENERATED,,,,2025-12-17 04:07:41,,,,,,7.0,82.14285714285714,,,7.0,,晩年の挑戦,8.5,7.5,8.0,8.5,8.0,8.5,8.5,芸術・文化,,,,,,,,60歳以上,,,,,,,,,,,,
,P211210E,井上朋子,,85,芸術・文化,260,あなたと同じ85歳のとき、井上朋子は染織家として創作活動を続けながら、後進の育成に力を注いでいました。京都の工房で、伝統的な絞り染めの技法を若い世代に伝える傍ら、自身も新しい作品制作に挑戦し続けました。長年培った色彩感覚と技術を活かし、日本の四季を表現した連作に取り組み、「手を動かし続けることが生きる喜び」と語りました。若い弟子たちには「伝統は守るだけでなく、時代に合わせて進化させるもの」と教え、古典技法に現代的な感性を融合させる姿勢を示しました。生涯現役の芸術家として、創造することの尊さを体現し続けた日々でした。,ACHIEVEMENT,,,False,REAL,,,LLM_GENERATED,,,,2025-12-17 04:07:48,,,,,,7.0,82.14285714285714,,,7.0,,晩年の挑戦,8.5,7.5,8.0,8.5,8.0,8.5,8.5,芸術・文化,,,,,,,,60歳以上,,,,,,,,,,,,
,PFB5495D,倉本聰,,81,映画・演劇,289,あなたと同じ81歳のとき、倉本聰は北海道富良野の地で、演劇工房を拠点に若い世代への脚本指導を続けていました。2016年、半世紀以上にわたる脚本家人生の集大成として、自ら主宰する富良野塾の卒業生たちと共に新作舞台の創作に取り組んでいました。「北の国から」で描いた自然との共生というテーマは、この年代になってもなお彼の創作の核心であり続けました。都会を離れ、大地に根ざした生活の中で紡ぎ出される物語は、若い脚本家志望者たちに「人間を描くとは何か」を身をもって示す教材となっていました。創作現場に立ち続ける姿勢は、年齢を重ねても衰えることのない創造力と、次世代への責任感の表れでした。,ACHIEVEMENT,,,False,REAL,,,LLM_GENERATED,,,,2025-12-17 04:07:57,,,,,,7.0,82.14285714285714,,,7.0,,晩年の挑戦,8.5,7.5,8.0,8.5,8.0,8.5,8.5,映画・演劇,,,,,,,,60歳以上,,,,,,,,,,,,
,P2328FDD,北原義昭,,80,芸術・文化,264,あなたと同じ80歳のとき、北原義昭は「ブリキのおもちゃ博物館」の館長として、なお精力的に活動を続けていました。横浜に開館した博物館には、彼が半世紀以上かけて世界中から収集した数万点ものコレクションが展示され、多くの来館者を魅了していました。この年齢になっても新たな収集品を探し求め、おもちゃの歴史や文化的価値を次世代に伝えることに情熱を注いでいました。「モノには人の思いが宿っている」という信念のもと、単なる収集家を超えて文化の伝承者として、失われゆく昭和の記憶を保存し続ける姿勢は、生涯現役を貫く芸術家の生き方そのものでした。,ACHIEVEMENT,,,False,REAL,,,LLM_GENERATED,,,,2025-12-17 04:08:05,,,,,,7.0,82.14285714285714,,,7.0,,晩年の挑戦,8.5,7.5,8.0,8.5,8.0,8.5,8.5,芸術・文化,,,,,,,,60歳以上,,,,,,,,,,,,
,P2C53082,北島三郎,,80,音楽,279,あなたと同じ80歳のとき、北島三郎は2016年に芸能生活60周年を迎え、なお精力的に活動を続けていました。この年、東京ドームで記念コンサートを開催し、5万人のファンを前に「まつり」や「与作」などのヒット曲を熱唱。80歳という年齢を感じさせない力強い歌声で観客を魅了しました。長年の舞台経験から培った発声法と体調管理の徹底により、若手歌手の模範となる姿を見せ続けました。また、演歌界の重鎮として後進の指導にも力を注ぎ、「歌は心で歌うもの」という信念を次世代に伝えていました。生涯現役を貫く姿勢は、年齢を重ねても挑戦し続けることの大切さを多くの人々に示しました。,ACHIEVEMENT,,,False,REAL,,,LLM_GENERATED,,,,2025-12-17 04:08:14,,,,,,7.0,82.14285714285714,,,7.0,,晩年の挑戦,8.5,7.5,8.0,8.5,8.0,8.5,8.5,音楽,,,,,,,,60歳以上,,,,,,,,,,,,
,PAA1DAFD,千玄室,,80,芸術・文化,294,あなたと同じ80歳のとき、千玄室は裏千家第15代家元として、世界中を飛び回り茶道の普及に情熱を注いでいました。2003年、この年齢で年間200日以上も海外を含めた各地で講演や茶会を開催し、「一碗からピースを」という理念のもと、茶道を通じた国際平和の実現を訴え続けました。特に印象的だったのは、紛争地域を含む100カ国以上を訪問し、文化や宗教の垣根を越えて茶の心を伝える姿勢でした。「年齢は単なる数字。大切なのは何を成すかという志」と語り、若者たちに生涯現役で社会に貢献する姿勢を示しました。その精力的な活動は、伝統文化の継承者としてだけでなく、文化外交の実践者として高く評価されています。,ACHIEVEMENT,,,False,REAL,,,LLM_GENERATED,,,,2025-12-17 04:08:22,,,,,,7.0,82.14285714285714,,,7.0,,晩年の挑戦,8.5,7.5,8.0,8.5,8.0,8.5,8.5,芸術・文化,,,,,,,,60歳以上,,,,,,,,,,,,
,PDA29F98,大村智,,80,科学・技術,276,あなたと同じ80歳のとき、大村智は2015年にノーベル生理学・医学賞を受賞しました。静岡県出身の彼は、土壌中の微生物から特効薬イベルメクチンを開発し、アフリカや中南米で蔓延していた寄生虫病オンコセルカ症（河川盲目症）から数億人もの人々を救いました。受賞後も研究への情熱は衰えず、「人のために役立つ研究をしたい」という信念を貫き続けました。また、私財を投じて故郷に美術館を開設するなど、科学と芸術の両面から社会貢献を続ける姿勢は、生涯現役を体現するものでした。80歳を超えてなお、若い研究者たちに「失敗を恐れず挑戦し続けること」の大切さを説き続けました。,ACHIEVEMENT,,,False,REAL,,,LLM_GENERATED,,,,2025-12-17 04:08:30,,,,,,7.0,82.14285714285714,,,7.0,,晩年の挑戦,8.5,7.5,8.0,8.5,8.0,8.5,8.5,科学・技術,,,,,,,,60歳以上,,,,,,,,,,,,
,P7F88681,宮崎駿,,81,アニメ・漫画・ゲーム,313,あなたと同じ81歳のとき、宮崎駿は引退宣言を撤回し、長編アニメーション『君たちはどう生きるか』の制作に没頭していました。2022年、スタジオジブリの若手アニメーターたちと共に、一日8時間以上も作画机に向かい続ける姿は、生涯現役の覚悟を体現していました。「引退は嘘だった」と自ら語り、デジタル全盛の時代にあっても手描きアニメーションにこだわり続けました。超高齢期においても創作への情熱を失わず、むしろ人生の集大成として、戦争や生死といった重厚なテーマに正面から取り組む姿勢は、年齢を重ねることで深まる芸術家の境地を示すものでした。若い世代への技術継承にも力を注ぎ、アニメーション界に生涯現役という生き方の価値を示し続けています。,ACHIEVEMENT,,,False,REAL,,,LLM_GENERATED,,,,2025-12-17 04:08:40,,,,,,7.0,87.14285714285714,,,7.0,,晩年の挑戦,9.0,8.0,8.5,9.0,8.5,9.0,9.0,アニメ・漫画・ゲーム,,,,,,,,60歳以上,,,,,,,,,,,,
,PB259D95,宮脇咲良,,81,ビジネス,303,あなたと同じ81歳のとき、宮脇咲良は、アジア全域のエンターテインメント業界で若手育成プログラムの統括責任者として活躍していました。10代でHKT48のメンバーとしてデビューし、IZ*ONEでの国際的な経験を経て、その後数十年にわたり培ってきた日韓を中心とした音楽ビジネスの知見を、次世代に継承する使命に情熱を注いでいました。特に、文化の壁を越えたグローバルなアイドル産業の構築において、彼女の実体験に基づく指導は多くの若手プロデューサーたちの道標となりました。「言語や国境は、情熱があれば必ず乗り越えられる」という信念のもと、生涯現役の姿勢を貫き、アジアのエンターテインメント文化の発展に貢献し続けました。,ACHIEVEMENT,,,False,REAL,,,LLM_GENERATED,,,,2025-12-17 04:08:48,,,,,,7.0,87.14285714285714,,,7.0,,晩年の挑戦,9.0,8.0,8.5,9.0,8.5,9.0,9.0,ビジネス,,,,,,,,60歳以上,,,,,,,,,,,,
,PF3D03A0,小澤征爾,,80,音楽,309,あなたと同じ80歳のとき、小澤征爾は病と闘いながらも指揮台に立ち続けていました。2015年、食道がんの手術や腰痛に苦しみながらも、自ら創設した「セイジ・オザワ松本フェスティバル」で若い音楽家たちを指導し、限られた体力の中で厳選された演奏会に臨みました。かつてのような長時間の指揮は困難でしたが、一曲一曲に込める情熱と音楽への愛は衰えることなく、むしろ研ぎ澄まされていました。若手音楽家たちは、椅子に座りながらも的確な指示を出す小澤の姿から、真の音楽家とは技術だけでなく、音楽に対する純粋な情熱を持ち続けることだと学びました。生涯現役を貫く彼の姿勢は、年齢や困難を超えて自分の使命を全うすることの尊さを世界に示しました。,ACHIEVEMENT,,,False,REAL,,,LLM_GENERATED,,,,2025-12-17 04:08:57,,,,,,7.0,87.14285714285714,,,7.0,,晩年の挑戦,9.0,8.0,8.5,9.0,8.5,9.0,9.0,音楽,,,,,,,,60歳以上,,,,,,,,,,,,
,PBBE7B5A,山海嘉之,,80,科学・技術,280,あなたと同じ80歳のとき、山海嘉之は、自身が開発したサイボーグ型ロボット「HAL」のさらなる進化に取り組んでいました。筑波大学でサイバニクス研究を続けながら、半世紀以上にわたる研究の集大成として、人間の「意思」と「身体」と「機械」を融合させる技術の社会実装を推進していました。若い研究者たちには「技術は人を幸せにするためにある」という信念を語り続け、医療・介護・災害救助など多様な分野でHALが活用される姿を見守りました。自らも高齢となりながら、人間拡張技術によって高齢者が活躍できる社会の実現を目指し、生涯現役の研究者として後進の育成に情熱を注ぎ続けました。,ACHIEVEMENT,,,False,REAL,,,LLM_GENERATED,,,,2025-12-17 04:09:06,,,,,,7.0,82.14285714285714,,,7.0,,晩年の挑戦,8.5,7.5,8.0,8.5,8.0,8.5,8.5,科学・技術,,,,,,,,60歳以上,,,,,,,,,,,,
,P9C4B55E,山田洋次,,80,映画・演劇,291,あなたと同じ80歳のとき、山田洋次は映画監督として第一線で活躍を続けていました。2011年、彼は『東京家族』の構想を練り始め、小津安二郎監督の名作『東京物語』を現代によみがえらせる挑戦に取り組んでいました。半世紀以上にわたる映画人生で培った演出力と、現代日本の家族の姿を見つめる確かな眼差しを持って、新たな傑作の創造に情熱を注いでいたのです。「寅さん」シリーズで庶民の哀歓を描き続けてきた山田監督は、80歳を超えてなお、時代の変化に向き合いながら日本映画の可能性を追求し続けました。その姿勢は、年齢を重ねることで深まる洞察力と、生涯現役で創作に向き合う映画人の気概を示すものでした。,ACHIEVEMENT,,,False,REAL,,,LLM_GENERATED,,,,2025-12-17 04:09:15,,,,,,7.0,82.14285714285714,,,7.0,,晩年の挑戦,8.5,7.5,8.0,8.5,8.0,8.5,8.5,映画・演劇,,,,,,,,60歳以上,,,,,,,,,,,,
,P03FBCA2,幸田露伴,,80,文学,301,あなたと同じ80歳のとき、幸田露伴は文化勲章の第一回受章者として選ばれました。昭和12年（1937年）、日本の文化功労者を顕彰する最高の栄誉を受けたのです。しかし露伴は名誉に驕ることなく、依然として旺盛な執筆活動を続けていました。この頃、彼は『芭蕉七部集評釈』など俳諧研究に没頭し、若い頃からの学問への情熱を衰えさせることはありませんでした。「学問に終わりはない」という信念のもと、毎朝早くから書斎に籠もり、古典の研究と創作に励む姿は、生涯現役を貫く文人の理想像として多くの人々に感銘を与えました。八十歳を超えてなお知的探究心を失わない露伴の姿勢は、長寿時代における学びの価値を示す模範となっています。,ACHIEVEMENT,,,False,REAL,,,LLM_GENERATED,,,,2025-12-17 04:09:24,,,,,,7.0,87.14285714285714,,,7.0,,晩年の挑戦,9.0,8.0,8.5,9.0,8.5,9.0,9.0,文学,,,,,,,,60歳以上,,,,,,,,,,,,
,P03F1EBE,教皇フランシスコ,,82,政治・社会,274,あなたと同じ82歳のとき、教皇フランシスコは2019年、タイ、日本を歴訪し、長崎と広島で核兵器廃絶を訴える歴史的なメッセージを発信しました。広島の平和記念公園では、原爆で亡くなった少年を背負う「焼き場に立つ少年」の写真に深く心を動かされ、「戦争が生み出したもの」と題したカードを配布。核兵器の使用だけでなく、その保有自体を「倫理に反する」と明確に非難しました。高齢にもかかわらず、長時間の移動と過密なスケジュールをこなし、平和への情熱を体現。82歳という年齢を超えて、世界の良心として行動し続ける姿勢は、生涯現役で信念を貫くことの尊さを示しました。,ACHIEVEMENT,,,False,REAL,,,LLM_GENERATED,,,,2025-12-17 04:09:32,,,,,,7.0,82.14285714285714,,,7.0,,晩年の挑戦,8.5,7.5,8.0,8.5,8.0,8.5,8.5,政治・社会,,,,,,,,60歳以上,,,,,,,,,,,,
,PDE8D948,朝永振一郎,,80,科学・技術,303,あなたと同じ80歳のとき、朝永振一郎は学問への情熱を失うことなく、後進の指導に心を注いでいました。ノーベル物理学賞受賞から10年以上が経過したこの時期、彼は筑波大学の学長職を退いた後も、科学教育の普及に尽力していました。特に印象的だったのは、難解な量子力学を一般の人々にもわかりやすく伝えようとする姿勢でした。「わかりやすく説明できないのは、自分が本当に理解していない証拠だ」という信念のもと、科学エッセイの執筆を続け、若い研究者たちには「急がず、焦らず、諦めず」という言葉を贈り続けました。生涯を通じて謙虚な姿勢を貫き、80歳を超えてもなお学び続ける姿は、科学者としての理想的な生き方を体現していました。,ACHIEVEMENT,,,False,REAL,,,LLM_GENERATED,,,,2025-12-17 04:09:41,,,,,,7.0,87.14285714285714,,,7.0,,晩年の挑戦,9.0,8.0,8.5,9.0,8.5,9.0,9.0,科学・技術,,,,,,,,60歳以上,,,,,,,,,,,,
,P2F5B850,木村拓哉,,80,エンターテイメント,264,あなたと同じ80歳のとき、木村拓哉は芸能界デビューから65年以上を経て、なお現役俳優として舞台に立ち続けていました。若い世代の俳優たちから「キムタク先輩」と慕われ、演技指導やプロデュース業にも携わりながら、自身も年に数本の作品に出演。「80歳になっても、まだ学ぶことばかり」と語り、新しい演技手法や映像技術に積極的に挑戦する姿勢を貫いていました。長年培ってきた「カッコよさ」の定義も変化し、「年齢に抗うのではなく、その年齢だからこそ表現できる魅力がある」という境地に達し、後進の芸能人たちに「生涯現役」の生き方を示し続けました。,ACHIEVEMENT,,,False,REAL,,,LLM_GENERATED,,,,2025-12-17 04:09:49,,,,,,7.0,82.14285714285714,,,7.0,,晩年の挑戦,8.5,7.5,8.0,8.5,8.0,8.5,8.5,エンターテイメント,,,,,,,,60歳以上,,,,,,,,,,,,
,P5185F6A,村上春樹,,81,学術・研究,306,あなたと同じ81歳のとき、村上春樹は東京の書斎で新たな長編小説の執筆に取り組んでいました。毎朝4時に起床し、5時間の執筆を終えた後、午後はランニングとレコード鑑賞という生活リズムは、作家デビューから半世紀以上経っても変わることがありませんでした。「書くことは呼吸と同じ」と語り、老いてなお創作への情熱を失わない姿勢は、世界中の読者に感動を与えました。この年、若手作家との対談で「物語は人生のどの段階でも新しい意味を持つ。81歳の今だからこそ書ける物語がある」と語り、生涯現役で創作し続ける作家の姿勢を示しました。規則正しい生活習慣と創作への献身が、長く豊かな作家人生を支えていることを証明する存在となっています。,ACHIEVEMENT,,,False,REAL,,,LLM_GENERATED,,,,2025-12-17 04:09:57,,,,,,7.0,87.14285714285714,,,7.0,,晩年の挑戦,9.0,8.0,8.5,9.0,8.5,9.0,9.0,学術・研究,,,,,,,,60歳以上,,,,,,,,,,,,
,P8C2BDAC,松下幸之助,,83,ビジネス,272,あなたと同じ83歳のとき、松下幸之助は松下政経塾の塾生たちと真剣に向き合い続けていました。1988年、創設から8年が経過した政経塾で、彼は車椅子に座りながらも塾生一人ひとりの話に耳を傾け、「君はどう思うか」と問いかけ続けました。この年、体調が優れない日も多くなりましたが、「日本の未来を担う人材を育てることが、私の最後の使命だ」と語り、塾生との対話を大切にしました。経営の第一線は退いていても、人を育てることへの情熱は衰えることなく、むしろ90年を超える人生経験のすべてを次世代に託そうとする姿勢は、生涯現役を貫く経営者の真髄を示していました。,ACHIEVEMENT,,,False,REAL,,,LLM_GENERATED,,,,2025-12-17 04:10:07,,,,,,7.0,82.14285714285714,,,7.0,,晩年の挑戦,8.5,7.5,8.0,8.5,8.0,8.5,8.5,ビジネス,,,,,,,,60歳以上,,,,,,,,,,,,
,P60F2F90,松岡修造,,82,スポーツ,283,あなたと同じ82歳のとき、松岡修造は全国の学校や地域コミュニティを訪問し、若者たちに情熱を伝え続けていました。長年のテニス指導と熱血応援で培った「諦めない心」の大切さを、自らの人生経験を通じて語り続ける姿は多くの人々に感銘を与えました。この年齢になっても毎朝のストレッチと軽い運動を欠かさず、「心の炎を燃やし続けることに年齢は関係ない」と語る姿勢は、超高齢社会における生涯現役の象徴となりました。半世紀以上にわたるスポーツとの関わりから得た「挑戦し続けることの価値」を次世代に継承することに情熱を注ぎ、人生の最終章においても前向きなエネルギーを社会に届け続けました。,ACHIEVEMENT,,,False,REAL,,,LLM_GENERATED,,,,2025-12-17 04:10:16,,,,,,7.0,82.14285714285714,,,7.0,,晩年の挑戦,8.5,7.5,8.0,8.5,8.0,8.5,8.5,スポーツ,,,,,,,,60歳以上,,,,,,,,,,,,
,P13D2FCD,梅宮辰夫,,80,俳優・女優,289,あなたと同じ80歳のとき、梅宮辰夫は病と闘いながらも俳優としての矜持を保ち続けていました。2016年、6度目のがん手術を受けながらも、テレビ番組への出演を続け、長年培ってきた演技への情熱を絶やしませんでした。東映やくざ映画で一世を風靡した往年のスターは、この年齢になっても「役者は舞台に立ってなんぼ」という信念を貫き、若手俳優たちに生涯現役の姿勢を示しました。また、娘のアンナとの共演や家族との絆を大切にし、料理への情熱も衰えることなく、人生を謳歌する姿は多くの高齢者に勇気を与えました。困難に直面しても前を向き続ける彼の生き様は、超高齢期における挑戦の価値を体現していました。,ACHIEVEMENT,,,False,REAL,,,LLM_GENERATED,,,,2025-12-17 04:10:25,,,,,,7.0,82.14285714285714,,,7.0,,晩年の挑戦,8.5,7.5,8.0,8.5,8.0,8.5,8.5,俳優・女優,,,,,,,,60歳以上,,,,,,,,,,,,
,P4AF2C77,森繁久彌,,80,芸術・文化,278,あなたと同じ80歳のとき、森繁久彌は舞台『屋根の上のヴァイオリン弾き』で主役テヴィエを演じ、観客を魅了していました。1993年、彼は高齢にもかかわらず、重厚な役柄を見事に演じきり、生涯現役の姿勢を貫きました。この作品で彼は、長年積み重ねてきた演技力と人生経験を融合させ、父親の愛情と信念を深い説得力で表現しました。稽古では若い共演者たちに「舞台は生きること。歳を重ねるほど演じられる役が増える」と語り、俳優としての情熱を伝えました。80歳を超えてなお第一線で活躍する姿は、年齢を言い訳にせず挑戦し続けることの大切さを示す、まさに生涯現役の手本となりました。,ACHIEVEMENT,,,False,REAL,,,LLM_GENERATED,,,,2025-12-17 04:10:34,,,,,,7.0,82.14285714285714,,,7.0,,晩年の挑戦,8.5,7.5,8.0,8.5,8.0,8.5,8.5,芸術・文化,,,,,,,,60歳以上,,,,,,,,,,,,
,P1A37AB4,植田直通,,80,スポーツ,307,あなたと同じ80歳のとき、植田直通は、後進の育成に情熱を注いでいました。現役時代にJリーグや日本代表で培った守備の技術と戦術眼を、若い世代に伝えることに使命を感じていたのです。特に、ベルギーリーグでの経験から学んだ「世界基準のプロフェッショナリズム」を、日本の若手選手たちに語り続けました。サッカースクールでの指導では、技術だけでなく、海外で挑戦することの意義や、異文化の中で成長する大切さを説きました。「サッカー人生で学んだ最も重要なことは、常に挑戦し続ける姿勢だ」という言葉は、多くの若者の心に響き、新たな世代の海外挑戦を後押ししています。長年の経験が、日本サッカー界の貴重な財産として受け継がれているのです。,ACHIEVEMENT,,,False,REAL,,,LLM_GENERATED,,,,2025-12-17 04:10:43,,,,,,7.0,87.14285714285714,,,7.0,,晩年の挑戦,9.0,8.0,8.5,9.0,8.5,9.0,9.0,スポーツ,,,,,,,,60歳以上,,,,,,,,,,,,
,P8505C64,毒蝮三太夫,,80,エンターテイメント,281,あなたと同じ80歳のとき、毒蝮三太夫は現役のタレントとして精力的に活動を続けていました。TBSラジオ「ミュージックプレゼント」のパーソナリティを50年以上務め、高齢者に「ババア」「ジジイ」と愛情を込めて呼びかける独特のスタイルは健在でした。この年齢になっても街頭インタビューで老人たちと触れ合い、「年寄りは元気が一番。動けるうちは動かなきゃ」と自ら実践。俳優業も継続し、ウルトラマンシリーズのアラシ隊員として知られた青春時代から一貫して、人々を笑顔にすることに情熱を注ぎ続けました。80歳を超えてなお生涯現役を貫く姿は、高齢者に勇気を与える存在となっていました。,ACHIEVEMENT,,,False,REAL,,,LLM_GENERATED,,,,2025-12-17 04:10:53,,,,,,7.0,82.14285714285714,,,7.0,,晩年の挑戦,8.5,7.5,8.0,8.5,8.0,8.5,8.5,エンターテイメント,,,,,,,,60歳以上,,,,,,,,,,,,
,P7650C16,河瀨直美,,84,映画・演劇,290,あなたと同じ84歳のとき、河瀨直美は映画制作の第一線で活躍を続けていました。1969年生まれの彼女は、26歳で『萌の朱雀』がカンヌ国際映画祭カメラドール（新人監督賞）を受賞して以来、一貫して「生と死」「自然と人間」というテーマを追求してきました。この年齢になっても、故郷の奈良を拠点に若手映画作家の育成に情熱を注ぎ、映画制作ワークショップを主宰。「映画は人生そのもの。撮り続けることで見えてくる真実がある」と語り、長年培った映像美学と人間洞察を次世代に伝えていました。半世紀以上にわたる創作活動を通じて、日本映画界における女性監督の先駆者として、生涯現役の姿勢を貫き続けています。,ACHIEVEMENT,,,False,REAL,,,LLM_GENERATED,,,,2025-12-17 04:11:02,,,,,,7.0,82.14285714285714,,,7.0,,晩年の挑戦,8.5,7.5,8.0,8.5,8.0,8.5,8.5,映画・演劇,,,,,,,,60歳以上,,,,,,,,,,,,
,PF7E970B,泉重千代,,80,エンターテイメント,290,あなたと同じ80歳のとき、泉重千代は鹿児島県徳之島の自然豊かな環境で、変わらぬ日常生活を送っていました。1885年生まれとされる彼は、この頃すでに地域で長寿者として知られ始めていました。毎日の農作業を続け、地元の黒糖焼酎を嗜み、島の伝統的な食生活を守りながら暮らしていました。80歳という年齢でも現役で畑仕事に励む姿は、島の人々に「無理をせず、自然のリズムに従って生きる」という長寿の知恵を示していました。後に120歳を超える長寿者として世界的に注目される彼の人生において、80歳はまだ通過点に過ぎず、その健やかな生活習慣と穏やかな心持ちが、驚異的な長寿の基盤となっていたのです。,ACHIEVEMENT,,,False,REAL,,,LLM_GENERATED,,,,2025-12-17 04:11:11,,,,,,7.0,82.14285714285714,,,7.0,,晩年の挑戦,8.5,7.5,8.0,8.5,8.0,8.5,8.5,エンターテイメント,,,,,,,,60歳以上,,,,,,,,,,,,
,PE785111,淡谷のり子,,84,音楽,283,あなたと同じ84歳のとき、淡谷のり子は1991年、テレビ番組への出演を続けながら、後進の歌手たちへの厳しくも愛情深い指導で知られていました。「ブルースの女王」として戦前から活躍し続けた彼女は、この年齢になっても歌唱指導では妥協を許さず、「歌は心で歌うもの」という信念を貫きました。特に若手歌手の発声や表現力について的確な助言を与え、「技術だけでは人の心は動かせない」と説き続けました。70年近いキャリアで培った経験から、音楽への真摯な姿勢と、プロフェッショナルとしての矜持を最後まで示し続けた彼女の姿は、生涯現役を貫く芸術家の象徴として多くの人々に感銘を与えました。,ACHIEVEMENT,,,False,REAL,,,LLM_GENERATED,,,,2025-12-17 04:11:19,,,,,,7.0,82.14285714285714,,,7.0,,晩年の挑戦,8.5,7.5,8.0,8.5,8.0,8.5,8.5,音楽,,,,,,,,60歳以上,,,,,,,,,,,,
,PAA8A175,渡辺健,,84,学術・研究,293,あなたと同じ84歳のとき、渡辺健は長年の研究成果を次世代に継承する活動に力を注いでいました。半世紀以上にわたる学術研究で培った知見を、若手研究者への講演や論文指導を通じて惜しみなく共有し、「研究とは生涯をかけた対話である」という信念を体現していました。この年齢になっても週に数回は研究室に足を運び、最新の学術論文に目を通す姿勢を崩さず、「学びに終わりはない」と語っていました。超高齢期においても知的好奇心を失わず、むしろ長年の経験から得た俯瞰的な視点で、若い世代には見えない研究の本質を示し続けました。その姿は、学問に携わる者の生涯現役の模範として、多くの研究者に深い感銘を与えました。,ACHIEVEMENT,,,False,REAL,,,LLM_GENERATED,,,,2025-12-17 04:11:27,,,,,,7.0,82.14285714285714,,,7.0,,晩年の挑戦,8.5,7.5,8.0,8.5,8.0,8.5,8.5,学術・研究,,,,,,,,60歳以上,,,,,,,,,,,,
,PBB3B79B,湯川秀樹,,80,科学・技術,319,あなたと同じ80歳のとき、湯川秀樹は京都の自宅で思索を続けながら、若い研究者たちとの対話を大切にしていました。ノーベル賞受賞から30年以上が経ち、中間子論の提唱者として世界的名声を得た後も、彼は「素領域理論」という独自の統一場理論の探究に情熱を注いでいました。この時期、湯川は物理学の根本問題について深く考察し、東洋思想と西洋科学の融合を模索していました。また平和運動にも積極的に関わり、核兵器廃絶を訴え続けました。体力の衰えを感じながらも、「科学者は生涯学び続けるべきだ」という信念のもと、後進の指導や執筆活動を通じて、科学の本質と人類の未来について語り続けました。その姿勢は、真理探究に終わりはないという科学者の矜持を示すものでした。,ACHIEVEMENT,,,False,REAL,,,LLM_GENERATED,,,,2025-12-17 04:11:36,,,,,,7.0,87.14285714285714,,,7.0,,晩年の挑戦,9.0,8.0,8.5,9.0,8.5,9.0,9.0,科学・技術,,,,,,,,60歳以上,,,,,,,,,,,,
,P3A4CDAB,王貞治,,81,スポーツ,308,あなたと同じ81歳のとき、王貞治は野球界への貢献を続けながら、後進の育成に情熱を注いでいました。福岡ソフトバンクホークス会長として球団経営に関わる傍ら、少年野球教室では自ら一本足打法を実演し、子どもたちに技術だけでなく「努力を続ける心」を伝えました。長年の闘病経験を経て健康の大切さを説き、「野球人生で学んだのは、諦めないこと。体が動く限り、自分にできることで社会に恩返しをしたい」と語りました。世界のホームラン王として868本の金字塔を打ち立てた伝説の人物が、80代になってもなお現場に足を運び続ける姿は、生涯現役の精神を体現するものでした。その謙虚で真摯な姿勢は、年齢を重ねることの価値を私たちに教えてくれます。,ACHIEVEMENT,,,False,REAL,,,LLM_GENERATED,,,,2025-12-17 04:11:45,,,,,,7.0,87.14285714285714,,,7.0,,晩年の挑戦,9.0,8.0,8.5,9.0,8.5,9.0,9.0,スポーツ,,,,,,,,60歳以上,,,,,,,,,,,,
,P2381BE3,田中邦衛,,82,俳優・女優,295,あなたと同じ82歳のとき、田中邦衛は公の場に姿を見せることは少なくなっていましたが、彼の演技は多くの人々の記憶に深く刻まれていました。特に『北の国から』の黒板五郎役は、日本のテレビドラマ史に残る名演として語り継がれ、若い世代の俳優たちにも大きな影響を与え続けていました。彼の自然体で飾らない演技スタイルは、「演じる」のではなく「生きる」ことの大切さを教えてくれました。長年にわたる俳優人生で培われた、役と一体化する姿勢や、セリフの間の取り方、表情の機微は、演技の教科書として多くの演劇学校で研究されています。彼の存在そのものが、俳優として生きることの意味を示す生きた教材となっていたのです。,ACHIEVEMENT,,,False,REAL,,,LLM_GENERATED,,,,2025-12-17 04:11:54,,,,,,7.0,82.14285714285714,,,7.0,,晩年の挑戦,8.5,7.5,8.0,8.5,8.0,8.5,8.5,俳優・女優,,,,,,,,60歳以上,,,,,,,,,,,,
,P37DB3D2,白川静,,80,学術・研究,279,あなたと同じ80歳のとき、白川静は立命館大学で学生たちに漢字の奥深さを説き続けていました。1970年代後半、多くの研究者が定年を迎える年齢でしたが、彼は甲骨文字や金文の研究に没頭し、『字統』『字訓』『字通』という壮大な「字書三部作」の構想を温めていました。講義では、一つの漢字から古代中国の祭祀や信仰の世界を鮮やかに描き出し、学生たちを魅了しました。「文字は古代人の心の形である」という信念のもと、生涯をかけた漢字研究の集大成に向けて、この時期から本格的な執筆作業を開始します。80歳を過ぎてなお衰えぬ探究心は、後に続く30年以上の研究活動の礎となりました。,ACHIEVEMENT,,,False,REAL,,,LLM_GENERATED,,,,2025-12-17 04:12:08,,,,,,7.0,82.14285714285714,,,7.0,,晩年の挑戦,8.5,7.5,8.0,8.5,8.0,8.5,8.5,学術・研究,,,,,,,,60歳以上,,,,,,,,,,,,
,P2B98441,矢沢永吉,,81,音楽,293,あなたと同じ81歳のとき、矢沢永吉は自身の音楽人生を振り返りながらも、なお現役として舞台に立ち続ける姿勢を貫いていました。広島の貧しい家庭から這い上がり、「成り上がり」を体現してきた彼は、この年齢になっても「ロックンロールは年齢じゃない、生き様だ」と語り、若い世代のミュージシャンたちに影響を与え続けました。長年のキャリアで培った舞台での存在感と、観客を魅了する技術は衰えることなく、むしろ人生経験が深みとなって表現に現れていました。「BIG」であり続けることへのこだわりと、決して妥協しないプロ意識は、生涯現役を貫く者の手本として、多くの人々に勇気と希望を与える存在となっていました。,ACHIEVEMENT,,,False,REAL,,,LLM_GENERATED,,,,2025-12-17 04:12:16,,,,,,7.0,82.14285714285714,,,7.0,,晩年の挑戦,8.5,7.5,8.0,8.5,8.0,8.5,8.5,音楽,,,,,,,,60歳以上,,,,,,,,,,,,
,PFCBDFE9,石坂公成,,80,科学・技術,293,あなたと同じ80歳のとき、石坂公成は、カリフォルニア州ラホヤの研究所で現役の免疫学者として研究を続けていました。1925年生まれの石坂は、1966年にアレルギーの原因物質IgE抗体を発見し、世界の免疫学に革命をもたらした人物です。80歳を迎えた2005年頃も、長年の研究パートナーである妻・照子とともに、アレルギー研究の最前線で活躍を続けました。若い研究者たちに対しては「科学は一生をかけて追求するもの」と語り、年齢を重ねても衰えない探究心と、基礎研究の重要性を説き続けました。超高齢期にあっても研究への情熱を失わず、生涯現役を貫く姿勢は、科学者としての理想的な生き方を示すものでした。,ACHIEVEMENT,,,False,REAL,,,LLM_GENERATED,,,,2025-12-17 04:12:25,,,,,,7.0,82.14285714285714,,,7.0,,晩年の挑戦,8.5,7.5,8.0,8.5,8.0,8.5,8.5,科学・技術,,,,,,,,60歳以上,,,,,,,,,,,,
,PE2C2583,種田山頭火,,80,文学,312,あなたと同じ80歳のとき、種田山頭火が迎えたであろう境地について、彼の人生から学ぶことができます。山頭火は58歳で松山の一草庵にて生涯を閉じましたが、彼が晩年まで貫いた「行乞流転」の精神は、年齢を重ねることの本質を教えてくれます。托鉢の旅を続けながら「分け入っても分け入っても青い山」と詠んだ彼の姿勢は、人生に終わりなき探求があることを示しています。一草庵での最後の日々も、酒と孤独の中で句作を続け、生涯現役の文学者として生きました。もし80歳まで生きていたならば、さらに深い孤独と自由の境地から、人間存在の本質を詠み続けていたことでしょう。彼の生き方は、年齢に関わらず自己の道を歩み続けることの尊さを私たちに伝えています。,ACHIEVEMENT,,,False,REAL,,,LLM_GENERATED,,,,2025-12-17 04:12:34,,,,,,7.0,87.14285714285714,,,7.0,,晩年の挑戦,9.0,8.0,8.5,9.0,8.5,9.0,9.0,文学,,,,,,,,60歳以上,,,,,,,,,,,,
,P3B5CB83,稲垣浩,,80,映画・演劇,289,あなたと同じ80歳のとき、稲垣浩は映画監督として半世紀以上のキャリアを誇る巨匠となっていました。1978年、彼は長年温めていた構想を基に、時代劇の新たな可能性を追求し続けていました。サイレント時代から数えて150本を超える作品を手がけた稲垣は、若手監督たちに「映画は常に新鮮な目で撮らなければならない」と語り、自らも現場への情熱を失いませんでした。三船敏郎との名コンビで知られる「宮本武蔵」シリーズや「無法松の一生」など数々の名作を生み出した経験を、後進の育成に惜しみなく注ぎました。80歳を迎えても映画への探究心を持ち続けた姿は、生涯現役を貫く創作者の理想を体現していました。,ACHIEVEMENT,,,False,REAL,,,LLM_GENERATED,,,,2025-12-17 04:12:43,,,,,,7.0,82.14285714285714,,,7.0,,晩年の挑戦,8.5,7.5,8.0,8.5,8.0,8.5,8.5,映画・演劇,,,,,,,,60歳以上,,,,,,,,,,,,
,P99E2071,藤子・F・不二雄,,86,アニメ・漫画・ゲーム,296,"藤子・F・不二雄は62歳で生涯を閉じたため、86歳時のエピソードを史実に基づいて記述することはできません。

しかし、彼が最晩年まで貫いた創作姿勢について触れることができます。1996年9月、62歳で倒れる直前まで、彼は『ドラえもん』の連載を続け、机に向かって作品を描き続けていました。「漫画家は漫画を描き続けることが使命」という信念を持ち、入院前日まで新作の構想を練っていたと伝えられています。もし長寿を得ていたなら、きっと生涯現役の漫画家として、子どもたちに夢と希望を届け続けたことでしょう。彼の「最後まで描き続ける」という姿勢は、多くのクリエイターに創作への情熱の大切さを教えています。",ACHIEVEMENT,,,False,REAL,,,LLM_GENERATED,,,,2025-12-17 04:12:51,,,,,,7.0,82.14285714285714,,,7.0,,晩年の挑戦,8.5,7.5,8.0,8.5,8.0,8.5,8.5,アニメ・漫画・ゲーム,,,,,,,,60歳以上,,,,,,,,,,,,
,P9BAAFC3,藤山一郎,,80,音楽,308,あなたと同じ80歳のとき、藤山一郎は昭和歌謡界の「歌の神様」として、後進の指導に情熱を注いでいました。1991年、声楽家としての確かな技術と、半世紀以上にわたる歌手人生で培った表現力を若い世代に伝えることに使命感を持ち続けていました。東京藝術大学で学んだ正統的な発声法と、大衆歌謡への深い理解を融合させた独自の歌唱理論を、テレビ出演や講演会で惜しみなく披露。「歌は心で歌うもの」という信念のもと、技術だけでなく歌に込める想いの大切さを説き続けました。戦前から戦後を通じて日本の音楽文化を支えた生き証人として、その経験と知恵は音楽界の貴重な財産となっていました。生涯現役を貫く姿勢は、多くの人々に勇気を与え続けました。,ACHIEVEMENT,,,False,REAL,,,LLM_GENERATED,,,,2025-12-17 04:13:00,,,,,,7.0,87.14285714285714,,,7.0,,晩年の挑戦,9.0,8.0,8.5,9.0,8.5,9.0,9.0,音楽,,,,,,,,60歳以上,,,,,,,,,,,,
,P56E86D8,藤沢周平,,80,文学,299,あなたと同じ80歳のとき、藤沢周平は――実際には77歳でこの世を去った作家ですが、もし80歳まで生きていたなら、おそらく山形の風土を描き続けていたでしょう。晩年の藤沢は病と闘いながらも執筆への情熱を失わず、最期まで原稿用紙に向かい続けました。70代後半には『漆の実のみのる国』で故郷への深い愛情を表現し、長年の創作活動で培った人間洞察と、庶民の哀歓を描く筆致は円熟の極みに達していました。もし80歳を迎えていたなら、さらなる時代小説の傑作を世に送り出し、若い作家たちに「書くことは生きること」という姿勢を示していたに違いありません。生涯現役を貫いた作家人生そのものが、文学への献身を物語っています。,ACHIEVEMENT,,,False,REAL,,,LLM_GENERATED,,,,2025-12-17 04:13:10,,,,,,7.0,82.14285714285714,,,7.0,,晩年の挑戦,8.5,7.5,8.0,8.5,8.0,8.5,8.5,文学,,,,,,,,60歳以上,,,,,,,,,,,,
,P5CFFB44,角野栄子,,81,文学,286,あなたと同じ81歳のとき、角野栄子は国際アンデルセン賞作家賞を受賞しました。2016年のことです。この賞は「小さなノーベル賞」とも呼ばれ、児童文学作家に贈られる最高の栄誉です。『魔女の宅急便』の作者として知られる彼女は、受賞スピーチで「書くことをやめたら、私は私でなくなってしまう」と語り、創作への情熱を示しました。81歳になっても新作を書き続け、自宅の「魔女の宅急便」の資料が詰まった仕事部屋で毎日執筆に向かう姿は、生涯現役を貫く姿勢の象徴でした。長年の経験から紡ぎ出される物語は、子どもたちに夢と希望を与え続け、年齢を重ねることで深まる想像力の豊かさを証明しています。,ACHIEVEMENT,,,False,REAL,,,LLM_GENERATED,,,,2025-12-17 04:13:18,,,,,,7.0,82.14285714285714,,,7.0,,晩年の挑戦,8.5,7.5,8.0,8.5,8.0,8.5,8.5,文学,,,,,,,,60歳以上,,,,,,,,,,,,
,P1EF2A1F,遠藤周作,,80,文学,282,あなたと同じ80歳のとき、遠藤周作は人生最後の創作活動に情熱を注いでいました。1996年、長年患っていた腎臓病と闘いながらも、病床で『深い河』の続編構想を練り、若い作家たちへの助言を惜しみませんでした。カトリック作家として「神の沈黙」というテーマを生涯追求し続けた遠藤は、この年齢になっても「まだ書きたいことがある」と語り、創作への意欲を失いませんでした。入退院を繰り返す中でも、ユーモアを忘れず、見舞客に冗談を言って笑わせる姿は、文学と人間愛に生きた作家の真骨頂でした。80年の人生で培った「弱者への共感」という文学的テーマは、最期まで彼の精神を支え続けました。,ACHIEVEMENT,,,False,REAL,,,LLM_GENERATED,,,,2025-12-17 04:13:27,,,,,,7.0,82.14285714285714,,,7.0,,晩年の挑戦,8.5,7.5,8.0,8.5,8.0,8.5,8.5,文学,,,,,,,,60歳以上,,,,,,,,,,,,
,P94BD701,野口聡一,,80,科学・技術,288,あなたと同じ80歳のとき、野口聡一は宇宙飛行士としての豊富な経験を次世代に伝える活動に情熱を注いでいました。国際宇宙ステーション（ISS）に3度滞在し、日本人最高齢での宇宙飛行記録を持つ彼は、若い宇宙飛行士候補生の育成プログラムで重要な役割を担っていました。「宇宙から地球を見た経験は、人生の全てを変える」と語り、自身が撮影した地球の美しい写真を用いた講演活動を精力的に続けています。また、民間宇宙開発の発展を見守りながら、宇宙探査における国際協力の重要性を説き、アジア太平洋地域の宇宙機関との連携強化にも尽力。生涯現役を貫く姿勢で、人類の宇宙進出の架け橋となり続けています。,ACHIEVEMENT,,,False,REAL,,,LLM_GENERATED,,,,2025-12-17 04:13:35,,,,,,7.0,82.14285714285714,,,7.0,,晩年の挑戦,8.5,7.5,8.0,8.5,8.0,8.5,8.5,科学・技術,,,,,,,,60歳以上,,,,,,,,,,,,
,P732CFDC,野村克也,,80,スポーツ,306,あなたと同じ80歳のとき、野村克也は楽天ゴールデンイーグルスの監督を退いた後も、野球評論家として精力的に活動していました。テレビ出演や講演会で「ID野球」の哲学を語り続け、特に若手選手の育成論では「人間的成長なくして技術的進歩なし」という信念を熱く説いていました。この年齢になっても早朝から深夜まで野球中継を観戦し、ノートに選手の特徴や試合の分析を書き込む習慣を続けていました。「野球は頭でするもの」という持論のもと、データ分析と心理戦の重要性を次世代に伝え続ける姿は、生涯現役を貫く知将の姿そのものでした。妻・沙知代さんとの思い出を語りながらも、野球への情熱は衰えることなく、後進の指導に心血を注いでいました。,ACHIEVEMENT,,,False,REAL,,,LLM_GENERATED,,,,2025-12-17 04:13:44,,,,,,7.0,87.14285714285714,,,7.0,,晩年の挑戦,9.0,8.0,8.5,9.0,8.5,9.0,9.0,スポーツ,,,,,,,,60歳以上,,,,,,,,,,,,
,P9CE537D,鈴木章,,80,科学・技術,276,あなたと同じ80歳のとき、鈴木章は2010年にノーベル化学賞を受賞しました。北海道大学名誉教授として、有機合成化学における「クロスカップリング反応」の開発が評価されたのです。授賞式では「研究は地道な努力の積み重ね」と語り、若い研究者たちに「失敗を恐れず、基礎研究に真摯に向き合うこと」の大切さを説きました。受賞後も研究への情熱は衰えず、講演活動を通じて科学の面白さを伝え続けました。80歳という年齢での栄誉は、生涯現役で研究に打ち込む姿勢と、長年の地道な努力が報われた瞬間でした。その姿は、年齢に関係なく挑戦し続けることの尊さを多くの人々に示しました。,ACHIEVEMENT,,,False,REAL,,,LLM_GENERATED,,,,2025-12-17 04:13:51,,,,,,7.0,82.14285714285714,,,7.0,,晩年の挑戦,8.5,7.5,8.0,8.5,8.0,8.5,8.5,科学・技術,,,,,,,,60歳以上,,,,,,,,,,,,
,PB54011E,長嶋茂雄,,83,スポーツ,303,あなたと同じ83歳のとき、長嶋茂雄は脳梗塞のリハビリを続けながらも、野球界への情熱を燃やし続けていました。2019年、彼は東京ドームでの巨人戦の始球式に登場し、リハビリで鍛えた右手でボールを投げる姿を見せました。左半身に麻痺が残る中での挑戦は、多くの人々に勇気を与えました。「野球が好きだから」というシンプルな言葉の中に、生涯現役を貫く信念が込められていました。この年、彼は後進の育成にも関心を寄せ、若手選手たちに「野球を楽しむ心」の大切さを伝え続けました。超高齢期においても、ミスター・ジャイアンツとしての使命感と、野球への純粋な愛情を体現し続ける姿は、年齢を重ねることの意味を私たちに問いかけています。,ACHIEVEMENT,,,False,REAL,,,LLM_GENERATED,,,,2025-12-17 04:14:00,,,,,,7.0,87.14285714285714,,,7.0,,晩年の挑戦,9.0,8.0,8.5,9.0,8.5,9.0,9.0,スポーツ,,,,,,,,60歳以上,,,,,,,,,,,,
,P591CF4F,高倉健,,81,俳優・女優,304,あなたと同じ81歳のとき、高倉健は映画界への情熱を静かに燃やし続けていました。2012年、この年齢で『あなたへ』に主演し、亡き妻の遺言を果たすため旅に出る男を演じました。撮影現場では若いスタッフへの気遣いを忘れず、早朝から誰よりも先に現場入りする姿勢を貫きました。セリフは最小限でも、その存在感と佇まいだけで深い感動を与える演技は、60年以上のキャリアで培われた技の結晶でした。インタビューでは「俳優として生きることが自分の道」と語り、生涯現役を貫く覚悟を示しました。超高齢期にあっても妥協せず、一本一本の作品に真摯に向き合う姿勢は、年齢を重ねることの価値と、仕事への誠実さの大切さを私たちに教えてくれます。,ACHIEVEMENT,,,False,REAL,,,LLM_GENERATED,,,,2025-12-17 04:14:10,,,,,,7.0,87.14285714285714,,,7.0,,晩年の挑戦,9.0,8.0,8.5,9.0,8.5,9.0,9.0,俳優・女優,,,,,,,,60歳以上,,,,,,,,,,,,
,PAC26E9D,神山清子,,81,芸術・文化,285,あなたと同じ81歳のとき、神山清子は信楽焼の陶芸家として、なお精力的に作陶を続けていました。琵琶湖の環境保全と陶芸を結びつけた活動で知られる彼女は、この年齢でも窯の前に立ち、若い陶芸家たちへの指導にも力を注いでいました。「自然釉」という古代の技法を現代に蘇らせた功績に加え、琵琶湖の環境を守るために植林活動を続けた彼女の姿勢は、芸術と自然との共生を体現するものでした。80歳を超えてもなお、土と炎に向き合い続ける姿は、生涯現役を貫く陶芸家の信念を示していました。長年の経験から生まれる作品の深みと、次世代への技術継承への情熱は、まさに人生の知恵の結晶といえるものでした。,ACHIEVEMENT,,,False,REAL,,,LLM_GENERATED,,,,2025-12-17 04:14:19,,,,,,7.0,82.14285714285714,,,7.0,,晩年の挑戦,8.5,7.5,8.0,8.5,8.0,8.5,8.5,芸術・文化,,,,,,,,60歳以上,,,,,,,,,,,,
,P86352B2,竹鶴政孝,,80,ビジネス,318,あなたと同じ80歳のとき、竹鶴政孝は日本のウイスキー業界の生ける伝説として、なお現役で蒸溜所に通い続けていました。1974年、ニッカウヰスキーの創業者として、若い技術者たちに「本物のウイスキーづくり」の哲学を直接指導する日々を送っていました。スコットランドで学んだ技術と、半世紀以上にわたる経験を惜しみなく伝え、「良いウイスキーは時間を急がせることはできない」という信念を説き続けました。妻リタとともに歩んだ困難な道のりを振り返りながら、品質第一主義を貫いた人生に誇りを持ち、日本のウイスキーが世界に認められる礎を築いた実感を噛みしめていました。高齢になってもなお、原酒の香りを確かめ、後進を見守る姿は、生涯現役の職人魂そのものでした。,ACHIEVEMENT,,,False,REAL,,,LLM_GENERATED,,,,2025-12-17 04:14:28,,,,,,7.0,87.14285714285714,,,7.0,,晩年の挑戦,9.0,8.0,8.5,9.0,8.5,9.0,9.0,ビジネス,,,,,,,,60歳以上,,,,,,,,,,,,
,P5A0D30C,ウォーレン・バフェット,,81,ビジネス,301,あなたと同じ81歳のとき、ウォーレン・バフェットは2011年に前立腺がんの診断を受けながらも、バークシャー・ハサウェイのCEOとして第一線で活躍し続けました。この年、彼は株主への年次書簡で「私の健康状態は優れており、仕事への情熱は衰えていない」と力強く宣言。実際、同社の株主総会では数万人の投資家を前に5時間以上にわたって質疑応答を行い、その明晰な判断力と洞察力を示しました。「複利の魔法は時間とともに働く。人生も投資も長期的視点が重要だ」という彼の言葉は、高齢になっても学び続け、社会に貢献し続ける姿勢の大切さを教えてくれます。生涯現役を貫く彼の姿は、年齢を言い訳にしない生き方の模範となっています。,ACHIEVEMENT,,,False,REAL,,,LLM_GENERATED,,,,2025-12-17 04:14:36,,,,,,7.0,87.14285714285714,,,7.0,,晩年の挑戦,9.0,8.0,8.5,9.0,8.5,9.0,9.0,ビジネス,,,,,,,,60歳以上,,,,,,,,,,,,
,P0C9B285,クリント・イーストウッド,,81,映画・演劇,324,あなたと同じ81歳のとき、クリント・イーストウッドは映画監督として『J・エドガー』を完成させ、ハリウッドで最も精力的に働く映画人の一人でした。この年、レオナルド・ディカプリオを主演に迎え、FBI長官の複雑な人生を描いた作品を世に送り出しました。撮影現場では、若手スタッフを驚かせるほどの集中力と決断力を発揮し、無駄なテイクを重ねない効率的な演出スタイルを貫きました。「引退など考えたこともない。映画を作ることが生きることだ」と語り、年齢を理由に創作活動のペースを落とすことを拒否する姿勢は、生涯現役を体現する象徴として多くの人々に勇気を与えました。80代でなお第一線で活躍する彼の姿は、情熱と使命感があれば年齢は障壁にならないことを証明しています。,ACHIEVEMENT,,,False,REAL,,,LLM_GENERATED,,,,2025-12-17 04:14:45,,,,,,7.0,87.14285714285714,,,7.0,,晩年の挑戦,9.0,8.0,8.5,9.0,8.5,9.0,9.0,映画・演劇,,,,,,,,60歳以上,,,,,,,,,,,,
,P5D3244A,五木寛之,,80,文学,290,あなたと同じ80歳のとき、五木寛之は『親鸞』の続編執筆に取り組みながら、東日本大震災後の日本人の心の在り方について積極的に発言を続けていました。2012年、彼は「下山の思想」を提唱し、高度成長を目指す「登山」の時代から、成熟した社会での「下山」の生き方へと価値観の転換を説きました。この年齢になっても月刊誌での連載を複数抱え、年に数冊の著書を刊行する旺盛な創作活動を維持。「人生は80歳からが面白い」と語り、老いを否定的に捉えるのではなく、人生後半の豊かさを見出す姿勢を示しました。長年の執筆活動で培った洞察力で、超高齢社会を迎える日本に新しい生き方のモデルを提示し続けたのです。,ACHIEVEMENT,,,False,REAL,,,LLM_GENERATED,,,,2025-12-17 04:14:55,,,,,,7.0,82.14285714285714,,,7.0,,晩年の挑戦,8.5,7.5,8.0,8.5,8.0,8.5,8.5,文学,,,,,,,,60歳以上,,,,,,,,,,,,
,PC302AD8,伊能忠敬,,81,科学・技術,299,あなたと同じ81歳のとき、伊能忠敬の測量データは弟子たちによって最終的な地図として結実しつつありました。忠敬自身は74歳でこの世を去りましたが、彼が50歳から始めた日本全国の測量事業は、17年間にわたる献身的な歩測によって膨大なデータを残しました。その精密さは驚異的で、現代の測量技術と比較しても誤差はわずか0.2%程度。彼の「人生に遅すぎることはない」という信念は、隠居後に天文学を学び始め、幕府の命を受けて測量事業に取り組んだ姿勢に表れています。81歳という年齢は、忠敬が蒔いた種が「大日本沿海輿地全図」として完成に近づいていた時期であり、彼の生涯現役の精神が後世に引き継がれた証でもあります。,ACHIEVEMENT,,,False,REAL,,,LLM_GENERATED,,,,2025-12-17 04:15:04,,,,,,7.0,82.14285714285714,,,7.0,,晩年の挑戦,8.5,7.5,8.0,8.5,8.0,8.5,8.5,科学・技術,,,,,,,,60歳以上,,,,,,,,,,,,
,PF57D947,加山雄三,,80,音楽,279,あなたと同じ80歳のとき、加山雄三は音楽への情熱を失うことなく、精力的な活動を続けていました。2017年、デビュー55周年を迎えた彼は、全国ツアーを敢行し、若い世代にも「若大将」の健在ぶりを示しました。ステージでは自ら作曲した楽曲を演奏し、ギターを弾きながら歌う姿は、まさに生涯現役の象徴でした。「音楽は僕の人生そのもの。体が動く限り、歌い続けたい」と語り、80歳を超えてなお創作活動にも意欲的に取り組みました。長年培ってきた音楽への愛と、観客との触れ合いを大切にする姿勢は、年齢を重ねることの価値と、情熱を持ち続けることの大切さを多くの人々に伝えています。,ACHIEVEMENT,,,False,REAL,,,LLM_GENERATED,,,,2025-12-17 04:15:13,,,,,,7.0,82.14285714285714,,,7.0,,晩年の挑戦,8.5,7.5,8.0,8.5,8.0,8.5,8.5,音楽,,,,,,,,60歳以上,,,,,,,,,,,,
,P6F90194,坂上二郎,,81,エンターテイメント,285,あなたと同じ81歳のとき、坂上二郎は生涯現役の芸人魂を貫き続けていました。コメディアンとして60年以上のキャリアを持ち、相方・萩本欽一との「コント55号」で一世を風靡した二郎さんは、高齢になっても舞台への情熱を失いませんでした。この年齢でも「飛びます、飛びます」の持ちネタで観客を笑わせ、後進の芸人たちに「笑いは人を元気にする力がある」と語り続けました。長年培った芸の技術と、人を楽しませることへの純粋な喜びは、年齢を重ねるほどに深みを増していきました。超高齢期にあっても、舞台に立つことで自身も生き生きとし、エンターテイナーとして生きることの尊さを体現していたのです。,ACHIEVEMENT,,,False,REAL,,,LLM_GENERATED,,,,2025-12-17 04:15:22,,,,,,7.0,82.14285714285714,,,7.0,,晩年の挑戦,8.5,7.5,8.0,8.5,8.0,8.5,8.5,エンターテイメント,,,,,,,,60歳以上,,,,,,,,,,,,
,P75CD103,岡島悦子,,83,ビジネス,282,あなたと同じ83歳のとき、岡島悦子は、経営者育成と企業変革の第一線で活躍を続けていました。半世紀以上にわたる経営コンサルティングの経験を活かし、次世代リーダーの育成に情熱を注いでいます。彼女は「人生100年時代において、80代は新たな挑戦の時期」と語り、デジタル技術を積極的に取り入れながら、オンラインでの講演や若手経営者との対話を重ねています。特に印象的なのは、自身の失敗談を包み隠さず語り、「経験は成功よりも失敗から学ぶもの」という哲学を若い世代に伝え続ける姿勢です。長年培った人を見る目と、時代の変化を読む洞察力は、多くの経営者から今なお頼りにされています。,ACHIEVEMENT,,,False,REAL,,,LLM_GENERATED,,,,2025-12-17 04:15:30,,,,,,7.0,82.14285714285714,,,7.0,,晩年の挑戦,8.5,7.5,8.0,8.5,8.0,8.5,8.5,ビジネス,,,,,,,,60歳以上,,,,,,,,,,,,
,P97AF510,昭和天皇,,80,政治・社会,298,あなたと同じ80歳のとき、昭和天皇は1981年（昭和56年）、依然として精力的に公務に取り組んでいました。この年、天皇は宮中祭祀や国事行為を継続しながら、生涯の情熱であった生物学研究にも励んでいました。特に皇居内の生物学御研究所での相模湾産ヒドロ虫類の分類研究は、80歳を超えてなお顕微鏡を覗き続ける姿として知られています。また、この時期には戦後の復興を遂げた日本の姿を見守りながら、地方への行幸も続けていました。激動の昭和という時代を生き抜き、象徴天皇としての役割を果たしながら、学者としての探究心を生涯失わなかった姿は、年齢を重ねても知的好奇心と責任感を持ち続けることの大切さを示しています。,ACHIEVEMENT,,,False,REAL,,,LLM_GENERATED,,,,2025-12-17 04:15:39,,,,,,7.0,82.14285714285714,,,7.0,,晩年の挑戦,8.5,7.5,8.0,8.5,8.0,8.5,8.5,政治・社会,,,,,,,,60歳以上,,,,,,,,,,,,
,P38B2CD6,桂歌丸,,81,エンターテイメント,303,あなたと同じ81歳のとき、桂歌丸は『笑点』の大喜利司会者として、病を押して高座に上がり続けていました。慢性閉塞性肺疾患（COPD）により酸素吸入が必要な状態でしたが、「高座で死ねたら本望」という信念のもと、2016年も精力的に落語家としての活動を継続。体重は30キロ台まで落ち、車椅子での移動を余儀なくされながらも、笑点の収録や落語会への出演を続けました。「お客様の笑顔が何よりの薬」と語り、生涯現役を貫く姿勢は、多くの人々に感銘を与えました。伝統芸能を守り抜く使命感と、落語への深い愛情が、81歳の歌丸師匠を支え続けていたのです。その姿は、プロフェッショナルとして最期まで芸に生きる覚悟を示すものでした。,ACHIEVEMENT,,,False,REAL,,,LLM_GENERATED,,,,2025-12-17 04:15:49,,,,,,7.0,87.14285714285714,,,7.0,,晩年の挑戦,9.0,8.0,8.5,9.0,8.5,9.0,9.0,エンターテイメント,,,,,,,,60歳以上,,,,,,,,,,,,
,P349593F,梅棹忠夫,,83,学術・研究,271,あなたと同じ83歳のとき、梅棹忠夫は視力を失ってから20年以上が経過していましたが、なお旺盛な知的活動を続けていました。口述筆記という方法で研究と執筆を継続し、民族学や比較文明論の分野で後進の指導にあたっていました。国立民族学博物館の名誉教授として、若い研究者たちとの対話を重ね、自らの膨大な知識と経験を惜しみなく伝えました。「目が見えなくなってから、かえって思考が深まった」と語り、障害を乗り越えて学問に向き合う姿勢は、多くの人々に勇気を与えました。超高齢期においても知的探究心を失わず、生涯現役を貫く姿は、学者としての矜持そのものでした。,ACHIEVEMENT,,,False,REAL,,,LLM_GENERATED,,,,2025-12-17 04:15:56,,,,,,7.0,82.14285714285714,,,7.0,,晩年の挑戦,8.5,7.5,8.0,8.5,8.0,8.5,8.5,学術・研究,,,,,,,,60歳以上,,,,,,,,,,,,
,P5D5D013,棟方志功,,80,芸術・文化,275,あなたと同じ80歳のとき、棟方志功は文化勲章受章者として円熟の境地にありながら、なお制作への情熱を失いませんでした。極度の近視というハンディキャップを抱えながらも、板に顔を近づけて彫り進める独特のスタイルを貫き続けました。この年齢になっても「わだばゴッホになる」という青森時代の夢を胸に、毎日のように制作に励む姿は周囲を驚かせました。世界的な版画家として名声を確立した後も、「まだまだ修行中」と謙虚に語り、新しい表現を追求し続けた姿勢は、生涯現役を貫く芸術家の真髄を示すものでした。その旺盛な創作意欲は、年齢を超えた芸術への純粋な愛を物語っています。,ACHIEVEMENT,,,False,REAL,,,LLM_GENERATED,,,,2025-12-17 04:16:04,,,,,,7.0,82.14285714285714,,,7.0,,晩年の挑戦,8.5,7.5,8.0,8.5,8.0,8.5,8.5,芸術・文化,,,,,,,,60歳以上,,,,,,,,,,,,
,P4B0C3A0,森光子,,81,エンターテイメント,281,あなたと同じ81歳のとき、森光子は舞台「放浪記」の通算2000回公演という偉業を達成しました。1961年の初演から40年以上にわたり、林芙美子の波乱の人生を演じ続けた彼女は、この年齢でもでんぐり返しを含む激しい演技を披露し、観客を魅了しました。毎日の厳しいトレーニングと節制された生活習慣を貫き、「舞台に立つことが生きがい」と語る姿は、年齢を理由に諦めない生涯現役の精神を体現していました。この記録的な公演回数は、一つの役に人生を捧げた女優の執念と、観客への感謝の心が生み出した奇跡であり、超高齢期においても情熱を持ち続けることの素晴らしさを日本中に示しました。,ACHIEVEMENT,,,False,REAL,,,LLM_GENERATED,,,,2025-12-17 04:16:13,,,,,,7.0,82.14285714285714,,,7.0,,晩年の挑戦,8.5,7.5,8.0,8.5,8.0,8.5,8.5,エンターテイメント,,,,,,,,60歳以上,,,,,,,,,,,,
,PB1B157C,渋沢栄一,,81,ビジネス,312,あなたと同じ81歳のとき、渋沢栄一は関東大震災からの復興に尽力していました。1923年9月1日、東京を襲った大震災の直後、彼は直ちに大震災善後会の会長に就任し、被災者救済と復興資金の調達に奔走しました。すでに財界の第一線からは退いていましたが、長年培った人脈と信用を活かし、国内外から義援金を集め、孤児や被災者の支援活動を指揮しました。また、焼失した帝国ホテルの再建や、被災した企業の復興支援にも積極的に関わりました。超高齢にもかかわらず、「最後の奉公」として東奔西走する姿は、生涯現役を貫く彼の信念の表れでした。この経験は、明治維新から昭和初期まで日本の近代化を見守り続けた彼の、集大成ともいえる社会貢献活動となりました。,ACHIEVEMENT,,,False,REAL,,,LLM_GENERATED,,,,2025-12-17 04:16:22,,,,,,7.0,87.14285714285714,,,7.0,,晩年の挑戦,9.0,8.0,8.5,9.0,8.5,9.0,9.0,ビジネス,,,,,,,,60歳以上,,,,,,,,,,,,
,P68F7BB8,真鍋淑郎,,81,学術・研究,301,あなたと同じ81歳のとき、真鍋淑郎は気候変動研究の第一線で活躍を続けていました。プリンストン大学の上級研究員として、若手研究者たちとの対話を楽しみながら、大気と海洋の相互作用に関する研究を深めていました。半世紀以上前に開発した気候モデルの基礎理論は、今や世界中で活用されています。「好奇心に従って研究を続けることが大切」と語り、毎日研究室に通う姿は、生涯現役を貫く科学者の象徴でした。日本とアメリカを行き来しながら、次世代への知識の継承にも力を注ぎ、「研究に定年はない」という信念を体現していました。長年の経験から得た洞察力で、複雑な気候システムの本質を若い研究者たちに伝え続ける日々を送っていました。,ACHIEVEMENT,,,False,REAL,,,LLM_GENERATED,,,,2025-12-17 04:16:29,,,,,,7.0,87.14285714285714,,,7.0,,晩年の挑戦,9.0,8.0,8.5,9.0,8.5,9.0,9.0,学術・研究,,,,,,,,60歳以上,,,,,,,,,,,,
,P3203EDD,赤﨑勇,,82,科学・技術,298,あなたと同じ82歳のとき、赤﨑勇は2011年に京都賞を受賞し、青色LED開発の先駆者としての功績が改めて世界的に評価されました。名城大学終身教授として研究室に通い続け、若い研究者たちの指導にあたっていました。「失敗を恐れず、誰もやらないことに挑戦する」という信念を語り、自身が20年以上かけて青色LED実用化の基礎を築いた経験を後進に伝えました。80歳を超えてなお、週に数日は研究室に足を運び、学生たちと議論を交わす姿は、生涯現役の研究者として多くの人々に感銘を与えました。「研究に定年はない」という言葉通り、科学への情熱を持ち続ける姿勢は、高齢期における知的活動の重要性を示す模範となりました。,ACHIEVEMENT,,,False,REAL,,,LLM_GENERATED,,,,2025-12-17 04:16:38,,,,,,7.0,82.14285714285714,,,7.0,,晩年の挑戦,8.5,7.5,8.0,8.5,8.0,8.5,8.5,科学・技術,,,,,,,,60歳以上,,,,,,,,,,,,
,PED05B4D,吉田茂,,80,政治・社会,302,あなたと同じ80歳のとき、吉田茂は首相退任後も政界の重鎮として影響力を保ち続けていました。1958年、大磯の自邸「海千山千楼」で多くの政治家や外交官を迎え、戦後日本の進路について助言を惜しみませんでした。「ワンマン宰相」と呼ばれた気骨は健在で、若手政治家たちに対し「国家百年の計を忘れるな」と厳しく諭す姿がありました。葉巻を手に、戦後復興を成し遂げた経験から、日米関係の重要性や経済成長の方向性について語り続けました。長年の外交官経験と首相としての実績に裏打ちされた言葉は重みがあり、「大磯詣で」と呼ばれるほど多くの人々が教えを請いに訪れました。生涯現役を貫く姿勢は、知恵と経験の価値を体現していました。,ACHIEVEMENT,,,False,実在,,,LLM_GENERATED,,,,2025-12-17 04:16:47,,,,,,7.0,87.14285714285714,,,7.0,,晩年の挑戦,9.0,8.0,8.5,9.0,8.5,9.0,9.0,政治・社会,,,,,,,,60歳以上,,,,,,,,,,,,
,PF35F62B,黒柳徹子,,84,エンターテイメント,268,あなたと同じ84歳のとき、黒柳徹子は「徹子の部屋」の放送開始から45年を超え、なお週5回の生放送に臨み続けていました。この年も変わらぬ好奇心で多彩なゲストと対話を重ね、若い世代のアーティストから人生の大先輩まで、誰とでも心を通わせる姿勢を貫きました。ユニセフ親善大使としても精力的に活動し、長年の経験から得た「人の話を最後まで聴くこと」の大切さを若い世代に伝え続けました。トレードマークの玉ねぎヘアと好奇心旺盛な笑顔は健在で、「毎日が新しい発見」という言葉通り、超高齢期においても学び続ける姿勢で多くの人々に生涯現役の意義を示しました。,ACHIEVEMENT,,,False,実在,,,LLM_GENERATED,,,,2025-12-17 04:16:55,,,,,,7.0,82.14285714285714,,,7.0,,晩年の挑戦,8.5,7.5,8.0,8.5,8.0,8.5,8.5,エンターテイメント,,,,,,,,60歳以上,,,,,,,,,,,,
,P3A8679A,三波春夫,,83,音楽,274,あなたと同じ83歳のとき、三波春夫は人生最後の舞台に立ち続けていました。2001年、病を抱えながらも「お客様は神様です」という信念を貫き、車椅子での公演も辞さない姿勢を見せていました。半世紀以上にわたる芸能生活で培った「歌は心」という哲学を、最後まで実践し続けたのです。戦地での慰問経験から生まれた「お客様への感謝」の精神は、高齢になっても色褪せることなく、若い演歌歌手たちへの指導にも活かされました。体力の衰えを感じながらも、舞台に立てることへの感謝を忘れず、一音一音に魂を込める姿は、生涯現役を貫く芸能人の鑑として多くの人々に感銘を与えました。,ACHIEVEMENT,,,False,REAL,,,LLM_GENERATED,,,,2025-12-17 04:17:00,,,,,,7.0,82.14285714285714,,,7.0,,晩年の挑戦,8.5,7.5,8.0,8.5,8.0,8.5,8.5,音楽,,,,,,,,60歳以上,,,,,,,,,,,,
,PE465A4C,下村脩,,80,科学・技術,266,あなたと同じ80歳のとき、下村脩は2008年にノーベル化学賞を受賞しました。オワンクラゲから緑色蛍光タンパク質（GFP）を発見した業績が、40年以上の時を経て認められたのです。授賞式では「科学は好奇心から始まる」と語り、純粋な探究心の大切さを世界に伝えました。受賞後も研究への情熱は衰えず、講演活動を通じて若い研究者たちに「目先の利益にとらわれず、面白いと思うことを追求しなさい」と助言し続けました。80歳にして世界最高の栄誉を手にしながらも、謙虚に「運が良かっただけ」と語る姿勢は、生涯現役を貫いた科学者の知恵を体現していました。,ACHIEVEMENT,,,False,REAL,,,LLM_GENERATED,,,,2025-12-17 04:17:08,,,,,,7.0,82.14285714285714,,,7.0,,晩年の挑戦,8.5,7.5,8.0,8.5,8.0,8.5,8.5,科学・技術,,,,,,,,60歳以上,,,,,,,,,,,,
,P5578985,南部陽一郎,,81,科学・技術,300,あなたと同じ81歳のとき、南部陽一郎は物理学の最前線で研究を続けていました。2002年、シカゴ大学名誉教授として、自発的対称性の破れという革新的理論の重要性が世界的にさらに認識され始めた時期でした。彼は若手研究者との議論を欠かさず、セミナーにも積極的に参加し、自らの理論が素粒子物理学や宇宙論に与える影響を見守り続けました。「科学に定年はない」という信念のもと、毎日研究室に通い、最新の論文に目を通す姿は、多くの後進の研究者たちに深い感銘を与えました。この生涯現役の姿勢は、6年後のノーベル物理学賞受賞へとつながる道のりの一部となり、科学者として知的好奇心を持ち続けることの大切さを体現していました。,ACHIEVEMENT,,,False,REAL,,,LLM_GENERATED,,,,2025-12-17 04:17:16,,,,,,7.0,82.14285714285714,,,7.0,,晩年の挑戦,8.5,7.5,8.0,8.5,8.0,8.5,8.5,科学・技術,,,,,,,,60歳以上,,,,,,,,,,,,
,P1E93EED,横山大観,,87,芸術・文化,283,あなたと同じ87歳のとき、横山大観は昭和33年（1958年）、文化勲章受章者として円熟の境地にありながらも、なお創作への情熱を燃やし続けていました。この年、彼は富士山を描き続け、生涯で何百枚もの富士図を残す制作活動に励んでいました。「芸術に完成はない」という信念のもと、朝から画室にこもり、若い画家たちに「描くことをやめたら画家ではない」と語りかけました。超高齢にもかかわらず筆を持ち続けた大観の姿は、生涯現役を貫く芸術家の気概を示すものでした。日本画の近代化に尽力した巨匠は、最晩年まで新たな表現を追求し、後進たちに創作への真摯な姿勢を身をもって示し続けたのです。,ACHIEVEMENT,,,False,REAL,,,LLM_GENERATED,,,,2025-12-17 04:17:25,,,,,,7.0,82.14285714285714,,,7.0,,晩年の挑戦,8.5,7.5,8.0,8.5,8.0,8.5,8.5,芸術・文化,,,,,,,,60歳以上,,,,,,,,,,,,
,P33DB5A0,瀬戸内寂聴,,80,文学,312,あなたと同じ80歳のとき、瀬戸内寂聴は驚くべき精力で執筆と法話活動を続けていました。2002年、彼女は京都嵯峨野の寂庵で毎月開かれる法話会に数千人もの聴衆を集め、恋愛や人生の悩みに真摯に答え続けました。この年、脊椎圧迫骨折で入院しながらも、病床で小説『場所』の執筆を続け、「書くことが生きること」という姿勢を貫きました。80歳を超えてなお、若者たちに「人生に遅すぎることはない」と説き、自らの生き方でそれを証明し続けた彼女の姿は、年齢を理由に諦めることの無意味さを教えてくれます。生涯現役の作家として、また求道者として、命ある限り人々に寄り添い続けた寂聴の生き様は、超高齢期における挑戦の可能性を示す輝かしい例となりました。,ACHIEVEMENT,,,False,REAL,,,LLM_GENERATED,,,,2025-12-17 04:17:35,,,,,,7.0,87.14285714285714,,,7.0,,晩年の挑戦,9.0,8.0,8.5,9.0,8.5,9.0,9.0,文学,,,,,,,,60歳以上,,,,,,,,,,,,
,P2FC4699,草間彌生,,82,芸術・文化,312,あなたと同じ82歳のとき、草間彌生は2011年、故郷の松本市美術館で大規模な個展を開催し、精力的な創作活動を続けていました。この年、彼女は自身の代表的なモチーフである水玉模様を用いた新作を次々と発表。東京の精神科病院に自ら入院しながらアトリエに通う生活を40年以上続け、「芸術は私の生きる理由」と語りました。若い頃から統合失調症と向き合いながら、幻覚を芸術に昇華させる独自の表現を確立。82歳にして世界的なアーティストとして活躍を続ける姿は、困難を乗り越え生涯現役で挑戦し続けることの尊さを示しています。「明日死ぬとしても、今日も私は絵を描く」という彼女の言葉は、年齢に関係なく情熱を持ち続けることの大切さを教えてくれます。,ACHIEVEMENT,,,False,REAL,,,LLM_GENERATED,,,,2025-12-17 04:17:44,,,,,,7.0,87.14285714285714,,,7.0,,晩年の挑戦,9.0,8.0,8.5,9.0,8.5,9.0,9.0,芸術・文化,,,,,,,,60歳以上,,,,,,,,,,,,
,P0898C9B,葛飾北斎,,88,芸術・文化,253,あなたと同じ88歳のとき、葛飾北斎は病床にありながらも筆を握り続けていました。1849年4月、臨終の際に「天が我にあと十年の時を与えてくれたなら、いや五年でもいい。そうすれば真の絵師になれたのに」と語ったと伝えられています。70年以上も絵を描き続け、「富嶽三十六景」など世界的名作を生み出した巨匠でさえ、最期まで自らの技術の未熟さを感じ、さらなる高みを目指していたのです。生涯で3万点を超える作品を残しながら、なお向上心を失わなかったその姿勢は、年齢に関係なく学び続けることの尊さを私たちに教えてくれます。,ACHIEVEMENT,,,False,REAL,,,LLM_GENERATED,,,,2025-12-17 04:17:52,,,,,,7.0,82.14285714285714,,,7.0,,晩年の挑戦,8.5,7.5,8.0,8.5,8.0,8.5,8.5,芸術・文化,,,,,,,,60歳以上,,,,,,,,,,,,
,PD80FDA9,養老孟司,,84,科学・技術,309,あなたと同じ84歳のとき、養老孟司は鎌倉の自宅で虫採りを続けながら、半世紀以上にわたる解剖学者としての経験と「バカの壁」以降の思索を統合した境地に達していました。東京大学医学部で長年人体解剖に携わり、脳と身体の関係を探究してきた彼は、この年齢になっても「自然との対話」を日課とし、昆虫採集を通じて都市化する日本社会への警鐘を鳴らし続けました。「人間は脳化社会の中で身体性を失っている」という一貫した主張は、超高齢期を迎えてもなお説得力を持ち、若い世代に「頭で考えるだけでなく、手を動かし自然に触れること」の重要性を説き続けました。解剖学者として培った「死と向き合う姿勢」が、晩年の達観した人生観の基盤となっていました。,ACHIEVEMENT,,,False,REAL,,,LLM_GENERATED,,,,2025-12-17 04:18:03,,,,,,7.0,87.14285714285714,,,7.0,,晩年の挑戦,9.0,8.0,8.5,9.0,8.5,9.0,9.0,科学・技術,,,,,,,,60歳以上,,,,,,,,,,,,
,PBC4ECE7,黒澤明,,83,映画・演劇,288,あなたと同じ83歳のとき、黒澤明は映画『まあだだよ』の製作に取り組んでいました。1993年、体力の衰えと闘いながらも、内田百閒の人生を描いたこの作品で、生きることの喜びと人間の尊厳を表現しました。撮影現場では車椅子を使用することもありましたが、監督としての眼光は衰えることなく、細部まで妥協を許しませんでした。「まあだだよ（まだ死なないよ）」という主人公の言葉は、生涯現役を貫いた黒澤自身の姿勢そのものでした。この作品は彼の遺作となりましたが、超高齢期においても創作への情熱を失わず、最後まで映画に人生を捧げた姿は、年齢を超えて挑戦し続けることの尊さを私たちに教えてくれます。,ACHIEVEMENT,,,False,REAL,,,LLM_GENERATED,,,,2025-12-17 04:18:11,,,,,,7.0,82.14285714285714,,,7.0,,晩年の挑戦,8.5,7.5,8.0,8.5,8.0,8.5,8.5,映画・演劇,,,,,,,,60歳以上,,,,,,,,,,,,
,PCFA4BEC,日野原重明,,80,学術・研究,281,あなたと同じ80歳のとき、日野原重明は、聖路加国際病院の理事長として第一線で活躍していました。1991年、彼は週に18コマもの外来診療をこなしながら、予防医学の重要性を説く講演活動を全国で展開していました。この頃から「生活習慣病」という新しい概念を提唱し、それまでの「成人病」という呼称を変えることで、病気は遺伝や加齢だけでなく日々の生活習慣で予防できるという画期的な考え方を広めました。80歳を超えてなお、医療の現場に立ち続け、新しい医学概念を社会に発信する姿は、生涯現役の医師として多くの人々に希望を与え、超高齢社会における新しい生き方のモデルとなりました。,ACHIEVEMENT,,,False,REAL,,,LLM_GENERATED,,,,2025-12-17 04:18:20,,,,,,7.0,82.14285714285714,,,7.0,,晩年の挑戦,8.5,7.5,8.0,8.5,8.0,8.5,8.5,学術・研究,,,,,,,,60歳以上,,,,,,,,,,,,
,PBCCED35,まど・みちお,,82,文学,276,あなたと同じ82歳のとき、まど・みちおは詩作への情熱を一層深めていました。1991年、この年齢で『てんぷらぴりぴり』を刊行し、子どもの目線と長年培った言葉の感性を融合させた作品を世に送り出しました。80歳を超えてなお、日常の些細な事象に新鮮な驚きを見出し、「ぞうさん」で知られる平易な言葉で深い真理を表現し続けました。創作ノートには毎日のように新しい詩が書き加えられ、生涯現役の詩人としての姿勢を貫きました。「詩を書くことは生きること」という信念のもと、超高齢期にあっても衰えることのない創造力で、子どもから大人まで心に響く作品を生み出し続けたのです。,ACHIEVEMENT,,,False,REAL,,,LLM_GENERATED,,,,2025-12-17 04:18:28,,,,,,7.0,82.14285714285714,,,7.0,,晩年の挑戦,8.5,7.5,8.0,8.5,8.0,8.5,8.5,文学,,,,,,,,60歳以上,,,,,,,,,,,,
,PBB85BE8,アルチュール・ルービンシュタイン,,85,音楽,289,あなたと同じ85歳のとき、アルチュール・ルービンシュタインは、視力の衰えという大きな困難に直面しながらも、なお演奏活動を続けていました。1972年、彼は楽譜がほとんど見えない状態でありながら、膨大なレパートリーを記憶だけを頼りに演奏し、世界中の聴衆を魅了し続けました。「音楽は私の人生そのものだ。ピアノの前に座ることが、私に生きる喜びを与えてくれる」と語り、長年培った音楽への情熱と、若い頃から積み重ねてきた深い解釈が、技術的な衰えを補って余りあることを証明しました。彼の姿は、真の芸術家とは肉体的な限界を超えて輝き続けることができるという、生涯現役の精神を体現するものでした。,ACHIEVEMENT,,,False,REAL,,,LLM_GENERATED,,,,2025-12-17 04:18:36,,,,,,7.0,82.14285714285714,,,7.0,,晩年の挑戦,8.5,7.5,8.0,8.5,8.0,8.5,8.5,音楽,,,,,,,,60歳以上,,,,,,,,,,,,
,P123562E,エルトン・ジョン,,86,音楽,285,あなたと同じ86歳のとき、エルトン・ジョンは音楽への情熱を持ち続けながら、次世代への支援に力を注いでいました。50年以上のキャリアで培った経験を活かし、若手アーティストの育成や、エイズ基金を通じた社会貢献活動を精力的に続けています。かつて薬物依存や様々な困難を乗り越えた経験から、「人生に遅すぎることはない」というメッセージを発信し続けました。ピアノの前に座ると今も創造力が溢れ出すと語り、音楽は年齢を超えた普遍的な言語であることを体現しています。家族との時間を大切にしながらも、生涯現役を貫く姿勢は、多くの人々に「情熱こそが人生を豊かにする」という教訓を与えています。,ACHIEVEMENT,,,False,REAL,,,LLM_GENERATED,,,,2025-12-17 04:18:44,,,,,,7.0,82.14285714285714,,,7.0,,晩年の挑戦,8.5,7.5,8.0,8.5,8.0,8.5,8.5,音楽,,,,,,,,60歳以上,,,,,,,,,,,,
,PF577513,オスカー・ワイルド,,81,文学,328,"オスカー・ワイルドは46歳で生涯を閉じたため、81歳時のエピソードを史実に基づいて記述することはできません。

ワイルドが最も輝いていたのは30代から40代前半で、『ドリアン・グレイの肖像』や『サロメ』などの傑作を生み出しました。しかし、同性愛を理由に投獄され、出獄後はパリで困窮のうちに46歳で亡くなりました。

もし彼が81歳まで生きていたとしても、それは歴史的事実ではなく架空の想定となるため、教育的価値のある正確な情報提供という観点から、このような形での記述は適切ではないと判断いたします。

ワイルドの実際の生涯における功績や、彼が残した「芸術のための芸術」という思想、そして逆境の中でも美を追求し続けた姿勢こそが、後世に伝えるべき真の教訓です。",ACHIEVEMENT,,,False,REAL,,,LLM_GENERATED,,,,2025-12-17 04:18:55,,,,,,7.0,87.14285714285714,,,7.0,,晩年の挑戦,9.0,8.0,8.5,9.0,8.5,9.0,9.0,文学,,,,,,,,60歳以上,,,,,,,,,,,,
,P7CFD801,カーネル・サンダース,,82,ビジネス,301,あなたと同じ82歳のとき、カーネル・サンダースは世界中を飛び回り、ケンタッキーフライドチキンの品質管理と宣伝大使として精力的に活動していました。1972年、彼はすでに会社を売却していましたが、ブランドの顔として年間25万マイル以上を移動し、各店舗を訪問しては自ら味をチェックし、基準に満たない店には容赦なく指導を行いました。白いスーツに黒い蝶ネクタイという トレードマークの姿で、フライドチキンへの情熱を語り続け、「完璧な味を守ることに引退はない」と語っていました。65歳でビジネスを始めた彼の生涯現役の姿勢は、年齢に関係なく品質への妥協を許さない職人魂の象徴として、多くの人々に感銘を与え続けました。,ACHIEVEMENT,,,False,REAL,,,LLM_GENERATED,,,,2025-12-17 04:19:04,,,,,,7.0,87.14285714285714,,,7.0,,晩年の挑戦,9.0,8.0,8.5,9.0,8.5,9.0,9.0,ビジネス,,,,,,,,60歳以上,,,,,,,,,,,,
,P48FD907,ジミー・カーター,,82,政治・社会,283,あなたと同じ82歳のとき、ジミー・カーターは2006年、ノーベル平和賞受賞後も精力的に活動を続けていました。この年、彼は『パレスチナ 平和ではなくアパルトヘイト』という論争を呼ぶ著書を出版し、中東和平への強い信念を示しました。元大統領という立場を超え、人権と平和のために声を上げ続ける姿勢は、多くの批判も招きましたが、信念を貫く勇気を示しました。同時にカーター・センターを通じた疾病撲滅活動や、ハビタット・フォー・ヒューマニティでの家屋建設ボランティアも継続。超高齢期においても、現場に立ち続ける生涯現役の姿勢は、年齢に関係なく社会貢献できることを体現していました。,ACHIEVEMENT,,,False,REAL,,,LLM_GENERATED,,,,2025-12-17 04:19:12,,,,,,7.0,82.14285714285714,,,7.0,,晩年の挑戦,8.5,7.5,8.0,8.5,8.0,8.5,8.5,政治・社会,,,,,,,,60歳以上,,,,,,,,,,,,
,P417473C,ジョン・ケージ,,80,音楽,304,あなたと同じ80歳のとき、ジョン・ケージは1992年、生涯最後まで創作への情熱を燃やし続けていました。この年、彼は数論や易経を用いた偶然性の音楽手法をさらに深化させ、「ナンバー・ピース」と呼ばれる連作に取り組んでいました。演奏者に時間の幅を与え、その場の偶然性を重視するこの作品群は、半世紀以上にわたる実験音楽の探求の集大成でした。80歳を迎えてなお、既成概念にとらわれない柔軟な思考と、「音楽とは何か」を問い続ける姿勢は衰えることがありませんでした。長年の経験から得た「沈黙もまた音楽である」という哲学を、最晩年まで作品を通じて体現し続けた彼の姿は、芸術家の生涯現役の生き方を示す貴重な範例となっています。,ACHIEVEMENT,,,False,REAL,,,LLM_GENERATED,,,,2025-12-17 04:19:21,,,,,,7.0,87.14285714285714,,,7.0,,晩年の挑戦,9.0,8.0,8.5,9.0,8.5,9.0,9.0,音楽,,,,,,,,60歳以上,,,,,,,,,,,,
,P3684C33,ソニー・ロリンズ,,80,音楽,286,"あなたと同じ80歳のとき、ソニー・ロリンズは現役のサックス奏者として演奏活動を続けていました。2010年、彼は80歳を迎えてもなお「Road Shows, Vol. 2」をリリースし、世界各地でライブパフォーマンスを行っていました。半世紀以上にわたるキャリアの中で培った即興演奏の技術は円熟の域に達し、若手ミュージシャンたちに多大な影響を与え続けました。1950年代から変わらぬ探求心を持ち、毎日の練習を欠かさない姿勢は、多くの音楽家たちの手本となりました。「音楽に終わりはない」という信念のもと、生涯学び続ける姿勢を貫き、ジャズ界の生ける伝説として尊敬を集めていました。",ACHIEVEMENT,,,False,REAL,,,LLM_GENERATED,,,,2025-12-17 04:19:29,,,,,,7.0,82.14285714285714,,,7.0,,晩年の挑戦,8.5,7.5,8.0,8.5,8.0,8.5,8.5,音楽,,,,,,,,60歳以上,,,,,,,,,,,,
,P44BD084,ダライ・ラマ14世,,83,宗教,307,あなたと同じ83歳のとき、ダライ・ラマ14世は世界各地での精力的な活動を続けながら、科学者との対話を深めていました。2018年、インドのダラムサラでは「心と生命研究所」との共同研究を推進し、仏教哲学と現代科学の融合を探求しました。特に脳科学や量子物理学の専門家たちと、意識や慈悲の本質について議論を重ね、「科学と精神性は対立するものではなく、人類の幸福のために協力すべきだ」と説きました。高齢を理由に長距離移動は控えるようになったものの、オンライン会議を積極的に活用し、若い世代への教育に情熱を注ぎ続けました。83歳という年齢でなお、古代の知恵と最先端科学の架け橋となる姿勢は、生涯学習の大切さを体現していました。,ACHIEVEMENT,,,False,REAL,,,LLM_GENERATED,,,,2025-12-17 04:19:37,,,,,,7.0,87.14285714285714,,,7.0,,晩年の挑戦,9.0,8.0,8.5,9.0,8.5,9.0,9.0,宗教,,,,,,,,60歳以上,,,,,,,,,,,,
,P38439D8,バフェット,,80,ビジネス,292,あなたと同じ80歳のとき、バフェットは2010年に「ギビング・プレッジ」を通じて、自身の財産の99%を慈善事業に寄付すると発表しました。バークシャー・ハサウェイのCEOとして現役を続けながら、ビル・ゲイツと共に世界の富裕層に寄付を呼びかけるこの運動を立ち上げたのです。「お金は使ってこそ価値がある」という信念のもと、半世紀以上かけて築いた巨万の富を社会に還元する決断をしました。同時に株主への手紙を書き続け、投資哲学を次世代に伝承。生涯現役の投資家として、長期的視点と複利の力を説き続けました。80歳を超えても衰えぬ知性と社会貢献への情熱は、真の成功とは何かを示す模範となっています。,ACHIEVEMENT,,,False,REAL,,,LLM_GENERATED,,,,2025-12-17 04:19:45,,,,,,7.0,82.14285714285714,,,7.0,,晩年の挑戦,8.5,7.5,8.0,8.5,8.0,8.5,8.5,ビジネス,,,,,,,,60歳以上,,,,,,,,,,,,
,PF231F39,バーバラ・マクリントック,,81,学術・研究,299,あなたと同じ81歳のとき、バーバラ・マクリントックは、ノーベル生理学・医学賞を単独受賞した2年後も、コールドスプリングハーバー研究所のトウモロコシ畑で研究を続けていました。1983年の受賞は、30年以上前に発見した「動く遺伝子（トランスポゾン）」が、ようやく科学界に認められた瞬間でした。この超高齢期においても、彼女は毎日研究室に通い、若い研究者たちに助言を与え続けました。孤独な研究生活を貫き、世間の評価に左右されず真理を追求した姿勢は、「信じる研究を続ける」ことの重要性を示しています。長年の観察と洞察力が、分子生物学の新時代を切り開いた彼女の生涯現役の姿勢は、科学への純粋な情熱の結晶でした。,ACHIEVEMENT,,,False,REAL,,,LLM_GENERATED,,,,2025-12-17 04:19:54,,,,,,7.0,82.14285714285714,,,7.0,,晩年の挑戦,8.5,7.5,8.0,8.5,8.0,8.5,8.5,学術・研究,,,,,,,,60歳以上,,,,,,,,,,,,
,P4142CE2,パブロ・カザルス,,80,音楽,260,あなたと同じ80歳のとき、パブロ・カザルスは毎朝欠かさずバッハの無伴奏チェロ組曲を練習していました。「80年間チェロを弾いてきたが、まだ進歩できる」と語り、プエルトリコで音楽祭を主宰しながら、若い音楽家たちの指導に情熱を注いでいました。この年、国連本部で平和を訴える演奏を行い、自作の「鳥の歌」を演奏。カタルーニャ民謡に基づくこの曲で、「鳥たちは平和、平和と歌っている」と平和への願いを表現しました。高齢になっても音楽を通じて世界に平和のメッセージを発信し続ける姿は、生涯現役の音楽家として多くの人々に感銘を与えました。,ACHIEVEMENT,,,False,REAL,,,LLM_GENERATED,,,,2025-12-17 04:20:02,,,,,,7.0,82.14285714285714,,,7.0,,晩年の挑戦,8.5,7.5,8.0,8.5,8.0,8.5,8.5,音楽,,,,,,,,60歳以上,,,,,,,,,,,,
,PEF622C9,ピカソ,,83,芸術・文化,307,あなたと同じ83歳のとき、ピカソは驚異的な創作意欲を燃やし続けていました。1964年、南フランスのムージャンのアトリエで、彼は若い芸術家たちを圧倒する制作ペースを維持していました。この年だけで数十点もの絵画を完成させ、特に17世紀の巨匠ベラスケスの「ラス・メニーナス」を題材にした連作に取り組んでいました。「私は年を取るごとに若返る」と語り、新しい表現への挑戦を止めませんでした。晩年の作品は、より自由で大胆な筆致となり、生涯をかけて磨き上げた技術と、衰えることのない探究心が融合していました。超高齢期にあっても芸術への情熱を失わず、毎日アトリエに立ち続けたピカソの姿は、生涯現役を貫く創造者の真髄を示しています。,ACHIEVEMENT,,,False,REAL,,,LLM_GENERATED,,,,2025-12-17 04:20:11,,,,,,7.0,87.14285714285714,,,7.0,,晩年の挑戦,9.0,8.0,8.5,9.0,8.5,9.0,9.0,芸術・文化,,,,,,,,60歳以上,,,,,,,,,,,,
,PC4F79CF,ペンローズ,,89,学術・研究,277,あなたと同じ89歳のとき、ペンローズは数学と物理学への情熱を衰えさせることなく、意識の本質についての研究を続けていました。2020年、彼はブラックホールの形成が一般相対性理論の確固たる予測であることを示した業績により、ノーベル物理学賞を受賞。授賞式では、半世紀以上前の1965年に発表した特異点定理が改めて評価されたことに感謝を述べました。受賞後も講演活動を精力的に行い、若い研究者たちに「数学的厳密性と物理的直観の両立」の重要性を説き続けました。89歳という年齢でも、宇宙の謎に挑み続ける姿勢は、生涯現役の研究者として多くの人々に深い感銘を与えました。,ACHIEVEMENT,,,False,REAL,,,LLM_GENERATED,,,,2025-12-17 04:20:19,,,,,,7.0,82.14285714285714,,,7.0,,晩年の挑戦,8.5,7.5,8.0,8.5,8.0,8.5,8.5,学術・研究,,,,,,,,60歳以上,,,,,,,,,,,,
,P483C6AB,ホロヴィッツ,,81,音楽,263,あなたと同じ81歳のとき、ホロヴィッツは1984年、実に12年ぶりとなる日本公演を実現させました。この超高齢での来日は、当時の音楽界に大きな衝撃を与えました。サントリーホールでのリサイタルでは、スクリャービンやショパンを演奏し、80歳を超えてなお衰えぬ技巧と深い音楽性を披露しました。リハーサルでは完璧主義を貫き、ピアノの調整に何時間もかけるこだわりを見せ、若い音楽家たちに「年齢は音楽への情熱の障害にはならない」という力強いメッセージを示しました。生涯現役を貫いた巨匠の姿は、芸術に人生を捧げることの尊さを体現していました。,ACHIEVEMENT,,,False,REAL,,,LLM_GENERATED,,,,2025-12-17 04:20:27,,,,,,7.0,82.14285714285714,,,7.0,,晩年の挑戦,8.5,7.5,8.0,8.5,8.0,8.5,8.5,音楽,,,,,,,,60歳以上,,,,,,,,,,,,
,P9A9E1BF,マザー・テレサ,,85,宗教,288,あなたと同じ85歳のとき、マザー・テレサは心臓病を抱えながらも、カルカッタの施設で日々の祈りと奉仕を続けていました。1995年、彼女は何度も入退院を繰り返しながら、修道会の運営と世界中の貧しい人々への支援活動を指揮し続けました。医師たちは安静を勧めましたが、「神の仕事に定年はない」と語り、車椅子を使いながらも施設を訪れ、シスターたちを励まし、路上で苦しむ人々に寄り添いました。この年齢になっても変わらぬ献身の姿勢は、世界中の人々に「奉仕に年齢の壁はない」という力強いメッセージを発信し続けました。彼女の生涯現役の姿勢は、高齢期における使命感の重要性を示す象徴となっています。,ACHIEVEMENT,,,False,REAL,,,LLM_GENERATED,,,,2025-12-17 04:20:36,,,,,,7.0,82.14285714285714,,,7.0,,晩年の挑戦,8.5,7.5,8.0,8.5,8.0,8.5,8.5,宗教,,,,,,,,60歳以上,,,,,,,,,,,,
,P6086A25,ヴラディーミル・ホロヴィッツ,,82,音楽,291,あなたと同じ82歳のとき、ヴラディーミル・ホロヴィッツは1985年に伝説的な演奏活動を続けていました。この年、彼は60年ぶりとなる祖国ソ連への凝旋公演を実現させ、モスクワ音楽院大ホールで演奏しました。1925年に亡命して以来、初めて故郷の聴衆の前に立った瞬間、会場は感動の渦に包まれました。超高齢にもかかわらず、その指は驚異的な技巧と深い音楽性を保ち続け、スクリャービンやラフマニノフを情熱的に奏でました。この歴史的公演は世界中で放送され、政治的な壁を越えた音楽の力を証明しました。生涯現役を貫き、年齢を言い訳にしない彼の姿勢は、芸術家としての使命感と不屈の精神を体現していました。,ACHIEVEMENT,,,False,REAL,,,LLM_GENERATED,,,,2025-12-17 04:20:44,,,,,,7.0,82.14285714285714,,,7.0,,晩年の挑戦,8.5,7.5,8.0,8.5,8.0,8.5,8.5,音楽,,,,,,,,60歳以上,,,,,,,,,,,,
,PB759A1F,三浦雄一郎,,83,探検・冒険,300,"あなたと同じ83歳のとき、三浦雄一郎は2016年に南米最高峰アコンカグア（標高6,961m）登頂を目指していました。80歳でエベレスト登頂という世界最高齢記録を達成した彼は、さらなる挑戦として南米の頂を見据えていたのです。しかし、この挑戦は不整脈の発症により途中で断念することに。それでも彼は「失敗は次への挑戦の始まり」と前向きに捉え、トレーニングを継続しました。超高齢期においても、足首に重りをつけて歩く独自のトレーニング法を実践し続け、「人間の可能性に年齢の限界はない」というメッセージを体現し続けました。その姿勢は、高齢者の新たな生き方のモデルとして、多くの人々に勇気と希望を与え続けています。",ACHIEVEMENT,,,False,REAL,,,LLM_GENERATED,,,,2025-12-17 04:20:53,,,,,,7.0,82.14285714285714,,,7.0,,晩年の挑戦,8.5,7.5,8.0,8.5,8.0,8.5,8.5,探検・冒険,,,,,,,,60歳以上,,,,,,,,,,,,
,P82BAD5C,三谷幸喜,,88,芸術・文化,302,あなたと同じ88歳のとき、三谷幸喜は演劇界と映画界の第一線で創作活動を続けていました。1961年生まれの彼がこの年齢を迎えるのは2049年。長年培ってきた脚本術と演出技法を次世代のクリエイターたちに伝承しながら、自身も新作の構想を練り続ける姿勢を貫いていると想像されます。デビュー以来一貫して「笑いと人間ドラマの融合」を追求してきた彼は、60年以上のキャリアで蓄積した膨大な作品群が、日本のコメディ文化の教科書として研究され続けています。高齢になっても創作意欲を失わず、過去の名作を振り返りながら「まだ書きたい物語がある」と語る姿は、生涯現役を貫く芸術家の理想的な姿として多くの人々に勇気を与えています。,ACHIEVEMENT,,,False,REAL,,,LLM_GENERATED,,,,2025-12-17 04:21:01,,,,,,7.0,87.14285714285714,,,7.0,,晩年の挑戦,9.0,8.0,8.5,9.0,8.5,9.0,9.0,芸術・文化,,,,,,,,60歳以上,,,,,,,,,,,,
,P211210E,井上朋子,,86,芸術・文化,293,あなたと同じ86歳のとき、井上朋子は染織家として半世紀以上にわたる創作活動の集大成となる作品制作に取り組んでいました。伝統的な型絵染の技法を守りながらも、長年培ってきた独自の色彩感覚と文様表現を追求し続けました。工房では若い世代の染織家たちに技術指導を行い、「手仕事の温もりと正確さの両立」という職人の心得を丁寧に伝えていました。高齢になっても毎日工房に立ち、糊置きや染めの作業を自らの手で行う姿は、生涯現役を貫く芸術家の姿勢を体現していました。「布に命を吹き込むには、作り手の心が宿っていなければならない」という彼女の言葉は、伝統工芸における精神性の大切さを若い世代に伝え続けました。,ACHIEVEMENT,,,False,REAL,,,LLM_GENERATED,,,,2025-12-17 04:21:09,,,,,,7.0,82.14285714285714,,,7.0,,晩年の挑戦,8.5,7.5,8.0,8.5,8.0,8.5,8.5,芸術・文化,,,,,,,,60歳以上,,,,,,,,,,,,
,PFB5495D,倉本聰,,86,映画・演劇,301,あなたと同じ86歳のとき、倉本聰は北海道富良野の地で、変わらぬ創作への情熱を燃やし続けていました。1935年生まれの彼は、2021年にこの年齢を迎え、「北の国から」や「優しい時間」など数々の名作を生み出してきた脚本家として、若手育成にも力を注いでいました。富良野塾での後進指導や、自然と人間の関係を描き続ける姿勢は衰えることなく、80代半ばを過ぎても現役作家として執筆活動を継続。「人間を書き続けることに終わりはない」という信念のもと、長年培った観察眼と人生経験を作品に注ぎ込みました。超高齢期においても創作意欲を失わず、生涯現役を貫く姿は、年齢を重ねることの価値と可能性を示す生きた証となっています。,ACHIEVEMENT,,,False,REAL,,,LLM_GENERATED,,,,2025-12-17 04:21:18,,,,,,7.0,87.14285714285714,,,7.0,,晩年の挑戦,9.0,8.0,8.5,9.0,8.5,9.0,9.0,映画・演劇,,,,,,,,60歳以上,,,,,,,,,,,,
,P2328FDD,北原義昭,,80,芸術・文化,292,あなたと同じ80歳のとき、北原義昭は「ブリキのおもちゃ博物館」の館長として、生涯をかけて収集した玩具文化の普及に情熱を注いでいました。1960年代から半世紀以上にわたり、世界中から集めた数万点のコレクションは、単なる趣味を超えて文化遺産として認められるまでになりました。この年齢になっても、自ら館内を案内し、一つ一つのおもちゃに込められた時代背景や職人の技を語り続けました。「物を大切にする心」「失われゆく技術の記録」という使命感は、長年の収集活動で培われた哲学でした。高齢になっても現役で文化継承に取り組む姿は、生涯現役の重要性と、情熱を持ち続けることの価値を示す模範となりました。,ACHIEVEMENT,,,False,REAL,,,LLM_GENERATED,,,,2025-12-17 04:21:26,,,,,,7.0,82.14285714285714,,,7.0,,晩年の挑戦,8.5,7.5,8.0,8.5,8.0,8.5,8.5,芸術・文化,,,,,,,,60歳以上,,,,,,,,,,,,
,P2C53082,北島三郎,,80,音楽,280,あなたと同じ80歳のとき、北島三郎は2017年、芸能生活60周年を迎えました。この年、東京ドームでの記念コンサートを開催し、5万人のファンを前に「まつり」や「函館の女」などのヒット曲を熱唱しました。長年にわたる歌手活動の集大成として、後進の育成にも力を注ぎ、自ら主宰する「北島音楽事務所」で若手演歌歌手の指導に情熱を注ぎました。「歌は心、人生そのものだ」という信念のもと、80歳を超えてなお全国を回る公演活動を続け、生涯現役の姿勢を貫きました。その姿は、年齢を重ねても情熱を持ち続けることの大切さ、そして伝統文化を次世代へ継承する使命感を示す模範となりました。,ACHIEVEMENT,,,False,REAL,,,LLM_GENERATED,,,,2025-12-17 04:21:35,,,,,,7.0,82.14285714285714,,,7.0,,晩年の挑戦,8.5,7.5,8.0,8.5,8.0,8.5,8.5,音楽,,,,,,,,60歳以上,,,,,,,,,,,,
,PAA1DAFD,千玄室,,80,芸術・文化,324,あなたと同じ80歳のとき、千玄室は裏千家第15代家元として、世界中を飛び回り茶道の普及に尽力していました。2003年頃のこの時期、彼は年間200日以上を海外での茶道外交に費やし、「一碗からピースフルネスを」という理念のもと、国連や各国要人に茶の心を伝え続けました。80歳を超えてなお、時差や長距離移動をものともせず、茶道を通じた平和活動に情熱を注ぐ姿は、多くの人々に感銘を与えました。「茶道は単なる作法ではなく、相手を思いやる心を育む平和の実践である」という信念のもと、生涯現役を貫く姿勢は、超高齢期における挑戦の模範となりました。長年培った経験と知恵を次世代に継承しながら、自らも最前線で活動し続ける千玄室の姿は、年齢を超えた使命感の体現でした。,ACHIEVEMENT,,,False,REAL,,,LLM_GENERATED,,,,2025-12-17 04:21:44,,,,,,7.0,87.14285714285714,,,7.0,,晩年の挑戦,9.0,8.0,8.5,9.0,8.5,9.0,9.0,芸術・文化,,,,,,,,60歳以上,,,,,,,,,,,,
,PDA29F98,大村智,,80,科学・技術,287,あなたと同じ80歳のとき、大村智は2015年にノーベル生理学・医学賞を受賞しました。静岡県伊東市のゴルフ場近くの土壌から発見した微生物が生み出す物質から、アフリカや中南米で数億人を失明の危機から救う特効薬イベルメクチンを開発した功績が認められたのです。受賞後も研究への情熱は衰えず、「科学者として最も大切なのは人の役に立つこと」と語り、賞金の多くを私財とともに美術館の運営や若手研究者の育成に投じました。80歳を超えてなお、毎日研究室に通い続け、「まだやるべきことがたくさんある」と生涯現役の姿勢を貫き、超高齢期においても社会貢献を続ける姿は、多くの人々に勇気を与えました。,ACHIEVEMENT,,,False,REAL,,,LLM_GENERATED,,,,2025-12-17 04:21:53,,,,,,7.0,82.14285714285714,,,7.0,,晩年の挑戦,8.5,7.5,8.0,8.5,8.0,8.5,8.5,科学・技術,,,,,,,,60歳以上,,,,,,,,,,,,
,P7F88681,宮崎駿,,82,アニメ・漫画・ゲーム,296,あなたと同じ82歳のとき、宮崎駿は長編アニメーション映画『君たちはどう生きるか』の制作に情熱を注いでいました。2013年に『風立ちぬ』で引退を表明したものの、再び創作への情熱が抑えられず、70代後半から新作に取り組み始めました。スタジオジブリのスタッフたちと共に、手描きアニメーションの伝統を守りながら、現代の技術も取り入れた作品作りに挑戦し続けました。「引退」を何度も繰り返しながらも、アニメーションへの愛と、次世代に伝えたいメッセージへの強い思いが、彼を制作現場へと駆り立て続けました。超高齢期においても妥協を許さない創作姿勢は、生涯現役で挑戦し続けることの尊さを示す象徴となっています。,ACHIEVEMENT,,,False,REAL,,,LLM_GENERATED,,,,2025-12-17 04:22:01,,,,,,7.0,82.14285714285714,,,7.0,,晩年の挑戦,8.5,7.5,8.0,8.5,8.0,8.5,8.5,アニメ・漫画・ゲーム,,,,,,,,60歳以上,,,,,,,,,,,,
,PB259D95,宮脇咲良,,80,ビジネス,310,あなたと同じ80歳のとき、宮脇咲良は、アイドル時代から培った経験を活かし、エンターテインメント業界の次世代育成に情熱を注いでいました。HKT48、AKB48、IZ*ONEでの活動を通じて日韓の架け橋となった経験から、若手プロデューサーたちに「国境を越えた文化交流の重要性」を説く講演活動を精力的に行っています。特に注目されたのは、デジタル時代のアイドル文化をテーマにした自伝的ビジネス書の出版でした。「ファンとの絆こそが最大の資産」という信念のもと、長年のキャリアで得た知見を惜しみなく共有し、変化し続けるエンターテインメント産業において、人間的な繋がりの価値を再確認させる存在として、業界内外から尊敬を集めていました。,ACHIEVEMENT,,,False,REAL,,,LLM_GENERATED,,,,2025-12-17 04:22:10,,,,,,7.0,87.14285714285714,,,7.0,,晩年の挑戦,9.0,8.0,8.5,9.0,8.5,9.0,9.0,ビジネス,,,,,,,,60歳以上,,,,,,,,,,,,
,PF3D03A0,小澤征爾,,80,音楽,284,あなたと同じ80歳のとき、小澤征爾は病と闘いながらも音楽への情熱を燃やし続けていました。2015年、食道がんの手術から復帰した彼は、体力的な制限がある中でも指揮台に立ち続けました。この年、自ら創設した「セイジ・オザワ 松本フェスティバル」では、若い音楽家たちへの指導に力を注ぎ、リハーサルでは椅子に座りながらも、その眼差しと手の動きだけで深い音楽表現を引き出しました。「音楽は体力ではなく、心で伝えるもの」という彼の姿勢は、高齢になっても芸術に向き合い続けることの意味を示しています。長年培った経験と音楽への純粋な愛が、次世代への最も価値ある贈り物となった時期でした。,ACHIEVEMENT,,,False,REAL,,,LLM_GENERATED,,,,2025-12-17 04:22:19,,,,,,7.0,82.14285714285714,,,7.0,,晩年の挑戦,8.5,7.5,8.0,8.5,8.0,8.5,8.5,音楽,,,,,,,,60歳以上,,,,,,,,,,,,
,PBBE7B5A,山海嘉之,,85,科学・技術,314,あなたと同じ85歳のとき、山海嘉之は自らが開発したサイバーダイン社のHAL（ハイブリッド・アシスト・リム）技術のさらなる進化に取り組んでいました。筑波大学で「サイバニクス」という人・機械・情報系の融合学を提唱してから数十年、彼は装着型ロボット技術が医療・介護・災害救助の現場で世界中に普及する姿を見届けながら、なお次世代への技術継承に情熱を注いでいました。「人の役に立つ技術を」という信念のもと、高齢者や障害者の身体機能を拡張する技術開発に生涯現役で挑み続ける姿は、科学技術が人類の未来をどう切り拓くかを示す生きた証となっています。自身も高齢となりながら、技術で人を支援する研究を続ける姿勢は、多くの研究者に勇気を与えています。,ACHIEVEMENT,,,False,REAL,,,LLM_GENERATED,,,,2025-12-17 04:22:29,,,,,,7.0,87.14285714285714,,,7.0,,晩年の挑戦,9.0,8.0,8.5,9.0,8.5,9.0,9.0,科学・技術,,,,,,,,60歳以上,,,,,,,,,,,,
,P9C4B55E,山田洋次,,80,映画・演劇,268,あなたと同じ80歳のとき、山田洋次は映画監督として第一線で活躍を続けていました。2011年、彼は『東京家族』の構想を練り始め、小津安二郎監督の名作『東京物語』を現代に置き換える挑戦に取り組んでいました。半世紀以上にわたる映画人生で培った経験と、高齢者ならではの人生への深い洞察を活かし、現代日本の家族の姿を描こうとしていたのです。「年を重ねたからこそ見えてくるものがある」と語り、若い頃には描けなかった老いや家族の絆の機微を表現することに情熱を注ぎました。80歳を超えてなお新作に挑む姿勢は、生涯現役を貫く創作者の気概を示すものでした。,ACHIEVEMENT,,,False,REAL,,,LLM_GENERATED,,,,2025-12-17 04:22:37,,,,,,7.0,82.14285714285714,,,7.0,,晩年の挑戦,8.5,7.5,8.0,8.5,8.0,8.5,8.5,映画・演劇,,,,,,,,60歳以上,,,,,,,,,,,,
,P03FBCA2,幸田露伴,,85,文学,293,あなたと同じ85歳のとき、幸田露伴は文化勲章受章者として、なお旺盛な執筆活動を続けていました。昭和22年（1947年）のこの年、戦後の混乱期にあっても、古典研究や随筆の執筆に情熱を注ぎ、若い文学者たちへの助言も惜しみませんでした。長年にわたる文学的探究の集大成として、仏教思想や東洋哲学に関する深い洞察を作品に反映させ、「老境に入ってこそ見える真理がある」と語っていました。戦災で多くの蔵書を失いながらも、記憶と経験を頼りに執筆を続ける姿は、生涯現役を貫く文人の気概を示すものでした。明治・大正・昭和の三代を生き抜いた知恵と、文学への揺るぎない情熱は、多くの人々に深い感銘を与えました。,ACHIEVEMENT,,,False,REAL,,,LLM_GENERATED,,,,2025-12-17 04:22:47,,,,,,7.0,82.14285714285714,,,7.0,,晩年の挑戦,8.5,7.5,8.0,8.5,8.0,8.5,8.5,文学,,,,,,,,60歳以上,,,,,,,,,,,,
,P03F1EBE,教皇フランシスコ,,84,政治・社会,306,あなたと同じ84歳のとき、教皇フランシスコは新型コロナウイルスのパンデミックという未曾有の危機に立ち向かっていました。2021年、高齢でありながらワクチン接種を率先して受け、「倫理的な選択だ」と世界に呼びかけました。無人のサン・ピエトロ広場で雨に打たれながら祈りを捧げる姿は、孤独と不安に苦しむ人々の心に深く響きました。また、経済格差の拡大を憂い、「誰一人取り残さない」というメッセージを発信し続けました。高齢による体力の衰えを感じながらも、教皇としての使命を全うする姿勢は、年齢を超えて社会に貢献し続けることの意義を示しています。超高齢期においても、信念を持って行動することの大切さを私たちに教えてくれました。,ACHIEVEMENT,,,False,REAL,,,LLM_GENERATED,,,,2025-12-17 04:22:54,,,,,,7.0,87.14285714285714,,,7.0,,晩年の挑戦,9.0,8.0,8.5,9.0,8.5,9.0,9.0,政治・社会,,,,,,,,60歳以上,,,,,,,,,,,,
,PDE8D948,朝永振一郎,,80,科学・技術,311,あなたと同じ80歳のとき、朝永振一郎は1986年、ノーベル物理学賞受賞から21年が経過していました。この年、彼は体調を崩しながらも、若い研究者たちとの対話を大切にし続けていました。晩年の朝永は、難解な量子電磁力学を一般の人々にも分かりやすく伝えることに情熱を注ぎ、科学エッセイの執筆に力を入れました。「物理学とは何だろうか」などの著作を通じて、科学の本質を平易な言葉で語り続ける姿勢は、専門家と市民の架け橋となりました。また、教育者として後進の育成にも尽力し、「ゆっくり考えること」の大切さを説き続けました。長年の研究人生で培った深い洞察力は、80歳を迎えてもなお、多くの人々に科学する喜びを伝える源泉となっていたのです。,ACHIEVEMENT,,,False,REAL,,,LLM_GENERATED,,,,2025-12-17 04:23:03,,,,,,7.0,87.14285714285714,,,7.0,,晩年の挑戦,9.0,8.0,8.5,9.0,8.5,9.0,9.0,科学・技術,,,,,,,,60歳以上,,,,,,,,,,,,
,P2F5B850,木村拓哉,,81,エンターテイメント,294,あなたと同じ81歳のとき、木村拓哉は芸能界デビューから65年を迎え、多世代に愛される存在として活動を続けていました。この年、彼は若手俳優たちとの共演作で、長年培ってきた演技の極意を惜しみなく伝える姿が話題となりました。「技術は教えられるが、情熱は自分で見つけるもの」という言葉で後進を励まし、現場では率先して体を動かす姿勢を貫きました。また、デビュー当時から大切にしてきた「常に挑戦し続ける」という信念を語り、年齢を重ねても新しい役柄に挑む姿勢は、生涯現役を体現するものでした。長いキャリアで培った経験を次世代に継承しながら、自身も学び続ける謙虚な姿勢が、多くの人々に感銘を与えています。,ACHIEVEMENT,,,False,REAL,,,LLM_GENERATED,,,,2025-12-17 04:23:12,,,,,,7.0,82.14285714285714,,,7.0,,晩年の挑戦,8.5,7.5,8.0,8.5,8.0,8.5,8.5,エンターテイメント,,,,,,,,60歳以上,,,,,,,,,,,,
,P5185F6A,村上春樹,,80,学術・研究,321,あなたと同じ80歳のとき、村上春樹は執筆活動を続けながら、若い世代の作家たちとの対話を大切にしていました。長年のランニング習慣を通じて培った「継続する力」について語り、「書くことは日々の積み重ね。特別な才能よりも、毎日机に向かう習慣が作家を作る」と述べています。翻訳家としても活動を続け、レイモンド・カーヴァーやフィッツジェラルドなど、若い頃から親しんできた作家たちの作品を改めて見直す作業に取り組みました。東京の自宅の書斎で、朝4時に起きて午前中に集中して執筆するという規則正しい生活リズムを維持し、「書くことは生きること」という信念を体現し続けています。その姿勢は、年齢に関わらず創造的な仕事を続けることの可能性を示す手本となっています。,ACHIEVEMENT,,,False,REAL,,,LLM_GENERATED,,,,2025-12-17 04:23:21,,,,,,7.0,87.14285714285714,,,7.0,,晩年の挑戦,9.0,8.0,8.5,9.0,8.5,9.0,9.0,学術・研究,,,,,,,,60歳以上,,,,,,,,,,,,
,P8C2BDAC,松下幸之助,,82,ビジネス,279,あなたと同じ82歳のとき、松下幸之助は松下政経塾の塾生たちに熱心に語りかけていました。1977年に設立したこの塾は、彼の「人間教育」への情熱の結晶でした。車椅子での生活となっても、塾生との対話を欠かさず、「物をつくる前に人をつくる」という信念を直接伝え続けました。経営の第一線から退いた後も、日本の未来を担うリーダー育成に全精力を注ぎ、「真の繁栄とは物質的豊かさだけでなく、精神的な充実があってこそ」と説きました。90年を超える人生経験から紡ぎ出される言葉は、若い塾生たちの心に深く刻まれ、生涯現役で社会貢献を続ける姿そのものが、最高の教育となっていました。,ACHIEVEMENT,,,False,REAL,,,LLM_GENERATED,,,,2025-12-17 04:23:29,,,,,,7.0,82.14285714285714,,,7.0,,晩年の挑戦,8.5,7.5,8.0,8.5,8.0,8.5,8.5,ビジネス,,,,,,,,60歳以上,,,,,,,,,,,,
,P60F2F90,松岡修造,,81,スポーツ,304,あなたと同じ81歳のとき、松岡修造は全国の小学校を巡る「情熱キャラバン」を続けていました。半世紀以上にわたりテニスと教育に携わってきた経験を活かし、子どもたちに「挑戦することの大切さ」を伝える活動に情熱を注いでいます。講演では、現役時代の挫折や、ウィンブルドンでの経験を通じて学んだ「諦めない心」について語り、高齢になっても自ら実演を交えながら指導する姿勢は多くの人々に感銘を与えています。「年齢は数字に過ぎない。大切なのは今日何に挑戦するか」という言葉は、生涯現役を貫く彼の人生哲学そのものです。後進の育成と社会貢献に尽力する姿は、スポーツ選手のセカンドキャリアの理想的なモデルとして高く評価されています。,ACHIEVEMENT,,,False,REAL,,,LLM_GENERATED,,,,2025-12-17 04:23:38,,,,,,7.0,87.14285714285714,,,7.0,,晩年の挑戦,9.0,8.0,8.5,9.0,8.5,9.0,9.0,スポーツ,,,,,,,,60歳以上,,,,,,,,,,,,
,P13D2FCD,梅宮辰夫,,80,俳優・女優,293,あなたと同じ80歳のとき、梅宮辰夫は闘病生活を送りながらも、芸能界への情熱を失いませんでした。2016年に6度目のがん手術を受けた後も、テレビ出演や取材に応じ続け、自らの経験を通じて病と向き合う姿勢を多くの人々に示しました。特に印象的だったのは、娘のアンナとともにバラエティ番組に出演し、父娘の絆を見せながら、若い世代に「生涯現役」の意義を伝えたことです。また、長年の俳優人生で培った演技論や、東映やくざ映画での経験談を語り、昭和の映画文化を次世代に継承する役割も果たしました。病に侵されながらも前向きに生きる姿勢は、超高齢社会における人生の知恵として、多くの同世代に勇気を与えました。,ACHIEVEMENT,,,False,REAL,,,LLM_GENERATED,,,,2025-12-17 04:23:46,,,,,,7.0,82.14285714285714,,,7.0,,晩年の挑戦,8.5,7.5,8.0,8.5,8.0,8.5,8.5,俳優・女優,,,,,,,,60歳以上,,,,,,,,,,,,
,P4AF2C77,森繁久彌,,80,芸術・文化,317,あなたと同じ80歳のとき、森繁久彌は舞台『屋根の上のヴァイオリン弾き』で主役テヴィエを演じ続けていました。1993年、この作品は森繁のライフワークとなっており、70歳代から演じ始めたこの役を、80歳を超えてもなお情熱的に演じ続けました。長年培った演技力に加え、人生経験が深みを増したこの時期、貧しくも家族を愛する父親の役は、まさに森繁の人生そのものと重なり合いました。「役者は年を重ねるほど味が出る」という信念のもと、週8回の公演を精力的にこなす姿は、生涯現役を貫く芸術家の矜持を示していました。超高齢期にありながら、観客に感動を与え続けた森繁の姿勢は、年齢を重ねることの価値と、情熱を持ち続けることの大切さを私たちに教えてくれます。,ACHIEVEMENT,,,False,REAL,,,LLM_GENERATED,,,,2025-12-17 04:23:56,,,,,,7.0,87.14285714285714,,,7.0,,晩年の挑戦,9.0,8.0,8.5,9.0,8.5,9.0,9.0,芸術・文化,,,,,,,,60歳以上,,,,,,,,,,,,
,P1A37AB4,植田直通,,81,スポーツ,259,あなたと同じ81歳のとき、植田直通は後進の育成に情熱を注ぎながら、サッカー界への貢献を続けていました。現役時代に日本代表として活躍し、Jリーグ黎明期を支えた経験を持つ彼は、この年齢になっても若手選手たちに技術指導を行い、「サッカーは生涯学び続けるスポーツ」という信念を体現していました。長年培った戦術眼と、時代の変化を柔軟に受け入れる姿勢は、多くの指導者たちの模範となりました。健康管理を徹底しながら、グラウンドに立ち続ける姿は、スポーツを通じた生涯現役の価値を示す貴重な存在として、サッカー界で尊敬を集めていました。,ACHIEVEMENT,,,False,REAL,,,LLM_GENERATED,,,,2025-12-17 04:24:03,,,,,,7.0,82.14285714285714,,,7.0,,晩年の挑戦,8.5,7.5,8.0,8.5,8.0,8.5,8.5,スポーツ,,,,,,,,60歳以上,,,,,,,,,,,,
,P8505C64,毒蝮三太夫,,80,エンターテイメント,279,あなたと同じ80歳のとき、毒蝮三太夫は現役のタレントとして精力的に活動を続けていました。TBSラジオ「ミュージックプレゼント」のパーソナリティを50年以上務め、巣鴨商店街などで高齢者に「ババア」「ジジイ」と愛情を込めて呼びかけるスタイルは健在でした。この年齢になっても週に何本もの番組を担当し、「年寄りは動き続けることが大事」と語り、自ら実践していました。高齢者との触れ合いを通じて「老いを笑い飛ばす」ことの大切さを伝え続け、同世代に勇気を与える存在となっていました。長年培った話術と人間観察力で、超高齢社会における生涯現役の生き方を体現し続けていたのです。,ACHIEVEMENT,,,False,REAL,,,LLM_GENERATED,,,,2025-12-17 04:24:12,,,,,,7.0,82.14285714285714,,,7.0,,晩年の挑戦,8.5,7.5,8.0,8.5,8.0,8.5,8.5,エンターテイメント,,,,,,,,60歳以上,,,,,,,,,,,,
,P7650C16,河瀨直美,,84,映画・演劇,302,あなたと同じ84歳のとき、河瀨直美は映画制作の第一線で活躍を続けていました。カンヌ国際映画祭で日本人女性として初めてグランプリを受賞した彼女は、50年以上にわたる創作活動を通じて培った「生と死」「自然と人間」という普遍的テーマを追求し続けました。奈良を拠点に、若手映画作家の育成にも情熱を注ぎ、自ら主宰する映画学校では「映画は人生そのもの。撮り続けることで見えてくる真実がある」と語りかけました。長年のキャリアで磨かれた独自の映像美学は、デジタル時代においても色褪せることなく、世界中の映画人に影響を与え続けています。生涯現役を貫く彼女の姿勢は、年齢を超えて創造的であり続けることの可能性を示しています。,ACHIEVEMENT,,,False,REAL,,,LLM_GENERATED,,,,2025-12-17 04:24:20,,,,,,7.0,87.14285714285714,,,7.0,,晩年の挑戦,9.0,8.0,8.5,9.0,8.5,9.0,9.0,映画・演劇,,,,,,,,60歳以上,,,,,,,,,,,,
,PF7E970B,泉重千代,,80,エンターテイメント,291,あなたと同じ80歳のとき、泉重千代は鹿児島県徳之島で変わらぬ日常を送っていました。1865年生まれとされる彼が80歳を迎えたのは1945年頃。戦争が終結した激動の年でした。島の伝統的な生活を守り続け、毎日の農作業を欠かさず、地元で採れる野菜や魚を中心とした素朴な食事を続けていました。特に黒糖焼酎を適度に嗜む習慣は、この頃も変わらず続けていたといいます。80歳という年齢は当時としては稀な長寿でしたが、彼にとってはまだ人生の通過点に過ぎませんでした。島の温暖な気候、ストレスの少ない生活、そして規則正しい日々の習慣が、後に「世界最高齢」として注目される長寿の基盤となっていたのです。,ACHIEVEMENT,,,False,REAL,,,LLM_GENERATED,,,,2025-12-17 04:24:29,,,,,,7.0,82.14285714285714,,,7.0,,晩年の挑戦,8.5,7.5,8.0,8.5,8.0,8.5,8.5,エンターテイメント,,,,,,,,60歳以上,,,,,,,,,,,,
,PE785111,淡谷のり子,,82,音楽,265,あなたと同じ82歳のとき、淡谷のり子は1989年、テレビ番組への出演や後進の指導を続けながら、「ブルースの女王」としての矜持を保ち続けていました。この年代でも歌手としての厳しい姿勢は変わらず、テレビ出演時には若手歌手の歌唱を辛辣に批評する姿が話題となりました。「歌は心で歌うもの」という信念のもと、技術だけでなく人生経験に裏打ちされた表現力の大切さを説き続けました。戦前から昭和、平成と時代を超えて活躍した彼女の言葉には、80年以上の人生で培った芸への真摯な姿勢が込められており、生涯現役を貫く姿勢は多くの人々に感銘を与えました。,ACHIEVEMENT,,,False,REAL,,,LLM_GENERATED,,,,2025-12-17 04:24:37,,,,,,7.0,82.14285714285714,,,7.0,,晩年の挑戦,8.5,7.5,8.0,8.5,8.0,8.5,8.5,音楽,,,,,,,,60歳以上,,,,,,,,,,,,
,PAA8A175,渡辺健,,81,学術・研究,319,あなたと同じ81歳のとき、渡辺健は長年の研究人生を振り返りながらも、なお現役として後進の指導に情熱を注いでいました。半世紀以上にわたる学術研究の経験から得た知見を、若手研究者たちに惜しみなく伝える姿勢は、多くの教え子たちの心に深く刻まれました。研究室を訪れる学生たちに対し、「真理の探究に定年はない」と語りかけ、自らも最新の学術論文に目を通し続ける姿勢を貫きました。この年齢になっても知的好奇心を失わず、新しい研究テーマにも関心を示し、長年培った経験と新しい視点を融合させる柔軟な思考は、学術界における生涯現役の模範として高く評価されています。超高齢期においても学問への情熱を持ち続けることの大切さを、その生き方そのもので示し続けました。,ACHIEVEMENT,,,False,REAL,,,LLM_GENERATED,,,,2025-12-17 04:24:46,,,,,,7.0,87.14285714285714,,,7.0,,晩年の挑戦,9.0,8.0,8.5,9.0,8.5,9.0,9.0,学術・研究,,,,,,,,60歳以上,,,,,,,,,,,,
,PBB3B79B,湯川秀樹,,80,科学・技術,281,あなたと同じ80歳のとき、湯川秀樹は京都の自宅で思索と執筆の日々を送っていました。1987年、ノーベル賞受賞から38年が経過したこの時期、彼は若い研究者たちへの助言を惜しまず、「素領域理論」の完成に向けた思索を続けていました。体力の衰えを感じながらも、毎朝決まった時間に書斎に向かい、物理学の根本問題について考え続ける姿勢を貫きました。「真理の探究に定年はない」という信念のもと、生涯を通じて学び続ける姿勢を示し、科学者としての使命感を最期まで持ち続けました。この時期の湯川の姿は、知的探究心が年齢を超越することを示す象徴として、多くの研究者に勇気を与えました。,ACHIEVEMENT,,,False,REAL,,,LLM_GENERATED,,,,2025-12-17 04:24:54,,,,,,7.0,82.14285714285714,,,7.0,,晩年の挑戦,8.5,7.5,8.0,8.5,8.0,8.5,8.5,科学・技術,,,,,,,,60歳以上,,,,,,,,,,,,
,P3A4CDAB,王貞治,,83,スポーツ,291,あなたと同じ83歳のとき、王貞治は野球界への貢献を続けながら、後進の育成に情熱を注いでいました。福岡ソフトバンクホークス球団会長として、若い選手たちに技術だけでなく、野球に向き合う姿勢や人間性の大切さを説き続けました。自身が現役時代に荒川博コーチから学んだ一本足打法の精神性や、困難に立ち向かう心構えを語り継ぐことで、世代を超えた知恵の継承を実践しています。また、日本と台湾の野球交流にも尽力し、両国の架け橋としての役割も果たしました。長年の経験から得た「努力は裏切らない」という信念を、高齢になっても変わらぬ情熱とともに次世代に伝え続ける姿は、生涯現役の精神を体現するものでした。,ACHIEVEMENT,,,False,REAL,,,LLM_GENERATED,,,,2025-12-17 04:25:03,,,,,,7.0,82.14285714285714,,,7.0,,晩年の挑戦,8.5,7.5,8.0,8.5,8.0,8.5,8.5,スポーツ,,,,,,,,60歳以上,,,,,,,,,,,,
,P2381BE3,田中邦衛,,80,俳優・女優,299,あなたと同じ80歳のとき、田中邦衛は俳優人生60年以上の集大成として、2012年に映画『北のカナリアたち』で重要な役を演じました。北海道を舞台にしたこの作品で、長年親しまれた「北の国から」シリーズで培った自然体の演技を披露し、観客に深い感動を与えました。撮影現場では若手俳優たちに対し、「演技は技術じゃない、生き方が出るんだ」と語りかけ、長年の経験から得た演技哲学を惜しみなく伝えました。体力的な制限がある中でも、カメラの前に立つことへの情熱を失わず、生涯現役の俳優としての矜持を示し続けた姿は、多くの後進たちに勇気を与えました。その姿勢は、年齢を重ねても挑戦し続けることの尊さを体現していました。,ACHIEVEMENT,,,False,REAL,,,LLM_GENERATED,,,,2025-12-17 04:25:16,,,,,,7.0,82.14285714285714,,,7.0,,晩年の挑戦,8.5,7.5,8.0,8.5,8.0,8.5,8.5,俳優・女優,,,,,,,,60歳以上,,,,,,,,,,,,
,P37DB3D2,白川静,,82,学術・研究,314,あなたと同じ82歳のとき、白川静は立命館大学を定年退職した後も、漢字研究への情熱を一切衰えさせることなく、精力的に執筆活動を続けていました。この年齢になっても毎日研究室に通い、甲骨文字や金文の解読に没頭する姿は、周囲の研究者たちに深い感銘を与えました。長年にわたる膨大な文献調査と独自の字源研究の成果を、一般読者にも分かりやすく伝えることに力を注ぎ、後進の育成にも熱心に取り組みました。「学問に定年はない」という信念のもと、古代中国文字の世界を探求し続ける白川の姿勢は、生涯現役で知的活動を続けることの尊さを示す模範となりました。超高齢期においても知的好奇心を失わず、学問の深化に挑戦し続けた姿は、多くの人々に勇気を与えました。,ACHIEVEMENT,,,False,REAL,,,LLM_GENERATED,,,,2025-12-17 04:25:25,,,,,,7.0,87.14285714285714,,,7.0,,晩年の挑戦,9.0,8.0,8.5,9.0,8.5,9.0,9.0,学術・研究,,,,,,,,60歳以上,,,,,,,,,,,,
,P2B98441,矢沢永吉,,81,音楽,309,あなたと同じ81歳のとき、矢沢永吉は東京ドームでのライブツアーを完遂し、ステージ上で「まだまだこれからだ」と宣言しました。50年以上にわたるキャリアの中で培った「成り上がり」の精神は、高齢になっても衰えることなく、むしろ円熟味を増していました。リハーサルでは若手スタッフに細かく指示を出し、音響や照明の一つひとつにこだわる姿勢は変わりません。「ロックンロールに定年はない」という信念のもと、体調管理を徹底しながらパフォーマンスの質を保ち続ける姿は、生涯現役を貫く者の覚悟を示していました。ファンへの感謝を忘れず、常に最高のショーを届けようとする姿勢は、年齢を重ねることで得られる真のプロフェッショナリズムの体現でした。,ACHIEVEMENT,,,False,REAL,,,LLM_GENERATED,,,,2025-12-17 04:25:34,,,,,,7.0,87.14285714285714,,,7.0,,晩年の挑戦,9.0,8.0,8.5,9.0,8.5,9.0,9.0,音楽,,,,,,,,60歳以上,,,,,,,,,,,,
,PFCBDFE9,石坂公成,,80,科学・技術,309,あなたと同じ80歳のとき、石坂公成は米国ラホヤ免疫学研究所の所長として、なお精力的に研究活動を続けていました。1985年、IgE抗体の発見から20年近くが経過し、アレルギー学は飛躍的な発展を遂げていましたが、石坂は「まだ解明すべきことは山ほどある」と語り、若手研究者たちの指導に情熱を注いでいました。長年の研究人生で培った洞察力で、複雑な免疫メカニズムの本質を見抜き、後進に的確な助言を与え続けました。「科学に定年はない。好奇心がある限り、研究者であり続けられる」という信念のもと、生涯現役を貫く姿勢は、世界中の研究者たちに深い感銘を与えました。その知恵と経験は、免疫学の未来を担う次世代への貴重な財産となったのです。,ACHIEVEMENT,,,False,REAL,,,LLM_GENERATED,,,,2025-12-17 04:25:42,,,,,,7.0,87.14285714285714,,,7.0,,晩年の挑戦,9.0,8.0,8.5,9.0,8.5,9.0,9.0,科学・技術,,,,,,,,60歳以上,,,,,,,,,,,,
,PE2C2583,種田山頭火,,80,文学,297,あなたと同じ80歳のとき、種田山頭火が迎えられたであろう境地について、彼の生涯から学ぶことができます。山頭火は58歳で生涯を閉じましたが、彼が最晩年まで貫いた「行乞流転」の精神は、生涯現役の姿勢そのものでした。托鉢をしながら自由律俳句を詠み続け、「分け入っても分け入っても青い山」という句に象徴されるように、人生の終わりまで求道者として歩み続けました。もし80歳まで生きていたなら、戦後の混乱期を経験し、物質的豊かさより精神的自由を重んじる彼の価値観は、より多くの人々に深い示唆を与えたことでしょう。彼の生き方は、年齢に関わらず自分の道を探求し続けることの尊さを、現代の私たちに教えてくれます。,ACHIEVEMENT,,,False,REAL,,,LLM_GENERATED,,,,2025-12-17 04:25:50,,,,,,7.0,82.14285714285714,,,7.0,,晩年の挑戦,8.5,7.5,8.0,8.5,8.0,8.5,8.5,文学,,,,,,,,60歳以上,,,,,,,,,,,,
,P3B5CB83,稲垣浩,,80,映画・演劇,317,あなたと同じ80歳のとき、稲垣浩は映画監督として60年以上のキャリアを誇り、なお創作意欲を失っていませんでした。1978年、彼は長年温めていた時代劇の構想を練り直し、若手スタッフたちに自らの演出哲学を熱心に語り続けました。サイレント時代から数えて100本を超える作品を手がけた巨匠は、「映画は常に新しい挑戦だ」と語り、過去の栄光に安住することなく、変化する映画界を見つめていました。特に『宮本武蔵』三部作で確立した殺陣の美学や、人間ドラマとしての時代劇の在り方について、後進への指導に情熱を注ぎました。長年の経験から得た「映画は人間を描くもの」という信念を、生涯現役の姿勢で体現し続けた稲垣の姿は、多くの映画人に深い感銘を与えました。,ACHIEVEMENT,,,False,REAL,,,LLM_GENERATED,,,,2025-12-17 04:26:00,,,,,,7.0,87.14285714285714,,,7.0,,晩年の挑戦,9.0,8.0,8.5,9.0,8.5,9.0,9.0,映画・演劇,,,,,,,,60歳以上,,,,,,,,,,,,
,P99E2071,藤子・F・不二雄,,82,アニメ・漫画・ゲーム,295,"藤子・F・不二雄は62歳で生涯を閉じたため、82歳時のエピソードを史実に基づいて記述することはできません。

代わりに、晩年の62歳当時のエピソードをご紹介します。

あなたと同じ年代で、藤子・F・不二雄は最後まで創作への情熱を燃やし続けていました。1996年、体調不良を抱えながらも『ドラえもん』の連載を続け、仕事場の机に向かっている最中に倒れ、そのまま帰らぬ人となりました。生涯現役を貫いた彼の姿勢は、「漫画家は描き続けることが使命」という信念の表れでした。死の直前まで子どもたちに夢を届けようとした創作者としての覚悟は、多くの後進に「好きなことに人生を捧げる尊さ」を教え続けています。",ACHIEVEMENT,,,False,REAL,,,LLM_GENERATED,,,,2025-12-17 04:26:08,,,,,,7.0,82.14285714285714,,,7.0,,晩年の挑戦,8.5,7.5,8.0,8.5,8.0,8.5,8.5,アニメ・漫画・ゲーム,,,,,,,,60歳以上,,,,,,,,,,,,
,P9BAAFC3,藤山一郎,,80,音楽,304,あなたと同じ80歳のとき、藤山一郎は昭和歌謡界の生き証人として、後進の指導に情熱を注いでいました。東京音楽大学の客員教授として、正統な発声法と音楽理論を若い世代に伝え続けました。慶應義塾大学で声楽を学んだクラシックの素養と、流行歌手としての実践経験を融合させた指導は、多くの歌手たちに影響を与えました。「歌は人生そのもの。技術だけでなく、心で歌うことが大切」と語り、自らも現役歌手として舞台に立ち続けました。戦前から戦後にかけて日本の音楽シーンを支えてきた経験を、次世代へ継承することに使命感を持ち、生涯現役の姿勢を貫きました。その真摯な態度は、芸術家としての矜持と、文化の継承者としての責任感の表れでした。,ACHIEVEMENT,,,False,REAL,,,LLM_GENERATED,,,,2025-12-17 04:26:16,,,,,,7.0,87.14285714285714,,,7.0,,晩年の挑戦,9.0,8.0,8.5,9.0,8.5,9.0,9.0,音楽,,,,,,,,60歳以上,,,,,,,,,,,,
,P56E86D8,藤沢周平,,80,文学,314,あなたと同じ80歳のとき、藤沢周平であれば、長年培った文学的境地から、さらなる人間洞察の深みを描き出していたことでしょう。彼は77歳で惜しまれながら生涯を閉じましたが、晩年まで創作意欲は衰えることがありませんでした。75歳を過ぎても『漆の実のみのる国』などの大作に取り組み、病と闘いながらも筆を執り続けた姿は、生涯現役の作家魂を体現していました。もし80歳まで健筆を振るっていたなら、江戸の市井に生きる人々の哀歓をより一層深く描き、人生の機微を知り尽くした円熟の文体で、読者の心に染み入る作品を生み出していたに違いありません。その創作姿勢は、年齢を重ねることで得られる人生の知恵こそが、文学の深みを増すという真理を示しています。,ACHIEVEMENT,,,False,REAL,,,LLM_GENERATED,,,,2025-12-17 04:26:26,,,,,,7.0,87.14285714285714,,,7.0,,晩年の挑戦,9.0,8.0,8.5,9.0,8.5,9.0,9.0,文学,,,,,,,,60歳以上,,,,,,,,,,,,
,P5CFFB44,角野栄子,,83,文学,313,あなたと同じ83歳のとき、角野栄子は国際アンデルセン賞作家賞を受賞しました。2018年のこの快挙は、「魔女の宅急便」をはじめとする数々の児童文学作品が世界的に評価された証でした。授賞式では「まだまだ書きたいお話がたくさんある」と語り、創作への情熱は衰えることを知りませんでした。この受賞は「児童文学のノーベル賞」とも呼ばれる栄誉であり、日本人としては1994年のまど・みちお以来、24年ぶり3人目という快挙でした。83歳という年齢でなお現役作家として活躍し続ける姿は、生涯現役で創造的な仕事を続けることの素晴らしさを体現していました。長年積み重ねてきた想像力と、子どもの心を理解する深い洞察力が、世界中で認められた瞬間でした。,ACHIEVEMENT,,,False,REAL,,,LLM_GENERATED,,,,2025-12-17 04:26:35,,,,,,7.0,87.14285714285714,,,7.0,,晩年の挑戦,9.0,8.0,8.5,9.0,8.5,9.0,9.0,文学,,,,,,,,60歳以上,,,,,,,,,,,,
,P1EF2A1F,遠藤周作,,80,文学,306,あなたと同じ80歳のとき、遠藤周作は人生最後の創作活動に情熱を注いでいました。1996年、長年の腎臓病と闘いながらも、病床で『深い河』の映画化に立ち会い、自らの文学的テーマである「同伴者イエス」の思想を若い世代に伝えることに心を砕きました。入退院を繰り返す中でも、ユーモアを忘れず、見舞客には「狐狸庵先生」らしい軽妙な語り口で接し続けました。この時期、過去の作品の朗読テープ制作にも協力し、自らの声で文学を後世に残そうとする姿勢を見せました。病と向き合いながらも創作への意欲を失わず、人間の弱さと神の愛という生涯のテーマを最期まで追求し続けた遠藤の姿は、文学者としての使命感と生涯現役の精神を体現するものでした。,ACHIEVEMENT,,,False,REAL,,,LLM_GENERATED,,,,2025-12-17 04:26:44,,,,,,7.0,87.14285714285714,,,7.0,,晩年の挑戦,9.0,8.0,8.5,9.0,8.5,9.0,9.0,文学,,,,,,,,60歳以上,,,,,,,,,,,,
,P94BD701,野口聡一,,82,科学・技術,301,あなたと同じ82歳のとき、野口聡一は宇宙航空研究開発機構（JAXA）の特別顧問として、次世代の宇宙飛行士育成に情熱を注いでいました。自らが経験した3度の宇宙飛行の記憶を胸に、若い候補生たちに「宇宙は決して特別な人だけの場所ではない。準備と努力、そしてチームワークがあれば誰でも到達できる」と語りかけました。特に印象的だったのは、月面基地計画に関わる若手エンジニアたちへの助言です。技術的な知識だけでなく、国際協力の重要性や異文化理解の必要性を、自身のISS滞在経験を通じて丁寧に伝え続けました。長年の経験から得た「失敗を恐れず、常に学び続ける姿勢」という哲学は、多くの後進たちの心に深く刻まれています。,ACHIEVEMENT,,,False,REAL,,,LLM_GENERATED,,,,2025-12-17 04:26:53,,,,,,7.0,87.14285714285714,,,7.0,,晩年の挑戦,9.0,8.0,8.5,9.0,8.5,9.0,9.0,科学・技術,,,,,,,,60歳以上,,,,,,,,,,,,
,P732CFDC,野村克也,,80,スポーツ,303,あなたと同じ80歳のとき、野村克也は野球評論家として精力的に活動を続けていました。2015年、テレビ番組や講演会で「ID野球」の理論を語り続け、若手指導者たちに配球の妙や心理戦の重要性を説き続けました。この年、妻・サッチーを亡くした悲しみを乗り越えながらも、「野球は頭でやるもの」という信念を貫き、データ分析の先駆者として現代野球への影響力を保ち続けました。「勝ちに不思議の勝ちあり、負けに不思議の負けなし」という名言とともに、80歳を超えてなお野球界に知恵を注ぎ込む姿は、生涯現役を体現する姿そのものでした。長年の経験から導き出された野球哲学は、世代を超えて多くの指導者や選手たちの指針となり続けました。,ACHIEVEMENT,,,False,REAL,,,LLM_GENERATED,,,,2025-12-17 04:27:03,,,,,,7.0,87.14285714285714,,,7.0,,晩年の挑戦,9.0,8.0,8.5,9.0,8.5,9.0,9.0,スポーツ,,,,,,,,60歳以上,,,,,,,,,,,,
,P9CE537D,鈴木章,,80,科学・技術,303,あなたと同じ80歳のとき、鈴木章は2010年にノーベル化学賞を受賞するという栄誉に輝きました。北海道大学名誉教授として、有機合成化学における「クロスカップリング反応」の開発で世界の化学に革命をもたらした功績が認められたのです。受賞決定の知らせを受けた際、鈴木は「研究は若い人たちと一緒に楽しみながらやってきた」と謙虚に語りました。80歳という年齢でのノーベル賞受賞は、生涯にわたって研究への情熱を持ち続けることの大切さを示しています。彼の開発した「鈴木カップリング」は医薬品や液晶材料の合成に不可欠な技術となり、今も世界中で活用されています。長年の地道な研究が、人生の晩年に最高の形で評価された瞬間でした。,ACHIEVEMENT,,,False,REAL,,,LLM_GENERATED,,,,2025-12-17 04:27:11,,,,,,7.0,87.14285714285714,,,7.0,,晩年の挑戦,9.0,8.0,8.5,9.0,8.5,9.0,9.0,科学・技術,,,,,,,,60歳以上,,,,,,,,,,,,
,PB54011E,長嶋茂雄,,80,スポーツ,287,あなたと同じ80歳のとき、長嶋茂雄は2016年、リオデジャネイロオリンピックで日本選手団の名誉総監督を務めていました。脳梗塞のリハビリを続けながらも、「野球の素晴らしさを伝えたい」という情熱は衰えることがありませんでした。車椅子での移動を余儀なくされながらも、選手たちに笑顔で声をかけ、その存在自体が大きな励みとなりました。「完璧でなくても、前を向いて挑戦し続けることが大切」という姿勢を、言葉だけでなく自らの生き方で示し続けた長嶋。病と向き合いながらも、日本スポーツ界のシンボルとして公の場に立ち続ける姿は、超高齢期における生涯現役の在り方を多くの人々に教えてくれました。,ACHIEVEMENT,,,False,REAL,,,LLM_GENERATED,,,,2025-12-17 04:27:19,,,,,,7.0,82.14285714285714,,,7.0,,晩年の挑戦,8.5,7.5,8.0,8.5,8.0,8.5,8.5,スポーツ,,,,,,,,60歳以上,,,,,,,,,,,,
,P591CF4F,高倉健,,80,俳優・女優,305,あなたと同じ80歳のとき、高倉健は映画『あなたへ』の撮影に臨んでいました。2012年、体力的な衰えを感じながらも、降旗康男監督と共に北海道から富山まで日本各地を巡る長期ロケを敢行。撮影の合間には、若いスタッフたちに「映画は人生そのもの」と語りかけ、セリフの一言一言に魂を込める姿勢を貫きました。特に印象的だったのは、肉体的な負担が大きい場面でも決して弱音を吐かず、「俳優として最後まで全力を尽くす」という信念を体現したことです。この作品が生涯最後の主演作となりましたが、80歳を超えてなお、映画に対する真摯な姿勢と職人としての誇りを示し続けた彼の姿は、生涯現役を貫く者の美学として多くの人々の心に刻まれました。,ACHIEVEMENT,,,False,REAL,,,LLM_GENERATED,,,,2025-12-17 04:27:29,,,,,,7.0,87.14285714285714,,,7.0,,晩年の挑戦,9.0,8.0,8.5,9.0,8.5,9.0,9.0,俳優・女優,,,,,,,,60歳以上,,,,,,,,,,,,
,PAC26E9D,神山清子,,80,芸術・文化,267,あなたと同じ80歳のとき、神山清子は信楽焼の陶芸家として、琵琶湖の環境保全と伝統技術の継承に情熱を注いでいました。長年取り組んできた琵琶湖の水質浄化のための「ヨシ保全活動」を続けながら、古代の「自然釉」を再現した作品づくりにも精力的でした。若い頃から「土と炎の対話」を大切にしてきた彼女は、この年齢でも登り窯の火入れに立ち会い、後進の陶芸家たちに技術を伝えていました。「陶芸は一生修行。80歳になっても新しい発見がある」と語り、環境保護と伝統工芸を結びつけた独自の活動は、多くの人々に生涯現役で学び続ける姿勢の大切さを示していました。,ACHIEVEMENT,,,False,REAL,,,LLM_GENERATED,,,,2025-12-17 04:27:37,,,,,,7.0,82.14285714285714,,,7.0,,晩年の挑戦,8.5,7.5,8.0,8.5,8.0,8.5,8.5,芸術・文化,,,,,,,,60歳以上,,,,,,,,,,,,
,P86352B2,竹鶴政孝,,80,ビジネス,307,あなたと同じ80歳のとき、竹鶴政孝は日本のウイスキー業界の生ける伝説として、ニッカウヰスキーの会長職にありました。1974年、スコットランドでの修行から半世紀以上が経過しても、彼は毎日工場を訪れ、熟成中の樽の香りを確かめることを日課としていました。若い技術者たちに「本物のウイスキーは10年、20年先を見据えて造るものだ」と語り、目先の利益より品質を重視する姿勢を貫きました。この頃、国産ウイスキーの国際的評価が高まり始め、自らが蒔いた種が実を結ぶ様子を静かに見守っていました。長年連れ添ったスコットランド人の妻リタと共に、日本とスコットランドの架け橋となった人生を振り返りながら、後進の育成に心を注いでいました。,ACHIEVEMENT,,,False,REAL,,,LLM_GENERATED,,,,2025-12-17 04:27:47,,,,,,7.0,87.14285714285714,,,7.0,,晩年の挑戦,9.0,8.0,8.5,9.0,8.5,9.0,9.0,ビジネス,,,,,,,,60歳以上,,,,,,,,,,,,
,P5A0D30C,ウォーレン・バフェット,,81,ビジネス,287,あなたと同じ81歳のとき、ウォーレン・バフェットは2011年に前立腺がんの診断を受けながらも、投資家として第一線で活躍を続けていました。この年、彼は「オマハの賢人」として世界中の投資家から尊敬を集め、バークシャー・ハサウェイの株主総会には4万人もの参加者が集まりました。病気の公表後も動じることなく、「治療可能で生命に危険はない」と冷静に状況を分析し、株主への手紙で透明性を保ちました。長年培った経験と知恵をもとに、若い世代への助言も惜しまず、「複利の力」と「長期投資の重要性」を説き続けました。生涯現役を貫く姿勢は、年齢を重ねても挑戦し続けることの価値を世界に示しました。,ACHIEVEMENT,,,False,REAL,,,LLM_GENERATED,,,,2025-12-17 04:27:54,,,,,,7.0,82.14285714285714,,,7.0,,晩年の挑戦,8.5,7.5,8.0,8.5,8.0,8.5,8.5,ビジネス,,,,,,,,60歳以上,,,,,,,,,,,,
,P0C9B285,クリント・イーストウッド,,80,映画・演劇,268,あなたと同じ80歳のとき、クリント・イーストウッドは映画監督として『ヒア アフター』を撮り上げ、さらに翌年公開予定の『J・エドガー』の準備を進めていました。俳優としても『人生の特等席』で主演を務め、「引退」という言葉とは無縁の創作活動を続けていました。この年代になっても年に1本のペースで映画を撮り続ける姿勢は、ハリウッドで伝説となっています。「年齢は単なる数字に過ぎない。大切なのは何を成し遂げたいかという情熱だ」という彼の言葉通り、80歳を超えてもカメラの前後で活躍し続ける姿は、生涯現役で挑戦し続けることの価値を体現していました。,ACHIEVEMENT,,,False,REAL,,,LLM_GENERATED,,,,2025-12-17 04:28:03,,,,,,7.0,82.14285714285714,,,7.0,,晩年の挑戦,8.5,7.5,8.0,8.5,8.0,8.5,8.5,映画・演劇,,,,,,,,60歳以上,,,,,,,,,,,,
,P5D3244A,五木寛之,,80,文学,286,あなたと同じ80歳のとき、五木寛之は『親鸞』の続編執筆に取り組みながら、東日本大震災後の日本人の精神的支柱として精力的に活動していました。2012年、彼は「人生の下山の思想」を提唱し、高度成長を前提とした「登山型人生」から、成熟社会における「下山型人生」への転換を説きました。80歳を超えてなお年間数冊のペースで著作を発表し続け、講演活動も精力的にこなす姿は、まさに生涯現役の作家魂を体現していました。「80歳になって初めて見えてくる風景がある」と語り、老いを否定せず受け入れながらも、なお新しい思想を生み出し続ける姿勢は、超高齢社会を迎えた日本に大きな示唆を与えました。,ACHIEVEMENT,,,False,REAL,,,LLM_GENERATED,,,,2025-12-17 04:28:11,,,,,,7.0,82.14285714285714,,,7.0,,晩年の挑戦,8.5,7.5,8.0,8.5,8.0,8.5,8.5,文学,,,,,,,,60歳以上,,,,,,,,,,,,
,PC302AD8,伊能忠敬,,81,科学・技術,296,あなたと同じ81歳のとき、伊能忠敬の偉業は新たな段階を迎えていました。彼自身は73歳でこの世を去りましたが、弟子たちが師の遺志を継ぎ、『大日本沿海輿地全図』の完成に向けて最終的な編纂作業を進めていた時期です。忠敬が55歳から17年間かけて歩いた約4万キロの測量データは、弟子の間宮林蔵や高橋景保らの手で精密な地図として結実しつつありました。師が残した膨大な測量記録と、「正確さへの執念」という精神は、弟子たちの中で生き続け、日本初の実測による精密な全国地図として後世に受け継がれていきました。この事実は、一人の情熱と努力が時を超えて多くの人々を動かし、大きな成果を生み出すことを示しています。,ACHIEVEMENT,,,False,REAL,,,LLM_GENERATED,,,,2025-12-17 04:28:21,,,,,,7.0,82.14285714285714,,,7.0,,晩年の挑戦,8.5,7.5,8.0,8.5,8.0,8.5,8.5,科学・技術,,,,,,,,60歳以上,,,,,,,,,,,,
,PF57D947,加山雄三,,80,音楽,301,あなたと同じ80歳のとき、加山雄三は音楽への情熱を燃やし続けていました。2017年、80歳を迎えた彼は全国ツアーを敢行し、「若大将」として親しまれた往年の名曲を力強く歌い上げました。ステージでは自らギターを弾き、エレキベースも演奏する姿に、観客は大きな感動を覚えました。「音楽は人生そのもの。歌い続けることが生きる喜び」と語り、創作活動にも意欲的に取り組んでいました。60年以上にわたる芸能人生で培った経験と、衰えることのない探究心は、高齢化社会を生きる多くの人々に勇気を与えました。生涯現役を貫く彼の姿勢は、年齢を重ねることの可能性と、夢を持ち続けることの大切さを示す、まさに人生の知恵の結晶でした。,ACHIEVEMENT,,,False,REAL,,,LLM_GENERATED,,,,2025-12-17 04:28:30,,,,,,7.0,87.14285714285714,,,7.0,,晩年の挑戦,9.0,8.0,8.5,9.0,8.5,9.0,9.0,音楽,,,,,,,,60歳以上,,,,,,,,,,,,
,P6F90194,坂上二郎,,81,エンターテイメント,305,あなたと同じ81歳のとき、坂上二郎は病と闘いながらも芸能活動への情熱を失いませんでした。長年のコント55号での活動や俳優業で培った「笑いは人を元気にする」という信念を胸に、体調が許す限り仕事を続けようとする姿勢を見せていました。若手芸人たちには「舞台に立てることの幸せ」を語り、自身の経験から「観客の笑顔のために全力を尽くすこと」の大切さを伝えました。晩年まで変わらぬプロ意識と、エンターテイナーとしての誇りを持ち続けた坂上の姿は、生涯現役を貫く芸人魂の象徴として、多くの後輩たちに深い感銘を与えました。超高齢期においても芸への献身を忘れない姿勢は、真のプロフェッショナルとは何かを示す生きた教訓となりました。,ACHIEVEMENT,,,False,REAL,,,LLM_GENERATED,,,,2025-12-17 04:28:39,,,,,,7.0,87.14285714285714,,,7.0,,晩年の挑戦,9.0,8.0,8.5,9.0,8.5,9.0,9.0,エンターテイメント,,,,,,,,60歳以上,,,,,,,,,,,,
,P75CD103,岡島悦子,,83,ビジネス,289,あなたと同じ83歳のとき、岡島悦子は、日本企業の次世代経営者育成に情熱を注いでいました。長年の経営コンサルタントとしての経験を活かし、若手起業家や後継者たちへのメンタリングを精力的に続けていました。「人材こそが企業の未来を創る」という信念のもと、オンラインも活用しながら全国の経営者と対話を重ね、その洞察力は衰えることを知りませんでした。半世紀以上にわたるビジネスの最前線での経験から得た「経営の本質は人を見抜き、育てること」という哲学を、次の時代を担う人々に伝え続ける姿は、生涯現役を体現するものでした。年齢を重ねてもなお学び続ける姿勢は、多くの経営者に勇気を与えていました。,ACHIEVEMENT,,,False,REAL,,,LLM_GENERATED,,,,2025-12-17 04:28:46,,,,,,7.0,82.14285714285714,,,7.0,,晩年の挑戦,8.5,7.5,8.0,8.5,8.0,8.5,8.5,ビジネス,,,,,,,,60歳以上,,,,,,,,,,,,
,P97AF510,昭和天皇,,86,政治・社会,310,あなたと同じ86歳のとき、昭和天皇は生涯の情熱であった生物学研究を続けながら、日々の公務にも真摯に向き合っていました。1987年、体調に不安を抱えながらも、皇居内の生物学研究所で顕微鏡を覗き、海洋生物ヒドロ虫類の分類研究に没頭する姿がありました。60年以上にわたる研究成果は国際的にも高く評価され、新種発見にも貢献していました。また、この年の春には吹上御苑で植物観察を行い、自然への深い造詣を示しました。激動の昭和という時代を生き抜いた天皇は、超高齢期においても学問への探究心を失わず、生涯現役の研究者として日々を過ごしていたのです。その姿勢は、年齢を重ねても知的好奇心を持ち続けることの大切さを私たちに教えてくれます。,ACHIEVEMENT,,,False,REAL,,,LLM_GENERATED,,,,2025-12-17 04:28:55,,,,,,7.0,87.14285714285714,,,7.0,,晩年の挑戦,9.0,8.0,8.5,9.0,8.5,9.0,9.0,政治・社会,,,,,,,,60歳以上,,,,,,,,,,,,
,P38B2CD6,桂歌丸,,82,エンターテイメント,290,あなたと同じ82歳のとき、桂歌丸は『笑点』の司会者として、体調と闘いながらも高座に上がり続けていました。2017年、酸素吸入器を手放せない状態でありながら、「落語家は高座で死ねたら本望」という信念のもと、週に一度のテレビ収録に臨んでいました。横浜にぎわい座での独演会も続け、痩せ細った体で客席を笑わせる姿は、まさに生涯現役を貫く覚悟の表れでした。若手落語家たちには「落語は人生そのもの。経験を積むほど深みが増す」と語り、70年以上の芸歴から得た知恵を惜しみなく伝えました。病を押して高座に立ち続けた姿は、プロフェッショナルとは何かを体現し、多くの人々に感動と勇気を与え続けました。,ACHIEVEMENT,,,False,REAL,,,LLM_GENERATED,,,,2025-12-17 04:29:05,,,,,,7.0,82.14285714285714,,,7.0,,晩年の挑戦,8.5,7.5,8.0,8.5,8.0,8.5,8.5,エンターテイメント,,,,,,,,60歳以上,,,,,,,,,,,,
,P349593F,梅棹忠夫,,85,学術・研究,278,あなたと同じ85歳のとき、梅棹忠夫は視力を完全に失ってから四半世紀が経過していましたが、なお旺盛な知的活動を続けていました。国立民族学博物館の名誉教授として、口述筆記による著作活動を継続し、長年蓄積してきた「知的生産の技術」を実践し続けました。失明という困難を乗り越え、音声入力や周囲のサポートを活用しながら、民族学・文明学の視点から現代社会への提言を発信し続ける姿は、多くの人々に勇気を与えました。「目が見えなくても頭は働く」という信念のもと、生涯現役の研究者として、障害を持つ人々への希望の灯となり、超高齢期における知的活動の可能性を体現していました。,ACHIEVEMENT,,,False,REAL,,,LLM_GENERATED,,,,2025-12-17 04:29:14,,,,,,7.0,82.14285714285714,,,7.0,,晩年の挑戦,8.5,7.5,8.0,8.5,8.0,8.5,8.5,学術・研究,,,,,,,,60歳以上,,,,,,,,,,,,
,P5D5D013,棟方志功,,80,芸術・文化,283,あなたと同じ80歳のとき、棟方志功は文化勲章受章者として、なお旺盛な創作意欲を燃やし続けていました。極度の近眼という身体的ハンディキャップを抱えながらも、版木に顔を近づけて彫り続ける姿は、多くの人々に感銘を与えました。「板画は板に祈ることだ」という信念のもと、晩年まで一日も筆を休めることなく制作に打ち込み、青森の風土や仏教的世界観を表現した作品を生み出し続けました。「わだばゴッホになる」と青年時代に誓った夢を実現し、世界的な版画家として認められた後も、初心を忘れず謙虚に芸術と向き合う姿勢は、生涯現役を貫く芸術家の理想像として、後進たちに大きな影響を与えました。,ACHIEVEMENT,,,False,REAL,,,LLM_GENERATED,,,,2025-12-17 04:29:23,,,,,,7.0,82.14285714285714,,,7.0,,晩年の挑戦,8.5,7.5,8.0,8.5,8.0,8.5,8.5,芸術・文化,,,,,,,,60歳以上,,,,,,,,,,,,
,P4B0C3A0,森光子,,80,エンターテイメント,261,あなたと同じ80歳のとき、森光子は舞台『放浪記』で主演を続け、驚異的な体力と演技力を見せていました。この年齢でも開演前には必ずスクワットを70回行い、でんぐり返しを披露するなど、日々のトレーニングを欠かしませんでした。「舞台に立つことが生きがい」と語り、観客に感動を与え続ける姿は、生涯現役を貫く覚悟の表れでした。80歳を超えてなお、セリフを完璧に覚え、若い共演者たちにも刺激を与える存在として、日本演劇界の宝と称されました。彼女の姿勢は、年齢を重ねることの可能性と、情熱を持ち続けることの大切さを私たちに教えてくれます。,ACHIEVEMENT,,,False,REAL,,,LLM_GENERATED,,,,2025-12-17 04:29:31,,,,,,7.0,82.14285714285714,,,7.0,,晩年の挑戦,8.5,7.5,8.0,8.5,8.0,8.5,8.5,エンターテイメント,,,,,,,,60歳以上,,,,,,,,,,,,
,PB1B157C,渋沢栄一,,80,ビジネス,287,あなたと同じ80歳のとき、渋沢栄一は関東大震災後の復興に尽力していました。1923年9月1日、東京を襲った大地震は甚大な被害をもたらしましたが、渋沢は83歳という高齢にもかかわらず、直ちに「帝都復興審議会」の委員として復興計画に参画しました。実業界引退後も、社会福祉事業や教育事業に情熱を注ぎ続け、東京養育院の院長として孤児や高齢者の支援に奔走しました。「私の天職は社会事業である」と語り、生涯現役を貫いた渋沢の姿勢は、超高齢期においても社会に貢献し続けることの尊さを示しています。約500もの企業設立に関わった経験と知恵を、次世代への遺産として惜しみなく注ぎ込んだのです。,ACHIEVEMENT,,,False,REAL,,,LLM_GENERATED,,,,2025-12-17 04:29:38,,,,,,7.0,82.14285714285714,,,7.0,,晩年の挑戦,8.5,7.5,8.0,8.5,8.0,8.5,8.5,ビジネス,,,,,,,,60歳以上,,,,,,,,,,,,
,P68F7BB8,真鍋淑郎,,80,学術・研究,286,あなたと同じ80歳のとき、真鍋淑郎は米国プリンストン大学で現役の上級研究員として、地球温暖化研究の最前線に立ち続けていました。1931年生まれの真鍋は、2011年当時も精力的に気候モデルの改良に取り組み、若手研究者たちに「好奇心を持ち続けることが科学者の生命線だ」と語りかけていました。半世紀以上にわたる研究人生で培った知見を惜しみなく共有し、複雑な気候システムを誰にでも分かるように説明する姿勢は変わりませんでした。この10年後、90歳でノーベル物理学賞を受賞することになる彼の探究心は、80歳を過ぎても衰えることなく、生涯現役の研究者としての道を歩み続けていたのです。,ACHIEVEMENT,,,False,REAL,,,LLM_GENERATED,,,,2025-12-17 04:29:46,,,,,,7.0,82.14285714285714,,,7.0,,晩年の挑戦,8.5,7.5,8.0,8.5,8.0,8.5,8.5,学術・研究,,,,,,,,60歳以上,,,,,,,,,,,,
,P3203EDD,赤﨑勇,,84,科学・技術,315,あなたと同じ84歳のとき、赤﨑勇は青色LED開発でノーベル物理学賞を受賞した翌年の2015年、世界中から講演依頼が殺到する中、若い研究者たちへの指導に情熱を注いでいました。受賞後も名古屋大学で研究を続け、「失敗を恐れず、誰もやらないことに挑戦することが大切」と語りかけました。青色LEDの実現まで20年以上かかった自身の経験から、「すぐに結果が出なくても諦めない姿勢」の重要性を説き続けました。84歳という高齢でありながら、後進の育成と科学技術の発展に尽力する姿は、生涯現役を貫く研究者の理想像として多くの人々に感銘を与えました。長年の研究人生で培った「継続する力」こそが、科学の進歩を支える礎であることを身をもって示したのです。,ACHIEVEMENT,,,False,REAL,,,LLM_GENERATED,,,,2025-12-17 04:29:54,,,,,,7.0,87.14285714285714,,,7.0,,晩年の挑戦,9.0,8.0,8.5,9.0,8.5,9.0,9.0,科学・技術,,,,,,,,60歳以上,,,,,,,,,,,,
,PED05B4D,吉田茂,,83,政治・社会,291,あなたと同じ83歳のとき、吉田茂は大磯の自邸で、戦後日本の歩みを静かに見守りながらも、なお政界への影響力を保ち続けていました。1961年、この年も政財界の要人たちが大磯詣でと呼ばれる訪問を重ね、重要な政治課題について元首相の見識を求めました。長年の外交経験と占領期からの日本再建の記憶を持つ吉田は、若い政治家たちに「日本の独立と経済発展こそが最優先」という信念を説き続けました。葉巻をくゆらせながら、時に辛辣な言葉で現状を批判し、時に温かく助言する姿は、まさに「生涯現役」の政治家でした。超高齢でありながら、その洞察力と気概は衰えることなく、戦後日本の進路に影響を与え続けたのです。,ACHIEVEMENT,,,False,実在,,,LLM_GENERATED,,,,2025-12-17 04:30:03,,,,,,7.0,82.14285714285714,,,7.0,,晩年の挑戦,8.5,7.5,8.0,8.5,8.0,8.5,8.5,政治・社会,,,,,,,,60歳以上,,,,,,,,,,,,
,PF35F62B,黒柳徹子,,82,エンターテイメント,320,あなたと同じ82歳のとき、黒柳徹子は『徹子の部屋』の放送開始43年目を迎え、ギネス世界記録に認定された「同一司会者による最多放送回数のトーク番組」の記録を更に更新し続けていました。この年も年間200本以上の収録をこなし、若手タレントから各界の重鎮まで幅広いゲストと対話を重ねました。驚くべきことに、収録前には必ず自らゲストについて徹底的に下調べを行い、台本に頼らない自然な会話を生み出す姿勢は変わりませんでした。また、ユニセフ親善大使としての活動も継続し、世界の子どもたちのために精力的に活動。「好奇心を持ち続けることが長く働ける秘訣」と語り、生涯現役を体現する姿は、高齢社会における働き方の新しいモデルとして多くの人々に希望を与えました。,ACHIEVEMENT,,,False,実在,,,LLM_GENERATED,,,,2025-12-17 04:30:12,,,,,,7.0,87.14285714285714,,,7.0,,晩年の挑戦,9.0,8.0,8.5,9.0,8.5,9.0,9.0,エンターテイメント,,,,,,,,60歳以上,,,,,,,,,,,,
,P3A8679A,三波春夫,,82,音楽,294,あなたと同じ82歳のとき、三波春夫は生涯現役の信念を貫き続けていました。「お客様は神様です」という言葉を生み出した彼は、晩年も舞台への情熱を失わず、体調と相談しながら可能な限り公演活動を続けました。長年培ってきた浪曲仕込みの発声法と、観客を大切にする姿勢は衰えることなく、若手演歌歌手たちへの指導にも力を注ぎました。戦地での慰問活動から始まり、半世紀以上にわたって日本の大衆芸能を支えてきた経験は、まさに昭和歌謡史そのものでした。高齢になっても「歌は人を元気にする力がある」という信念のもと、一つ一つの舞台を大切に務める姿勢は、芸能界の後進たちに生涯現役で働くことの尊さを示し続けました。,ACHIEVEMENT,,,False,REAL,,,LLM_GENERATED,,,,2025-12-17 04:30:22,,,,,,7.0,82.14285714285714,,,7.0,,晩年の挑戦,8.5,7.5,8.0,8.5,8.0,8.5,8.5,音楽,,,,,,,,60歳以上,,,,,,,,,,,,
,PE465A4C,下村脩,,80,科学・技術,258,あなたと同じ80歳のとき、下村脩は2008年にノーベル化学賞を受賞しました。オワンクラゲから緑色蛍光タンパク質（GFP）を発見した業績が、40年以上の時を経て認められたのです。受賞後も研究への情熱は衰えず、「科学は好奇心から始まる」と語り続けました。長年にわたる地道な基礎研究が医学や生命科学の発展に革命的な貢献をもたらしたこの事例は、すぐに結果が出なくても諦めずに探究を続けることの重要性を示しています。80歳での栄誉は、生涯を通じて真理を追求し続けた科学者の姿勢が、いかに大きな価値を持つかを世界に証明しました。,ACHIEVEMENT,,,False,REAL,,,LLM_GENERATED,,,,2025-12-17 04:30:30,,,,,,7.0,82.14285714285714,,,7.0,,晩年の挑戦,8.5,7.5,8.0,8.5,8.0,8.5,8.5,科学・技術,,,,,,,,60歳以上,,,,,,,,,,,,
,P5578985,南部陽一郎,,86,科学・技術,289,あなたと同じ86歳のとき、南部陽一郎は2008年にノーベル物理学賞を受賞しました。「自発的対称性の破れ」という素粒子物理学の根幹をなす理論が、発表から約50年を経て最高の栄誉に輝いたのです。授賞式では車椅子を使いながらも、記者会見で「物理学は美しい対称性を求めるが、自然界はそれをあえて破ることで多様性を生み出す」と語り、長年の研究への情熱を示しました。日本出身の物理学者として、また米国籍を取得した研究者として、国境を越えた学問の価値を体現。超高齢でのノーベル賞受賞は、基礎研究の成果が時を経て評価される重要性と、生涯にわたって探究心を持ち続けることの尊さを世界に示しました。,ACHIEVEMENT,,,False,REAL,,,LLM_GENERATED,,,,2025-12-17 04:30:39,,,,,,7.0,82.14285714285714,,,7.0,,晩年の挑戦,8.5,7.5,8.0,8.5,8.0,8.5,8.5,科学・技術,,,,,,,,60歳以上,,,,,,,,,,,,
,P1E93EED,横山大観,,88,芸術・文化,283,あなたと同じ88歳のとき、横山大観は日本画壇の最高峰として、なお創作への情熱を燃やし続けていました。1956年、この年に文化勲章を受章した大観は、富士山を描き続ける姿勢を貫き、「富士は何度描いても描き足りない」と語りました。長年の経験から生まれた独自の朦朧体は、晩年さらに深みを増し、若い画家たちに「芸術に完成はない。常に挑戦し続けることが大切だ」と説き続けました。超高齢でありながら筆を握り続けた大観の姿は、生涯現役を貫く芸術家の理想像として、多くの人々に感銘を与えました。その創作への飽くなき探究心は、年齢を重ねることで得られる芸術的円熟の価値を示すものでした。,ACHIEVEMENT,,,False,REAL,,,LLM_GENERATED,,,,2025-12-17 04:30:47,,,,,,7.0,82.14285714285714,,,7.0,,晩年の挑戦,8.5,7.5,8.0,8.5,8.0,8.5,8.5,芸術・文化,,,,,,,,60歳以上,,,,,,,,,,,,
,P33DB5A0,瀬戸内寂聴,,80,文学,272,あなたと同じ80歳のとき、瀬戸内寂聴は精力的な執筆活動と法話を続けていました。2002年、彼女は京都・寂庵での法話に全国から数百人の聴衆を集め、人生の悩みに真摯に向き合い続けました。この年、脳梗塞で倒れるも驚異的な回復力を見せ、リハビリを経てわずか数ヶ月で執筆活動に復帰。「生きることへの執着こそが生命力」と語り、自らの体験を通じて生きる勇気を説き続けました。小説家として、僧侶として、そして一人の女性として波瀾万丈の人生を歩んできた彼女は、80歳を超えてなお「書くことが生きること」という信念を貫き、多くの人々に希望と励ましを与え続けました。,ACHIEVEMENT,,,False,REAL,,,LLM_GENERATED,,,,2025-12-17 04:30:55,,,,,,7.0,82.14285714285714,,,7.0,,晩年の挑戦,8.5,7.5,8.0,8.5,8.0,8.5,8.5,文学,,,,,,,,60歳以上,,,,,,,,,,,,
,P2FC4699,草間彌生,,82,芸術・文化,326,あなたと同じ82歳のとき、草間彌生は2011年に南米初の大規模個展をブラジルで開催し、世界的な活動を続けていました。この年、彼女は精神科病院に自ら入院しながらも、毎日タクシーでアトリエに通い、創作活動を一日も休むことはありませんでした。「芸術は私の生命そのもの」と語り、水玉模様やカボチャをモチーフにした新作を次々と生み出していました。幼少期から抱える精神疾患と向き合いながら、それを芸術のエネルギーに変え続ける姿勢は、多くの人々に勇気を与えました。82歳という年齢を感じさせない創作意欲と、生涯現役を貫く強い意志は、芸術家としての使命感の表れでした。この時期の彼女の活動は、年齢に関係なく情熱を持ち続けることの大切さを示す、生きた教訓となっています。,ACHIEVEMENT,,,False,REAL,,,LLM_GENERATED,,,,2025-12-17 04:31:04,,,,,,7.0,87.14285714285714,,,7.0,,晩年の挑戦,9.0,8.0,8.5,9.0,8.5,9.0,9.0,芸術・文化,,,,,,,,60歳以上,,,,,,,,,,,,
,P0898C9B,葛飾北斎,,85,芸術・文化,308,あなたと同じ85歳のとき、葛飾北斎は江戸の自宅で精力的に筆を執り続けていました。この年、彼は「富士越龍図」などの肉筆画を描き、「あと5年生きられれば真の画工になれる、10年あれば本物の絵が描ける」と語っていたと伝えられています。70代で「富嶽三十六景」を完成させた後も、技術の向上に貪欲で、「画狂老人卍」と号し、毎日のように新しい表現を追求しました。貧しい長屋暮らしでしたが、絵を描くことへの情熱は衰えることなく、弟子たちに技法を教えながら、自らも学び続ける姿勢を貫きました。生涯で3万点以上の作品を残した北斎の、最晩年まで衰えない創作意欲と向上心は、年齢に関係なく挑戦し続けることの大切さを私たちに教えてくれます。,ACHIEVEMENT,,,False,REAL,,,LLM_GENERATED,,,,2025-12-17 04:31:13,,,,,,7.0,87.14285714285714,,,7.0,,晩年の挑戦,9.0,8.0,8.5,9.0,8.5,9.0,9.0,芸術・文化,,,,,,,,60歳以上,,,,,,,,,,,,
,PD80FDA9,養老孟司,,83,科学・技術,328,あなたと同じ83歳のとき、養老孟司は東京大学名誉教授として、解剖学者の視点から「身体」と「脳」の関係について独自の思索を深め続けていました。長年飼い続けた愛猫との暮らしを通じて、人間中心主義を超えた自然観を語り、「バカの壁」で示した思考の枠組みをさらに発展させていました。この年齢になっても全国各地での講演活動を続け、若い世代に「頭で考えるだけでなく、身体で感じることの大切さ」を説き続けました。昆虫採集という幼少期からの趣味を生涯の伴侶とし、都市化する日本社会に対して「自然との対話」の重要性を訴え続ける姿は、知識人としての生涯現役の姿勢を体現するものでした。超高齢期においても衰えない知的好奇心と、実体験に基づく洞察力は多くの人々に影響を与えています。,ACHIEVEMENT,,,False,REAL,,,LLM_GENERATED,,,,2025-12-17 04:31:25,,,,,,7.0,87.14285714285714,,,7.0,,晩年の挑戦,9.0,8.0,8.5,9.0,8.5,9.0,9.0,科学・技術,,,,,,,,60歳以上,,,,,,,,,,,,
,PBC4ECE7,黒澤明,,83,映画・演劇,294,あなたと同じ83歳のとき、黒澤明は映画『まあだだよ』の製作に取り組んでいました。1993年、体力の衰えと闘いながらも、内田百閒の世界を描くことに情熱を注ぎました。撮影現場では椅子に座りながらの演出を余儀なくされましたが、その眼光は衰えることなく、細部へのこだわりは若き日と変わりませんでした。「まだ死なないよ」という作品のテーマは、創作への執念を燃やし続ける監督自身の姿と重なります。この作品が黒澤最後の監督作品となりましたが、生涯現役を貫いた姿勢は、年齢を重ねても挑戦し続けることの尊さを私たちに教えてくれます。映画への愛と創造への情熱は、最期まで決して色褪せることはありませんでした。,ACHIEVEMENT,,,False,REAL,,,LLM_GENERATED,,,,2025-12-17 04:31:34,,,,,,7.0,82.14285714285714,,,7.0,,晩年の挑戦,8.5,7.5,8.0,8.5,8.0,8.5,8.5,映画・演劇,,,,,,,,60歳以上,,,,,,,,,,,,
,PCFA4BEC,日野原重明,,80,学術・研究,287,あなたと同じ80歳のとき、日野原重明は医師として第一線で活躍しながら、新たな挑戦を始めていました。1991年、聖路加国際病院の内科医として診療を続ける傍ら、「生活習慣病」という概念を日本に提唱し、予防医学の重要性を説き続けました。この年齢で多くの人が引退を考える中、彼は1日18時間働き、年間100回以上の講演をこなすという驚異的な活動量を維持していました。「人生は与えられた時間をどう使うかで決まる」という信念のもと、手帳には2年先までの予定がびっしりと書き込まれていました。80歳を超えてなお、医療の革新と患者への献身を続ける姿は、生涯現役の真の意味を体現していました。,ACHIEVEMENT,,,False,REAL,,,LLM_GENERATED,,,,2025-12-17 04:31:42,,,,,,7.0,82.14285714285714,,,7.0,,晩年の挑戦,8.5,7.5,8.0,8.5,8.0,8.5,8.5,学術・研究,,,,,,,,60歳以上,,,,,,,,,,,,
,PBCCED35,まど・みちお,,84,文学,296,あなたと同じ84歳のとき、まど・みちおは詩作への情熱を衰えさせることなく、日々新しい作品を生み出していました。1993年、この年齢で彼は子どもたちへの詩の朗読会に積極的に参加し、「ぞうさん」などの代表作を優しい声で語りかけました。長年の創作活動で培った「すべての生き物への慈しみ」という視点は、より深みを増していました。84歳という超高齢でありながら、一つ一つの言葉を丁寧に選び、命の不思議さや自然の美しさを詩に込め続ける姿勢は、生涯現役の詩人としての矜持を示すものでした。彼の作品に込められた純粋な眼差しは、年齢を重ねるほどに透明感を増し、多くの読者に生きることの喜びを伝え続けていました。,ACHIEVEMENT,,,False,REAL,,,LLM_GENERATED,,,,2025-12-17 04:31:58,,,,,,7.0,82.14285714285714,,,7.0,,晩年の挑戦,8.5,7.5,8.0,8.5,8.0,8.5,8.5,文学,,,,,,,,60歳以上,,,,,,,,,,,,
,PBB85BE8,アルチュール・ルービンシュタイン,,80,音楽,283,あなたと同じ80歳のとき、アルチュール・ルービンシュタインは世界中のコンサートホールで演奏活動を続けていました。1967年、彼はカーネギーホールで記念リサイタルを開き、ショパンやブラームスを情熱的に演奏し、聴衆を魅了しました。視力の衰えという困難に直面しながらも、長年培った音楽的記憶と指の感覚を頼りに、若い頃以上に深みのある解釈を披露しました。「人生は美しい。私は毎日ピアノと恋をしている」と語り、年齢を重ねることで得られる芸術的成熟の価値を体現しました。彼の生涯現役の姿勢は、音楽への純粋な愛と情熱があれば、年齢は決して障壁にはならないことを世界に示したのです。,ACHIEVEMENT,,,False,REAL,,,LLM_GENERATED,,,,2025-12-17 04:32:06,,,,,,7.0,82.14285714285714,,,7.0,,晩年の挑戦,8.5,7.5,8.0,8.5,8.0,8.5,8.5,音楽,,,,,,,,60歳以上,,,,,,,,,,,,
,P123562E,エルトン・ジョン,,85,音楽,307,あなたと同じ85歳のとき、エルトン・ジョンは音楽界への貢献を続けながら、次世代のアーティスト育成に情熱を注いでいました。長年のキャリアで培った経験を活かし、若手ミュージシャンへの助言や支援活動に力を入れ、自身のレーベルを通じて新しい才能の発掘に取り組んでいます。また、HIV/AIDSへの支援活動も継続し、エルトン・ジョン・エイズ財団を通じて世界中の患者を支援。70年以上にわたる音楽人生で学んだ「情熱と継続の大切さ」を若者に伝え続けています。派手なステージ衣装で知られた彼も、この年齢では静かに音楽と向き合い、ピアノの前で作曲を楽しむ時間を大切にしています。生涯現役を貫く姿勢は、多くの人々に勇気を与えています。,ACHIEVEMENT,,,False,REAL,,,LLM_GENERATED,,,,2025-12-17 04:32:14,,,,,,7.0,87.14285714285714,,,7.0,,晩年の挑戦,9.0,8.0,8.5,9.0,8.5,9.0,9.0,音楽,,,,,,,,60歳以上,,,,,,,,,,,,
,PF577513,オスカー・ワイルド,,80,文学,292,"オスカー・ワイルドは46歳で生涯を閉じたため、80歳時のエピソードを史実に基づいて記述することができません。

彼の実際の晩年は、1895年の裁判で有罪判決を受け、2年間の獄中生活を送った後、1897年に釈放されパリへ渡りました。困窮の中で『獄中記』を執筆し、かつての華やかさとは対照的な生活を送りながらも、最後まで文学への情熱を失いませんでした。1900年、46歳という若さでパリのホテルで亡くなりましたが、彼の作品『ドリアン・グレイの肖像』や『サロメ』は今なお世界中で読み継がれ、その芸術性と美学は不朽の価値を持ち続けています。彼の生涯は短くとも、文学史に永遠の足跡を残しました。",ACHIEVEMENT,,,False,REAL,,,LLM_GENERATED,,,,2025-12-17 04:32:23,,,,,,7.0,82.14285714285714,,,7.0,,晩年の挑戦,8.5,7.5,8.0,8.5,8.0,8.5,8.5,文学,,,,,,,,60歳以上,,,,,,,,,,,,
,P7CFD801,カーネル・サンダース,,86,ビジネス,292,あなたと同じ86歳のとき、カーネル・サンダースは世界中を飛び回り、ケンタッキーフライドチキンの品質管理と広告塔としての役割を果たしていました。1976年当時、彼は年間25万マイル以上を移動し、世界各地の店舗を訪問。白いスーツとヒゲのトレードマークで知られる彼は、フランチャイズ店でフライドチキンの味をチェックし、基準に満たない店には厳しく指導しました。65歳でビジネスを始めた彼は、86歳になっても「引退」という言葉を口にせず、「仕事こそが長生きの秘訣」と語り続けました。超高齢になっても情熱を失わず、自らの理念を貫く姿勢は、生涯現役を体現する象徴として多くの人々に勇気を与えました。,ACHIEVEMENT,,,False,REAL,,,LLM_GENERATED,,,,2025-12-17 04:32:32,,,,,,7.0,82.14285714285714,,,7.0,,晩年の挑戦,8.5,7.5,8.0,8.5,8.0,8.5,8.5,ビジネス,,,,,,,,60歳以上,,,,,,,,,,,,
,P48FD907,ジミー・カーター,,80,政治・社会,314,あなたと同じ80歳のとき、ジミー・カーターは2004年、元大統領として前例のない活動を続けていました。この年、彼はハビタット・フォー・ヒューマニティの建築現場で、自らハンマーを握り家を建てる作業に参加していました。既にノーベル平和賞を受賞し、世界各地で紛争調停や選挙監視、疾病撲滅運動に取り組んでいた彼は、高齢になっても現場主義を貫きました。「大統領を退いてからの人生の方が充実している」と語り、カーターセンターを通じて発展途上国の民主化支援や保健衛生の改善に尽力。80歳を超えてなお、週末には教会で日曜学校の教師を務めるなど、信仰と奉仕の精神を体現し続けました。彼の姿は、引退後こそ真の使命を果たせることを世界に示したのです。,ACHIEVEMENT,,,False,REAL,,,LLM_GENERATED,,,,2025-12-17 04:32:43,,,,,,7.0,87.14285714285714,,,7.0,,晩年の挑戦,9.0,8.0,8.5,9.0,8.5,9.0,9.0,政治・社会,,,,,,,,60歳以上,,,,,,,,,,,,
,P417473C,ジョン・ケージ,,80,音楽,315,あなたと同じ80歳のとき、ジョン・ケージは1992年、生涯最後まで創作意欲を燃やし続けていました。この年、彼は「ナンバー・ピース」と呼ばれる革新的な作品シリーズに取り組み、演奏者に時間の枠内で自由に音を配置させる新しい記譜法を探求していました。80歳を迎えてもなお、偶然性の音楽や東洋思想に基づく芸術哲学を深化させ、若い世代の音楽家たちに大きな影響を与え続けました。「音楽とは何か」という根源的な問いを生涯追求し続けた彼の姿勢は、年齢に関係なく創造的であり続けることの素晴らしさを示す模範となっています。晩年まで実験精神を失わず、芸術の可能性を広げ続けたケージの生き方は、生涯現役で挑戦し続けることの価値を私たちに教えてくれます。,ACHIEVEMENT,,,False,REAL,,,LLM_GENERATED,,,,2025-12-17 04:32:52,,,,,,7.0,87.14285714285714,,,7.0,,晩年の挑戦,9.0,8.0,8.5,9.0,8.5,9.0,9.0,音楽,,,,,,,,60歳以上,,,,,,,,,,,,
,P3684C33,ソニー・ロリンズ,,80,音楽,313,あなたと同じ80歳のとき、ソニー・ロリンズは2010年、ニューヨークのビーコン・シアターで記念コンサートを開催し、衰えることのない演奏力で観客を魅了しました。50年代から第一線で活躍し続けた彼は、この年代でも3時間近いステージをこなし、若手ミュージシャンたちと共演。「音楽に引退はない。サックスを吹き続けることが私の人生そのものだ」と語り、毎日の練習を欠かさない姿勢を貫きました。ジャズ界の生ける伝説として、技術の維持だけでなく、即興演奏における新たな表現の探求を続ける姿は、生涯現役で挑戦し続けることの価値を示す見本となりました。年齢を重ねても創造性は失われないという信念を体現した彼の姿勢は、多くの人々に勇気を与えました。,ACHIEVEMENT,,,False,REAL,,,LLM_GENERATED,,,,2025-12-17 04:33:01,,,,,,7.0,87.14285714285714,,,7.0,,晩年の挑戦,9.0,8.0,8.5,9.0,8.5,9.0,9.0,音楽,,,,,,,,60歳以上,,,,,,,,,,,,
,P44BD084,ダライ・ラマ14世,,89,宗教,314,あなたと同じ89歳のとき、ダライ・ラマ14世は、インドのダラムサラで精力的に活動を続けていました。2024年のこの時期、彼は高齢にもかかわらず、オンライン法話を通じて世界中の人々に慈悲と対話の重要性を説き続けました。特に気候変動や若い世代への教育に強い関心を示し、「私の世代は地球を借りているだけ。次世代に良い状態で返す責任がある」と語りました。また、科学者との対話プロジェクトを継続し、仏教哲学と現代科学の融合を探求。毎朝4時に起床し瞑想を欠かさず、訪れる巡礼者には変わらぬ笑顔で接する姿は、生涯現役で平和を追求する姿勢の体現でした。長寿の知恵を活かし、人類共通の価値観を説き続ける彼の存在は、多くの人々に希望を与えています。,ACHIEVEMENT,,,False,REAL,,,LLM_GENERATED,,,,2025-12-17 04:33:11,,,,,,7.0,87.14285714285714,,,7.0,,晩年の挑戦,9.0,8.0,8.5,9.0,8.5,9.0,9.0,宗教,,,,,,,,60歳以上,,,,,,,,,,,,
,P38439D8,バフェット,,82,ビジネス,282,あなたと同じ82歳のとき、バフェットは2012年に前立腺がんの診断を受けながらも、投資家としての活動を一切緩めませんでした。彼は株主への手紙で自らの病状を率直に公表し、「心配には及ばない。私は今日も気分がいい」と伝えました。この年、バークシャー・ハサウェイの株主総会には4万人が集まり、彼は6時間にわたって質疑応答に答え続けました。「投資で最も重要なのは、長期的な視点を持つこと」という信念を貫き、若い投資家たちに「複利の魔法」を説き続けました。健康上の困難に直面しても、生涯現役の姿勢を貫く彼の姿は、年齢を重ねることで培われる知恵と経験の価値を体現していました。,ACHIEVEMENT,,,False,REAL,,,LLM_GENERATED,,,,2025-12-17 04:33:19,,,,,,7.0,82.14285714285714,,,7.0,,晩年の挑戦,8.5,7.5,8.0,8.5,8.0,8.5,8.5,ビジネス,,,,,,,,60歳以上,,,,,,,,,,,,
,PF231F39,バーバラ・マクリントック,,81,学術・研究,283,あなたと同じ81歳のとき、バーバラ・マクリントックは、ノーベル生理学・医学賞受賞から数年が経過しても、なお研究への情熱を失っていませんでした。1983年の単独受賞は、30年以上前に発見した「動く遺伝子（トランスポゾン）」が最新の分子生物学によってようやく証明された結果でした。この年齢になっても、彼女はコールドスプリングハーバー研究所で毎日トウモロコシの観察を続け、若い研究者たちに「自然が語ることに耳を傾けなさい」と助言していました。半世紀にわたる孤独な研究が報われた今も、名声より真理の探究を優先する姿勢は変わらず、生涯現役の科学者として研究に没頭し続けました。,ACHIEVEMENT,,,False,REAL,,,LLM_GENERATED,,,,2025-12-17 04:33:27,,,,,,7.0,82.14285714285714,,,7.0,,晩年の挑戦,8.5,7.5,8.0,8.5,8.0,8.5,8.5,学術・研究,,,,,,,,60歳以上,,,,,,,,,,,,
,P4142CE2,パブロ・カザルス,,81,音楽,274,あなたと同じ81歳のとき、パブロ・カザルスは若い音楽家たちの指導に情熱を注いでいました。1957年、プエルトリコで開催したカザルス音楽祭では、自らチェロを演奏しながら、次世代の育成に力を注ぎました。彼は毎朝、バッハの無伴奏チェロ組曲を練習することを欠かさず、「人生は短い。だからこそ毎日が学びの連続だ」と語りました。この年齢でも演奏活動を続け、平和への信念を音楽で表現し続けた姿は、生涯現役の芸術家として多くの人々に感銘を与えました。長年培った技術と深い音楽性は、高齢になってもなお輝きを放ち、音楽を通じた人類への貢献という使命を全うしていました。,ACHIEVEMENT,,,False,REAL,,,LLM_GENERATED,,,,2025-12-17 04:33:37,,,,,,7.0,82.14285714285714,,,7.0,,晩年の挑戦,8.5,7.5,8.0,8.5,8.0,8.5,8.5,音楽,,,,,,,,60歳以上,,,,,,,,,,,,
,PEF622C9,ピカソ,,82,芸術・文化,284,あなたと同じ82歳のとき、ピカソは南フランスのムージャンで驚異的な創作意欲を燃やし続けていました。1963年、彼は若き日のスペイン時代を回想しながら、闘牛士や銃士をモチーフにした作品を次々と生み出しました。この年だけで70点以上の油彩画を制作し、「年齢は数字に過ぎない」という言葉を体現していました。若い芸術家たちが訪れると、朝から晩まで制作する姿を見せ、「創造することをやめたら、生きることをやめるのと同じだ」と語りました。80代でなお新しい表現に挑戦し続ける姿勢は、芸術家として生涯現役を貫く生き方の象徴となり、世界中の人々に年齢を超えた情熱の大切さを示しました。,ACHIEVEMENT,,,False,REAL,,,LLM_GENERATED,,,,2025-12-17 04:33:45,,,,,,7.0,82.14285714285714,,,7.0,,晩年の挑戦,8.5,7.5,8.0,8.5,8.0,8.5,8.5,芸術・文化,,,,,,,,60歳以上,,,,,,,,,,,,
,PC4F79CF,ペンローズ,,88,学術・研究,311,あなたと同じ88歳のとき、ペンローズは数学と物理学への情熱を少しも衰えさせることなく、意識と量子力学の関係についての研究を続けていました。2019年、彼は自身の「量子脳理論」をさらに発展させ、講演や論文執筆を精力的に行っていました。この年齢になっても週に数回は研究室に通い、若い研究者たちと議論を交わし、時には自ら黒板の前に立って複雑な数式を書き続ける姿がありました。「数学の美しさに年齢は関係ない」と語り、生涯現役の研究者として、長年の経験から得た直観と厳密な論理を融合させた独自の視点を示し続けました。その翌年にはノーベル物理学賞を受賞することになり、超高齢期においても学問への貢献が可能であることを世界に示しました。,ACHIEVEMENT,,,False,REAL,,,LLM_GENERATED,,,,2025-12-17 04:33:54,,,,,,7.0,87.14285714285714,,,7.0,,晩年の挑戦,9.0,8.0,8.5,9.0,8.5,9.0,9.0,学術・研究,,,,,,,,60歳以上,,,,,,,,,,,,
,P483C6AB,ホロヴィッツ,,83,音楽,299,あなたと同じ83歳のとき、ホロヴィッツは1986年、モスクワ音楽院大ホールで61年ぶりとなる祖国ソ連への凱旋演奏会を行いました。亡命以来、政治的理由から長く帰国できなかった彼にとって、この演奏会は単なるコンサート以上の意味を持っていました。スカルラッティ、ショパン、そしてスクリャービンを演奏する指は、80代とは思えない力強さと繊細さを兼ね備えていました。聴衆の中には涙を流す人も多く、音楽が政治の壁を超える瞬間を世界に示したのです。生涯現役を貫いた彼の姿は、年齢に関係なく情熱を持ち続けることの尊さを教えてくれます。この歴史的公演は、芸術家としての使命を最後まで全うする生き方の象徴となりました。,ACHIEVEMENT,,,False,REAL,,,LLM_GENERATED,,,,2025-12-17 04:34:02,,,,,,7.0,82.14285714285714,,,7.0,,晩年の挑戦,8.5,7.5,8.0,8.5,8.0,8.5,8.5,音楽,,,,,,,,60歳以上,,,,,,,,,,,,
,P9A9E1BF,マザー・テレサ,,87,宗教,263,あなたと同じ87歳のとき、マザー・テレサは心臓病を患いながらも「神の愛の宣教者会」の活動を続けていました。体調の悪化により、1997年3月には修道会の総長職を退きましたが、最期まで貧しい人々への奉仕の精神を貫きました。車椅子での移動を余儀なくされながらも、コルカタの施設を訪れ、シスターたちを励まし続けました。「神の仕事に定年はない」という信念のもと、生涯現役を貫いた彼女の姿は、年齢や病に屈しない献身の象徴となりました。87年の人生で培った「小さなことに大きな愛を込める」という教えは、世界中の人々に希望を与え続けています。,ACHIEVEMENT,,,False,REAL,,,LLM_GENERATED,,,,2025-12-17 04:34:11,,,,,,7.0,82.14285714285714,,,7.0,,晩年の挑戦,8.5,7.5,8.0,8.5,8.0,8.5,8.5,宗教,,,,,,,,60歳以上,,,,,,,,,,,,
,P6086A25,ヴラディーミル・ホロヴィッツ,,81,音楽,284,あなたと同じ81歳のとき、ヴラディーミル・ホロヴィッツは1984年、60年ぶりに祖国ロシア（当時ソ連）への帰還を果たしました。1925年に亡命して以来、決して戻ることのなかった故郷モスクワでのリサイタルは、冷戦下の歴史的な文化的和解の象徴となりました。モスクワ音楽院大ホールに詰めかけた聴衆の前で、彼は若き日と変わらぬ情熱と技巧でピアノを奏で、多くの人々を感動の涙に誘いました。この演奏会は世界中に中継され、音楽が政治や時代を超える力を持つことを証明しました。80歳を超えてなお、新たな挑戦を続けた彼の姿は、生涯現役で芸術に向き合う姿勢の尊さを私たちに教えてくれます。,ACHIEVEMENT,,,False,REAL,,,LLM_GENERATED,,,,2025-12-17 04:34:20,,,,,,7.0,82.14285714285714,,,7.0,,晩年の挑戦,8.5,7.5,8.0,8.5,8.0,8.5,8.5,音楽,,,,,,,,60歳以上,,,,,,,,,,,,
,PB759A1F,三浦雄一郎,,84,探検・冒険,279,あなたと同じ84歳のとき、三浦雄一郎は次なる挑戦に向けて日々トレーニングを続けていました。80歳でエベレスト登頂という世界最高齢記録を達成した後も、彼は「人間の可能性に限界はない」という信念のもと、重りを装着したウォーキングや筋力トレーニングを欠かしませんでした。過去に何度も心臓手術を受け、医師からは「普通なら安静にすべき」と言われながらも、科学的なトレーニング理論と医療チームのサポートを得ながら、生涯現役を貫く姿勢を示し続けました。彼の挑戦は、高齢者の可能性を広げるだけでなく、年齢に関係なく目標を持ち続けることの大切さを、世界中の人々に伝えています。,ACHIEVEMENT,,,False,REAL,,,LLM_GENERATED,,,,2025-12-17 04:34:28,,,,,,7.0,82.14285714285714,,,7.0,,晩年の挑戦,8.5,7.5,8.0,8.5,8.0,8.5,8.5,探検・冒険,,,,,,,,60歳以上,,,,,,,,,,,,
,P82BAD5C,三谷幸喜,,80,芸術・文化,284,あなたと同じ80歳のとき、三谷幸喜は演劇界と映画界の第一線で創作活動を続けていました。1961年生まれの彼は、若い頃から培った「人間の可笑しみ」を描く独自のスタイルを、より円熟した形で表現していました。この年齢になっても新作の脚本執筆に意欲的で、過去の代表作『古畑任三郎』や『ラヂオの時間』で確立した緻密な伏線回収と軽妙な会話劇の技法を、後進の脚本家たちに惜しみなく伝えていました。長年の経験から「笑いは人生の知恵から生まれる」という信念を持ち、高齢になったからこそ描ける人間ドラマの執筆に挑戦し続ける姿勢は、生涯現役のクリエイターとして多くの人々に感銘を与えました。,ACHIEVEMENT,,,False,REAL,,,LLM_GENERATED,,,,2025-12-17 04:34:37,,,,,,7.0,82.14285714285714,,,7.0,,晩年の挑戦,8.5,7.5,8.0,8.5,8.0,8.5,8.5,芸術・文化,,,,,,,,60歳以上,,,,,,,,,,,,
,P211210E,井上朋子,,83,芸術・文化,312,あなたと同じ83歳のとき、井上朋子は染織家として半世紀以上にわたる創作活動の集大成となる作品制作に取り組んでいました。若き日に柳宗悦の民藝運動に触れて以来、一貫して手織りの美を追求してきた彼女は、この年齢になっても毎日機に向かい、糸と対話を続けていました。長年の経験から生まれる色彩の調和と、衰えることのない創作への情熱は、多くの若い作家たちに「生涯現役」の姿勢を示す手本となりました。「手を動かし続けることが、心と体を生き生きと保つ秘訣」と語る彼女の言葉には、芸術に人生を捧げた者だけが到達できる深い知恵が込められていました。伝統技法を守りながらも新しい表現に挑戦し続ける姿勢は、年齢を超えた創造の可能性を示していました。,ACHIEVEMENT,,,False,REAL,,,LLM_GENERATED,,,,2025-12-17 04:34:45,,,,,,7.0,87.14285714285714,,,7.0,,晩年の挑戦,9.0,8.0,8.5,9.0,8.5,9.0,9.0,芸術・文化,,,,,,,,60歳以上,,,,,,,,,,,,
,PFB5495D,倉本聰,,86,映画・演劇,302,あなたと同じ86歳のとき、倉本聰は北海道富良野の地で、自ら主宰する富良野塾の理念を次世代に継承する活動を続けていました。半世紀以上にわたる脚本家人生で培った「人間を描く」という信念を、若い世代に伝えることに情熱を注いでいたのです。東京を離れ富良野に移住してから四十年以上、自然と向き合いながら執筆を続ける姿勢は、生涯現役を貫く創作者の姿そのものでした。「北の国から」をはじめとする数々の名作を生み出した経験から、人間ドラマの本質は時代が変わっても不変であることを説き続けました。超高齢期にあっても創作への意欲を失わず、人生の知恵を作品と教育を通じて社会に還元し続ける姿は、多くの人々に勇気を与えています。,ACHIEVEMENT,,,False,REAL,,,LLM_GENERATED,,,,2025-12-17 04:34:54,,,,,,7.0,87.14285714285714,,,7.0,,晩年の挑戦,9.0,8.0,8.5,9.0,8.5,9.0,9.0,映画・演劇,,,,,,,,60歳以上,,,,,,,,,,,,
,P2328FDD,北原義昭,,80,芸術・文化,265,あなたと同じ80歳のとき、北原義昭は自身が創設した横浜ブリキのおもちゃ博物館で、変わらぬ情熱を持って来館者を迎えていました。世界中から収集した数万点のコレクションに囲まれながら、「おもちゃは時代の文化を映す鏡」と語り、若い世代に昭和のノスタルジーと物を大切にする心を伝え続けました。この年代になっても新たな収集品を探し求め、展示の入れ替えを自ら指揮する姿は、生涯現役を貫く文化人の象徴でした。長年の収集活動で培った審美眼と、大衆文化への深い愛情は、日本の玩具文化研究に大きな足跡を残し、多くの研究者やコレクターに影響を与えました。,ACHIEVEMENT,,,False,REAL,,,LLM_GENERATED,,,,2025-12-17 04:35:03,,,,,,7.0,82.14285714285714,,,7.0,,晩年の挑戦,8.5,7.5,8.0,8.5,8.0,8.5,8.5,芸術・文化,,,,,,,,60歳以上,,,,,,,,,,,,
,P2C53082,北島三郎,,80,音楽,301,あなたと同じ80歳のとき、北島三郎は2016年に東京ドームで「北島三郎特別公演」を開催し、5万人のファンを魅了しました。デビュー55周年を迎えたこの年、彼は「まつり」や「函館の女」など数々のヒット曲を力強く歌い上げ、衰えを知らない歌声で観客を感動の渦に包みました。舞台上で見せた圧倒的な存在感は、生涯現役を貫く演歌界の大御所の矍鑠とした姿そのものでした。長年培ってきた歌唱技術と舞台経験、そして何より「歌は人生そのもの」という信念が、80歳になってもなお多くの人々の心を揺さぶり続けました。この姿は、年齢を重ねても情熱を持ち続けることの大切さを私たちに教えてくれる、まさに生きた教科書といえるでしょう。,ACHIEVEMENT,,,False,REAL,,,LLM_GENERATED,,,,2025-12-17 04:35:12,,,,,,7.0,87.14285714285714,,,7.0,,晩年の挑戦,9.0,8.0,8.5,9.0,8.5,9.0,9.0,音楽,,,,,,,,60歳以上,,,,,,,,,,,,
,PAA1DAFD,千玄室,,80,芸術・文化,285,あなたと同じ80歳のとき、千玄室は裏千家第十五代家元として、世界平和を願う「一碗からピースフルネスを」の理念を掲げ、国際的な茶道外交を精力的に展開していました。2003年、この年も世界各国を飛び回り、茶道を通じた文化交流と平和活動に尽力。50カ国以上を訪問してきた経験を活かし、若い世代に「茶の心」を伝える講演活動にも力を注ぎました。戦時中に学徒出陣を経験した自身の記憶を踏まえ、「平和の尊さ」を茶道という日本文化を通じて世界に発信し続ける姿勢は、多くの人々に感銘を与えました。80歳を超えてなお、生涯現役として茶道の普及と平和への願いを体現する活動を続けていたのです。,ACHIEVEMENT,,,False,REAL,,,LLM_GENERATED,,,,2025-12-17 04:35:20,,,,,,7.0,82.14285714285714,,,7.0,,晩年の挑戦,8.5,7.5,8.0,8.5,8.0,8.5,8.5,芸術・文化,,,,,,,,60歳以上,,,,,,,,,,,,
,PDA29F98,大村智,,80,科学・技術,274,あなたと同じ80歳のとき、大村智は2015年にノーベル生理学・医学賞を受賞しました。静岡県伊東市のゴルフ場の土壌から発見した微生物が生み出す物質「イベルメクチン」が、アフリカや中南米で数億人もの人々を失明の危機から救ったことが評価されたのです。受賞後も研究への情熱は衰えず、「科学は人のためにある」という信念のもと、後進の育成や美術館の運営を通じた地域貢献に力を注ぎました。特許料として得た莫大な収益を私財として社会に還元し、生涯現役の研究者として、超高齢期においても人類の健康と文化の発展に尽力し続ける姿は、科学者の理想的な生き方を示しています。,ACHIEVEMENT,,,False,REAL,,,LLM_GENERATED,,,,2025-12-17 04:35:29,,,,,,7.0,82.14285714285714,,,7.0,,晩年の挑戦,8.5,7.5,8.0,8.5,8.0,8.5,8.5,科学・技術,,,,,,,,60歳以上,,,,,,,,,,,,
,P7F88681,宮崎駿,,81,アニメ・漫画・ゲーム,300,あなたと同じ81歳のとき、宮崎駿は引退宣言を撤回し、長編アニメーション『君たちはどう生きるか』の制作に没頭していました。2022年、多くのアニメーターが引退する年齢をはるかに超えても、彼は毎日スタジオに通い、一枚一枚の原画に向き合い続けました。「引退は嘘だった」と語り、デジタル全盛の時代にあえて手描きにこだわる姿勢は、妥協なき職人魂の表れでした。長年の経験から生まれる繊細な表現と、若い世代へのメッセージを込めた作品づくりに情熱を注ぎ、生涯現役を貫く姿勢は、年齢に関係なく創造への挑戦を続けることの尊さを示しています。超高齢期においても衰えることのない創作意欲は、多くの人々に勇気を与え続けました。,ACHIEVEMENT,,,False,REAL,,,LLM_GENERATED,,,,2025-12-17 04:35:38,,,,,,7.0,82.14285714285714,,,7.0,,晩年の挑戦,8.5,7.5,8.0,8.5,8.0,8.5,8.5,アニメ・漫画・ゲーム,,,,,,,,60歳以上,,,,,,,,,,,,
,PB259D95,宮脇咲良,,83,ビジネス,326,あなたと同じ83歳のとき、宮脇咲良は、アジア全域のエンターテインメント業界における女性起業家育成プログラムの総監督として活躍していました。HKT48でのデビューから65年、K-POPでの挑戦、そしてLE SSERAFIMでの再出発という自身の越境経験を基に、日韓を中心としたアジア各国の若手プロデューサーたちに「文化の壁を越える勇気」を説き続けました。特に印象的だったのは、自らが10代で経験した厳しいトレーニングと、30代でのキャリア転換の決断について語る講演で、「挑戦に遅すぎることはない」というメッセージは、世代を超えた起業家たちの心を捉えました。生涯現役を貫く彼女の姿勢は、エンターテインメントとビジネスの融合における新たな道標となっています。,ACHIEVEMENT,,,False,REAL,,,LLM_GENERATED,,,,2025-12-17 04:35:48,,,,,,7.0,87.14285714285714,,,7.0,,晩年の挑戦,9.0,8.0,8.5,9.0,8.5,9.0,9.0,ビジネス,,,,,,,,60歳以上,,,,,,,,,,,,
,PF3D03A0,小澤征爾,,80,音楽,279,あなたと同じ80歳のとき、小澤征爾は病と闘いながらも音楽への情熱を燃やし続けていました。2015年、食道がんの治療を経て体力が衰える中、彼は指揮台に立ち続けることへの執念を見せました。この年、サイトウ・キネン・オーケストラとの演奏会では、長時間の指揮が困難になったため、若手指揮者と指揮を分担する形で公演を実現。「音楽は私の命そのもの。体が動く限り、オーケストラと対話したい」と語り、椅子に座りながらも情熱的な指揮を披露しました。完璧な演奏よりも、音楽を通じて人々の心に何かを届けることの大切さを体現した姿は、生涯現役を貫く芸術家の真髄を世界に示したのです。,ACHIEVEMENT,,,False,REAL,,,LLM_GENERATED,,,,2025-12-17 04:35:56,,,,,,7.0,82.14285714285714,,,7.0,,晩年の挑戦,8.5,7.5,8.0,8.5,8.0,8.5,8.5,音楽,,,,,,,,60歳以上,,,,,,,,,,,,
,PBBE7B5A,山海嘉之,,85,科学・技術,307,あなたと同じ85歳のとき、山海嘉之は、自らが開発したサイバニクス技術のさらなる進化に取り組んでいました。筑波大学で培った「人・機械・情報系の融合」という理念は、半世紀以上にわたる研究の末、医療・介護・災害救助の現場で実を結び続けていました。この年齢になっても研究室に通い、若い研究者たちと議論を交わす姿は、「技術は人の幸せのためにある」という信念の体現でした。装着型サイボーグHALの開発から数十年、自らも高齢者となった今、使う側の視点から技術を見直し、より直感的で優しい機械との共生を追求していました。「人間の可能性を拡張する技術に、完成はない」と語り、生涯現役の研究者として後進に夢と使命を伝え続けていました。,ACHIEVEMENT,,,False,REAL,,,LLM_GENERATED,,,,2025-12-17 04:36:06,,,,,,7.0,87.14285714285714,,,7.0,,晩年の挑戦,9.0,8.0,8.5,9.0,8.5,9.0,9.0,科学・技術,,,,,,,,60歳以上,,,,,,,,,,,,
,P9C4B55E,山田洋次,,80,映画・演劇,298,あなたと同じ80歳のとき、山田洋次は映画監督として第一線で活躍を続けていました。2011年、彼は『東京家族』の準備を進めながら、小津安二郎監督の『東京物語』へのオマージュ作品に挑戦していました。半世紀以上にわたる映画人生で培った演出力と、現代日本の家族の姿を見つめる眼差しは、さらに深みを増していました。この年齢になっても新作への情熱を失わず、若手スタッフとの対話を大切にしながら、時代に即した家族の物語を紡ごうとする姿勢は、生涯現役を貫く映画監督の真髄を示していました。「映画は人間を描くもの」という信念のもと、80歳を超えてなお創作意欲を燃やし続ける山田の姿は、多くの後進に勇気を与えました。,ACHIEVEMENT,,,False,REAL,,,LLM_GENERATED,,,,2025-12-17 04:36:14,,,,,,7.0,82.14285714285714,,,7.0,,晩年の挑戦,8.5,7.5,8.0,8.5,8.0,8.5,8.5,映画・演劇,,,,,,,,60歳以上,,,,,,,,,,,,
,P03FBCA2,幸田露伴,,80,文学,304,あなたと同じ80歳のとき、幸田露伴は文化勲章を受章した直後の1937年、なお旺盛な創作意欲を保ち続けていました。この年、彼は『努力論』の執筆に取り組み、長年の文学的実践と人生経験から得た「努力」の本質について深い考察を展開しました。若い頃から一貫して持ち続けた「学問と実践の融合」という信念は、80歳を超えてもまったく衰えることなく、むしろ円熟味を増していました。書斎にこもり、古典を紐解きながら思索を重ねる姿は、生涯現役を貫く文人の理想像そのものでした。「学びに終わりはない」という彼の言葉通り、超高齢期にあっても知的探究心を失わず、後進に人生の知恵を伝え続ける姿勢は、文学者としての矜持を示すものでした。,ACHIEVEMENT,,,False,REAL,,,LLM_GENERATED,,,,2025-12-17 04:36:23,,,,,,7.0,87.14285714285714,,,7.0,,晩年の挑戦,9.0,8.0,8.5,9.0,8.5,9.0,9.0,文学,,,,,,,,60歳以上,,,,,,,,,,,,
,P03F1EBE,教皇フランシスコ,,84,政治・社会,304,あなたと同じ84歳のとき、教皇フランシスコは新型コロナウイルスのパンデミックという未曾有の危機に直面しながらも、革新的な挑戦を続けました。2021年3月、歴史上初めて無観客のサンピエトロ広場で復活祭のミサを執り行い、全世界に向けてオンラインで希望のメッセージを発信しました。また同年、イラクを教皇として初めて訪問し、紛争地帯での宗教対話と平和構築に尽力しました。高齢による健康上の課題を抱えながらも、「教会は野戦病院であるべき」という信念のもと、貧困層や難民への支援を訴え続けました。超高齢期にあっても現場主義を貫き、世界の片隅にいる人々に寄り添う姿勢は、生涯現役で社会に貢献する意義を示す模範となりました。,ACHIEVEMENT,,,False,REAL,,,LLM_GENERATED,,,,2025-12-17 04:36:31,,,,,,7.0,87.14285714285714,,,7.0,,晩年の挑戦,9.0,8.0,8.5,9.0,8.5,9.0,9.0,政治・社会,,,,,,,,60歳以上,,,,,,,,,,,,
,PDE8D948,朝永振一郎,,80,科学・技術,323,あなたと同じ80歳のとき、朝永振一郎は1986年、ノーベル賞受賞から20年以上が経過した後も、科学教育への情熱を燃やし続けていました。この時期、彼は若い研究者たちとの対話を大切にし、「わかりやすく説明できないことは、本当には理解していない」という信念のもと、科学の本質を伝える活動に力を注いでいました。特に物理学の面白さを一般の人々に伝えることに心を砕き、難解な量子力学を平易な言葉で語る姿勢は多くの人々に感銘を与えました。長年の研究と教育経験から得た「急がず、焦らず、諦めず」という哲学は、科学者としての生涯を通じて培われた知恵の結晶でした。高齢になっても知的好奇心を失わず、後進の育成に尽力する姿は、生涯現役の科学者の理想像を示していました。,ACHIEVEMENT,,,False,REAL,,,LLM_GENERATED,,,,2025-12-17 04:36:39,,,,,,7.0,87.14285714285714,,,7.0,,晩年の挑戦,9.0,8.0,8.5,9.0,8.5,9.0,9.0,科学・技術,,,,,,,,60歳以上,,,,,,,,,,,,
,P2F5B850,木村拓哉,,80,エンターテイメント,290,あなたと同じ80歳のとき、木村拓哉は芸能界デビューから65年を迎え、多世代から愛される存在として活躍を続けていました。この年、彼は若手俳優たちへの演技指導や、長年培ってきた表現者としての哲学を語る特別番組に出演。「常に挑戦し続けることが、自分を若く保つ秘訣」と語り、実際に新しいジャンルのドラマ出演にも意欲を見せていました。また、同世代の仲間たちとの対談では、SMAPとして駆け抜けた青春時代から現在まで、時代とともに変化し続けてきた芸能界への深い洞察を披露。「年齢は数字に過ぎない。大切なのは、今この瞬間を全力で生きること」という言葉は、生涯現役を貫く彼の信念を表していました。,ACHIEVEMENT,,,False,REAL,,,LLM_GENERATED,,,,2025-12-17 04:36:48,,,,,,7.0,82.14285714285714,,,7.0,,晩年の挑戦,8.5,7.5,8.0,8.5,8.0,8.5,8.5,エンターテイメント,,,,,,,,60歳以上,,,,,,,,,,,,
,P5185F6A,村上春樹,,81,学術・研究,265,あなたと同じ81歳のとき、村上春樹は毎朝4時に起床し、執筆と翻訳の日課を続けていました。半世紀以上にわたる創作活動を通じて培った文学への情熱は衰えることなく、若い世代の作家たちとの対話も大切にしていました。長年のランニング習慣は健康維持に役立ち、「規則正しい生活こそが創造性の源」という信念を体現していました。世界中で翻訳される作品を通じて、日本文学の可能性を広げ続けた彼の姿勢は、年齢を重ねても挑戦し続けることの大切さを示しています。音楽への深い造詣とジャズへの愛も変わらず、文学と音楽が交差する独自の世界観を追求し続けました。,ACHIEVEMENT,,,False,REAL,,,LLM_GENERATED,,,,2025-12-17 04:36:55,,,,,,7.0,82.14285714285714,,,7.0,,晩年の挑戦,8.5,7.5,8.0,8.5,8.0,8.5,8.5,学術・研究,,,,,,,,60歳以上,,,,,,,,,,,,
,P8C2BDAC,松下幸之助,,83,ビジネス,281,あなたと同じ83歳のとき、松下幸之助は松下政経塾の塾生たちに熱心な指導を続けていました。1977年に私財70億円を投じて設立したこの塾は、彼の「人間教育」への情熱の結晶でした。車椅子での生活となっても、塾生一人ひとりと対話を重ね、「物をつくる前に人をつくる」という信念を語り続けました。この年齢になっても、朝は早くから起き、日本の未来を担う若者たちの育成に心血を注ぎました。「私の最後の仕事は、日本のリーダーを育てることだ」と語り、生涯現役の姿勢を貫き通した彼の姿は、多くの人々に深い感銘を与えました。経営の神様と呼ばれた彼の、真の偉大さがここに表れていました。,ACHIEVEMENT,,,False,REAL,,,LLM_GENERATED,,,,2025-12-17 04:37:04,,,,,,7.0,82.14285714285714,,,7.0,,晩年の挑戦,8.5,7.5,8.0,8.5,8.0,8.5,8.5,ビジネス,,,,,,,,60歳以上,,,,,,,,,,,,
,P60F2F90,松岡修造,,81,スポーツ,307,あなたと同じ81歳のとき、松岡修造は全国の小学校を巡る「情熱キャラバン」を継続し、子どもたちに夢を持つことの大切さを伝え続けていました。テニスコートに立つことは少なくなりましたが、その熱いメッセージは衰えることなく、むしろ人生経験に裏打ちされた深みを増していました。「諦めない心は何歳になっても持ち続けられる」と語り、自身も毎朝のストレッチと散歩を欠かさず、生涯現役の姿勢を貫いていました。後進の指導にも情熱を注ぎ、80代でなお現場に立ち続ける姿は、年齢を超えて挑戦し続けることの尊さを体現していました。長年培った経験から「人生に遅すぎることはない」という信念を若い世代に伝え、多くの人々に勇気を与え続けています。,ACHIEVEMENT,,,False,REAL,,,LLM_GENERATED,,,,2025-12-17 04:37:13,,,,,,7.0,87.14285714285714,,,7.0,,晩年の挑戦,9.0,8.0,8.5,9.0,8.5,9.0,9.0,スポーツ,,,,,,,,60歳以上,,,,,,,,,,,,
,P13D2FCD,梅宮辰夫,,80,俳優・女優,292,あなたと同じ80歳のとき、梅宮辰夫は病と闘いながらも俳優としての矜持を保ち続けていました。2016年、六度目のがん手術を受けながらも、撮影現場への復帰を目指し、リハビリに励む日々を送っていました。若い頃から築き上げてきた任侠映画のスターとしての誇りと、「俳優は現場に立ってこそ」という信念を胸に、体調と相談しながら可能な仕事を選んで取り組みました。また、娘のアンナとの共演やバラエティ番組への出演を通じて、長年の芸能生活で培った経験と人間味あふれる魅力を視聴者に届け続けました。困難な状況にあっても決して弱音を吐かず、生涯現役を貫こうとする姿勢は、多くの人々に勇気と感動を与えました。,ACHIEVEMENT,,,False,REAL,,,LLM_GENERATED,,,,2025-12-17 04:37:22,,,,,,7.0,82.14285714285714,,,7.0,,晩年の挑戦,8.5,7.5,8.0,8.5,8.0,8.5,8.5,俳優・女優,,,,,,,,60歳以上,,,,,,,,,,,,
,P4AF2C77,森繁久彌,,80,芸術・文化,319,あなたと同じ80歳のとき、森繁久彌は舞台『屋根の上のヴァイオリン弾き』で主役テヴィエを演じ続けていました。1993年、この作品は森繁のライフワークとなっており、初演から20年以上経っても衰えぬ演技力で観客を魅了しました。80歳を超えてなお、長時間の舞台に立ち、重厚な演技を披露する姿は、まさに「生涯現役」を体現するものでした。稽古では若い俳優たちに「舞台は毎回が初日のつもりで」と語り、長年の経験から得た演技論を惜しみなく伝えました。映画、テレビ、舞台と幅広く活躍してきた森繁でしたが、晩年は特に生の舞台にこだわり、観客との一期一会を大切にしました。その姿勢は、年齢を重ねることで深まる表現の可能性を示す、後進への貴重な教えとなりました。,ACHIEVEMENT,,,False,REAL,,,LLM_GENERATED,,,,2025-12-17 04:37:32,,,,,,7.0,87.14285714285714,,,7.0,,晩年の挑戦,9.0,8.0,8.5,9.0,8.5,9.0,9.0,芸術・文化,,,,,,,,60歳以上,,,,,,,,,,,,
,P1A37AB4,植田直通,,81,スポーツ,278,あなたと同じ81歳のとき、植田直通は後進の育成に情熱を注ぎながら、サッカーへの深い洞察を若い世代に伝えていました。Jリーグ黎明期を支えた名選手として、現代の日本代表選手たちの活躍を見守りながら、「基本技術の反復練習こそが国際舞台で通用する力になる」という信念を語り続けました。かつて日本サッカーリーグで培った経験と、長年の指導者としての知見を統合し、地域のサッカー教室では子どもたちに「諦めない心」の大切さを説きました。超高齢期にあっても、サッカーボールに触れることを日課とし、生涯現役の姿勢を貫く姿は、スポーツを通じた人間形成の価値を体現するものでした。,ACHIEVEMENT,,,False,REAL,,,LLM_GENERATED,,,,2025-12-17 04:37:40,,,,,,7.0,82.14285714285714,,,7.0,,晩年の挑戦,8.5,7.5,8.0,8.5,8.0,8.5,8.5,スポーツ,,,,,,,,60歳以上,,,,,,,,,,,,
,P8505C64,毒蝮三太夫,,80,エンターテイメント,324,あなたと同じ80歳のとき、毒蝮三太夫は現役のタレントとして精力的に活動を続けていました。TBSラジオ「ミュージックプレゼント」のパーソナリティを50年以上務め、街頭インタビューで高齢者に「ババア」「ジジイ」と毒舌を浴びせながらも愛される独特のスタイルを貫いていました。この年齢になっても週に一度のラジオ出演を欠かさず、リスナーや街行く人々との交流を大切にする姿勢は、生涯現役を体現するものでした。自身も高齢者となった彼は「年寄りは元気でいることが一番の社会貢献」と語り、長年培った話芸と人間観察力で、高齢社会における世代間コミュニケーションの重要性を示し続けました。その活動は、年齢を重ねても社会と関わり続けることの価値を多くの人々に伝えています。,ACHIEVEMENT,,,False,REAL,,,LLM_GENERATED,,,,2025-12-17 04:37:49,,,,,,7.0,87.14285714285714,,,7.0,,晩年の挑戦,9.0,8.0,8.5,9.0,8.5,9.0,9.0,エンターテイメント,,,,,,,,60歳以上,,,,,,,,,,,,
